src_audio	tgt_audio
/root/autodl-tmp/CosyVoice_dev/examples/libritts/cosyvoice2/data/casia-grpo/valid/receive/ZhaoZuoxiang_204_fear.wav	/root/autodl-tmp/CosyVoice_dev/examples/libritts/cosyvoice2/data/casia-grpo/valid/receive/ZhaoZuoxiang_204_fear.wav
/root/autodl-tmp/CosyVoice_dev/examples/libritts/cosyvoice2/data/casia-grpo/valid/receive/ZhaoZuoxiang_201_angry.wav	/root/autodl-tmp/CosyVoice_dev/examples/libritts/cosyvoice2/data/casia-grpo/valid/receive/ZhaoZuoxiang_201_angry.wav
/root/autodl-tmp/CosyVoice_dev/examples/libritts/cosyvoice2/data/casia-grpo/valid/receive/ZhaoZuoxiang_204_happy.wav	/root/autodl-tmp/CosyVoice_dev/examples/libritts/cosyvoice2/data/casia-grpo/valid/receive/ZhaoZuoxiang_204_happy.wav
/root/autodl-tmp/CosyVoice_dev/examples/libritts/cosyvoice2/data/casia-grpo/valid/receive/ZhaoZuoxiang_201_fear.wav	/root/autodl-tmp/CosyVoice_dev/examples/libritts/cosyvoice2/data/casia-grpo/valid/receive/ZhaoZuoxiang_201_fear.wav
/root/autodl-tmp/CosyVoice_dev/examples/libritts/cosyvoice2/data/casia-grpo/valid/receive/ZhaoZuoxiang_204_neutral.wav	/root/autodl-tmp/CosyVoice_dev/examples/libritts/cosyvoice2/data/casia-grpo/valid/receive/ZhaoZuoxiang_204_neutral.wav
/root/autodl-tmp/CosyVoice_dev/examples/libritts/cosyvoice2/data/casia-grpo/valid/receive/ZhaoZuoxiang_201_happy.wav	/root/autodl-tmp/CosyVoice_dev/examples/libritts/cosyvoice2/data/casia-grpo/valid/receive/ZhaoZuoxiang_201_happy.wav
/root/autodl-tmp/CosyVoice_dev/examples/libritts/cosyvoice2/data/casia-grpo/valid/receive/ZhaoZuoxiang_203_angry.wav	/root/autodl-tmp/CosyVoice_dev/examples/libritts/cosyvoice2/data/casia-grpo/valid/receive/ZhaoZuoxiang_203_angry.wav
/root/autodl-tmp/CosyVoice_dev/examples/libritts/cosyvoice2/data/casia-grpo/valid/receive/ZhaoZuoxiang_201_neutral.wav	/root/autodl-tmp/CosyVoice_dev/examples/libritts/cosyvoice2/data/casia-grpo/valid/receive/ZhaoZuoxiang_201_neutral.wav
/root/autodl-tmp/CosyVoice_dev/examples/libritts/cosyvoice2/data/casia-grpo/valid/receive/ZhaoZuoxiang_204_sad.wav	/root/autodl-tmp/CosyVoice_dev/examples/libritts/cosyvoice2/data/casia-grpo/valid/receive/ZhaoZuoxiang_204_sad.wav
/root/autodl-tmp/CosyVoice_dev/examples/libritts/cosyvoice2/data/casia-grpo/valid/receive/ZhaoZuoxiang_203_happy.wav	/root/autodl-tmp/CosyVoice_dev/examples/libritts/cosyvoice2/data/casia-grpo/valid/receive/ZhaoZuoxiang_203_happy.wav
/root/autodl-tmp/CosyVoice_dev/examples/libritts/cosyvoice2/data/casia-grpo/valid/receive/ZhaoZuoxiang_201_sad.wav	/root/autodl-tmp/CosyVoice_dev/examples/libritts/cosyvoice2/data/casia-grpo/valid/receive/ZhaoZuoxiang_201_sad.wav
/root/autodl-tmp/CosyVoice_dev/examples/libritts/cosyvoice2/data/casia-grpo/valid/receive/ZhaoZuoxiang_201_surprise.wav	/root/autodl-tmp/CosyVoice_dev/examples/libritts/cosyvoice2/data/casia-grpo/valid/receive/ZhaoZuoxiang_201_surprise.wav
/root/autodl-tmp/CosyVoice_dev/examples/libritts/cosyvoice2/data/casia-grpo/valid/receive/ZhaoZuoxiang_204_surprise.wav	/root/autodl-tmp/CosyVoice_dev/examples/libritts/cosyvoice2/data/casia-grpo/valid/receive/ZhaoZuoxiang_204_surprise.wav
/root/autodl-tmp/CosyVoice_dev/examples/libritts/cosyvoice2/data/casia-grpo/valid/receive/ZhaoZuoxiang_202_angry.wav	/root/autodl-tmp/CosyVoice_dev/examples/libritts/cosyvoice2/data/casia-grpo/valid/receive/ZhaoZuoxiang_202_angry.wav
/root/autodl-tmp/CosyVoice_dev/examples/libritts/cosyvoice2/data/casia-grpo/valid/receive/ZhaoZuoxiang_205_angry.wav	/root/autodl-tmp/CosyVoice_dev/examples/libritts/cosyvoice2/data/casia-grpo/valid/receive/ZhaoZuoxiang_205_angry.wav
/root/autodl-tmp/CosyVoice_dev/examples/libritts/cosyvoice2/data/casia-grpo/valid/receive/ZhaoZuoxiang_203_neutral.wav	/root/autodl-tmp/CosyVoice_dev/examples/libritts/cosyvoice2/data/casia-grpo/valid/receive/ZhaoZuoxiang_203_neutral.wav
/root/autodl-tmp/CosyVoice_dev/examples/libritts/cosyvoice2/data/casia-grpo/valid/receive/ZhaoZuoxiang_202_fear.wav	/root/autodl-tmp/CosyVoice_dev/examples/libritts/cosyvoice2/data/casia-grpo/valid/receive/ZhaoZuoxiang_202_fear.wav
/root/autodl-tmp/CosyVoice_dev/examples/libritts/cosyvoice2/data/casia-grpo/valid/receive/ZhaoZuoxiang_205_fear.wav	/root/autodl-tmp/CosyVoice_dev/examples/libritts/cosyvoice2/data/casia-grpo/valid/receive/ZhaoZuoxiang_205_fear.wav
/root/autodl-tmp/CosyVoice_dev/examples/libritts/cosyvoice2/data/casia-grpo/valid/receive/ZhaoZuoxiang_202_happy.wav	/root/autodl-tmp/CosyVoice_dev/examples/libritts/cosyvoice2/data/casia-grpo/valid/receive/ZhaoZuoxiang_202_happy.wav
/root/autodl-tmp/CosyVoice_dev/examples/libritts/cosyvoice2/data/casia-grpo/valid/receive/ZhaoZuoxiang_203_fear.wav	/root/autodl-tmp/CosyVoice_dev/examples/libritts/cosyvoice2/data/casia-grpo/valid/receive/ZhaoZuoxiang_203_fear.wav
/root/autodl-tmp/CosyVoice_dev/examples/libritts/cosyvoice2/data/casia-grpo/valid/receive/ZhaoZuoxiang_205_happy.wav	/root/autodl-tmp/CosyVoice_dev/examples/libritts/cosyvoice2/data/casia-grpo/valid/receive/ZhaoZuoxiang_205_happy.wav
/root/autodl-tmp/CosyVoice_dev/examples/libritts/cosyvoice2/data/casia-grpo/valid/receive/ZhaoZuoxiang_202_neutral.wav	/root/autodl-tmp/CosyVoice_dev/examples/libritts/cosyvoice2/data/casia-grpo/valid/receive/ZhaoZuoxiang_202_neutral.wav
/root/autodl-tmp/CosyVoice_dev/examples/libritts/cosyvoice2/data/casia-grpo/valid/receive/ZhaoZuoxiang_203_surprise.wav	/root/autodl-tmp/CosyVoice_dev/examples/libritts/cosyvoice2/data/casia-grpo/valid/receive/ZhaoZuoxiang_203_surprise.wav
/root/autodl-tmp/CosyVoice_dev/examples/libritts/cosyvoice2/data/casia-grpo/valid/receive/ZhaoZuoxiang_205_neutral.wav	/root/autodl-tmp/CosyVoice_dev/examples/libritts/cosyvoice2/data/casia-grpo/valid/receive/ZhaoZuoxiang_205_neutral.wav
/root/autodl-tmp/CosyVoice_dev/examples/libritts/cosyvoice2/data/casia-grpo/valid/receive/ZhaoZuoxiang_202_sad.wav	/root/autodl-tmp/CosyVoice_dev/examples/libritts/cosyvoice2/data/casia-grpo/valid/receive/ZhaoZuoxiang_202_sad.wav
/root/autodl-tmp/CosyVoice_dev/examples/libritts/cosyvoice2/data/casia-grpo/valid/receive/ZhaoZuoxiang_202_surprise.wav	/root/autodl-tmp/CosyVoice_dev/examples/libritts/cosyvoice2/data/casia-grpo/valid/receive/ZhaoZuoxiang_202_surprise.wav
/root/autodl-tmp/CosyVoice_dev/examples/libritts/cosyvoice2/data/casia-grpo/valid/receive/ZhaoZuoxiang_204_angry.wav	/root/autodl-tmp/CosyVoice_dev/examples/libritts/cosyvoice2/data/casia-grpo/valid/receive/ZhaoZuoxiang_204_angry.wav
/root/autodl-tmp/CosyVoice_dev/examples/libritts/cosyvoice2/data/casia-grpo/valid/receive/ZhaoZuoxiang_203_sad.wav	/root/autodl-tmp/CosyVoice_dev/examples/libritts/cosyvoice2/data/casia-grpo/valid/receive/ZhaoZuoxiang_203_sad.wav
/root/autodl-tmp/CosyVoice_dev/examples/libritts/cosyvoice2/data/casia-grpo/valid/receive/ZhaoZuoxiang_205_sad.wav	/root/autodl-tmp/CosyVoice_dev/examples/libritts/cosyvoice2/data/casia-grpo/valid/receive/ZhaoZuoxiang_205_sad.wav
/root/autodl-tmp/CosyVoice_dev/examples/libritts/cosyvoice2/data/casia-grpo/valid/receive/ZhaoZuoxiang_205_surprise.wav	/root/autodl-tmp/CosyVoice_dev/examples/libritts/cosyvoice2/data/casia-grpo/valid/receive/ZhaoZuoxiang_205_surprise.wav
/root/autodl-tmp/CosyVoice_dev/examples/libritts/cosyvoice2/data/casia-grpo/valid/receive/ZhaoZuoxiang_208_sad.wav	/root/autodl-tmp/CosyVoice_dev/examples/libritts/cosyvoice2/data/casia-grpo/valid/receive/ZhaoZuoxiang_208_sad.wav
/root/autodl-tmp/CosyVoice_dev/examples/libritts/cosyvoice2/data/casia-grpo/valid/receive/ZhaoZuoxiang_207_surprise.wav	/root/autodl-tmp/CosyVoice_dev/examples/libritts/cosyvoice2/data/casia-grpo/valid/receive/ZhaoZuoxiang_207_surprise.wav
/root/autodl-tmp/CosyVoice_dev/examples/libritts/cosyvoice2/data/casia-grpo/valid/receive/ZhaoZuoxiang_206_angry.wav	/root/autodl-tmp/CosyVoice_dev/examples/libritts/cosyvoice2/data/casia-grpo/valid/receive/ZhaoZuoxiang_206_angry.wav
/root/autodl-tmp/CosyVoice_dev/examples/libritts/cosyvoice2/data/casia-grpo/valid/receive/ZhaoZuoxiang_208_surprise.wav	/root/autodl-tmp/CosyVoice_dev/examples/libritts/cosyvoice2/data/casia-grpo/valid/receive/ZhaoZuoxiang_208_surprise.wav
/root/autodl-tmp/CosyVoice_dev/examples/libritts/cosyvoice2/data/casia-grpo/valid/receive/ZhaoZuoxiang_206_fear.wav	/root/autodl-tmp/CosyVoice_dev/examples/libritts/cosyvoice2/data/casia-grpo/valid/receive/ZhaoZuoxiang_206_fear.wav
/root/autodl-tmp/CosyVoice_dev/examples/libritts/cosyvoice2/data/casia-grpo/valid/receive/ZhaoZuoxiang_209_angry.wav	/root/autodl-tmp/CosyVoice_dev/examples/libritts/cosyvoice2/data/casia-grpo/valid/receive/ZhaoZuoxiang_209_angry.wav
/root/autodl-tmp/CosyVoice_dev/examples/libritts/cosyvoice2/data/casia-grpo/valid/receive/ZhaoZuoxiang_206_happy.wav	/root/autodl-tmp/CosyVoice_dev/examples/libritts/cosyvoice2/data/casia-grpo/valid/receive/ZhaoZuoxiang_206_happy.wav
/root/autodl-tmp/CosyVoice_dev/examples/libritts/cosyvoice2/data/casia-grpo/valid/receive/ZhaoZuoxiang_209_fear.wav	/root/autodl-tmp/CosyVoice_dev/examples/libritts/cosyvoice2/data/casia-grpo/valid/receive/ZhaoZuoxiang_209_fear.wav
/root/autodl-tmp/CosyVoice_dev/examples/libritts/cosyvoice2/data/casia-grpo/valid/receive/ZhaoZuoxiang_206_neutral.wav	/root/autodl-tmp/CosyVoice_dev/examples/libritts/cosyvoice2/data/casia-grpo/valid/receive/ZhaoZuoxiang_206_neutral.wav
/root/autodl-tmp/CosyVoice_dev/examples/libritts/cosyvoice2/data/casia-grpo/valid/receive/ZhaoZuoxiang_208_happy.wav	/root/autodl-tmp/CosyVoice_dev/examples/libritts/cosyvoice2/data/casia-grpo/valid/receive/ZhaoZuoxiang_208_happy.wav
/root/autodl-tmp/CosyVoice_dev/examples/libritts/cosyvoice2/data/casia-grpo/valid/receive/ZhaoZuoxiang_209_happy.wav	/root/autodl-tmp/CosyVoice_dev/examples/libritts/cosyvoice2/data/casia-grpo/valid/receive/ZhaoZuoxiang_209_happy.wav
/root/autodl-tmp/CosyVoice_dev/examples/libritts/cosyvoice2/data/casia-grpo/valid/receive/ZhaoZuoxiang_206_sad.wav	/root/autodl-tmp/CosyVoice_dev/examples/libritts/cosyvoice2/data/casia-grpo/valid/receive/ZhaoZuoxiang_206_sad.wav
/root/autodl-tmp/CosyVoice_dev/examples/libritts/cosyvoice2/data/casia-grpo/valid/receive/ZhaoZuoxiang_208_angry.wav	/root/autodl-tmp/CosyVoice_dev/examples/libritts/cosyvoice2/data/casia-grpo/valid/receive/ZhaoZuoxiang_208_angry.wav
/root/autodl-tmp/CosyVoice_dev/examples/libritts/cosyvoice2/data/casia-grpo/valid/receive/ZhaoZuoxiang_206_surprise.wav	/root/autodl-tmp/CosyVoice_dev/examples/libritts/cosyvoice2/data/casia-grpo/valid/receive/ZhaoZuoxiang_206_surprise.wav
/root/autodl-tmp/CosyVoice_dev/examples/libritts/cosyvoice2/data/casia-grpo/valid/receive/ZhaoZuoxiang_209_neutral.wav	/root/autodl-tmp/CosyVoice_dev/examples/libritts/cosyvoice2/data/casia-grpo/valid/receive/ZhaoZuoxiang_209_neutral.wav
/root/autodl-tmp/CosyVoice_dev/examples/libritts/cosyvoice2/data/casia-grpo/valid/receive/ZhaoZuoxiang_207_angry.wav	/root/autodl-tmp/CosyVoice_dev/examples/libritts/cosyvoice2/data/casia-grpo/valid/receive/ZhaoZuoxiang_207_angry.wav
/root/autodl-tmp/CosyVoice_dev/examples/libritts/cosyvoice2/data/casia-grpo/valid/receive/ZhaoZuoxiang_208_neutral.wav	/root/autodl-tmp/CosyVoice_dev/examples/libritts/cosyvoice2/data/casia-grpo/valid/receive/ZhaoZuoxiang_208_neutral.wav
/root/autodl-tmp/CosyVoice_dev/examples/libritts/cosyvoice2/data/casia-grpo/valid/receive/ZhaoZuoxiang_207_fear.wav	/root/autodl-tmp/CosyVoice_dev/examples/libritts/cosyvoice2/data/casia-grpo/valid/receive/ZhaoZuoxiang_207_fear.wav
/root/autodl-tmp/CosyVoice_dev/examples/libritts/cosyvoice2/data/casia-grpo/valid/receive/ZhaoZuoxiang_209_sad.wav	/root/autodl-tmp/CosyVoice_dev/examples/libritts/cosyvoice2/data/casia-grpo/valid/receive/ZhaoZuoxiang_209_sad.wav
/root/autodl-tmp/CosyVoice_dev/examples/libritts/cosyvoice2/data/casia-grpo/valid/receive/ZhaoZuoxiang_207_happy.wav	/root/autodl-tmp/CosyVoice_dev/examples/libritts/cosyvoice2/data/casia-grpo/valid/receive/ZhaoZuoxiang_207_happy.wav
/root/autodl-tmp/CosyVoice_dev/examples/libritts/cosyvoice2/data/casia-grpo/valid/receive/ZhaoZuoxiang_209_surprise.wav	/root/autodl-tmp/CosyVoice_dev/examples/libritts/cosyvoice2/data/casia-grpo/valid/receive/ZhaoZuoxiang_209_surprise.wav
/root/autodl-tmp/CosyVoice_dev/examples/libritts/cosyvoice2/data/casia-grpo/valid/receive/ZhaoZuoxiang_208_fear.wav	/root/autodl-tmp/CosyVoice_dev/examples/libritts/cosyvoice2/data/casia-grpo/valid/receive/ZhaoZuoxiang_208_fear.wav
/root/autodl-tmp/CosyVoice_dev/examples/libritts/cosyvoice2/data/casia-grpo/valid/receive/ZhaoZuoxiang_207_neutral.wav	/root/autodl-tmp/CosyVoice_dev/examples/libritts/cosyvoice2/data/casia-grpo/valid/receive/ZhaoZuoxiang_207_neutral.wav
/root/autodl-tmp/CosyVoice_dev/examples/libritts/cosyvoice2/data/casia-grpo/valid/receive/ZhaoZuoxiang_210_angry.wav	/root/autodl-tmp/CosyVoice_dev/examples/libritts/cosyvoice2/data/casia-grpo/valid/receive/ZhaoZuoxiang_210_angry.wav
/root/autodl-tmp/CosyVoice_dev/examples/libritts/cosyvoice2/data/casia-grpo/valid/receive/ZhaoZuoxiang_207_sad.wav	/root/autodl-tmp/CosyVoice_dev/examples/libritts/cosyvoice2/data/casia-grpo/valid/receive/ZhaoZuoxiang_207_sad.wav
/root/autodl-tmp/CosyVoice_dev/examples/libritts/cosyvoice2/data/casia-grpo/valid/receive/ZhaoZuoxiang_210_fear.wav	/root/autodl-tmp/CosyVoice_dev/examples/libritts/cosyvoice2/data/casia-grpo/valid/receive/ZhaoZuoxiang_210_fear.wav
/root/autodl-tmp/CosyVoice_dev/examples/libritts/cosyvoice2/data/casia-grpo/valid/receive/ZhaoZuoxiang_212_neutral.wav	/root/autodl-tmp/CosyVoice_dev/examples/libritts/cosyvoice2/data/casia-grpo/valid/receive/ZhaoZuoxiang_212_neutral.wav
/root/autodl-tmp/CosyVoice_dev/examples/libritts/cosyvoice2/data/casia-grpo/valid/receive/ZhaoZuoxiang_210_happy.wav	/root/autodl-tmp/CosyVoice_dev/examples/libritts/cosyvoice2/data/casia-grpo/valid/receive/ZhaoZuoxiang_210_happy.wav
/root/autodl-tmp/CosyVoice_dev/examples/libritts/cosyvoice2/data/casia-grpo/valid/receive/ZhaoZuoxiang_210_neutral.wav	/root/autodl-tmp/CosyVoice_dev/examples/libritts/cosyvoice2/data/casia-grpo/valid/receive/ZhaoZuoxiang_210_neutral.wav
/root/autodl-tmp/CosyVoice_dev/examples/libritts/cosyvoice2/data/casia-grpo/valid/receive/ZhaoZuoxiang_213_happy.wav	/root/autodl-tmp/CosyVoice_dev/examples/libritts/cosyvoice2/data/casia-grpo/valid/receive/ZhaoZuoxiang_213_happy.wav
/root/autodl-tmp/CosyVoice_dev/examples/libritts/cosyvoice2/data/casia-grpo/valid/receive/ZhaoZuoxiang_210_sad.wav	/root/autodl-tmp/CosyVoice_dev/examples/libritts/cosyvoice2/data/casia-grpo/valid/receive/ZhaoZuoxiang_210_sad.wav
/root/autodl-tmp/CosyVoice_dev/examples/libritts/cosyvoice2/data/casia-grpo/valid/receive/ZhaoZuoxiang_210_surprise.wav	/root/autodl-tmp/CosyVoice_dev/examples/libritts/cosyvoice2/data/casia-grpo/valid/receive/ZhaoZuoxiang_210_surprise.wav
/root/autodl-tmp/CosyVoice_dev/examples/libritts/cosyvoice2/data/casia-grpo/valid/receive/ZhaoZuoxiang_213_neutral.wav	/root/autodl-tmp/CosyVoice_dev/examples/libritts/cosyvoice2/data/casia-grpo/valid/receive/ZhaoZuoxiang_213_neutral.wav
/root/autodl-tmp/CosyVoice_dev/examples/libritts/cosyvoice2/data/casia-grpo/valid/receive/ZhaoZuoxiang_211_angry.wav	/root/autodl-tmp/CosyVoice_dev/examples/libritts/cosyvoice2/data/casia-grpo/valid/receive/ZhaoZuoxiang_211_angry.wav
/root/autodl-tmp/CosyVoice_dev/examples/libritts/cosyvoice2/data/casia-grpo/valid/receive/ZhaoZuoxiang_213_angry.wav	/root/autodl-tmp/CosyVoice_dev/examples/libritts/cosyvoice2/data/casia-grpo/valid/receive/ZhaoZuoxiang_213_angry.wav
/root/autodl-tmp/CosyVoice_dev/examples/libritts/cosyvoice2/data/casia-grpo/valid/receive/ZhaoZuoxiang_211_fear.wav	/root/autodl-tmp/CosyVoice_dev/examples/libritts/cosyvoice2/data/casia-grpo/valid/receive/ZhaoZuoxiang_211_fear.wav
/root/autodl-tmp/CosyVoice_dev/examples/libritts/cosyvoice2/data/casia-grpo/valid/receive/ZhaoZuoxiang_213_sad.wav	/root/autodl-tmp/CosyVoice_dev/examples/libritts/cosyvoice2/data/casia-grpo/valid/receive/ZhaoZuoxiang_213_sad.wav
/root/autodl-tmp/CosyVoice_dev/examples/libritts/cosyvoice2/data/casia-grpo/valid/receive/ZhaoZuoxiang_212_sad.wav	/root/autodl-tmp/CosyVoice_dev/examples/libritts/cosyvoice2/data/casia-grpo/valid/receive/ZhaoZuoxiang_212_sad.wav
/root/autodl-tmp/CosyVoice_dev/examples/libritts/cosyvoice2/data/casia-grpo/valid/receive/ZhaoZuoxiang_211_happy.wav	/root/autodl-tmp/CosyVoice_dev/examples/libritts/cosyvoice2/data/casia-grpo/valid/receive/ZhaoZuoxiang_211_happy.wav
/root/autodl-tmp/CosyVoice_dev/examples/libritts/cosyvoice2/data/casia-grpo/valid/receive/ZhaoZuoxiang_213_surprise.wav	/root/autodl-tmp/CosyVoice_dev/examples/libritts/cosyvoice2/data/casia-grpo/valid/receive/ZhaoZuoxiang_213_surprise.wav
/root/autodl-tmp/CosyVoice_dev/examples/libritts/cosyvoice2/data/casia-grpo/valid/receive/ZhaoZuoxiang_211_neutral.wav	/root/autodl-tmp/CosyVoice_dev/examples/libritts/cosyvoice2/data/casia-grpo/valid/receive/ZhaoZuoxiang_211_neutral.wav
/root/autodl-tmp/CosyVoice_dev/examples/libritts/cosyvoice2/data/casia-grpo/valid/receive/ZhaoZuoxiang_214_angry.wav	/root/autodl-tmp/CosyVoice_dev/examples/libritts/cosyvoice2/data/casia-grpo/valid/receive/ZhaoZuoxiang_214_angry.wav
/root/autodl-tmp/CosyVoice_dev/examples/libritts/cosyvoice2/data/casia-grpo/valid/receive/ZhaoZuoxiang_211_sad.wav	/root/autodl-tmp/CosyVoice_dev/examples/libritts/cosyvoice2/data/casia-grpo/valid/receive/ZhaoZuoxiang_211_sad.wav
/root/autodl-tmp/CosyVoice_dev/examples/libritts/cosyvoice2/data/casia-grpo/valid/receive/ZhaoZuoxiang_212_surprise.wav	/root/autodl-tmp/CosyVoice_dev/examples/libritts/cosyvoice2/data/casia-grpo/valid/receive/ZhaoZuoxiang_212_surprise.wav
/root/autodl-tmp/CosyVoice_dev/examples/libritts/cosyvoice2/data/casia-grpo/valid/receive/ZhaoZuoxiang_213_fear.wav	/root/autodl-tmp/CosyVoice_dev/examples/libritts/cosyvoice2/data/casia-grpo/valid/receive/ZhaoZuoxiang_213_fear.wav
/root/autodl-tmp/CosyVoice_dev/examples/libritts/cosyvoice2/data/casia-grpo/valid/receive/ZhaoZuoxiang_211_surprise.wav	/root/autodl-tmp/CosyVoice_dev/examples/libritts/cosyvoice2/data/casia-grpo/valid/receive/ZhaoZuoxiang_211_surprise.wav
/root/autodl-tmp/CosyVoice_dev/examples/libritts/cosyvoice2/data/casia-grpo/valid/receive/ZhaoZuoxiang_214_fear.wav	/root/autodl-tmp/CosyVoice_dev/examples/libritts/cosyvoice2/data/casia-grpo/valid/receive/ZhaoZuoxiang_214_fear.wav
/root/autodl-tmp/CosyVoice_dev/examples/libritts/cosyvoice2/data/casia-grpo/valid/receive/ZhaoZuoxiang_212_angry.wav	/root/autodl-tmp/CosyVoice_dev/examples/libritts/cosyvoice2/data/casia-grpo/valid/receive/ZhaoZuoxiang_212_angry.wav
/root/autodl-tmp/CosyVoice_dev/examples/libritts/cosyvoice2/data/casia-grpo/valid/receive/ZhaoZuoxiang_214_happy.wav	/root/autodl-tmp/CosyVoice_dev/examples/libritts/cosyvoice2/data/casia-grpo/valid/receive/ZhaoZuoxiang_214_happy.wav
/root/autodl-tmp/CosyVoice_dev/examples/libritts/cosyvoice2/data/casia-grpo/valid/receive/ZhaoZuoxiang_212_fear.wav	/root/autodl-tmp/CosyVoice_dev/examples/libritts/cosyvoice2/data/casia-grpo/valid/receive/ZhaoZuoxiang_212_fear.wav
/root/autodl-tmp/CosyVoice_dev/examples/libritts/cosyvoice2/data/casia-grpo/valid/receive/ZhaoZuoxiang_214_neutral.wav	/root/autodl-tmp/CosyVoice_dev/examples/libritts/cosyvoice2/data/casia-grpo/valid/receive/ZhaoZuoxiang_214_neutral.wav
/root/autodl-tmp/CosyVoice_dev/examples/libritts/cosyvoice2/data/casia-grpo/valid/receive/ZhaoZuoxiang_212_happy.wav	/root/autodl-tmp/CosyVoice_dev/examples/libritts/cosyvoice2/data/casia-grpo/valid/receive/ZhaoZuoxiang_212_happy.wav
/root/autodl-tmp/CosyVoice_dev/examples/libritts/cosyvoice2/data/casia-grpo/valid/receive/ZhaoZuoxiang_214_sad.wav	/root/autodl-tmp/CosyVoice_dev/examples/libritts/cosyvoice2/data/casia-grpo/valid/receive/ZhaoZuoxiang_214_sad.wav
/root/autodl-tmp/CosyVoice_dev/examples/libritts/cosyvoice2/data/casia-grpo/valid/receive/ZhaoZuoxiang_214_surprise.wav	/root/autodl-tmp/CosyVoice_dev/examples/libritts/cosyvoice2/data/casia-grpo/valid/receive/ZhaoZuoxiang_214_surprise.wav
/root/autodl-tmp/CosyVoice_dev/examples/libritts/cosyvoice2/data/casia-grpo/valid/receive/ZhaoZuoxiang_215_angry.wav	/root/autodl-tmp/CosyVoice_dev/examples/libritts/cosyvoice2/data/casia-grpo/valid/receive/ZhaoZuoxiang_215_angry.wav
/root/autodl-tmp/CosyVoice_dev/examples/libritts/cosyvoice2/data/casia-grpo/valid/receive/ZhaoZuoxiang_215_fear.wav	/root/autodl-tmp/CosyVoice_dev/examples/libritts/cosyvoice2/data/casia-grpo/valid/receive/ZhaoZuoxiang_215_fear.wav
/root/autodl-tmp/CosyVoice_dev/examples/libritts/cosyvoice2/data/casia-grpo/valid/receive/ZhaoZuoxiang_215_happy.wav	/root/autodl-tmp/CosyVoice_dev/examples/libritts/cosyvoice2/data/casia-grpo/valid/receive/ZhaoZuoxiang_215_happy.wav
/root/autodl-tmp/CosyVoice_dev/examples/libritts/cosyvoice2/data/casia-grpo/valid/receive/ZhaoZuoxiang_215_neutral.wav	/root/autodl-tmp/CosyVoice_dev/examples/libritts/cosyvoice2/data/casia-grpo/valid/receive/ZhaoZuoxiang_215_neutral.wav
/root/autodl-tmp/CosyVoice_dev/examples/libritts/cosyvoice2/data/casia-grpo/valid/receive/ZhaoZuoxiang_215_sad.wav	/root/autodl-tmp/CosyVoice_dev/examples/libritts/cosyvoice2/data/casia-grpo/valid/receive/ZhaoZuoxiang_215_sad.wav
/root/autodl-tmp/CosyVoice_dev/examples/libritts/cosyvoice2/data/casia-grpo/valid/receive/ZhaoZuoxiang_215_surprise.wav	/root/autodl-tmp/CosyVoice_dev/examples/libritts/cosyvoice2/data/casia-grpo/valid/receive/ZhaoZuoxiang_215_surprise.wav
/root/autodl-tmp/CosyVoice_dev/examples/libritts/cosyvoice2/data/casia-grpo/valid/receive/ZhaoZuoxiang_216_angry.wav	/root/autodl-tmp/CosyVoice_dev/examples/libritts/cosyvoice2/data/casia-grpo/valid/receive/ZhaoZuoxiang_216_angry.wav
/root/autodl-tmp/CosyVoice_dev/examples/libritts/cosyvoice2/data/casia-grpo/valid/receive/ZhaoZuoxiang_216_fear.wav	/root/autodl-tmp/CosyVoice_dev/examples/libritts/cosyvoice2/data/casia-grpo/valid/receive/ZhaoZuoxiang_216_fear.wav
/root/autodl-tmp/CosyVoice_dev/examples/libritts/cosyvoice2/data/casia-grpo/valid/receive/ZhaoZuoxiang_216_happy.wav	/root/autodl-tmp/CosyVoice_dev/examples/libritts/cosyvoice2/data/casia-grpo/valid/receive/ZhaoZuoxiang_216_happy.wav
/root/autodl-tmp/CosyVoice_dev/examples/libritts/cosyvoice2/data/casia-grpo/valid/receive/ZhaoZuoxiang_216_neutral.wav	/root/autodl-tmp/CosyVoice_dev/examples/libritts/cosyvoice2/data/casia-grpo/valid/receive/ZhaoZuoxiang_216_neutral.wav
/root/autodl-tmp/CosyVoice_dev/examples/libritts/cosyvoice2/data/casia-grpo/valid/receive/ZhaoZuoxiang_216_sad.wav	/root/autodl-tmp/CosyVoice_dev/examples/libritts/cosyvoice2/data/casia-grpo/valid/receive/ZhaoZuoxiang_216_sad.wav
/root/autodl-tmp/CosyVoice_dev/examples/libritts/cosyvoice2/data/casia-grpo/valid/receive/ZhaoZuoxiang_216_surprise.wav	/root/autodl-tmp/CosyVoice_dev/examples/libritts/cosyvoice2/data/casia-grpo/valid/receive/ZhaoZuoxiang_216_surprise.wav
/root/autodl-tmp/CosyVoice_dev/examples/libritts/cosyvoice2/data/casia-grpo/valid/receive/ZhaoZuoxiang_217_angry.wav	/root/autodl-tmp/CosyVoice_dev/examples/libritts/cosyvoice2/data/casia-grpo/valid/receive/ZhaoZuoxiang_217_angry.wav
/root/autodl-tmp/CosyVoice_dev/examples/libritts/cosyvoice2/data/casia-grpo/valid/receive/ZhaoZuoxiang_217_fear.wav	/root/autodl-tmp/CosyVoice_dev/examples/libritts/cosyvoice2/data/casia-grpo/valid/receive/ZhaoZuoxiang_217_fear.wav
/root/autodl-tmp/CosyVoice_dev/examples/libritts/cosyvoice2/data/casia-grpo/valid/receive/ZhaoZuoxiang_217_happy.wav	/root/autodl-tmp/CosyVoice_dev/examples/libritts/cosyvoice2/data/casia-grpo/valid/receive/ZhaoZuoxiang_217_happy.wav
/root/autodl-tmp/CosyVoice_dev/examples/libritts/cosyvoice2/data/casia-grpo/valid/receive/ZhaoZuoxiang_217_neutral.wav	/root/autodl-tmp/CosyVoice_dev/examples/libritts/cosyvoice2/data/casia-grpo/valid/receive/ZhaoZuoxiang_217_neutral.wav
/root/autodl-tmp/CosyVoice_dev/examples/libritts/cosyvoice2/data/casia-grpo/valid/receive/ZhaoZuoxiang_217_sad.wav	/root/autodl-tmp/CosyVoice_dev/examples/libritts/cosyvoice2/data/casia-grpo/valid/receive/ZhaoZuoxiang_217_sad.wav
/root/autodl-tmp/CosyVoice_dev/examples/libritts/cosyvoice2/data/casia-grpo/valid/receive/ZhaoZuoxiang_217_surprise.wav	/root/autodl-tmp/CosyVoice_dev/examples/libritts/cosyvoice2/data/casia-grpo/valid/receive/ZhaoZuoxiang_217_surprise.wav
/root/autodl-tmp/CosyVoice_dev/examples/libritts/cosyvoice2/data/casia-grpo/valid/receive/ZhaoZuoxiang_218_angry.wav	/root/autodl-tmp/CosyVoice_dev/examples/libritts/cosyvoice2/data/casia-grpo/valid/receive/ZhaoZuoxiang_218_angry.wav
/root/autodl-tmp/CosyVoice_dev/examples/libritts/cosyvoice2/data/casia-grpo/valid/receive/ZhaoZuoxiang_218_fear.wav	/root/autodl-tmp/CosyVoice_dev/examples/libritts/cosyvoice2/data/casia-grpo/valid/receive/ZhaoZuoxiang_218_fear.wav
/root/autodl-tmp/CosyVoice_dev/examples/libritts/cosyvoice2/data/casia-grpo/valid/receive/ZhaoZuoxiang_218_happy.wav	/root/autodl-tmp/CosyVoice_dev/examples/libritts/cosyvoice2/data/casia-grpo/valid/receive/ZhaoZuoxiang_218_happy.wav
/root/autodl-tmp/CosyVoice_dev/examples/libritts/cosyvoice2/data/casia-grpo/valid/receive/ZhaoZuoxiang_218_neutral.wav	/root/autodl-tmp/CosyVoice_dev/examples/libritts/cosyvoice2/data/casia-grpo/valid/receive/ZhaoZuoxiang_218_neutral.wav
/root/autodl-tmp/CosyVoice_dev/examples/libritts/cosyvoice2/data/casia-grpo/valid/receive/ZhaoZuoxiang_218_sad.wav	/root/autodl-tmp/CosyVoice_dev/examples/libritts/cosyvoice2/data/casia-grpo/valid/receive/ZhaoZuoxiang_218_sad.wav
/root/autodl-tmp/CosyVoice_dev/examples/libritts/cosyvoice2/data/casia-grpo/valid/receive/ZhaoZuoxiang_218_surprise.wav	/root/autodl-tmp/CosyVoice_dev/examples/libritts/cosyvoice2/data/casia-grpo/valid/receive/ZhaoZuoxiang_218_surprise.wav
/root/autodl-tmp/CosyVoice_dev/examples/libritts/cosyvoice2/data/casia-grpo/valid/receive/ZhaoZuoxiang_219_angry.wav	/root/autodl-tmp/CosyVoice_dev/examples/libritts/cosyvoice2/data/casia-grpo/valid/receive/ZhaoZuoxiang_219_angry.wav
/root/autodl-tmp/CosyVoice_dev/examples/libritts/cosyvoice2/data/casia-grpo/valid/receive/ZhaoZuoxiang_219_fear.wav	/root/autodl-tmp/CosyVoice_dev/examples/libritts/cosyvoice2/data/casia-grpo/valid/receive/ZhaoZuoxiang_219_fear.wav
/root/autodl-tmp/CosyVoice_dev/examples/libritts/cosyvoice2/data/casia-grpo/valid/receive/ZhaoZuoxiang_219_happy.wav	/root/autodl-tmp/CosyVoice_dev/examples/libritts/cosyvoice2/data/casia-grpo/valid/receive/ZhaoZuoxiang_219_happy.wav
/root/autodl-tmp/CosyVoice_dev/examples/libritts/cosyvoice2/data/casia-grpo/valid/receive/ZhaoZuoxiang_219_neutral.wav	/root/autodl-tmp/CosyVoice_dev/examples/libritts/cosyvoice2/data/casia-grpo/valid/receive/ZhaoZuoxiang_219_neutral.wav
/root/autodl-tmp/CosyVoice_dev/examples/libritts/cosyvoice2/data/casia-grpo/valid/receive/ZhaoZuoxiang_219_sad.wav	/root/autodl-tmp/CosyVoice_dev/examples/libritts/cosyvoice2/data/casia-grpo/valid/receive/ZhaoZuoxiang_219_sad.wav
/root/autodl-tmp/CosyVoice_dev/examples/libritts/cosyvoice2/data/casia-grpo/valid/receive/ZhaoZuoxiang_219_surprise.wav	/root/autodl-tmp/CosyVoice_dev/examples/libritts/cosyvoice2/data/casia-grpo/valid/receive/ZhaoZuoxiang_219_surprise.wav
/root/autodl-tmp/CosyVoice_dev/examples/libritts/cosyvoice2/data/casia-grpo/valid/receive/ZhaoZuoxiang_220_angry.wav	/root/autodl-tmp/CosyVoice_dev/examples/libritts/cosyvoice2/data/casia-grpo/valid/receive/ZhaoZuoxiang_220_angry.wav
/root/autodl-tmp/CosyVoice_dev/examples/libritts/cosyvoice2/data/casia-grpo/valid/receive/ZhaoZuoxiang_220_fear.wav	/root/autodl-tmp/CosyVoice_dev/examples/libritts/cosyvoice2/data/casia-grpo/valid/receive/ZhaoZuoxiang_220_fear.wav
/root/autodl-tmp/CosyVoice_dev/examples/libritts/cosyvoice2/data/casia-grpo/valid/receive/ZhaoZuoxiang_220_happy.wav	/root/autodl-tmp/CosyVoice_dev/examples/libritts/cosyvoice2/data/casia-grpo/valid/receive/ZhaoZuoxiang_220_happy.wav
/root/autodl-tmp/CosyVoice_dev/examples/libritts/cosyvoice2/data/casia-grpo/valid/receive/ZhaoZuoxiang_220_neutral.wav	/root/autodl-tmp/CosyVoice_dev/examples/libritts/cosyvoice2/data/casia-grpo/valid/receive/ZhaoZuoxiang_220_neutral.wav
/root/autodl-tmp/CosyVoice_dev/examples/libritts/cosyvoice2/data/casia-grpo/valid/receive/ZhaoZuoxiang_220_sad.wav	/root/autodl-tmp/CosyVoice_dev/examples/libritts/cosyvoice2/data/casia-grpo/valid/receive/ZhaoZuoxiang_220_sad.wav
/root/autodl-tmp/CosyVoice_dev/examples/libritts/cosyvoice2/data/casia-grpo/valid/receive/ZhaoZuoxiang_220_surprise.wav	/root/autodl-tmp/CosyVoice_dev/examples/libritts/cosyvoice2/data/casia-grpo/valid/receive/ZhaoZuoxiang_220_surprise.wav
/root/autodl-tmp/CosyVoice_dev/examples/libritts/cosyvoice2/data/casia-grpo/valid/receive/ZhaoZuoxiang_221_angry.wav	/root/autodl-tmp/CosyVoice_dev/examples/libritts/cosyvoice2/data/casia-grpo/valid/receive/ZhaoZuoxiang_221_angry.wav
/root/autodl-tmp/CosyVoice_dev/examples/libritts/cosyvoice2/data/casia-grpo/valid/receive/ZhaoZuoxiang_221_fear.wav	/root/autodl-tmp/CosyVoice_dev/examples/libritts/cosyvoice2/data/casia-grpo/valid/receive/ZhaoZuoxiang_221_fear.wav
/root/autodl-tmp/CosyVoice_dev/examples/libritts/cosyvoice2/data/casia-grpo/valid/receive/ZhaoZuoxiang_221_happy.wav	/root/autodl-tmp/CosyVoice_dev/examples/libritts/cosyvoice2/data/casia-grpo/valid/receive/ZhaoZuoxiang_221_happy.wav
/root/autodl-tmp/CosyVoice_dev/examples/libritts/cosyvoice2/data/casia-grpo/valid/receive/ZhaoZuoxiang_221_neutral.wav	/root/autodl-tmp/CosyVoice_dev/examples/libritts/cosyvoice2/data/casia-grpo/valid/receive/ZhaoZuoxiang_221_neutral.wav
/root/autodl-tmp/CosyVoice_dev/examples/libritts/cosyvoice2/data/casia-grpo/valid/receive/ZhaoZuoxiang_221_sad.wav	/root/autodl-tmp/CosyVoice_dev/examples/libritts/cosyvoice2/data/casia-grpo/valid/receive/ZhaoZuoxiang_221_sad.wav
/root/autodl-tmp/CosyVoice_dev/examples/libritts/cosyvoice2/data/casia-grpo/valid/receive/ZhaoZuoxiang_221_surprise.wav	/root/autodl-tmp/CosyVoice_dev/examples/libritts/cosyvoice2/data/casia-grpo/valid/receive/ZhaoZuoxiang_221_surprise.wav
/root/autodl-tmp/CosyVoice_dev/examples/libritts/cosyvoice2/data/casia-grpo/valid/receive/ZhaoZuoxiang_222_angry.wav	/root/autodl-tmp/CosyVoice_dev/examples/libritts/cosyvoice2/data/casia-grpo/valid/receive/ZhaoZuoxiang_222_angry.wav
/root/autodl-tmp/CosyVoice_dev/examples/libritts/cosyvoice2/data/casia-grpo/valid/receive/ZhaoZuoxiang_222_fear.wav	/root/autodl-tmp/CosyVoice_dev/examples/libritts/cosyvoice2/data/casia-grpo/valid/receive/ZhaoZuoxiang_222_fear.wav
/root/autodl-tmp/CosyVoice_dev/examples/libritts/cosyvoice2/data/casia-grpo/valid/receive/ZhaoZuoxiang_222_happy.wav	/root/autodl-tmp/CosyVoice_dev/examples/libritts/cosyvoice2/data/casia-grpo/valid/receive/ZhaoZuoxiang_222_happy.wav
/root/autodl-tmp/CosyVoice_dev/examples/libritts/cosyvoice2/data/casia-grpo/valid/receive/ZhaoZuoxiang_222_neutral.wav	/root/autodl-tmp/CosyVoice_dev/examples/libritts/cosyvoice2/data/casia-grpo/valid/receive/ZhaoZuoxiang_222_neutral.wav
/root/autodl-tmp/CosyVoice_dev/examples/libritts/cosyvoice2/data/casia-grpo/valid/receive/ZhaoZuoxiang_222_sad.wav	/root/autodl-tmp/CosyVoice_dev/examples/libritts/cosyvoice2/data/casia-grpo/valid/receive/ZhaoZuoxiang_222_sad.wav
/root/autodl-tmp/CosyVoice_dev/examples/libritts/cosyvoice2/data/casia-grpo/valid/receive/ZhaoZuoxiang_222_surprise.wav	/root/autodl-tmp/CosyVoice_dev/examples/libritts/cosyvoice2/data/casia-grpo/valid/receive/ZhaoZuoxiang_222_surprise.wav
/root/autodl-tmp/CosyVoice_dev/examples/libritts/cosyvoice2/data/casia-grpo/valid/receive/ZhaoZuoxiang_223_angry.wav	/root/autodl-tmp/CosyVoice_dev/examples/libritts/cosyvoice2/data/casia-grpo/valid/receive/ZhaoZuoxiang_223_angry.wav
/root/autodl-tmp/CosyVoice_dev/examples/libritts/cosyvoice2/data/casia-grpo/valid/receive/ZhaoZuoxiang_223_fear.wav	/root/autodl-tmp/CosyVoice_dev/examples/libritts/cosyvoice2/data/casia-grpo/valid/receive/ZhaoZuoxiang_223_fear.wav
/root/autodl-tmp/CosyVoice_dev/examples/libritts/cosyvoice2/data/casia-grpo/valid/receive/ZhaoZuoxiang_223_happy.wav	/root/autodl-tmp/CosyVoice_dev/examples/libritts/cosyvoice2/data/casia-grpo/valid/receive/ZhaoZuoxiang_223_happy.wav
/root/autodl-tmp/CosyVoice_dev/examples/libritts/cosyvoice2/data/casia-grpo/valid/receive/ZhaoZuoxiang_223_neutral.wav	/root/autodl-tmp/CosyVoice_dev/examples/libritts/cosyvoice2/data/casia-grpo/valid/receive/ZhaoZuoxiang_223_neutral.wav
/root/autodl-tmp/CosyVoice_dev/examples/libritts/cosyvoice2/data/casia-grpo/valid/receive/ZhaoZuoxiang_223_sad.wav	/root/autodl-tmp/CosyVoice_dev/examples/libritts/cosyvoice2/data/casia-grpo/valid/receive/ZhaoZuoxiang_223_sad.wav
/root/autodl-tmp/CosyVoice_dev/examples/libritts/cosyvoice2/data/casia-grpo/valid/receive/ZhaoZuoxiang_223_surprise.wav	/root/autodl-tmp/CosyVoice_dev/examples/libritts/cosyvoice2/data/casia-grpo/valid/receive/ZhaoZuoxiang_223_surprise.wav
/root/autodl-tmp/CosyVoice_dev/examples/libritts/cosyvoice2/data/casia-grpo/valid/receive/ZhaoZuoxiang_224_angry.wav	/root/autodl-tmp/CosyVoice_dev/examples/libritts/cosyvoice2/data/casia-grpo/valid/receive/ZhaoZuoxiang_224_angry.wav
/root/autodl-tmp/CosyVoice_dev/examples/libritts/cosyvoice2/data/casia-grpo/valid/receive/ZhaoZuoxiang_224_fear.wav	/root/autodl-tmp/CosyVoice_dev/examples/libritts/cosyvoice2/data/casia-grpo/valid/receive/ZhaoZuoxiang_224_fear.wav
/root/autodl-tmp/CosyVoice_dev/examples/libritts/cosyvoice2/data/casia-grpo/valid/receive/ZhaoZuoxiang_224_happy.wav	/root/autodl-tmp/CosyVoice_dev/examples/libritts/cosyvoice2/data/casia-grpo/valid/receive/ZhaoZuoxiang_224_happy.wav
/root/autodl-tmp/CosyVoice_dev/examples/libritts/cosyvoice2/data/casia-grpo/valid/receive/ZhaoZuoxiang_224_neutral.wav	/root/autodl-tmp/CosyVoice_dev/examples/libritts/cosyvoice2/data/casia-grpo/valid/receive/ZhaoZuoxiang_224_neutral.wav
/root/autodl-tmp/CosyVoice_dev/examples/libritts/cosyvoice2/data/casia-grpo/valid/receive/ZhaoZuoxiang_224_sad.wav	/root/autodl-tmp/CosyVoice_dev/examples/libritts/cosyvoice2/data/casia-grpo/valid/receive/ZhaoZuoxiang_224_sad.wav
/root/autodl-tmp/CosyVoice_dev/examples/libritts/cosyvoice2/data/casia-grpo/valid/receive/ZhaoZuoxiang_224_surprise.wav	/root/autodl-tmp/CosyVoice_dev/examples/libritts/cosyvoice2/data/casia-grpo/valid/receive/ZhaoZuoxiang_224_surprise.wav
/root/autodl-tmp/CosyVoice_dev/examples/libritts/cosyvoice2/data/casia-grpo/valid/receive/ZhaoZuoxiang_225_angry.wav	/root/autodl-tmp/CosyVoice_dev/examples/libritts/cosyvoice2/data/casia-grpo/valid/receive/ZhaoZuoxiang_225_angry.wav
/root/autodl-tmp/CosyVoice_dev/examples/libritts/cosyvoice2/data/casia-grpo/valid/receive/ZhaoZuoxiang_225_fear.wav	/root/autodl-tmp/CosyVoice_dev/examples/libritts/cosyvoice2/data/casia-grpo/valid/receive/ZhaoZuoxiang_225_fear.wav
/root/autodl-tmp/CosyVoice_dev/examples/libritts/cosyvoice2/data/casia-grpo/valid/receive/ZhaoZuoxiang_225_happy.wav	/root/autodl-tmp/CosyVoice_dev/examples/libritts/cosyvoice2/data/casia-grpo/valid/receive/ZhaoZuoxiang_225_happy.wav
/root/autodl-tmp/CosyVoice_dev/examples/libritts/cosyvoice2/data/casia-grpo/valid/receive/ZhaoZuoxiang_225_neutral.wav	/root/autodl-tmp/CosyVoice_dev/examples/libritts/cosyvoice2/data/casia-grpo/valid/receive/ZhaoZuoxiang_225_neutral.wav
/root/autodl-tmp/CosyVoice_dev/examples/libritts/cosyvoice2/data/casia-grpo/valid/receive/ZhaoZuoxiang_225_sad.wav	/root/autodl-tmp/CosyVoice_dev/examples/libritts/cosyvoice2/data/casia-grpo/valid/receive/ZhaoZuoxiang_225_sad.wav
/root/autodl-tmp/CosyVoice_dev/examples/libritts/cosyvoice2/data/casia-grpo/valid/receive/ZhaoZuoxiang_225_surprise.wav	/root/autodl-tmp/CosyVoice_dev/examples/libritts/cosyvoice2/data/casia-grpo/valid/receive/ZhaoZuoxiang_225_surprise.wav
/root/autodl-tmp/CosyVoice_dev/examples/libritts/cosyvoice2/data/casia-grpo/valid/receive/ZhaoZuoxiang_226_angry.wav	/root/autodl-tmp/CosyVoice_dev/examples/libritts/cosyvoice2/data/casia-grpo/valid/receive/ZhaoZuoxiang_226_angry.wav
/root/autodl-tmp/CosyVoice_dev/examples/libritts/cosyvoice2/data/casia-grpo/valid/receive/ZhaoZuoxiang_226_fear.wav	/root/autodl-tmp/CosyVoice_dev/examples/libritts/cosyvoice2/data/casia-grpo/valid/receive/ZhaoZuoxiang_226_fear.wav
/root/autodl-tmp/CosyVoice_dev/examples/libritts/cosyvoice2/data/casia-grpo/valid/receive/ZhaoZuoxiang_226_happy.wav	/root/autodl-tmp/CosyVoice_dev/examples/libritts/cosyvoice2/data/casia-grpo/valid/receive/ZhaoZuoxiang_226_happy.wav
/root/autodl-tmp/CosyVoice_dev/examples/libritts/cosyvoice2/data/casia-grpo/valid/receive/ZhaoZuoxiang_226_neutral.wav	/root/autodl-tmp/CosyVoice_dev/examples/libritts/cosyvoice2/data/casia-grpo/valid/receive/ZhaoZuoxiang_226_neutral.wav
/root/autodl-tmp/CosyVoice_dev/examples/libritts/cosyvoice2/data/casia-grpo/valid/receive/ZhaoZuoxiang_226_sad.wav	/root/autodl-tmp/CosyVoice_dev/examples/libritts/cosyvoice2/data/casia-grpo/valid/receive/ZhaoZuoxiang_226_sad.wav
/root/autodl-tmp/CosyVoice_dev/examples/libritts/cosyvoice2/data/casia-grpo/valid/receive/ZhaoZuoxiang_226_surprise.wav	/root/autodl-tmp/CosyVoice_dev/examples/libritts/cosyvoice2/data/casia-grpo/valid/receive/ZhaoZuoxiang_226_surprise.wav
/root/autodl-tmp/CosyVoice_dev/examples/libritts/cosyvoice2/data/casia-grpo/valid/receive/ZhaoZuoxiang_227_angry.wav	/root/autodl-tmp/CosyVoice_dev/examples/libritts/cosyvoice2/data/casia-grpo/valid/receive/ZhaoZuoxiang_227_angry.wav
/root/autodl-tmp/CosyVoice_dev/examples/libritts/cosyvoice2/data/casia-grpo/valid/receive/ZhaoZuoxiang_227_fear.wav	/root/autodl-tmp/CosyVoice_dev/examples/libritts/cosyvoice2/data/casia-grpo/valid/receive/ZhaoZuoxiang_227_fear.wav
/root/autodl-tmp/CosyVoice_dev/examples/libritts/cosyvoice2/data/casia-grpo/valid/receive/ZhaoZuoxiang_227_happy.wav	/root/autodl-tmp/CosyVoice_dev/examples/libritts/cosyvoice2/data/casia-grpo/valid/receive/ZhaoZuoxiang_227_happy.wav
/root/autodl-tmp/CosyVoice_dev/examples/libritts/cosyvoice2/data/casia-grpo/valid/receive/ZhaoZuoxiang_227_neutral.wav	/root/autodl-tmp/CosyVoice_dev/examples/libritts/cosyvoice2/data/casia-grpo/valid/receive/ZhaoZuoxiang_227_neutral.wav
/root/autodl-tmp/CosyVoice_dev/examples/libritts/cosyvoice2/data/casia-grpo/valid/receive/ZhaoZuoxiang_227_sad.wav	/root/autodl-tmp/CosyVoice_dev/examples/libritts/cosyvoice2/data/casia-grpo/valid/receive/ZhaoZuoxiang_227_sad.wav
/root/autodl-tmp/CosyVoice_dev/examples/libritts/cosyvoice2/data/casia-grpo/valid/receive/ZhaoZuoxiang_227_surprise.wav	/root/autodl-tmp/CosyVoice_dev/examples/libritts/cosyvoice2/data/casia-grpo/valid/receive/ZhaoZuoxiang_227_surprise.wav
/root/autodl-tmp/CosyVoice_dev/examples/libritts/cosyvoice2/data/casia-grpo/valid/receive/ZhaoZuoxiang_228_angry.wav	/root/autodl-tmp/CosyVoice_dev/examples/libritts/cosyvoice2/data/casia-grpo/valid/receive/ZhaoZuoxiang_228_angry.wav
/root/autodl-tmp/CosyVoice_dev/examples/libritts/cosyvoice2/data/casia-grpo/valid/receive/ZhaoZuoxiang_228_fear.wav	/root/autodl-tmp/CosyVoice_dev/examples/libritts/cosyvoice2/data/casia-grpo/valid/receive/ZhaoZuoxiang_228_fear.wav
/root/autodl-tmp/CosyVoice_dev/examples/libritts/cosyvoice2/data/casia-grpo/valid/receive/ZhaoZuoxiang_228_happy.wav	/root/autodl-tmp/CosyVoice_dev/examples/libritts/cosyvoice2/data/casia-grpo/valid/receive/ZhaoZuoxiang_228_happy.wav
/root/autodl-tmp/CosyVoice_dev/examples/libritts/cosyvoice2/data/casia-grpo/valid/receive/ZhaoZuoxiang_228_neutral.wav	/root/autodl-tmp/CosyVoice_dev/examples/libritts/cosyvoice2/data/casia-grpo/valid/receive/ZhaoZuoxiang_228_neutral.wav
/root/autodl-tmp/CosyVoice_dev/examples/libritts/cosyvoice2/data/casia-grpo/valid/receive/ZhaoZuoxiang_228_sad.wav	/root/autodl-tmp/CosyVoice_dev/examples/libritts/cosyvoice2/data/casia-grpo/valid/receive/ZhaoZuoxiang_228_sad.wav
/root/autodl-tmp/CosyVoice_dev/examples/libritts/cosyvoice2/data/casia-grpo/valid/receive/ZhaoZuoxiang_228_surprise.wav	/root/autodl-tmp/CosyVoice_dev/examples/libritts/cosyvoice2/data/casia-grpo/valid/receive/ZhaoZuoxiang_228_surprise.wav
/root/autodl-tmp/CosyVoice_dev/examples/libritts/cosyvoice2/data/casia-grpo/valid/receive/ZhaoZuoxiang_229_angry.wav	/root/autodl-tmp/CosyVoice_dev/examples/libritts/cosyvoice2/data/casia-grpo/valid/receive/ZhaoZuoxiang_229_angry.wav
/root/autodl-tmp/CosyVoice_dev/examples/libritts/cosyvoice2/data/casia-grpo/valid/receive/ZhaoZuoxiang_232_happy.wav	/root/autodl-tmp/CosyVoice_dev/examples/libritts/cosyvoice2/data/casia-grpo/valid/receive/ZhaoZuoxiang_232_happy.wav
/root/autodl-tmp/CosyVoice_dev/examples/libritts/cosyvoice2/data/casia-grpo/valid/receive/ZhaoZuoxiang_229_fear.wav	/root/autodl-tmp/CosyVoice_dev/examples/libritts/cosyvoice2/data/casia-grpo/valid/receive/ZhaoZuoxiang_229_fear.wav
/root/autodl-tmp/CosyVoice_dev/examples/libritts/cosyvoice2/data/casia-grpo/valid/receive/ZhaoZuoxiang_229_happy.wav	/root/autodl-tmp/CosyVoice_dev/examples/libritts/cosyvoice2/data/casia-grpo/valid/receive/ZhaoZuoxiang_229_happy.wav
/root/autodl-tmp/CosyVoice_dev/examples/libritts/cosyvoice2/data/casia-grpo/valid/receive/ZhaoZuoxiang_231_happy.wav	/root/autodl-tmp/CosyVoice_dev/examples/libritts/cosyvoice2/data/casia-grpo/valid/receive/ZhaoZuoxiang_231_happy.wav
/root/autodl-tmp/CosyVoice_dev/examples/libritts/cosyvoice2/data/casia-grpo/valid/receive/ZhaoZuoxiang_229_neutral.wav	/root/autodl-tmp/CosyVoice_dev/examples/libritts/cosyvoice2/data/casia-grpo/valid/receive/ZhaoZuoxiang_229_neutral.wav
/root/autodl-tmp/CosyVoice_dev/examples/libritts/cosyvoice2/data/casia-grpo/valid/receive/ZhaoZuoxiang_229_sad.wav	/root/autodl-tmp/CosyVoice_dev/examples/libritts/cosyvoice2/data/casia-grpo/valid/receive/ZhaoZuoxiang_229_sad.wav
/root/autodl-tmp/CosyVoice_dev/examples/libritts/cosyvoice2/data/casia-grpo/valid/receive/ZhaoZuoxiang_231_surprise.wav	/root/autodl-tmp/CosyVoice_dev/examples/libritts/cosyvoice2/data/casia-grpo/valid/receive/ZhaoZuoxiang_231_surprise.wav
/root/autodl-tmp/CosyVoice_dev/examples/libritts/cosyvoice2/data/casia-grpo/valid/receive/ZhaoZuoxiang_229_surprise.wav	/root/autodl-tmp/CosyVoice_dev/examples/libritts/cosyvoice2/data/casia-grpo/valid/receive/ZhaoZuoxiang_229_surprise.wav
/root/autodl-tmp/CosyVoice_dev/examples/libritts/cosyvoice2/data/casia-grpo/valid/receive/ZhaoZuoxiang_230_angry.wav	/root/autodl-tmp/CosyVoice_dev/examples/libritts/cosyvoice2/data/casia-grpo/valid/receive/ZhaoZuoxiang_230_angry.wav
/root/autodl-tmp/CosyVoice_dev/examples/libritts/cosyvoice2/data/casia-grpo/valid/receive/ZhaoZuoxiang_230_fear.wav	/root/autodl-tmp/CosyVoice_dev/examples/libritts/cosyvoice2/data/casia-grpo/valid/receive/ZhaoZuoxiang_230_fear.wav
/root/autodl-tmp/CosyVoice_dev/examples/libritts/cosyvoice2/data/casia-grpo/valid/receive/ZhaoZuoxiang_231_neutral.wav	/root/autodl-tmp/CosyVoice_dev/examples/libritts/cosyvoice2/data/casia-grpo/valid/receive/ZhaoZuoxiang_231_neutral.wav
/root/autodl-tmp/CosyVoice_dev/examples/libritts/cosyvoice2/data/casia-grpo/valid/receive/ZhaoZuoxiang_230_happy.wav	/root/autodl-tmp/CosyVoice_dev/examples/libritts/cosyvoice2/data/casia-grpo/valid/receive/ZhaoZuoxiang_230_happy.wav
/root/autodl-tmp/CosyVoice_dev/examples/libritts/cosyvoice2/data/casia-grpo/valid/receive/ZhaoZuoxiang_230_neutral.wav	/root/autodl-tmp/CosyVoice_dev/examples/libritts/cosyvoice2/data/casia-grpo/valid/receive/ZhaoZuoxiang_230_neutral.wav
/root/autodl-tmp/CosyVoice_dev/examples/libritts/cosyvoice2/data/casia-grpo/valid/receive/ZhaoZuoxiang_232_angry.wav	/root/autodl-tmp/CosyVoice_dev/examples/libritts/cosyvoice2/data/casia-grpo/valid/receive/ZhaoZuoxiang_232_angry.wav
/root/autodl-tmp/CosyVoice_dev/examples/libritts/cosyvoice2/data/casia-grpo/valid/receive/ZhaoZuoxiang_230_sad.wav	/root/autodl-tmp/CosyVoice_dev/examples/libritts/cosyvoice2/data/casia-grpo/valid/receive/ZhaoZuoxiang_230_sad.wav
/root/autodl-tmp/CosyVoice_dev/examples/libritts/cosyvoice2/data/casia-grpo/valid/receive/ZhaoZuoxiang_230_surprise.wav	/root/autodl-tmp/CosyVoice_dev/examples/libritts/cosyvoice2/data/casia-grpo/valid/receive/ZhaoZuoxiang_230_surprise.wav
/root/autodl-tmp/CosyVoice_dev/examples/libritts/cosyvoice2/data/casia-grpo/valid/receive/ZhaoZuoxiang_231_sad.wav	/root/autodl-tmp/CosyVoice_dev/examples/libritts/cosyvoice2/data/casia-grpo/valid/receive/ZhaoZuoxiang_231_sad.wav
/root/autodl-tmp/CosyVoice_dev/examples/libritts/cosyvoice2/data/casia-grpo/valid/receive/ZhaoZuoxiang_231_angry.wav	/root/autodl-tmp/CosyVoice_dev/examples/libritts/cosyvoice2/data/casia-grpo/valid/receive/ZhaoZuoxiang_231_angry.wav
/root/autodl-tmp/CosyVoice_dev/examples/libritts/cosyvoice2/data/casia-grpo/valid/receive/ZhaoZuoxiang_232_fear.wav	/root/autodl-tmp/CosyVoice_dev/examples/libritts/cosyvoice2/data/casia-grpo/valid/receive/ZhaoZuoxiang_232_fear.wav
/root/autodl-tmp/CosyVoice_dev/examples/libritts/cosyvoice2/data/casia-grpo/valid/receive/ZhaoZuoxiang_231_fear.wav	/root/autodl-tmp/CosyVoice_dev/examples/libritts/cosyvoice2/data/casia-grpo/valid/receive/ZhaoZuoxiang_231_fear.wav
/root/autodl-tmp/CosyVoice_dev/examples/libritts/cosyvoice2/data/casia-grpo/valid/receive/ZhaoZuoxiang_235_sad.wav	/root/autodl-tmp/CosyVoice_dev/examples/libritts/cosyvoice2/data/casia-grpo/valid/receive/ZhaoZuoxiang_235_sad.wav
/root/autodl-tmp/CosyVoice_dev/examples/libritts/cosyvoice2/data/casia-grpo/valid/receive/ZhaoZuoxiang_232_neutral.wav	/root/autodl-tmp/CosyVoice_dev/examples/libritts/cosyvoice2/data/casia-grpo/valid/receive/ZhaoZuoxiang_232_neutral.wav
/root/autodl-tmp/CosyVoice_dev/examples/libritts/cosyvoice2/data/casia-grpo/valid/receive/ZhaoZuoxiang_235_surprise.wav	/root/autodl-tmp/CosyVoice_dev/examples/libritts/cosyvoice2/data/casia-grpo/valid/receive/ZhaoZuoxiang_235_surprise.wav
/root/autodl-tmp/CosyVoice_dev/examples/libritts/cosyvoice2/data/casia-grpo/valid/receive/ZhaoZuoxiang_232_sad.wav	/root/autodl-tmp/CosyVoice_dev/examples/libritts/cosyvoice2/data/casia-grpo/valid/receive/ZhaoZuoxiang_232_sad.wav
/root/autodl-tmp/CosyVoice_dev/examples/libritts/cosyvoice2/data/casia-grpo/valid/receive/ZhaoZuoxiang_235_fear.wav	/root/autodl-tmp/CosyVoice_dev/examples/libritts/cosyvoice2/data/casia-grpo/valid/receive/ZhaoZuoxiang_235_fear.wav
/root/autodl-tmp/CosyVoice_dev/examples/libritts/cosyvoice2/data/casia-grpo/valid/receive/ZhaoZuoxiang_232_surprise.wav	/root/autodl-tmp/CosyVoice_dev/examples/libritts/cosyvoice2/data/casia-grpo/valid/receive/ZhaoZuoxiang_232_surprise.wav
/root/autodl-tmp/CosyVoice_dev/examples/libritts/cosyvoice2/data/casia-grpo/valid/receive/ZhaoZuoxiang_233_angry.wav	/root/autodl-tmp/CosyVoice_dev/examples/libritts/cosyvoice2/data/casia-grpo/valid/receive/ZhaoZuoxiang_233_angry.wav
/root/autodl-tmp/CosyVoice_dev/examples/libritts/cosyvoice2/data/casia-grpo/valid/receive/ZhaoZuoxiang_233_fear.wav	/root/autodl-tmp/CosyVoice_dev/examples/libritts/cosyvoice2/data/casia-grpo/valid/receive/ZhaoZuoxiang_233_fear.wav
/root/autodl-tmp/CosyVoice_dev/examples/libritts/cosyvoice2/data/casia-grpo/valid/receive/ZhaoZuoxiang_234_surprise.wav	/root/autodl-tmp/CosyVoice_dev/examples/libritts/cosyvoice2/data/casia-grpo/valid/receive/ZhaoZuoxiang_234_surprise.wav
/root/autodl-tmp/CosyVoice_dev/examples/libritts/cosyvoice2/data/casia-grpo/valid/receive/ZhaoZuoxiang_233_happy.wav	/root/autodl-tmp/CosyVoice_dev/examples/libritts/cosyvoice2/data/casia-grpo/valid/receive/ZhaoZuoxiang_233_happy.wav
/root/autodl-tmp/CosyVoice_dev/examples/libritts/cosyvoice2/data/casia-grpo/valid/receive/ZhaoZuoxiang_233_neutral.wav	/root/autodl-tmp/CosyVoice_dev/examples/libritts/cosyvoice2/data/casia-grpo/valid/receive/ZhaoZuoxiang_233_neutral.wav
/root/autodl-tmp/CosyVoice_dev/examples/libritts/cosyvoice2/data/casia-grpo/valid/receive/ZhaoZuoxiang_235_happy.wav	/root/autodl-tmp/CosyVoice_dev/examples/libritts/cosyvoice2/data/casia-grpo/valid/receive/ZhaoZuoxiang_235_happy.wav
/root/autodl-tmp/CosyVoice_dev/examples/libritts/cosyvoice2/data/casia-grpo/valid/receive/ZhaoZuoxiang_233_sad.wav	/root/autodl-tmp/CosyVoice_dev/examples/libritts/cosyvoice2/data/casia-grpo/valid/receive/ZhaoZuoxiang_233_sad.wav
/root/autodl-tmp/CosyVoice_dev/examples/libritts/cosyvoice2/data/casia-grpo/valid/receive/ZhaoZuoxiang_233_surprise.wav	/root/autodl-tmp/CosyVoice_dev/examples/libritts/cosyvoice2/data/casia-grpo/valid/receive/ZhaoZuoxiang_233_surprise.wav
/root/autodl-tmp/CosyVoice_dev/examples/libritts/cosyvoice2/data/casia-grpo/valid/receive/ZhaoZuoxiang_235_angry.wav	/root/autodl-tmp/CosyVoice_dev/examples/libritts/cosyvoice2/data/casia-grpo/valid/receive/ZhaoZuoxiang_235_angry.wav
/root/autodl-tmp/CosyVoice_dev/examples/libritts/cosyvoice2/data/casia-grpo/valid/receive/ZhaoZuoxiang_234_angry.wav	/root/autodl-tmp/CosyVoice_dev/examples/libritts/cosyvoice2/data/casia-grpo/valid/receive/ZhaoZuoxiang_234_angry.wav
/root/autodl-tmp/CosyVoice_dev/examples/libritts/cosyvoice2/data/casia-grpo/valid/receive/ZhaoZuoxiang_235_neutral.wav	/root/autodl-tmp/CosyVoice_dev/examples/libritts/cosyvoice2/data/casia-grpo/valid/receive/ZhaoZuoxiang_235_neutral.wav
/root/autodl-tmp/CosyVoice_dev/examples/libritts/cosyvoice2/data/casia-grpo/valid/receive/ZhaoZuoxiang_234_fear.wav	/root/autodl-tmp/CosyVoice_dev/examples/libritts/cosyvoice2/data/casia-grpo/valid/receive/ZhaoZuoxiang_234_fear.wav
/root/autodl-tmp/CosyVoice_dev/examples/libritts/cosyvoice2/data/casia-grpo/valid/receive/ZhaoZuoxiang_234_happy.wav	/root/autodl-tmp/CosyVoice_dev/examples/libritts/cosyvoice2/data/casia-grpo/valid/receive/ZhaoZuoxiang_234_happy.wav
/root/autodl-tmp/CosyVoice_dev/examples/libritts/cosyvoice2/data/casia-grpo/valid/receive/ZhaoZuoxiang_234_neutral.wav	/root/autodl-tmp/CosyVoice_dev/examples/libritts/cosyvoice2/data/casia-grpo/valid/receive/ZhaoZuoxiang_234_neutral.wav
/root/autodl-tmp/CosyVoice_dev/examples/libritts/cosyvoice2/data/casia-grpo/valid/receive/ZhaoZuoxiang_234_sad.wav	/root/autodl-tmp/CosyVoice_dev/examples/libritts/cosyvoice2/data/casia-grpo/valid/receive/ZhaoZuoxiang_234_sad.wav
/root/autodl-tmp/CosyVoice_dev/examples/libritts/cosyvoice2/data/casia-grpo/valid/receive/ZhaoZuoxiang_239_fear.wav	/root/autodl-tmp/CosyVoice_dev/examples/libritts/cosyvoice2/data/casia-grpo/valid/receive/ZhaoZuoxiang_239_fear.wav
/root/autodl-tmp/CosyVoice_dev/examples/libritts/cosyvoice2/data/casia-grpo/valid/receive/ZhaoZuoxiang_236_angry.wav	/root/autodl-tmp/CosyVoice_dev/examples/libritts/cosyvoice2/data/casia-grpo/valid/receive/ZhaoZuoxiang_236_angry.wav
/root/autodl-tmp/CosyVoice_dev/examples/libritts/cosyvoice2/data/casia-grpo/valid/receive/ZhaoZuoxiang_239_happy.wav	/root/autodl-tmp/CosyVoice_dev/examples/libritts/cosyvoice2/data/casia-grpo/valid/receive/ZhaoZuoxiang_239_happy.wav
/root/autodl-tmp/CosyVoice_dev/examples/libritts/cosyvoice2/data/casia-grpo/valid/receive/ZhaoZuoxiang_236_fear.wav	/root/autodl-tmp/CosyVoice_dev/examples/libritts/cosyvoice2/data/casia-grpo/valid/receive/ZhaoZuoxiang_236_fear.wav
/root/autodl-tmp/CosyVoice_dev/examples/libritts/cosyvoice2/data/casia-grpo/valid/receive/ZhaoZuoxiang_236_happy.wav	/root/autodl-tmp/CosyVoice_dev/examples/libritts/cosyvoice2/data/casia-grpo/valid/receive/ZhaoZuoxiang_236_happy.wav
/root/autodl-tmp/CosyVoice_dev/examples/libritts/cosyvoice2/data/casia-grpo/valid/receive/ZhaoZuoxiang_236_neutral.wav	/root/autodl-tmp/CosyVoice_dev/examples/libritts/cosyvoice2/data/casia-grpo/valid/receive/ZhaoZuoxiang_236_neutral.wav
/root/autodl-tmp/CosyVoice_dev/examples/libritts/cosyvoice2/data/casia-grpo/valid/receive/ZhaoZuoxiang_238_sad.wav	/root/autodl-tmp/CosyVoice_dev/examples/libritts/cosyvoice2/data/casia-grpo/valid/receive/ZhaoZuoxiang_238_sad.wav
/root/autodl-tmp/CosyVoice_dev/examples/libritts/cosyvoice2/data/casia-grpo/valid/receive/ZhaoZuoxiang_236_sad.wav	/root/autodl-tmp/CosyVoice_dev/examples/libritts/cosyvoice2/data/casia-grpo/valid/receive/ZhaoZuoxiang_236_sad.wav
/root/autodl-tmp/CosyVoice_dev/examples/libritts/cosyvoice2/data/casia-grpo/valid/receive/ZhaoZuoxiang_238_happy.wav	/root/autodl-tmp/CosyVoice_dev/examples/libritts/cosyvoice2/data/casia-grpo/valid/receive/ZhaoZuoxiang_238_happy.wav
/root/autodl-tmp/CosyVoice_dev/examples/libritts/cosyvoice2/data/casia-grpo/valid/receive/ZhaoZuoxiang_236_surprise.wav	/root/autodl-tmp/CosyVoice_dev/examples/libritts/cosyvoice2/data/casia-grpo/valid/receive/ZhaoZuoxiang_236_surprise.wav
/root/autodl-tmp/CosyVoice_dev/examples/libritts/cosyvoice2/data/casia-grpo/valid/receive/ZhaoZuoxiang_237_angry.wav	/root/autodl-tmp/CosyVoice_dev/examples/libritts/cosyvoice2/data/casia-grpo/valid/receive/ZhaoZuoxiang_237_angry.wav
/root/autodl-tmp/CosyVoice_dev/examples/libritts/cosyvoice2/data/casia-grpo/valid/receive/ZhaoZuoxiang_238_surprise.wav	/root/autodl-tmp/CosyVoice_dev/examples/libritts/cosyvoice2/data/casia-grpo/valid/receive/ZhaoZuoxiang_238_surprise.wav
/root/autodl-tmp/CosyVoice_dev/examples/libritts/cosyvoice2/data/casia-grpo/valid/receive/ZhaoZuoxiang_237_fear.wav	/root/autodl-tmp/CosyVoice_dev/examples/libritts/cosyvoice2/data/casia-grpo/valid/receive/ZhaoZuoxiang_237_fear.wav
/root/autodl-tmp/CosyVoice_dev/examples/libritts/cosyvoice2/data/casia-grpo/valid/receive/ZhaoZuoxiang_237_happy.wav	/root/autodl-tmp/CosyVoice_dev/examples/libritts/cosyvoice2/data/casia-grpo/valid/receive/ZhaoZuoxiang_237_happy.wav
/root/autodl-tmp/CosyVoice_dev/examples/libritts/cosyvoice2/data/casia-grpo/valid/receive/ZhaoZuoxiang_238_neutral.wav	/root/autodl-tmp/CosyVoice_dev/examples/libritts/cosyvoice2/data/casia-grpo/valid/receive/ZhaoZuoxiang_238_neutral.wav
/root/autodl-tmp/CosyVoice_dev/examples/libritts/cosyvoice2/data/casia-grpo/valid/receive/ZhaoZuoxiang_237_neutral.wav	/root/autodl-tmp/CosyVoice_dev/examples/libritts/cosyvoice2/data/casia-grpo/valid/receive/ZhaoZuoxiang_237_neutral.wav
/root/autodl-tmp/CosyVoice_dev/examples/libritts/cosyvoice2/data/casia-grpo/valid/receive/ZhaoZuoxiang_237_sad.wav	/root/autodl-tmp/CosyVoice_dev/examples/libritts/cosyvoice2/data/casia-grpo/valid/receive/ZhaoZuoxiang_237_sad.wav
/root/autodl-tmp/CosyVoice_dev/examples/libritts/cosyvoice2/data/casia-grpo/valid/receive/ZhaoZuoxiang_239_angry.wav	/root/autodl-tmp/CosyVoice_dev/examples/libritts/cosyvoice2/data/casia-grpo/valid/receive/ZhaoZuoxiang_239_angry.wav
/root/autodl-tmp/CosyVoice_dev/examples/libritts/cosyvoice2/data/casia-grpo/valid/receive/ZhaoZuoxiang_237_surprise.wav	/root/autodl-tmp/CosyVoice_dev/examples/libritts/cosyvoice2/data/casia-grpo/valid/receive/ZhaoZuoxiang_237_surprise.wav
/root/autodl-tmp/CosyVoice_dev/examples/libritts/cosyvoice2/data/casia-grpo/valid/receive/ZhaoZuoxiang_238_angry.wav	/root/autodl-tmp/CosyVoice_dev/examples/libritts/cosyvoice2/data/casia-grpo/valid/receive/ZhaoZuoxiang_238_angry.wav
/root/autodl-tmp/CosyVoice_dev/examples/libritts/cosyvoice2/data/casia-grpo/valid/receive/ZhaoZuoxiang_238_fear.wav	/root/autodl-tmp/CosyVoice_dev/examples/libritts/cosyvoice2/data/casia-grpo/valid/receive/ZhaoZuoxiang_238_fear.wav
/root/autodl-tmp/CosyVoice_dev/examples/libritts/cosyvoice2/data/casia-grpo/valid/receive/ZhaoZuoxiang_242_sad.wav	/root/autodl-tmp/CosyVoice_dev/examples/libritts/cosyvoice2/data/casia-grpo/valid/receive/ZhaoZuoxiang_242_sad.wav
/root/autodl-tmp/CosyVoice_dev/examples/libritts/cosyvoice2/data/casia-grpo/valid/receive/ZhaoZuoxiang_239_neutral.wav	/root/autodl-tmp/CosyVoice_dev/examples/libritts/cosyvoice2/data/casia-grpo/valid/receive/ZhaoZuoxiang_239_neutral.wav
/root/autodl-tmp/CosyVoice_dev/examples/libritts/cosyvoice2/data/casia-grpo/valid/receive/ZhaoZuoxiang_242_surprise.wav	/root/autodl-tmp/CosyVoice_dev/examples/libritts/cosyvoice2/data/casia-grpo/valid/receive/ZhaoZuoxiang_242_surprise.wav
/root/autodl-tmp/CosyVoice_dev/examples/libritts/cosyvoice2/data/casia-grpo/valid/receive/ZhaoZuoxiang_239_sad.wav	/root/autodl-tmp/CosyVoice_dev/examples/libritts/cosyvoice2/data/casia-grpo/valid/receive/ZhaoZuoxiang_239_sad.wav
/root/autodl-tmp/CosyVoice_dev/examples/libritts/cosyvoice2/data/casia-grpo/valid/receive/ZhaoZuoxiang_242_fear.wav	/root/autodl-tmp/CosyVoice_dev/examples/libritts/cosyvoice2/data/casia-grpo/valid/receive/ZhaoZuoxiang_242_fear.wav
/root/autodl-tmp/CosyVoice_dev/examples/libritts/cosyvoice2/data/casia-grpo/valid/receive/ZhaoZuoxiang_239_surprise.wav	/root/autodl-tmp/CosyVoice_dev/examples/libritts/cosyvoice2/data/casia-grpo/valid/receive/ZhaoZuoxiang_239_surprise.wav
/root/autodl-tmp/CosyVoice_dev/examples/libritts/cosyvoice2/data/casia-grpo/valid/receive/ZhaoZuoxiang_240_angry.wav	/root/autodl-tmp/CosyVoice_dev/examples/libritts/cosyvoice2/data/casia-grpo/valid/receive/ZhaoZuoxiang_240_angry.wav
/root/autodl-tmp/CosyVoice_dev/examples/libritts/cosyvoice2/data/casia-grpo/valid/receive/ZhaoZuoxiang_240_fear.wav	/root/autodl-tmp/CosyVoice_dev/examples/libritts/cosyvoice2/data/casia-grpo/valid/receive/ZhaoZuoxiang_240_fear.wav
/root/autodl-tmp/CosyVoice_dev/examples/libritts/cosyvoice2/data/casia-grpo/valid/receive/ZhaoZuoxiang_241_surprise.wav	/root/autodl-tmp/CosyVoice_dev/examples/libritts/cosyvoice2/data/casia-grpo/valid/receive/ZhaoZuoxiang_241_surprise.wav
/root/autodl-tmp/CosyVoice_dev/examples/libritts/cosyvoice2/data/casia-grpo/valid/receive/ZhaoZuoxiang_240_happy.wav	/root/autodl-tmp/CosyVoice_dev/examples/libritts/cosyvoice2/data/casia-grpo/valid/receive/ZhaoZuoxiang_240_happy.wav
/root/autodl-tmp/CosyVoice_dev/examples/libritts/cosyvoice2/data/casia-grpo/valid/receive/ZhaoZuoxiang_240_neutral.wav	/root/autodl-tmp/CosyVoice_dev/examples/libritts/cosyvoice2/data/casia-grpo/valid/receive/ZhaoZuoxiang_240_neutral.wav
/root/autodl-tmp/CosyVoice_dev/examples/libritts/cosyvoice2/data/casia-grpo/valid/receive/ZhaoZuoxiang_242_happy.wav	/root/autodl-tmp/CosyVoice_dev/examples/libritts/cosyvoice2/data/casia-grpo/valid/receive/ZhaoZuoxiang_242_happy.wav
/root/autodl-tmp/CosyVoice_dev/examples/libritts/cosyvoice2/data/casia-grpo/valid/receive/ZhaoZuoxiang_240_sad.wav	/root/autodl-tmp/CosyVoice_dev/examples/libritts/cosyvoice2/data/casia-grpo/valid/receive/ZhaoZuoxiang_240_sad.wav
/root/autodl-tmp/CosyVoice_dev/examples/libritts/cosyvoice2/data/casia-grpo/valid/receive/ZhaoZuoxiang_240_surprise.wav	/root/autodl-tmp/CosyVoice_dev/examples/libritts/cosyvoice2/data/casia-grpo/valid/receive/ZhaoZuoxiang_240_surprise.wav
/root/autodl-tmp/CosyVoice_dev/examples/libritts/cosyvoice2/data/casia-grpo/valid/receive/ZhaoZuoxiang_242_angry.wav	/root/autodl-tmp/CosyVoice_dev/examples/libritts/cosyvoice2/data/casia-grpo/valid/receive/ZhaoZuoxiang_242_angry.wav
/root/autodl-tmp/CosyVoice_dev/examples/libritts/cosyvoice2/data/casia-grpo/valid/receive/ZhaoZuoxiang_241_angry.wav	/root/autodl-tmp/CosyVoice_dev/examples/libritts/cosyvoice2/data/casia-grpo/valid/receive/ZhaoZuoxiang_241_angry.wav
/root/autodl-tmp/CosyVoice_dev/examples/libritts/cosyvoice2/data/casia-grpo/valid/receive/ZhaoZuoxiang_242_neutral.wav	/root/autodl-tmp/CosyVoice_dev/examples/libritts/cosyvoice2/data/casia-grpo/valid/receive/ZhaoZuoxiang_242_neutral.wav
/root/autodl-tmp/CosyVoice_dev/examples/libritts/cosyvoice2/data/casia-grpo/valid/receive/ZhaoZuoxiang_241_fear.wav	/root/autodl-tmp/CosyVoice_dev/examples/libritts/cosyvoice2/data/casia-grpo/valid/receive/ZhaoZuoxiang_241_fear.wav
/root/autodl-tmp/CosyVoice_dev/examples/libritts/cosyvoice2/data/casia-grpo/valid/receive/ZhaoZuoxiang_241_happy.wav	/root/autodl-tmp/CosyVoice_dev/examples/libritts/cosyvoice2/data/casia-grpo/valid/receive/ZhaoZuoxiang_241_happy.wav
/root/autodl-tmp/CosyVoice_dev/examples/libritts/cosyvoice2/data/casia-grpo/valid/receive/ZhaoZuoxiang_241_neutral.wav	/root/autodl-tmp/CosyVoice_dev/examples/libritts/cosyvoice2/data/casia-grpo/valid/receive/ZhaoZuoxiang_241_neutral.wav
/root/autodl-tmp/CosyVoice_dev/examples/libritts/cosyvoice2/data/casia-grpo/valid/receive/ZhaoZuoxiang_241_sad.wav	/root/autodl-tmp/CosyVoice_dev/examples/libritts/cosyvoice2/data/casia-grpo/valid/receive/ZhaoZuoxiang_241_sad.wav
/root/autodl-tmp/CosyVoice_dev/examples/libritts/cosyvoice2/data/casia-grpo/valid/receive/ZhaoZuoxiang_246_fear.wav	/root/autodl-tmp/CosyVoice_dev/examples/libritts/cosyvoice2/data/casia-grpo/valid/receive/ZhaoZuoxiang_246_fear.wav
/root/autodl-tmp/CosyVoice_dev/examples/libritts/cosyvoice2/data/casia-grpo/valid/receive/ZhaoZuoxiang_243_angry.wav	/root/autodl-tmp/CosyVoice_dev/examples/libritts/cosyvoice2/data/casia-grpo/valid/receive/ZhaoZuoxiang_243_angry.wav
/root/autodl-tmp/CosyVoice_dev/examples/libritts/cosyvoice2/data/casia-grpo/valid/receive/ZhaoZuoxiang_246_happy.wav	/root/autodl-tmp/CosyVoice_dev/examples/libritts/cosyvoice2/data/casia-grpo/valid/receive/ZhaoZuoxiang_246_happy.wav
/root/autodl-tmp/CosyVoice_dev/examples/libritts/cosyvoice2/data/casia-grpo/valid/receive/ZhaoZuoxiang_243_fear.wav	/root/autodl-tmp/CosyVoice_dev/examples/libritts/cosyvoice2/data/casia-grpo/valid/receive/ZhaoZuoxiang_243_fear.wav
/root/autodl-tmp/CosyVoice_dev/examples/libritts/cosyvoice2/data/casia-grpo/valid/receive/ZhaoZuoxiang_243_happy.wav	/root/autodl-tmp/CosyVoice_dev/examples/libritts/cosyvoice2/data/casia-grpo/valid/receive/ZhaoZuoxiang_243_happy.wav
/root/autodl-tmp/CosyVoice_dev/examples/libritts/cosyvoice2/data/casia-grpo/valid/receive/ZhaoZuoxiang_243_neutral.wav	/root/autodl-tmp/CosyVoice_dev/examples/libritts/cosyvoice2/data/casia-grpo/valid/receive/ZhaoZuoxiang_243_neutral.wav
/root/autodl-tmp/CosyVoice_dev/examples/libritts/cosyvoice2/data/casia-grpo/valid/receive/ZhaoZuoxiang_245_sad.wav	/root/autodl-tmp/CosyVoice_dev/examples/libritts/cosyvoice2/data/casia-grpo/valid/receive/ZhaoZuoxiang_245_sad.wav
/root/autodl-tmp/CosyVoice_dev/examples/libritts/cosyvoice2/data/casia-grpo/valid/receive/ZhaoZuoxiang_243_sad.wav	/root/autodl-tmp/CosyVoice_dev/examples/libritts/cosyvoice2/data/casia-grpo/valid/receive/ZhaoZuoxiang_243_sad.wav
/root/autodl-tmp/CosyVoice_dev/examples/libritts/cosyvoice2/data/casia-grpo/valid/receive/ZhaoZuoxiang_245_happy.wav	/root/autodl-tmp/CosyVoice_dev/examples/libritts/cosyvoice2/data/casia-grpo/valid/receive/ZhaoZuoxiang_245_happy.wav
/root/autodl-tmp/CosyVoice_dev/examples/libritts/cosyvoice2/data/casia-grpo/valid/receive/ZhaoZuoxiang_243_surprise.wav	/root/autodl-tmp/CosyVoice_dev/examples/libritts/cosyvoice2/data/casia-grpo/valid/receive/ZhaoZuoxiang_243_surprise.wav
/root/autodl-tmp/CosyVoice_dev/examples/libritts/cosyvoice2/data/casia-grpo/valid/receive/ZhaoZuoxiang_244_angry.wav	/root/autodl-tmp/CosyVoice_dev/examples/libritts/cosyvoice2/data/casia-grpo/valid/receive/ZhaoZuoxiang_244_angry.wav
/root/autodl-tmp/CosyVoice_dev/examples/libritts/cosyvoice2/data/casia-grpo/valid/receive/ZhaoZuoxiang_245_surprise.wav	/root/autodl-tmp/CosyVoice_dev/examples/libritts/cosyvoice2/data/casia-grpo/valid/receive/ZhaoZuoxiang_245_surprise.wav
/root/autodl-tmp/CosyVoice_dev/examples/libritts/cosyvoice2/data/casia-grpo/valid/receive/ZhaoZuoxiang_244_fear.wav	/root/autodl-tmp/CosyVoice_dev/examples/libritts/cosyvoice2/data/casia-grpo/valid/receive/ZhaoZuoxiang_244_fear.wav
/root/autodl-tmp/CosyVoice_dev/examples/libritts/cosyvoice2/data/casia-grpo/valid/receive/ZhaoZuoxiang_244_happy.wav	/root/autodl-tmp/CosyVoice_dev/examples/libritts/cosyvoice2/data/casia-grpo/valid/receive/ZhaoZuoxiang_244_happy.wav
/root/autodl-tmp/CosyVoice_dev/examples/libritts/cosyvoice2/data/casia-grpo/valid/receive/ZhaoZuoxiang_245_neutral.wav	/root/autodl-tmp/CosyVoice_dev/examples/libritts/cosyvoice2/data/casia-grpo/valid/receive/ZhaoZuoxiang_245_neutral.wav
/root/autodl-tmp/CosyVoice_dev/examples/libritts/cosyvoice2/data/casia-grpo/valid/receive/ZhaoZuoxiang_244_neutral.wav	/root/autodl-tmp/CosyVoice_dev/examples/libritts/cosyvoice2/data/casia-grpo/valid/receive/ZhaoZuoxiang_244_neutral.wav
/root/autodl-tmp/CosyVoice_dev/examples/libritts/cosyvoice2/data/casia-grpo/valid/receive/ZhaoZuoxiang_244_sad.wav	/root/autodl-tmp/CosyVoice_dev/examples/libritts/cosyvoice2/data/casia-grpo/valid/receive/ZhaoZuoxiang_244_sad.wav
/root/autodl-tmp/CosyVoice_dev/examples/libritts/cosyvoice2/data/casia-grpo/valid/receive/ZhaoZuoxiang_246_angry.wav	/root/autodl-tmp/CosyVoice_dev/examples/libritts/cosyvoice2/data/casia-grpo/valid/receive/ZhaoZuoxiang_246_angry.wav
/root/autodl-tmp/CosyVoice_dev/examples/libritts/cosyvoice2/data/casia-grpo/valid/receive/ZhaoZuoxiang_244_surprise.wav	/root/autodl-tmp/CosyVoice_dev/examples/libritts/cosyvoice2/data/casia-grpo/valid/receive/ZhaoZuoxiang_244_surprise.wav
/root/autodl-tmp/CosyVoice_dev/examples/libritts/cosyvoice2/data/casia-grpo/valid/receive/ZhaoZuoxiang_245_angry.wav	/root/autodl-tmp/CosyVoice_dev/examples/libritts/cosyvoice2/data/casia-grpo/valid/receive/ZhaoZuoxiang_245_angry.wav
/root/autodl-tmp/CosyVoice_dev/examples/libritts/cosyvoice2/data/casia-grpo/valid/receive/ZhaoZuoxiang_245_fear.wav	/root/autodl-tmp/CosyVoice_dev/examples/libritts/cosyvoice2/data/casia-grpo/valid/receive/ZhaoZuoxiang_245_fear.wav
/root/autodl-tmp/CosyVoice_dev/examples/libritts/cosyvoice2/data/casia-grpo/valid/receive/ZhaoZuoxiang_249_sad.wav	/root/autodl-tmp/CosyVoice_dev/examples/libritts/cosyvoice2/data/casia-grpo/valid/receive/ZhaoZuoxiang_249_sad.wav
/root/autodl-tmp/CosyVoice_dev/examples/libritts/cosyvoice2/data/casia-grpo/valid/receive/ZhaoZuoxiang_246_neutral.wav	/root/autodl-tmp/CosyVoice_dev/examples/libritts/cosyvoice2/data/casia-grpo/valid/receive/ZhaoZuoxiang_246_neutral.wav
/root/autodl-tmp/CosyVoice_dev/examples/libritts/cosyvoice2/data/casia-grpo/valid/receive/ZhaoZuoxiang_249_surprise.wav	/root/autodl-tmp/CosyVoice_dev/examples/libritts/cosyvoice2/data/casia-grpo/valid/receive/ZhaoZuoxiang_249_surprise.wav
/root/autodl-tmp/CosyVoice_dev/examples/libritts/cosyvoice2/data/casia-grpo/valid/receive/ZhaoZuoxiang_246_sad.wav	/root/autodl-tmp/CosyVoice_dev/examples/libritts/cosyvoice2/data/casia-grpo/valid/receive/ZhaoZuoxiang_246_sad.wav
/root/autodl-tmp/CosyVoice_dev/examples/libritts/cosyvoice2/data/casia-grpo/valid/receive/ZhaoZuoxiang_249_fear.wav	/root/autodl-tmp/CosyVoice_dev/examples/libritts/cosyvoice2/data/casia-grpo/valid/receive/ZhaoZuoxiang_249_fear.wav
/root/autodl-tmp/CosyVoice_dev/examples/libritts/cosyvoice2/data/casia-grpo/valid/receive/ZhaoZuoxiang_246_surprise.wav	/root/autodl-tmp/CosyVoice_dev/examples/libritts/cosyvoice2/data/casia-grpo/valid/receive/ZhaoZuoxiang_246_surprise.wav
/root/autodl-tmp/CosyVoice_dev/examples/libritts/cosyvoice2/data/casia-grpo/valid/receive/ZhaoZuoxiang_247_angry.wav	/root/autodl-tmp/CosyVoice_dev/examples/libritts/cosyvoice2/data/casia-grpo/valid/receive/ZhaoZuoxiang_247_angry.wav
/root/autodl-tmp/CosyVoice_dev/examples/libritts/cosyvoice2/data/casia-grpo/valid/receive/ZhaoZuoxiang_247_fear.wav	/root/autodl-tmp/CosyVoice_dev/examples/libritts/cosyvoice2/data/casia-grpo/valid/receive/ZhaoZuoxiang_247_fear.wav
/root/autodl-tmp/CosyVoice_dev/examples/libritts/cosyvoice2/data/casia-grpo/valid/receive/ZhaoZuoxiang_248_surprise.wav	/root/autodl-tmp/CosyVoice_dev/examples/libritts/cosyvoice2/data/casia-grpo/valid/receive/ZhaoZuoxiang_248_surprise.wav
/root/autodl-tmp/CosyVoice_dev/examples/libritts/cosyvoice2/data/casia-grpo/valid/receive/ZhaoZuoxiang_247_happy.wav	/root/autodl-tmp/CosyVoice_dev/examples/libritts/cosyvoice2/data/casia-grpo/valid/receive/ZhaoZuoxiang_247_happy.wav
/root/autodl-tmp/CosyVoice_dev/examples/libritts/cosyvoice2/data/casia-grpo/valid/receive/ZhaoZuoxiang_247_neutral.wav	/root/autodl-tmp/CosyVoice_dev/examples/libritts/cosyvoice2/data/casia-grpo/valid/receive/ZhaoZuoxiang_247_neutral.wav
/root/autodl-tmp/CosyVoice_dev/examples/libritts/cosyvoice2/data/casia-grpo/valid/receive/ZhaoZuoxiang_249_happy.wav	/root/autodl-tmp/CosyVoice_dev/examples/libritts/cosyvoice2/data/casia-grpo/valid/receive/ZhaoZuoxiang_249_happy.wav
/root/autodl-tmp/CosyVoice_dev/examples/libritts/cosyvoice2/data/casia-grpo/valid/receive/ZhaoZuoxiang_247_sad.wav	/root/autodl-tmp/CosyVoice_dev/examples/libritts/cosyvoice2/data/casia-grpo/valid/receive/ZhaoZuoxiang_247_sad.wav
/root/autodl-tmp/CosyVoice_dev/examples/libritts/cosyvoice2/data/casia-grpo/valid/receive/ZhaoZuoxiang_247_surprise.wav	/root/autodl-tmp/CosyVoice_dev/examples/libritts/cosyvoice2/data/casia-grpo/valid/receive/ZhaoZuoxiang_247_surprise.wav
/root/autodl-tmp/CosyVoice_dev/examples/libritts/cosyvoice2/data/casia-grpo/valid/receive/ZhaoZuoxiang_249_angry.wav	/root/autodl-tmp/CosyVoice_dev/examples/libritts/cosyvoice2/data/casia-grpo/valid/receive/ZhaoZuoxiang_249_angry.wav
/root/autodl-tmp/CosyVoice_dev/examples/libritts/cosyvoice2/data/casia-grpo/valid/receive/ZhaoZuoxiang_248_angry.wav	/root/autodl-tmp/CosyVoice_dev/examples/libritts/cosyvoice2/data/casia-grpo/valid/receive/ZhaoZuoxiang_248_angry.wav
/root/autodl-tmp/CosyVoice_dev/examples/libritts/cosyvoice2/data/casia-grpo/valid/receive/ZhaoZuoxiang_249_neutral.wav	/root/autodl-tmp/CosyVoice_dev/examples/libritts/cosyvoice2/data/casia-grpo/valid/receive/ZhaoZuoxiang_249_neutral.wav
/root/autodl-tmp/CosyVoice_dev/examples/libritts/cosyvoice2/data/casia-grpo/valid/receive/ZhaoZuoxiang_248_fear.wav	/root/autodl-tmp/CosyVoice_dev/examples/libritts/cosyvoice2/data/casia-grpo/valid/receive/ZhaoZuoxiang_248_fear.wav
/root/autodl-tmp/CosyVoice_dev/examples/libritts/cosyvoice2/data/casia-grpo/valid/receive/ZhaoZuoxiang_248_happy.wav	/root/autodl-tmp/CosyVoice_dev/examples/libritts/cosyvoice2/data/casia-grpo/valid/receive/ZhaoZuoxiang_248_happy.wav
/root/autodl-tmp/CosyVoice_dev/examples/libritts/cosyvoice2/data/casia-grpo/valid/receive/ZhaoZuoxiang_248_neutral.wav	/root/autodl-tmp/CosyVoice_dev/examples/libritts/cosyvoice2/data/casia-grpo/valid/receive/ZhaoZuoxiang_248_neutral.wav
/root/autodl-tmp/CosyVoice_dev/examples/libritts/cosyvoice2/data/casia-grpo/valid/receive/ZhaoZuoxiang_248_sad.wav	/root/autodl-tmp/CosyVoice_dev/examples/libritts/cosyvoice2/data/casia-grpo/valid/receive/ZhaoZuoxiang_248_sad.wav
/root/autodl-tmp/CosyVoice_dev/examples/libritts/cosyvoice2/data/casia-grpo/valid/receive/ZhaoZuoxiang_250_angry.wav	/root/autodl-tmp/CosyVoice_dev/examples/libritts/cosyvoice2/data/casia-grpo/valid/receive/ZhaoZuoxiang_250_angry.wav
/root/autodl-tmp/CosyVoice_dev/examples/libritts/cosyvoice2/data/casia-grpo/valid/receive/ZhaoZuoxiang_250_fear.wav	/root/autodl-tmp/CosyVoice_dev/examples/libritts/cosyvoice2/data/casia-grpo/valid/receive/ZhaoZuoxiang_250_fear.wav
/root/autodl-tmp/CosyVoice_dev/examples/libritts/cosyvoice2/data/casia-grpo/valid/receive/ZhaoZuoxiang_250_happy.wav	/root/autodl-tmp/CosyVoice_dev/examples/libritts/cosyvoice2/data/casia-grpo/valid/receive/ZhaoZuoxiang_250_happy.wav
/root/autodl-tmp/CosyVoice_dev/examples/libritts/cosyvoice2/data/casia-grpo/valid/receive/ZhaoZuoxiang_250_neutral.wav	/root/autodl-tmp/CosyVoice_dev/examples/libritts/cosyvoice2/data/casia-grpo/valid/receive/ZhaoZuoxiang_250_neutral.wav
/root/autodl-tmp/CosyVoice_dev/examples/libritts/cosyvoice2/data/casia-grpo/valid/receive/ZhaoZuoxiang_250_sad.wav	/root/autodl-tmp/CosyVoice_dev/examples/libritts/cosyvoice2/data/casia-grpo/valid/receive/ZhaoZuoxiang_250_sad.wav
/root/autodl-tmp/CosyVoice_dev/examples/libritts/cosyvoice2/data/casia-grpo/valid/receive/ZhaoZuoxiang_250_surprise.wav	/root/autodl-tmp/CosyVoice_dev/examples/libritts/cosyvoice2/data/casia-grpo/valid/receive/ZhaoZuoxiang_250_surprise.wav
/root/autodl-tmp/CosyVoice_dev/examples/libritts/cosyvoice2/data/casia-grpo/valid/samp_1/ZhaoZuoxiang_203_angry.wav	/root/autodl-tmp/CosyVoice_dev/examples/libritts/cosyvoice2/data/casia-grpo/valid/samp_1/ZhaoZuoxiang_203_angry.wav
/root/autodl-tmp/CosyVoice_dev/examples/libritts/cosyvoice2/data/casia-grpo/valid/samp_1/ZhaoZuoxiang_201_angry.wav	/root/autodl-tmp/CosyVoice_dev/examples/libritts/cosyvoice2/data/casia-grpo/valid/samp_1/ZhaoZuoxiang_201_angry.wav
/root/autodl-tmp/CosyVoice_dev/examples/libritts/cosyvoice2/data/casia-grpo/valid/samp_1/ZhaoZuoxiang_204_fear.wav	/root/autodl-tmp/CosyVoice_dev/examples/libritts/cosyvoice2/data/casia-grpo/valid/samp_1/ZhaoZuoxiang_204_fear.wav
/root/autodl-tmp/CosyVoice_dev/examples/libritts/cosyvoice2/data/casia-grpo/valid/samp_1/ZhaoZuoxiang_201_fear.wav	/root/autodl-tmp/CosyVoice_dev/examples/libritts/cosyvoice2/data/casia-grpo/valid/samp_1/ZhaoZuoxiang_201_fear.wav
/root/autodl-tmp/CosyVoice_dev/examples/libritts/cosyvoice2/data/casia-grpo/valid/samp_1/ZhaoZuoxiang_204_happy.wav	/root/autodl-tmp/CosyVoice_dev/examples/libritts/cosyvoice2/data/casia-grpo/valid/samp_1/ZhaoZuoxiang_204_happy.wav
/root/autodl-tmp/CosyVoice_dev/examples/libritts/cosyvoice2/data/casia-grpo/valid/samp_1/ZhaoZuoxiang_201_happy.wav	/root/autodl-tmp/CosyVoice_dev/examples/libritts/cosyvoice2/data/casia-grpo/valid/samp_1/ZhaoZuoxiang_201_happy.wav
/root/autodl-tmp/CosyVoice_dev/examples/libritts/cosyvoice2/data/casia-grpo/valid/samp_1/ZhaoZuoxiang_204_neutral.wav	/root/autodl-tmp/CosyVoice_dev/examples/libritts/cosyvoice2/data/casia-grpo/valid/samp_1/ZhaoZuoxiang_204_neutral.wav
/root/autodl-tmp/CosyVoice_dev/examples/libritts/cosyvoice2/data/casia-grpo/valid/samp_1/ZhaoZuoxiang_201_neutral.wav	/root/autodl-tmp/CosyVoice_dev/examples/libritts/cosyvoice2/data/casia-grpo/valid/samp_1/ZhaoZuoxiang_201_neutral.wav
/root/autodl-tmp/CosyVoice_dev/examples/libritts/cosyvoice2/data/casia-grpo/valid/samp_1/ZhaoZuoxiang_204_surprise.wav	/root/autodl-tmp/CosyVoice_dev/examples/libritts/cosyvoice2/data/casia-grpo/valid/samp_1/ZhaoZuoxiang_204_surprise.wav
/root/autodl-tmp/CosyVoice_dev/examples/libritts/cosyvoice2/data/casia-grpo/valid/samp_1/ZhaoZuoxiang_201_sad.wav	/root/autodl-tmp/CosyVoice_dev/examples/libritts/cosyvoice2/data/casia-grpo/valid/samp_1/ZhaoZuoxiang_201_sad.wav
/root/autodl-tmp/CosyVoice_dev/examples/libritts/cosyvoice2/data/casia-grpo/valid/samp_1/ZhaoZuoxiang_201_surprise.wav	/root/autodl-tmp/CosyVoice_dev/examples/libritts/cosyvoice2/data/casia-grpo/valid/samp_1/ZhaoZuoxiang_201_surprise.wav
/root/autodl-tmp/CosyVoice_dev/examples/libritts/cosyvoice2/data/casia-grpo/valid/samp_1/ZhaoZuoxiang_204_sad.wav	/root/autodl-tmp/CosyVoice_dev/examples/libritts/cosyvoice2/data/casia-grpo/valid/samp_1/ZhaoZuoxiang_204_sad.wav
/root/autodl-tmp/CosyVoice_dev/examples/libritts/cosyvoice2/data/casia-grpo/valid/samp_1/ZhaoZuoxiang_203_happy.wav	/root/autodl-tmp/CosyVoice_dev/examples/libritts/cosyvoice2/data/casia-grpo/valid/samp_1/ZhaoZuoxiang_203_happy.wav
/root/autodl-tmp/CosyVoice_dev/examples/libritts/cosyvoice2/data/casia-grpo/valid/samp_1/ZhaoZuoxiang_202_angry.wav	/root/autodl-tmp/CosyVoice_dev/examples/libritts/cosyvoice2/data/casia-grpo/valid/samp_1/ZhaoZuoxiang_202_angry.wav
/root/autodl-tmp/CosyVoice_dev/examples/libritts/cosyvoice2/data/casia-grpo/valid/samp_1/ZhaoZuoxiang_205_angry.wav	/root/autodl-tmp/CosyVoice_dev/examples/libritts/cosyvoice2/data/casia-grpo/valid/samp_1/ZhaoZuoxiang_205_angry.wav
/root/autodl-tmp/CosyVoice_dev/examples/libritts/cosyvoice2/data/casia-grpo/valid/samp_1/ZhaoZuoxiang_203_surprise.wav	/root/autodl-tmp/CosyVoice_dev/examples/libritts/cosyvoice2/data/casia-grpo/valid/samp_1/ZhaoZuoxiang_203_surprise.wav
/root/autodl-tmp/CosyVoice_dev/examples/libritts/cosyvoice2/data/casia-grpo/valid/samp_1/ZhaoZuoxiang_202_fear.wav	/root/autodl-tmp/CosyVoice_dev/examples/libritts/cosyvoice2/data/casia-grpo/valid/samp_1/ZhaoZuoxiang_202_fear.wav
/root/autodl-tmp/CosyVoice_dev/examples/libritts/cosyvoice2/data/casia-grpo/valid/samp_1/ZhaoZuoxiang_202_happy.wav	/root/autodl-tmp/CosyVoice_dev/examples/libritts/cosyvoice2/data/casia-grpo/valid/samp_1/ZhaoZuoxiang_202_happy.wav
/root/autodl-tmp/CosyVoice_dev/examples/libritts/cosyvoice2/data/casia-grpo/valid/samp_1/ZhaoZuoxiang_205_fear.wav	/root/autodl-tmp/CosyVoice_dev/examples/libritts/cosyvoice2/data/casia-grpo/valid/samp_1/ZhaoZuoxiang_205_fear.wav
/root/autodl-tmp/CosyVoice_dev/examples/libritts/cosyvoice2/data/casia-grpo/valid/samp_1/ZhaoZuoxiang_202_neutral.wav	/root/autodl-tmp/CosyVoice_dev/examples/libritts/cosyvoice2/data/casia-grpo/valid/samp_1/ZhaoZuoxiang_202_neutral.wav
/root/autodl-tmp/CosyVoice_dev/examples/libritts/cosyvoice2/data/casia-grpo/valid/samp_1/ZhaoZuoxiang_205_happy.wav	/root/autodl-tmp/CosyVoice_dev/examples/libritts/cosyvoice2/data/casia-grpo/valid/samp_1/ZhaoZuoxiang_205_happy.wav
/root/autodl-tmp/CosyVoice_dev/examples/libritts/cosyvoice2/data/casia-grpo/valid/samp_1/ZhaoZuoxiang_202_sad.wav	/root/autodl-tmp/CosyVoice_dev/examples/libritts/cosyvoice2/data/casia-grpo/valid/samp_1/ZhaoZuoxiang_202_sad.wav
/root/autodl-tmp/CosyVoice_dev/examples/libritts/cosyvoice2/data/casia-grpo/valid/samp_1/ZhaoZuoxiang_203_neutral.wav	/root/autodl-tmp/CosyVoice_dev/examples/libritts/cosyvoice2/data/casia-grpo/valid/samp_1/ZhaoZuoxiang_203_neutral.wav
/root/autodl-tmp/CosyVoice_dev/examples/libritts/cosyvoice2/data/casia-grpo/valid/samp_1/ZhaoZuoxiang_204_angry.wav	/root/autodl-tmp/CosyVoice_dev/examples/libritts/cosyvoice2/data/casia-grpo/valid/samp_1/ZhaoZuoxiang_204_angry.wav
/root/autodl-tmp/CosyVoice_dev/examples/libritts/cosyvoice2/data/casia-grpo/valid/samp_1/ZhaoZuoxiang_202_surprise.wav	/root/autodl-tmp/CosyVoice_dev/examples/libritts/cosyvoice2/data/casia-grpo/valid/samp_1/ZhaoZuoxiang_202_surprise.wav
/root/autodl-tmp/CosyVoice_dev/examples/libritts/cosyvoice2/data/casia-grpo/valid/samp_1/ZhaoZuoxiang_205_neutral.wav	/root/autodl-tmp/CosyVoice_dev/examples/libritts/cosyvoice2/data/casia-grpo/valid/samp_1/ZhaoZuoxiang_205_neutral.wav
/root/autodl-tmp/CosyVoice_dev/examples/libritts/cosyvoice2/data/casia-grpo/valid/samp_1/ZhaoZuoxiang_203_fear.wav	/root/autodl-tmp/CosyVoice_dev/examples/libritts/cosyvoice2/data/casia-grpo/valid/samp_1/ZhaoZuoxiang_203_fear.wav
/root/autodl-tmp/CosyVoice_dev/examples/libritts/cosyvoice2/data/casia-grpo/valid/samp_1/ZhaoZuoxiang_203_sad.wav	/root/autodl-tmp/CosyVoice_dev/examples/libritts/cosyvoice2/data/casia-grpo/valid/samp_1/ZhaoZuoxiang_203_sad.wav
/root/autodl-tmp/CosyVoice_dev/examples/libritts/cosyvoice2/data/casia-grpo/valid/samp_1/ZhaoZuoxiang_207_sad.wav	/root/autodl-tmp/CosyVoice_dev/examples/libritts/cosyvoice2/data/casia-grpo/valid/samp_1/ZhaoZuoxiang_207_sad.wav
/root/autodl-tmp/CosyVoice_dev/examples/libritts/cosyvoice2/data/casia-grpo/valid/samp_1/ZhaoZuoxiang_208_sad.wav	/root/autodl-tmp/CosyVoice_dev/examples/libritts/cosyvoice2/data/casia-grpo/valid/samp_1/ZhaoZuoxiang_208_sad.wav
/root/autodl-tmp/CosyVoice_dev/examples/libritts/cosyvoice2/data/casia-grpo/valid/samp_1/ZhaoZuoxiang_205_sad.wav	/root/autodl-tmp/CosyVoice_dev/examples/libritts/cosyvoice2/data/casia-grpo/valid/samp_1/ZhaoZuoxiang_205_sad.wav
/root/autodl-tmp/CosyVoice_dev/examples/libritts/cosyvoice2/data/casia-grpo/valid/samp_1/ZhaoZuoxiang_207_surprise.wav	/root/autodl-tmp/CosyVoice_dev/examples/libritts/cosyvoice2/data/casia-grpo/valid/samp_1/ZhaoZuoxiang_207_surprise.wav
/root/autodl-tmp/CosyVoice_dev/examples/libritts/cosyvoice2/data/casia-grpo/valid/samp_1/ZhaoZuoxiang_208_happy.wav	/root/autodl-tmp/CosyVoice_dev/examples/libritts/cosyvoice2/data/casia-grpo/valid/samp_1/ZhaoZuoxiang_208_happy.wav
/root/autodl-tmp/CosyVoice_dev/examples/libritts/cosyvoice2/data/casia-grpo/valid/samp_1/ZhaoZuoxiang_205_surprise.wav	/root/autodl-tmp/CosyVoice_dev/examples/libritts/cosyvoice2/data/casia-grpo/valid/samp_1/ZhaoZuoxiang_205_surprise.wav
/root/autodl-tmp/CosyVoice_dev/examples/libritts/cosyvoice2/data/casia-grpo/valid/samp_1/ZhaoZuoxiang_208_surprise.wav	/root/autodl-tmp/CosyVoice_dev/examples/libritts/cosyvoice2/data/casia-grpo/valid/samp_1/ZhaoZuoxiang_208_surprise.wav
/root/autodl-tmp/CosyVoice_dev/examples/libritts/cosyvoice2/data/casia-grpo/valid/samp_1/ZhaoZuoxiang_206_angry.wav	/root/autodl-tmp/CosyVoice_dev/examples/libritts/cosyvoice2/data/casia-grpo/valid/samp_1/ZhaoZuoxiang_206_angry.wav
/root/autodl-tmp/CosyVoice_dev/examples/libritts/cosyvoice2/data/casia-grpo/valid/samp_1/ZhaoZuoxiang_209_angry.wav	/root/autodl-tmp/CosyVoice_dev/examples/libritts/cosyvoice2/data/casia-grpo/valid/samp_1/ZhaoZuoxiang_209_angry.wav
/root/autodl-tmp/CosyVoice_dev/examples/libritts/cosyvoice2/data/casia-grpo/valid/samp_1/ZhaoZuoxiang_206_fear.wav	/root/autodl-tmp/CosyVoice_dev/examples/libritts/cosyvoice2/data/casia-grpo/valid/samp_1/ZhaoZuoxiang_206_fear.wav
/root/autodl-tmp/CosyVoice_dev/examples/libritts/cosyvoice2/data/casia-grpo/valid/samp_1/ZhaoZuoxiang_206_happy.wav	/root/autodl-tmp/CosyVoice_dev/examples/libritts/cosyvoice2/data/casia-grpo/valid/samp_1/ZhaoZuoxiang_206_happy.wav
/root/autodl-tmp/CosyVoice_dev/examples/libritts/cosyvoice2/data/casia-grpo/valid/samp_1/ZhaoZuoxiang_209_fear.wav	/root/autodl-tmp/CosyVoice_dev/examples/libritts/cosyvoice2/data/casia-grpo/valid/samp_1/ZhaoZuoxiang_209_fear.wav
/root/autodl-tmp/CosyVoice_dev/examples/libritts/cosyvoice2/data/casia-grpo/valid/samp_1/ZhaoZuoxiang_208_angry.wav	/root/autodl-tmp/CosyVoice_dev/examples/libritts/cosyvoice2/data/casia-grpo/valid/samp_1/ZhaoZuoxiang_208_angry.wav
/root/autodl-tmp/CosyVoice_dev/examples/libritts/cosyvoice2/data/casia-grpo/valid/samp_1/ZhaoZuoxiang_206_neutral.wav	/root/autodl-tmp/CosyVoice_dev/examples/libritts/cosyvoice2/data/casia-grpo/valid/samp_1/ZhaoZuoxiang_206_neutral.wav
/root/autodl-tmp/CosyVoice_dev/examples/libritts/cosyvoice2/data/casia-grpo/valid/samp_1/ZhaoZuoxiang_209_happy.wav	/root/autodl-tmp/CosyVoice_dev/examples/libritts/cosyvoice2/data/casia-grpo/valid/samp_1/ZhaoZuoxiang_209_happy.wav
/root/autodl-tmp/CosyVoice_dev/examples/libritts/cosyvoice2/data/casia-grpo/valid/samp_1/ZhaoZuoxiang_206_sad.wav	/root/autodl-tmp/CosyVoice_dev/examples/libritts/cosyvoice2/data/casia-grpo/valid/samp_1/ZhaoZuoxiang_206_sad.wav
/root/autodl-tmp/CosyVoice_dev/examples/libritts/cosyvoice2/data/casia-grpo/valid/samp_1/ZhaoZuoxiang_208_neutral.wav	/root/autodl-tmp/CosyVoice_dev/examples/libritts/cosyvoice2/data/casia-grpo/valid/samp_1/ZhaoZuoxiang_208_neutral.wav
/root/autodl-tmp/CosyVoice_dev/examples/libritts/cosyvoice2/data/casia-grpo/valid/samp_1/ZhaoZuoxiang_206_surprise.wav	/root/autodl-tmp/CosyVoice_dev/examples/libritts/cosyvoice2/data/casia-grpo/valid/samp_1/ZhaoZuoxiang_206_surprise.wav
/root/autodl-tmp/CosyVoice_dev/examples/libritts/cosyvoice2/data/casia-grpo/valid/samp_1/ZhaoZuoxiang_209_neutral.wav	/root/autodl-tmp/CosyVoice_dev/examples/libritts/cosyvoice2/data/casia-grpo/valid/samp_1/ZhaoZuoxiang_209_neutral.wav
/root/autodl-tmp/CosyVoice_dev/examples/libritts/cosyvoice2/data/casia-grpo/valid/samp_1/ZhaoZuoxiang_207_angry.wav	/root/autodl-tmp/CosyVoice_dev/examples/libritts/cosyvoice2/data/casia-grpo/valid/samp_1/ZhaoZuoxiang_207_angry.wav
/root/autodl-tmp/CosyVoice_dev/examples/libritts/cosyvoice2/data/casia-grpo/valid/samp_1/ZhaoZuoxiang_209_sad.wav	/root/autodl-tmp/CosyVoice_dev/examples/libritts/cosyvoice2/data/casia-grpo/valid/samp_1/ZhaoZuoxiang_209_sad.wav
/root/autodl-tmp/CosyVoice_dev/examples/libritts/cosyvoice2/data/casia-grpo/valid/samp_1/ZhaoZuoxiang_207_fear.wav	/root/autodl-tmp/CosyVoice_dev/examples/libritts/cosyvoice2/data/casia-grpo/valid/samp_1/ZhaoZuoxiang_207_fear.wav
/root/autodl-tmp/CosyVoice_dev/examples/libritts/cosyvoice2/data/casia-grpo/valid/samp_1/ZhaoZuoxiang_208_fear.wav	/root/autodl-tmp/CosyVoice_dev/examples/libritts/cosyvoice2/data/casia-grpo/valid/samp_1/ZhaoZuoxiang_208_fear.wav
/root/autodl-tmp/CosyVoice_dev/examples/libritts/cosyvoice2/data/casia-grpo/valid/samp_1/ZhaoZuoxiang_209_surprise.wav	/root/autodl-tmp/CosyVoice_dev/examples/libritts/cosyvoice2/data/casia-grpo/valid/samp_1/ZhaoZuoxiang_209_surprise.wav
/root/autodl-tmp/CosyVoice_dev/examples/libritts/cosyvoice2/data/casia-grpo/valid/samp_1/ZhaoZuoxiang_207_happy.wav	/root/autodl-tmp/CosyVoice_dev/examples/libritts/cosyvoice2/data/casia-grpo/valid/samp_1/ZhaoZuoxiang_207_happy.wav
/root/autodl-tmp/CosyVoice_dev/examples/libritts/cosyvoice2/data/casia-grpo/valid/samp_1/ZhaoZuoxiang_210_angry.wav	/root/autodl-tmp/CosyVoice_dev/examples/libritts/cosyvoice2/data/casia-grpo/valid/samp_1/ZhaoZuoxiang_210_angry.wav
/root/autodl-tmp/CosyVoice_dev/examples/libritts/cosyvoice2/data/casia-grpo/valid/samp_1/ZhaoZuoxiang_207_neutral.wav	/root/autodl-tmp/CosyVoice_dev/examples/libritts/cosyvoice2/data/casia-grpo/valid/samp_1/ZhaoZuoxiang_207_neutral.wav
/root/autodl-tmp/CosyVoice_dev/examples/libritts/cosyvoice2/data/casia-grpo/valid/samp_1/ZhaoZuoxiang_210_fear.wav	/root/autodl-tmp/CosyVoice_dev/examples/libritts/cosyvoice2/data/casia-grpo/valid/samp_1/ZhaoZuoxiang_210_fear.wav
/root/autodl-tmp/CosyVoice_dev/examples/libritts/cosyvoice2/data/casia-grpo/valid/samp_1/ZhaoZuoxiang_210_happy.wav	/root/autodl-tmp/CosyVoice_dev/examples/libritts/cosyvoice2/data/casia-grpo/valid/samp_1/ZhaoZuoxiang_210_happy.wav
/root/autodl-tmp/CosyVoice_dev/examples/libritts/cosyvoice2/data/casia-grpo/valid/samp_1/ZhaoZuoxiang_210_neutral.wav	/root/autodl-tmp/CosyVoice_dev/examples/libritts/cosyvoice2/data/casia-grpo/valid/samp_1/ZhaoZuoxiang_210_neutral.wav
/root/autodl-tmp/CosyVoice_dev/examples/libritts/cosyvoice2/data/casia-grpo/valid/samp_1/ZhaoZuoxiang_210_sad.wav	/root/autodl-tmp/CosyVoice_dev/examples/libritts/cosyvoice2/data/casia-grpo/valid/samp_1/ZhaoZuoxiang_210_sad.wav
/root/autodl-tmp/CosyVoice_dev/examples/libritts/cosyvoice2/data/casia-grpo/valid/samp_1/ZhaoZuoxiang_210_surprise.wav	/root/autodl-tmp/CosyVoice_dev/examples/libritts/cosyvoice2/data/casia-grpo/valid/samp_1/ZhaoZuoxiang_210_surprise.wav
/root/autodl-tmp/CosyVoice_dev/examples/libritts/cosyvoice2/data/casia-grpo/valid/samp_1/ZhaoZuoxiang_211_angry.wav	/root/autodl-tmp/CosyVoice_dev/examples/libritts/cosyvoice2/data/casia-grpo/valid/samp_1/ZhaoZuoxiang_211_angry.wav
/root/autodl-tmp/CosyVoice_dev/examples/libritts/cosyvoice2/data/casia-grpo/valid/samp_1/ZhaoZuoxiang_211_fear.wav	/root/autodl-tmp/CosyVoice_dev/examples/libritts/cosyvoice2/data/casia-grpo/valid/samp_1/ZhaoZuoxiang_211_fear.wav
/root/autodl-tmp/CosyVoice_dev/examples/libritts/cosyvoice2/data/casia-grpo/valid/samp_1/ZhaoZuoxiang_211_happy.wav	/root/autodl-tmp/CosyVoice_dev/examples/libritts/cosyvoice2/data/casia-grpo/valid/samp_1/ZhaoZuoxiang_211_happy.wav
/root/autodl-tmp/CosyVoice_dev/examples/libritts/cosyvoice2/data/casia-grpo/valid/samp_1/ZhaoZuoxiang_211_neutral.wav	/root/autodl-tmp/CosyVoice_dev/examples/libritts/cosyvoice2/data/casia-grpo/valid/samp_1/ZhaoZuoxiang_211_neutral.wav
/root/autodl-tmp/CosyVoice_dev/examples/libritts/cosyvoice2/data/casia-grpo/valid/samp_1/ZhaoZuoxiang_211_sad.wav	/root/autodl-tmp/CosyVoice_dev/examples/libritts/cosyvoice2/data/casia-grpo/valid/samp_1/ZhaoZuoxiang_211_sad.wav
/root/autodl-tmp/CosyVoice_dev/examples/libritts/cosyvoice2/data/casia-grpo/valid/samp_1/ZhaoZuoxiang_211_surprise.wav	/root/autodl-tmp/CosyVoice_dev/examples/libritts/cosyvoice2/data/casia-grpo/valid/samp_1/ZhaoZuoxiang_211_surprise.wav
/root/autodl-tmp/CosyVoice_dev/examples/libritts/cosyvoice2/data/casia-grpo/valid/samp_1/ZhaoZuoxiang_212_angry.wav	/root/autodl-tmp/CosyVoice_dev/examples/libritts/cosyvoice2/data/casia-grpo/valid/samp_1/ZhaoZuoxiang_212_angry.wav
/root/autodl-tmp/CosyVoice_dev/examples/libritts/cosyvoice2/data/casia-grpo/valid/samp_1/ZhaoZuoxiang_212_fear.wav	/root/autodl-tmp/CosyVoice_dev/examples/libritts/cosyvoice2/data/casia-grpo/valid/samp_1/ZhaoZuoxiang_212_fear.wav
/root/autodl-tmp/CosyVoice_dev/examples/libritts/cosyvoice2/data/casia-grpo/valid/samp_1/ZhaoZuoxiang_212_happy.wav	/root/autodl-tmp/CosyVoice_dev/examples/libritts/cosyvoice2/data/casia-grpo/valid/samp_1/ZhaoZuoxiang_212_happy.wav
/root/autodl-tmp/CosyVoice_dev/examples/libritts/cosyvoice2/data/casia-grpo/valid/samp_1/ZhaoZuoxiang_212_neutral.wav	/root/autodl-tmp/CosyVoice_dev/examples/libritts/cosyvoice2/data/casia-grpo/valid/samp_1/ZhaoZuoxiang_212_neutral.wav
/root/autodl-tmp/CosyVoice_dev/examples/libritts/cosyvoice2/data/casia-grpo/valid/samp_1/ZhaoZuoxiang_212_sad.wav	/root/autodl-tmp/CosyVoice_dev/examples/libritts/cosyvoice2/data/casia-grpo/valid/samp_1/ZhaoZuoxiang_212_sad.wav
/root/autodl-tmp/CosyVoice_dev/examples/libritts/cosyvoice2/data/casia-grpo/valid/samp_1/ZhaoZuoxiang_212_surprise.wav	/root/autodl-tmp/CosyVoice_dev/examples/libritts/cosyvoice2/data/casia-grpo/valid/samp_1/ZhaoZuoxiang_212_surprise.wav
/root/autodl-tmp/CosyVoice_dev/examples/libritts/cosyvoice2/data/casia-grpo/valid/samp_1/ZhaoZuoxiang_213_angry.wav	/root/autodl-tmp/CosyVoice_dev/examples/libritts/cosyvoice2/data/casia-grpo/valid/samp_1/ZhaoZuoxiang_213_angry.wav
/root/autodl-tmp/CosyVoice_dev/examples/libritts/cosyvoice2/data/casia-grpo/valid/samp_1/ZhaoZuoxiang_213_fear.wav	/root/autodl-tmp/CosyVoice_dev/examples/libritts/cosyvoice2/data/casia-grpo/valid/samp_1/ZhaoZuoxiang_213_fear.wav
/root/autodl-tmp/CosyVoice_dev/examples/libritts/cosyvoice2/data/casia-grpo/valid/samp_1/ZhaoZuoxiang_213_happy.wav	/root/autodl-tmp/CosyVoice_dev/examples/libritts/cosyvoice2/data/casia-grpo/valid/samp_1/ZhaoZuoxiang_213_happy.wav
/root/autodl-tmp/CosyVoice_dev/examples/libritts/cosyvoice2/data/casia-grpo/valid/samp_1/ZhaoZuoxiang_213_neutral.wav	/root/autodl-tmp/CosyVoice_dev/examples/libritts/cosyvoice2/data/casia-grpo/valid/samp_1/ZhaoZuoxiang_213_neutral.wav
/root/autodl-tmp/CosyVoice_dev/examples/libritts/cosyvoice2/data/casia-grpo/valid/samp_1/ZhaoZuoxiang_213_sad.wav	/root/autodl-tmp/CosyVoice_dev/examples/libritts/cosyvoice2/data/casia-grpo/valid/samp_1/ZhaoZuoxiang_213_sad.wav
/root/autodl-tmp/CosyVoice_dev/examples/libritts/cosyvoice2/data/casia-grpo/valid/samp_1/ZhaoZuoxiang_213_surprise.wav	/root/autodl-tmp/CosyVoice_dev/examples/libritts/cosyvoice2/data/casia-grpo/valid/samp_1/ZhaoZuoxiang_213_surprise.wav
/root/autodl-tmp/CosyVoice_dev/examples/libritts/cosyvoice2/data/casia-grpo/valid/samp_1/ZhaoZuoxiang_214_angry.wav	/root/autodl-tmp/CosyVoice_dev/examples/libritts/cosyvoice2/data/casia-grpo/valid/samp_1/ZhaoZuoxiang_214_angry.wav
/root/autodl-tmp/CosyVoice_dev/examples/libritts/cosyvoice2/data/casia-grpo/valid/samp_1/ZhaoZuoxiang_214_fear.wav	/root/autodl-tmp/CosyVoice_dev/examples/libritts/cosyvoice2/data/casia-grpo/valid/samp_1/ZhaoZuoxiang_214_fear.wav
/root/autodl-tmp/CosyVoice_dev/examples/libritts/cosyvoice2/data/casia-grpo/valid/samp_1/ZhaoZuoxiang_214_happy.wav	/root/autodl-tmp/CosyVoice_dev/examples/libritts/cosyvoice2/data/casia-grpo/valid/samp_1/ZhaoZuoxiang_214_happy.wav
/root/autodl-tmp/CosyVoice_dev/examples/libritts/cosyvoice2/data/casia-grpo/valid/samp_1/ZhaoZuoxiang_214_neutral.wav	/root/autodl-tmp/CosyVoice_dev/examples/libritts/cosyvoice2/data/casia-grpo/valid/samp_1/ZhaoZuoxiang_214_neutral.wav
/root/autodl-tmp/CosyVoice_dev/examples/libritts/cosyvoice2/data/casia-grpo/valid/samp_1/ZhaoZuoxiang_214_sad.wav	/root/autodl-tmp/CosyVoice_dev/examples/libritts/cosyvoice2/data/casia-grpo/valid/samp_1/ZhaoZuoxiang_214_sad.wav
/root/autodl-tmp/CosyVoice_dev/examples/libritts/cosyvoice2/data/casia-grpo/valid/samp_1/ZhaoZuoxiang_214_surprise.wav	/root/autodl-tmp/CosyVoice_dev/examples/libritts/cosyvoice2/data/casia-grpo/valid/samp_1/ZhaoZuoxiang_214_surprise.wav
/root/autodl-tmp/CosyVoice_dev/examples/libritts/cosyvoice2/data/casia-grpo/valid/samp_1/ZhaoZuoxiang_215_angry.wav	/root/autodl-tmp/CosyVoice_dev/examples/libritts/cosyvoice2/data/casia-grpo/valid/samp_1/ZhaoZuoxiang_215_angry.wav
/root/autodl-tmp/CosyVoice_dev/examples/libritts/cosyvoice2/data/casia-grpo/valid/samp_1/ZhaoZuoxiang_215_fear.wav	/root/autodl-tmp/CosyVoice_dev/examples/libritts/cosyvoice2/data/casia-grpo/valid/samp_1/ZhaoZuoxiang_215_fear.wav
/root/autodl-tmp/CosyVoice_dev/examples/libritts/cosyvoice2/data/casia-grpo/valid/samp_1/ZhaoZuoxiang_215_happy.wav	/root/autodl-tmp/CosyVoice_dev/examples/libritts/cosyvoice2/data/casia-grpo/valid/samp_1/ZhaoZuoxiang_215_happy.wav
/root/autodl-tmp/CosyVoice_dev/examples/libritts/cosyvoice2/data/casia-grpo/valid/samp_1/ZhaoZuoxiang_215_neutral.wav	/root/autodl-tmp/CosyVoice_dev/examples/libritts/cosyvoice2/data/casia-grpo/valid/samp_1/ZhaoZuoxiang_215_neutral.wav
/root/autodl-tmp/CosyVoice_dev/examples/libritts/cosyvoice2/data/casia-grpo/valid/samp_1/ZhaoZuoxiang_215_sad.wav	/root/autodl-tmp/CosyVoice_dev/examples/libritts/cosyvoice2/data/casia-grpo/valid/samp_1/ZhaoZuoxiang_215_sad.wav
/root/autodl-tmp/CosyVoice_dev/examples/libritts/cosyvoice2/data/casia-grpo/valid/samp_1/ZhaoZuoxiang_215_surprise.wav	/root/autodl-tmp/CosyVoice_dev/examples/libritts/cosyvoice2/data/casia-grpo/valid/samp_1/ZhaoZuoxiang_215_surprise.wav
/root/autodl-tmp/CosyVoice_dev/examples/libritts/cosyvoice2/data/casia-grpo/valid/samp_1/ZhaoZuoxiang_216_angry.wav	/root/autodl-tmp/CosyVoice_dev/examples/libritts/cosyvoice2/data/casia-grpo/valid/samp_1/ZhaoZuoxiang_216_angry.wav
/root/autodl-tmp/CosyVoice_dev/examples/libritts/cosyvoice2/data/casia-grpo/valid/samp_1/ZhaoZuoxiang_216_fear.wav	/root/autodl-tmp/CosyVoice_dev/examples/libritts/cosyvoice2/data/casia-grpo/valid/samp_1/ZhaoZuoxiang_216_fear.wav
/root/autodl-tmp/CosyVoice_dev/examples/libritts/cosyvoice2/data/casia-grpo/valid/samp_1/ZhaoZuoxiang_216_happy.wav	/root/autodl-tmp/CosyVoice_dev/examples/libritts/cosyvoice2/data/casia-grpo/valid/samp_1/ZhaoZuoxiang_216_happy.wav
/root/autodl-tmp/CosyVoice_dev/examples/libritts/cosyvoice2/data/casia-grpo/valid/samp_1/ZhaoZuoxiang_216_neutral.wav	/root/autodl-tmp/CosyVoice_dev/examples/libritts/cosyvoice2/data/casia-grpo/valid/samp_1/ZhaoZuoxiang_216_neutral.wav
/root/autodl-tmp/CosyVoice_dev/examples/libritts/cosyvoice2/data/casia-grpo/valid/samp_1/ZhaoZuoxiang_216_sad.wav	/root/autodl-tmp/CosyVoice_dev/examples/libritts/cosyvoice2/data/casia-grpo/valid/samp_1/ZhaoZuoxiang_216_sad.wav
/root/autodl-tmp/CosyVoice_dev/examples/libritts/cosyvoice2/data/casia-grpo/valid/samp_1/ZhaoZuoxiang_216_surprise.wav	/root/autodl-tmp/CosyVoice_dev/examples/libritts/cosyvoice2/data/casia-grpo/valid/samp_1/ZhaoZuoxiang_216_surprise.wav
/root/autodl-tmp/CosyVoice_dev/examples/libritts/cosyvoice2/data/casia-grpo/valid/samp_1/ZhaoZuoxiang_217_angry.wav	/root/autodl-tmp/CosyVoice_dev/examples/libritts/cosyvoice2/data/casia-grpo/valid/samp_1/ZhaoZuoxiang_217_angry.wav
/root/autodl-tmp/CosyVoice_dev/examples/libritts/cosyvoice2/data/casia-grpo/valid/samp_1/ZhaoZuoxiang_217_fear.wav	/root/autodl-tmp/CosyVoice_dev/examples/libritts/cosyvoice2/data/casia-grpo/valid/samp_1/ZhaoZuoxiang_217_fear.wav
/root/autodl-tmp/CosyVoice_dev/examples/libritts/cosyvoice2/data/casia-grpo/valid/samp_1/ZhaoZuoxiang_217_happy.wav	/root/autodl-tmp/CosyVoice_dev/examples/libritts/cosyvoice2/data/casia-grpo/valid/samp_1/ZhaoZuoxiang_217_happy.wav
/root/autodl-tmp/CosyVoice_dev/examples/libritts/cosyvoice2/data/casia-grpo/valid/samp_1/ZhaoZuoxiang_217_neutral.wav	/root/autodl-tmp/CosyVoice_dev/examples/libritts/cosyvoice2/data/casia-grpo/valid/samp_1/ZhaoZuoxiang_217_neutral.wav
/root/autodl-tmp/CosyVoice_dev/examples/libritts/cosyvoice2/data/casia-grpo/valid/samp_1/ZhaoZuoxiang_217_sad.wav	/root/autodl-tmp/CosyVoice_dev/examples/libritts/cosyvoice2/data/casia-grpo/valid/samp_1/ZhaoZuoxiang_217_sad.wav
/root/autodl-tmp/CosyVoice_dev/examples/libritts/cosyvoice2/data/casia-grpo/valid/samp_1/ZhaoZuoxiang_217_surprise.wav	/root/autodl-tmp/CosyVoice_dev/examples/libritts/cosyvoice2/data/casia-grpo/valid/samp_1/ZhaoZuoxiang_217_surprise.wav
/root/autodl-tmp/CosyVoice_dev/examples/libritts/cosyvoice2/data/casia-grpo/valid/samp_1/ZhaoZuoxiang_218_angry.wav	/root/autodl-tmp/CosyVoice_dev/examples/libritts/cosyvoice2/data/casia-grpo/valid/samp_1/ZhaoZuoxiang_218_angry.wav
/root/autodl-tmp/CosyVoice_dev/examples/libritts/cosyvoice2/data/casia-grpo/valid/samp_1/ZhaoZuoxiang_218_fear.wav	/root/autodl-tmp/CosyVoice_dev/examples/libritts/cosyvoice2/data/casia-grpo/valid/samp_1/ZhaoZuoxiang_218_fear.wav
/root/autodl-tmp/CosyVoice_dev/examples/libritts/cosyvoice2/data/casia-grpo/valid/samp_1/ZhaoZuoxiang_218_happy.wav	/root/autodl-tmp/CosyVoice_dev/examples/libritts/cosyvoice2/data/casia-grpo/valid/samp_1/ZhaoZuoxiang_218_happy.wav
/root/autodl-tmp/CosyVoice_dev/examples/libritts/cosyvoice2/data/casia-grpo/valid/samp_1/ZhaoZuoxiang_218_neutral.wav	/root/autodl-tmp/CosyVoice_dev/examples/libritts/cosyvoice2/data/casia-grpo/valid/samp_1/ZhaoZuoxiang_218_neutral.wav
/root/autodl-tmp/CosyVoice_dev/examples/libritts/cosyvoice2/data/casia-grpo/valid/samp_1/ZhaoZuoxiang_218_sad.wav	/root/autodl-tmp/CosyVoice_dev/examples/libritts/cosyvoice2/data/casia-grpo/valid/samp_1/ZhaoZuoxiang_218_sad.wav
/root/autodl-tmp/CosyVoice_dev/examples/libritts/cosyvoice2/data/casia-grpo/valid/samp_1/ZhaoZuoxiang_218_surprise.wav	/root/autodl-tmp/CosyVoice_dev/examples/libritts/cosyvoice2/data/casia-grpo/valid/samp_1/ZhaoZuoxiang_218_surprise.wav
/root/autodl-tmp/CosyVoice_dev/examples/libritts/cosyvoice2/data/casia-grpo/valid/samp_1/ZhaoZuoxiang_219_angry.wav	/root/autodl-tmp/CosyVoice_dev/examples/libritts/cosyvoice2/data/casia-grpo/valid/samp_1/ZhaoZuoxiang_219_angry.wav
/root/autodl-tmp/CosyVoice_dev/examples/libritts/cosyvoice2/data/casia-grpo/valid/samp_1/ZhaoZuoxiang_219_fear.wav	/root/autodl-tmp/CosyVoice_dev/examples/libritts/cosyvoice2/data/casia-grpo/valid/samp_1/ZhaoZuoxiang_219_fear.wav
/root/autodl-tmp/CosyVoice_dev/examples/libritts/cosyvoice2/data/casia-grpo/valid/samp_1/ZhaoZuoxiang_219_happy.wav	/root/autodl-tmp/CosyVoice_dev/examples/libritts/cosyvoice2/data/casia-grpo/valid/samp_1/ZhaoZuoxiang_219_happy.wav
/root/autodl-tmp/CosyVoice_dev/examples/libritts/cosyvoice2/data/casia-grpo/valid/samp_1/ZhaoZuoxiang_219_neutral.wav	/root/autodl-tmp/CosyVoice_dev/examples/libritts/cosyvoice2/data/casia-grpo/valid/samp_1/ZhaoZuoxiang_219_neutral.wav
/root/autodl-tmp/CosyVoice_dev/examples/libritts/cosyvoice2/data/casia-grpo/valid/samp_1/ZhaoZuoxiang_219_sad.wav	/root/autodl-tmp/CosyVoice_dev/examples/libritts/cosyvoice2/data/casia-grpo/valid/samp_1/ZhaoZuoxiang_219_sad.wav
/root/autodl-tmp/CosyVoice_dev/examples/libritts/cosyvoice2/data/casia-grpo/valid/samp_1/ZhaoZuoxiang_219_surprise.wav	/root/autodl-tmp/CosyVoice_dev/examples/libritts/cosyvoice2/data/casia-grpo/valid/samp_1/ZhaoZuoxiang_219_surprise.wav
/root/autodl-tmp/CosyVoice_dev/examples/libritts/cosyvoice2/data/casia-grpo/valid/samp_1/ZhaoZuoxiang_220_angry.wav	/root/autodl-tmp/CosyVoice_dev/examples/libritts/cosyvoice2/data/casia-grpo/valid/samp_1/ZhaoZuoxiang_220_angry.wav
/root/autodl-tmp/CosyVoice_dev/examples/libritts/cosyvoice2/data/casia-grpo/valid/samp_1/ZhaoZuoxiang_220_fear.wav	/root/autodl-tmp/CosyVoice_dev/examples/libritts/cosyvoice2/data/casia-grpo/valid/samp_1/ZhaoZuoxiang_220_fear.wav
/root/autodl-tmp/CosyVoice_dev/examples/libritts/cosyvoice2/data/casia-grpo/valid/samp_1/ZhaoZuoxiang_220_happy.wav	/root/autodl-tmp/CosyVoice_dev/examples/libritts/cosyvoice2/data/casia-grpo/valid/samp_1/ZhaoZuoxiang_220_happy.wav
/root/autodl-tmp/CosyVoice_dev/examples/libritts/cosyvoice2/data/casia-grpo/valid/samp_1/ZhaoZuoxiang_220_neutral.wav	/root/autodl-tmp/CosyVoice_dev/examples/libritts/cosyvoice2/data/casia-grpo/valid/samp_1/ZhaoZuoxiang_220_neutral.wav
/root/autodl-tmp/CosyVoice_dev/examples/libritts/cosyvoice2/data/casia-grpo/valid/samp_1/ZhaoZuoxiang_220_sad.wav	/root/autodl-tmp/CosyVoice_dev/examples/libritts/cosyvoice2/data/casia-grpo/valid/samp_1/ZhaoZuoxiang_220_sad.wav
/root/autodl-tmp/CosyVoice_dev/examples/libritts/cosyvoice2/data/casia-grpo/valid/samp_1/ZhaoZuoxiang_220_surprise.wav	/root/autodl-tmp/CosyVoice_dev/examples/libritts/cosyvoice2/data/casia-grpo/valid/samp_1/ZhaoZuoxiang_220_surprise.wav
/root/autodl-tmp/CosyVoice_dev/examples/libritts/cosyvoice2/data/casia-grpo/valid/samp_1/ZhaoZuoxiang_221_angry.wav	/root/autodl-tmp/CosyVoice_dev/examples/libritts/cosyvoice2/data/casia-grpo/valid/samp_1/ZhaoZuoxiang_221_angry.wav
/root/autodl-tmp/CosyVoice_dev/examples/libritts/cosyvoice2/data/casia-grpo/valid/samp_1/ZhaoZuoxiang_221_fear.wav	/root/autodl-tmp/CosyVoice_dev/examples/libritts/cosyvoice2/data/casia-grpo/valid/samp_1/ZhaoZuoxiang_221_fear.wav
/root/autodl-tmp/CosyVoice_dev/examples/libritts/cosyvoice2/data/casia-grpo/valid/samp_1/ZhaoZuoxiang_221_happy.wav	/root/autodl-tmp/CosyVoice_dev/examples/libritts/cosyvoice2/data/casia-grpo/valid/samp_1/ZhaoZuoxiang_221_happy.wav
/root/autodl-tmp/CosyVoice_dev/examples/libritts/cosyvoice2/data/casia-grpo/valid/samp_1/ZhaoZuoxiang_221_neutral.wav	/root/autodl-tmp/CosyVoice_dev/examples/libritts/cosyvoice2/data/casia-grpo/valid/samp_1/ZhaoZuoxiang_221_neutral.wav
/root/autodl-tmp/CosyVoice_dev/examples/libritts/cosyvoice2/data/casia-grpo/valid/samp_1/ZhaoZuoxiang_221_sad.wav	/root/autodl-tmp/CosyVoice_dev/examples/libritts/cosyvoice2/data/casia-grpo/valid/samp_1/ZhaoZuoxiang_221_sad.wav
/root/autodl-tmp/CosyVoice_dev/examples/libritts/cosyvoice2/data/casia-grpo/valid/samp_1/ZhaoZuoxiang_221_surprise.wav	/root/autodl-tmp/CosyVoice_dev/examples/libritts/cosyvoice2/data/casia-grpo/valid/samp_1/ZhaoZuoxiang_221_surprise.wav
/root/autodl-tmp/CosyVoice_dev/examples/libritts/cosyvoice2/data/casia-grpo/valid/samp_1/ZhaoZuoxiang_222_angry.wav	/root/autodl-tmp/CosyVoice_dev/examples/libritts/cosyvoice2/data/casia-grpo/valid/samp_1/ZhaoZuoxiang_222_angry.wav
/root/autodl-tmp/CosyVoice_dev/examples/libritts/cosyvoice2/data/casia-grpo/valid/samp_1/ZhaoZuoxiang_222_fear.wav	/root/autodl-tmp/CosyVoice_dev/examples/libritts/cosyvoice2/data/casia-grpo/valid/samp_1/ZhaoZuoxiang_222_fear.wav
/root/autodl-tmp/CosyVoice_dev/examples/libritts/cosyvoice2/data/casia-grpo/valid/samp_1/ZhaoZuoxiang_222_happy.wav	/root/autodl-tmp/CosyVoice_dev/examples/libritts/cosyvoice2/data/casia-grpo/valid/samp_1/ZhaoZuoxiang_222_happy.wav
/root/autodl-tmp/CosyVoice_dev/examples/libritts/cosyvoice2/data/casia-grpo/valid/samp_1/ZhaoZuoxiang_222_neutral.wav	/root/autodl-tmp/CosyVoice_dev/examples/libritts/cosyvoice2/data/casia-grpo/valid/samp_1/ZhaoZuoxiang_222_neutral.wav
/root/autodl-tmp/CosyVoice_dev/examples/libritts/cosyvoice2/data/casia-grpo/valid/samp_1/ZhaoZuoxiang_222_sad.wav	/root/autodl-tmp/CosyVoice_dev/examples/libritts/cosyvoice2/data/casia-grpo/valid/samp_1/ZhaoZuoxiang_222_sad.wav
/root/autodl-tmp/CosyVoice_dev/examples/libritts/cosyvoice2/data/casia-grpo/valid/samp_1/ZhaoZuoxiang_222_surprise.wav	/root/autodl-tmp/CosyVoice_dev/examples/libritts/cosyvoice2/data/casia-grpo/valid/samp_1/ZhaoZuoxiang_222_surprise.wav
/root/autodl-tmp/CosyVoice_dev/examples/libritts/cosyvoice2/data/casia-grpo/valid/samp_1/ZhaoZuoxiang_223_angry.wav	/root/autodl-tmp/CosyVoice_dev/examples/libritts/cosyvoice2/data/casia-grpo/valid/samp_1/ZhaoZuoxiang_223_angry.wav
/root/autodl-tmp/CosyVoice_dev/examples/libritts/cosyvoice2/data/casia-grpo/valid/samp_1/ZhaoZuoxiang_223_fear.wav	/root/autodl-tmp/CosyVoice_dev/examples/libritts/cosyvoice2/data/casia-grpo/valid/samp_1/ZhaoZuoxiang_223_fear.wav
/root/autodl-tmp/CosyVoice_dev/examples/libritts/cosyvoice2/data/casia-grpo/valid/samp_1/ZhaoZuoxiang_223_happy.wav	/root/autodl-tmp/CosyVoice_dev/examples/libritts/cosyvoice2/data/casia-grpo/valid/samp_1/ZhaoZuoxiang_223_happy.wav
/root/autodl-tmp/CosyVoice_dev/examples/libritts/cosyvoice2/data/casia-grpo/valid/samp_1/ZhaoZuoxiang_223_neutral.wav	/root/autodl-tmp/CosyVoice_dev/examples/libritts/cosyvoice2/data/casia-grpo/valid/samp_1/ZhaoZuoxiang_223_neutral.wav
/root/autodl-tmp/CosyVoice_dev/examples/libritts/cosyvoice2/data/casia-grpo/valid/samp_1/ZhaoZuoxiang_223_sad.wav	/root/autodl-tmp/CosyVoice_dev/examples/libritts/cosyvoice2/data/casia-grpo/valid/samp_1/ZhaoZuoxiang_223_sad.wav
/root/autodl-tmp/CosyVoice_dev/examples/libritts/cosyvoice2/data/casia-grpo/valid/samp_1/ZhaoZuoxiang_223_surprise.wav	/root/autodl-tmp/CosyVoice_dev/examples/libritts/cosyvoice2/data/casia-grpo/valid/samp_1/ZhaoZuoxiang_223_surprise.wav
/root/autodl-tmp/CosyVoice_dev/examples/libritts/cosyvoice2/data/casia-grpo/valid/samp_1/ZhaoZuoxiang_224_angry.wav	/root/autodl-tmp/CosyVoice_dev/examples/libritts/cosyvoice2/data/casia-grpo/valid/samp_1/ZhaoZuoxiang_224_angry.wav
/root/autodl-tmp/CosyVoice_dev/examples/libritts/cosyvoice2/data/casia-grpo/valid/samp_1/ZhaoZuoxiang_224_fear.wav	/root/autodl-tmp/CosyVoice_dev/examples/libritts/cosyvoice2/data/casia-grpo/valid/samp_1/ZhaoZuoxiang_224_fear.wav
/root/autodl-tmp/CosyVoice_dev/examples/libritts/cosyvoice2/data/casia-grpo/valid/samp_1/ZhaoZuoxiang_224_happy.wav	/root/autodl-tmp/CosyVoice_dev/examples/libritts/cosyvoice2/data/casia-grpo/valid/samp_1/ZhaoZuoxiang_224_happy.wav
/root/autodl-tmp/CosyVoice_dev/examples/libritts/cosyvoice2/data/casia-grpo/valid/samp_1/ZhaoZuoxiang_224_neutral.wav	/root/autodl-tmp/CosyVoice_dev/examples/libritts/cosyvoice2/data/casia-grpo/valid/samp_1/ZhaoZuoxiang_224_neutral.wav
/root/autodl-tmp/CosyVoice_dev/examples/libritts/cosyvoice2/data/casia-grpo/valid/samp_1/ZhaoZuoxiang_224_sad.wav	/root/autodl-tmp/CosyVoice_dev/examples/libritts/cosyvoice2/data/casia-grpo/valid/samp_1/ZhaoZuoxiang_224_sad.wav
/root/autodl-tmp/CosyVoice_dev/examples/libritts/cosyvoice2/data/casia-grpo/valid/samp_1/ZhaoZuoxiang_224_surprise.wav	/root/autodl-tmp/CosyVoice_dev/examples/libritts/cosyvoice2/data/casia-grpo/valid/samp_1/ZhaoZuoxiang_224_surprise.wav
/root/autodl-tmp/CosyVoice_dev/examples/libritts/cosyvoice2/data/casia-grpo/valid/samp_1/ZhaoZuoxiang_225_angry.wav	/root/autodl-tmp/CosyVoice_dev/examples/libritts/cosyvoice2/data/casia-grpo/valid/samp_1/ZhaoZuoxiang_225_angry.wav
/root/autodl-tmp/CosyVoice_dev/examples/libritts/cosyvoice2/data/casia-grpo/valid/samp_1/ZhaoZuoxiang_225_fear.wav	/root/autodl-tmp/CosyVoice_dev/examples/libritts/cosyvoice2/data/casia-grpo/valid/samp_1/ZhaoZuoxiang_225_fear.wav
/root/autodl-tmp/CosyVoice_dev/examples/libritts/cosyvoice2/data/casia-grpo/valid/samp_1/ZhaoZuoxiang_225_happy.wav	/root/autodl-tmp/CosyVoice_dev/examples/libritts/cosyvoice2/data/casia-grpo/valid/samp_1/ZhaoZuoxiang_225_happy.wav
/root/autodl-tmp/CosyVoice_dev/examples/libritts/cosyvoice2/data/casia-grpo/valid/samp_1/ZhaoZuoxiang_225_neutral.wav	/root/autodl-tmp/CosyVoice_dev/examples/libritts/cosyvoice2/data/casia-grpo/valid/samp_1/ZhaoZuoxiang_225_neutral.wav
/root/autodl-tmp/CosyVoice_dev/examples/libritts/cosyvoice2/data/casia-grpo/valid/samp_1/ZhaoZuoxiang_225_sad.wav	/root/autodl-tmp/CosyVoice_dev/examples/libritts/cosyvoice2/data/casia-grpo/valid/samp_1/ZhaoZuoxiang_225_sad.wav
/root/autodl-tmp/CosyVoice_dev/examples/libritts/cosyvoice2/data/casia-grpo/valid/samp_1/ZhaoZuoxiang_225_surprise.wav	/root/autodl-tmp/CosyVoice_dev/examples/libritts/cosyvoice2/data/casia-grpo/valid/samp_1/ZhaoZuoxiang_225_surprise.wav
/root/autodl-tmp/CosyVoice_dev/examples/libritts/cosyvoice2/data/casia-grpo/valid/samp_1/ZhaoZuoxiang_226_angry.wav	/root/autodl-tmp/CosyVoice_dev/examples/libritts/cosyvoice2/data/casia-grpo/valid/samp_1/ZhaoZuoxiang_226_angry.wav
/root/autodl-tmp/CosyVoice_dev/examples/libritts/cosyvoice2/data/casia-grpo/valid/samp_1/ZhaoZuoxiang_226_fear.wav	/root/autodl-tmp/CosyVoice_dev/examples/libritts/cosyvoice2/data/casia-grpo/valid/samp_1/ZhaoZuoxiang_226_fear.wav
/root/autodl-tmp/CosyVoice_dev/examples/libritts/cosyvoice2/data/casia-grpo/valid/samp_1/ZhaoZuoxiang_226_happy.wav	/root/autodl-tmp/CosyVoice_dev/examples/libritts/cosyvoice2/data/casia-grpo/valid/samp_1/ZhaoZuoxiang_226_happy.wav
/root/autodl-tmp/CosyVoice_dev/examples/libritts/cosyvoice2/data/casia-grpo/valid/samp_1/ZhaoZuoxiang_226_neutral.wav	/root/autodl-tmp/CosyVoice_dev/examples/libritts/cosyvoice2/data/casia-grpo/valid/samp_1/ZhaoZuoxiang_226_neutral.wav
/root/autodl-tmp/CosyVoice_dev/examples/libritts/cosyvoice2/data/casia-grpo/valid/samp_1/ZhaoZuoxiang_226_sad.wav	/root/autodl-tmp/CosyVoice_dev/examples/libritts/cosyvoice2/data/casia-grpo/valid/samp_1/ZhaoZuoxiang_226_sad.wav
/root/autodl-tmp/CosyVoice_dev/examples/libritts/cosyvoice2/data/casia-grpo/valid/samp_1/ZhaoZuoxiang_226_surprise.wav	/root/autodl-tmp/CosyVoice_dev/examples/libritts/cosyvoice2/data/casia-grpo/valid/samp_1/ZhaoZuoxiang_226_surprise.wav
/root/autodl-tmp/CosyVoice_dev/examples/libritts/cosyvoice2/data/casia-grpo/valid/samp_1/ZhaoZuoxiang_227_angry.wav	/root/autodl-tmp/CosyVoice_dev/examples/libritts/cosyvoice2/data/casia-grpo/valid/samp_1/ZhaoZuoxiang_227_angry.wav
/root/autodl-tmp/CosyVoice_dev/examples/libritts/cosyvoice2/data/casia-grpo/valid/samp_1/ZhaoZuoxiang_227_fear.wav	/root/autodl-tmp/CosyVoice_dev/examples/libritts/cosyvoice2/data/casia-grpo/valid/samp_1/ZhaoZuoxiang_227_fear.wav
/root/autodl-tmp/CosyVoice_dev/examples/libritts/cosyvoice2/data/casia-grpo/valid/samp_1/ZhaoZuoxiang_227_happy.wav	/root/autodl-tmp/CosyVoice_dev/examples/libritts/cosyvoice2/data/casia-grpo/valid/samp_1/ZhaoZuoxiang_227_happy.wav
/root/autodl-tmp/CosyVoice_dev/examples/libritts/cosyvoice2/data/casia-grpo/valid/samp_1/ZhaoZuoxiang_227_neutral.wav	/root/autodl-tmp/CosyVoice_dev/examples/libritts/cosyvoice2/data/casia-grpo/valid/samp_1/ZhaoZuoxiang_227_neutral.wav
/root/autodl-tmp/CosyVoice_dev/examples/libritts/cosyvoice2/data/casia-grpo/valid/samp_1/ZhaoZuoxiang_227_sad.wav	/root/autodl-tmp/CosyVoice_dev/examples/libritts/cosyvoice2/data/casia-grpo/valid/samp_1/ZhaoZuoxiang_227_sad.wav
/root/autodl-tmp/CosyVoice_dev/examples/libritts/cosyvoice2/data/casia-grpo/valid/samp_1/ZhaoZuoxiang_227_surprise.wav	/root/autodl-tmp/CosyVoice_dev/examples/libritts/cosyvoice2/data/casia-grpo/valid/samp_1/ZhaoZuoxiang_227_surprise.wav
/root/autodl-tmp/CosyVoice_dev/examples/libritts/cosyvoice2/data/casia-grpo/valid/samp_1/ZhaoZuoxiang_228_angry.wav	/root/autodl-tmp/CosyVoice_dev/examples/libritts/cosyvoice2/data/casia-grpo/valid/samp_1/ZhaoZuoxiang_228_angry.wav
/root/autodl-tmp/CosyVoice_dev/examples/libritts/cosyvoice2/data/casia-grpo/valid/samp_1/ZhaoZuoxiang_228_fear.wav	/root/autodl-tmp/CosyVoice_dev/examples/libritts/cosyvoice2/data/casia-grpo/valid/samp_1/ZhaoZuoxiang_228_fear.wav
/root/autodl-tmp/CosyVoice_dev/examples/libritts/cosyvoice2/data/casia-grpo/valid/samp_1/ZhaoZuoxiang_228_happy.wav	/root/autodl-tmp/CosyVoice_dev/examples/libritts/cosyvoice2/data/casia-grpo/valid/samp_1/ZhaoZuoxiang_228_happy.wav
/root/autodl-tmp/CosyVoice_dev/examples/libritts/cosyvoice2/data/casia-grpo/valid/samp_1/ZhaoZuoxiang_228_neutral.wav	/root/autodl-tmp/CosyVoice_dev/examples/libritts/cosyvoice2/data/casia-grpo/valid/samp_1/ZhaoZuoxiang_228_neutral.wav
/root/autodl-tmp/CosyVoice_dev/examples/libritts/cosyvoice2/data/casia-grpo/valid/samp_1/ZhaoZuoxiang_228_sad.wav	/root/autodl-tmp/CosyVoice_dev/examples/libritts/cosyvoice2/data/casia-grpo/valid/samp_1/ZhaoZuoxiang_228_sad.wav
/root/autodl-tmp/CosyVoice_dev/examples/libritts/cosyvoice2/data/casia-grpo/valid/samp_1/ZhaoZuoxiang_229_angry.wav	/root/autodl-tmp/CosyVoice_dev/examples/libritts/cosyvoice2/data/casia-grpo/valid/samp_1/ZhaoZuoxiang_229_angry.wav
/root/autodl-tmp/CosyVoice_dev/examples/libritts/cosyvoice2/data/casia-grpo/valid/samp_1/ZhaoZuoxiang_228_surprise.wav	/root/autodl-tmp/CosyVoice_dev/examples/libritts/cosyvoice2/data/casia-grpo/valid/samp_1/ZhaoZuoxiang_228_surprise.wav
/root/autodl-tmp/CosyVoice_dev/examples/libritts/cosyvoice2/data/casia-grpo/valid/samp_1/ZhaoZuoxiang_229_fear.wav	/root/autodl-tmp/CosyVoice_dev/examples/libritts/cosyvoice2/data/casia-grpo/valid/samp_1/ZhaoZuoxiang_229_fear.wav
/root/autodl-tmp/CosyVoice_dev/examples/libritts/cosyvoice2/data/casia-grpo/valid/samp_1/ZhaoZuoxiang_232_neutral.wav	/root/autodl-tmp/CosyVoice_dev/examples/libritts/cosyvoice2/data/casia-grpo/valid/samp_1/ZhaoZuoxiang_232_neutral.wav
/root/autodl-tmp/CosyVoice_dev/examples/libritts/cosyvoice2/data/casia-grpo/valid/samp_1/ZhaoZuoxiang_229_happy.wav	/root/autodl-tmp/CosyVoice_dev/examples/libritts/cosyvoice2/data/casia-grpo/valid/samp_1/ZhaoZuoxiang_229_happy.wav
/root/autodl-tmp/CosyVoice_dev/examples/libritts/cosyvoice2/data/casia-grpo/valid/samp_1/ZhaoZuoxiang_229_neutral.wav	/root/autodl-tmp/CosyVoice_dev/examples/libritts/cosyvoice2/data/casia-grpo/valid/samp_1/ZhaoZuoxiang_229_neutral.wav
/root/autodl-tmp/CosyVoice_dev/examples/libritts/cosyvoice2/data/casia-grpo/valid/samp_1/ZhaoZuoxiang_232_sad.wav	/root/autodl-tmp/CosyVoice_dev/examples/libritts/cosyvoice2/data/casia-grpo/valid/samp_1/ZhaoZuoxiang_232_sad.wav
/root/autodl-tmp/CosyVoice_dev/examples/libritts/cosyvoice2/data/casia-grpo/valid/samp_1/ZhaoZuoxiang_232_angry.wav	/root/autodl-tmp/CosyVoice_dev/examples/libritts/cosyvoice2/data/casia-grpo/valid/samp_1/ZhaoZuoxiang_232_angry.wav
/root/autodl-tmp/CosyVoice_dev/examples/libritts/cosyvoice2/data/casia-grpo/valid/samp_1/ZhaoZuoxiang_229_sad.wav	/root/autodl-tmp/CosyVoice_dev/examples/libritts/cosyvoice2/data/casia-grpo/valid/samp_1/ZhaoZuoxiang_229_sad.wav
/root/autodl-tmp/CosyVoice_dev/examples/libritts/cosyvoice2/data/casia-grpo/valid/samp_1/ZhaoZuoxiang_229_surprise.wav	/root/autodl-tmp/CosyVoice_dev/examples/libritts/cosyvoice2/data/casia-grpo/valid/samp_1/ZhaoZuoxiang_229_surprise.wav
/root/autodl-tmp/CosyVoice_dev/examples/libritts/cosyvoice2/data/casia-grpo/valid/samp_1/ZhaoZuoxiang_231_sad.wav	/root/autodl-tmp/CosyVoice_dev/examples/libritts/cosyvoice2/data/casia-grpo/valid/samp_1/ZhaoZuoxiang_231_sad.wav
/root/autodl-tmp/CosyVoice_dev/examples/libritts/cosyvoice2/data/casia-grpo/valid/samp_1/ZhaoZuoxiang_230_angry.wav	/root/autodl-tmp/CosyVoice_dev/examples/libritts/cosyvoice2/data/casia-grpo/valid/samp_1/ZhaoZuoxiang_230_angry.wav
/root/autodl-tmp/CosyVoice_dev/examples/libritts/cosyvoice2/data/casia-grpo/valid/samp_1/ZhaoZuoxiang_232_fear.wav	/root/autodl-tmp/CosyVoice_dev/examples/libritts/cosyvoice2/data/casia-grpo/valid/samp_1/ZhaoZuoxiang_232_fear.wav
/root/autodl-tmp/CosyVoice_dev/examples/libritts/cosyvoice2/data/casia-grpo/valid/samp_1/ZhaoZuoxiang_230_fear.wav	/root/autodl-tmp/CosyVoice_dev/examples/libritts/cosyvoice2/data/casia-grpo/valid/samp_1/ZhaoZuoxiang_230_fear.wav
/root/autodl-tmp/CosyVoice_dev/examples/libritts/cosyvoice2/data/casia-grpo/valid/samp_1/ZhaoZuoxiang_230_happy.wav	/root/autodl-tmp/CosyVoice_dev/examples/libritts/cosyvoice2/data/casia-grpo/valid/samp_1/ZhaoZuoxiang_230_happy.wav
/root/autodl-tmp/CosyVoice_dev/examples/libritts/cosyvoice2/data/casia-grpo/valid/samp_1/ZhaoZuoxiang_230_neutral.wav	/root/autodl-tmp/CosyVoice_dev/examples/libritts/cosyvoice2/data/casia-grpo/valid/samp_1/ZhaoZuoxiang_230_neutral.wav
/root/autodl-tmp/CosyVoice_dev/examples/libritts/cosyvoice2/data/casia-grpo/valid/samp_1/ZhaoZuoxiang_230_sad.wav	/root/autodl-tmp/CosyVoice_dev/examples/libritts/cosyvoice2/data/casia-grpo/valid/samp_1/ZhaoZuoxiang_230_sad.wav
/root/autodl-tmp/CosyVoice_dev/examples/libritts/cosyvoice2/data/casia-grpo/valid/samp_1/ZhaoZuoxiang_231_surprise.wav	/root/autodl-tmp/CosyVoice_dev/examples/libritts/cosyvoice2/data/casia-grpo/valid/samp_1/ZhaoZuoxiang_231_surprise.wav
/root/autodl-tmp/CosyVoice_dev/examples/libritts/cosyvoice2/data/casia-grpo/valid/samp_1/ZhaoZuoxiang_232_happy.wav	/root/autodl-tmp/CosyVoice_dev/examples/libritts/cosyvoice2/data/casia-grpo/valid/samp_1/ZhaoZuoxiang_232_happy.wav
/root/autodl-tmp/CosyVoice_dev/examples/libritts/cosyvoice2/data/casia-grpo/valid/samp_1/ZhaoZuoxiang_230_surprise.wav	/root/autodl-tmp/CosyVoice_dev/examples/libritts/cosyvoice2/data/casia-grpo/valid/samp_1/ZhaoZuoxiang_230_surprise.wav
/root/autodl-tmp/CosyVoice_dev/examples/libritts/cosyvoice2/data/casia-grpo/valid/samp_1/ZhaoZuoxiang_231_angry.wav	/root/autodl-tmp/CosyVoice_dev/examples/libritts/cosyvoice2/data/casia-grpo/valid/samp_1/ZhaoZuoxiang_231_angry.wav
/root/autodl-tmp/CosyVoice_dev/examples/libritts/cosyvoice2/data/casia-grpo/valid/samp_1/ZhaoZuoxiang_231_fear.wav	/root/autodl-tmp/CosyVoice_dev/examples/libritts/cosyvoice2/data/casia-grpo/valid/samp_1/ZhaoZuoxiang_231_fear.wav
/root/autodl-tmp/CosyVoice_dev/examples/libritts/cosyvoice2/data/casia-grpo/valid/samp_1/ZhaoZuoxiang_231_happy.wav	/root/autodl-tmp/CosyVoice_dev/examples/libritts/cosyvoice2/data/casia-grpo/valid/samp_1/ZhaoZuoxiang_231_happy.wav
/root/autodl-tmp/CosyVoice_dev/examples/libritts/cosyvoice2/data/casia-grpo/valid/samp_1/ZhaoZuoxiang_231_neutral.wav	/root/autodl-tmp/CosyVoice_dev/examples/libritts/cosyvoice2/data/casia-grpo/valid/samp_1/ZhaoZuoxiang_231_neutral.wav
/root/autodl-tmp/CosyVoice_dev/examples/libritts/cosyvoice2/data/casia-grpo/valid/samp_1/ZhaoZuoxiang_232_surprise.wav	/root/autodl-tmp/CosyVoice_dev/examples/libritts/cosyvoice2/data/casia-grpo/valid/samp_1/ZhaoZuoxiang_232_surprise.wav
/root/autodl-tmp/CosyVoice_dev/examples/libritts/cosyvoice2/data/casia-grpo/valid/samp_1/ZhaoZuoxiang_236_angry.wav	/root/autodl-tmp/CosyVoice_dev/examples/libritts/cosyvoice2/data/casia-grpo/valid/samp_1/ZhaoZuoxiang_236_angry.wav
/root/autodl-tmp/CosyVoice_dev/examples/libritts/cosyvoice2/data/casia-grpo/valid/samp_1/ZhaoZuoxiang_235_angry.wav	/root/autodl-tmp/CosyVoice_dev/examples/libritts/cosyvoice2/data/casia-grpo/valid/samp_1/ZhaoZuoxiang_235_angry.wav
/root/autodl-tmp/CosyVoice_dev/examples/libritts/cosyvoice2/data/casia-grpo/valid/samp_1/ZhaoZuoxiang_233_angry.wav	/root/autodl-tmp/CosyVoice_dev/examples/libritts/cosyvoice2/data/casia-grpo/valid/samp_1/ZhaoZuoxiang_233_angry.wav
/root/autodl-tmp/CosyVoice_dev/examples/libritts/cosyvoice2/data/casia-grpo/valid/samp_1/ZhaoZuoxiang_236_fear.wav	/root/autodl-tmp/CosyVoice_dev/examples/libritts/cosyvoice2/data/casia-grpo/valid/samp_1/ZhaoZuoxiang_236_fear.wav
/root/autodl-tmp/CosyVoice_dev/examples/libritts/cosyvoice2/data/casia-grpo/valid/samp_1/ZhaoZuoxiang_233_fear.wav	/root/autodl-tmp/CosyVoice_dev/examples/libritts/cosyvoice2/data/casia-grpo/valid/samp_1/ZhaoZuoxiang_233_fear.wav
/root/autodl-tmp/CosyVoice_dev/examples/libritts/cosyvoice2/data/casia-grpo/valid/samp_1/ZhaoZuoxiang_233_happy.wav	/root/autodl-tmp/CosyVoice_dev/examples/libritts/cosyvoice2/data/casia-grpo/valid/samp_1/ZhaoZuoxiang_233_happy.wav
/root/autodl-tmp/CosyVoice_dev/examples/libritts/cosyvoice2/data/casia-grpo/valid/samp_1/ZhaoZuoxiang_236_happy.wav	/root/autodl-tmp/CosyVoice_dev/examples/libritts/cosyvoice2/data/casia-grpo/valid/samp_1/ZhaoZuoxiang_236_happy.wav
/root/autodl-tmp/CosyVoice_dev/examples/libritts/cosyvoice2/data/casia-grpo/valid/samp_1/ZhaoZuoxiang_233_neutral.wav	/root/autodl-tmp/CosyVoice_dev/examples/libritts/cosyvoice2/data/casia-grpo/valid/samp_1/ZhaoZuoxiang_233_neutral.wav
/root/autodl-tmp/CosyVoice_dev/examples/libritts/cosyvoice2/data/casia-grpo/valid/samp_1/ZhaoZuoxiang_235_sad.wav	/root/autodl-tmp/CosyVoice_dev/examples/libritts/cosyvoice2/data/casia-grpo/valid/samp_1/ZhaoZuoxiang_235_sad.wav
/root/autodl-tmp/CosyVoice_dev/examples/libritts/cosyvoice2/data/casia-grpo/valid/samp_1/ZhaoZuoxiang_233_sad.wav	/root/autodl-tmp/CosyVoice_dev/examples/libritts/cosyvoice2/data/casia-grpo/valid/samp_1/ZhaoZuoxiang_233_sad.wav
/root/autodl-tmp/CosyVoice_dev/examples/libritts/cosyvoice2/data/casia-grpo/valid/samp_1/ZhaoZuoxiang_235_fear.wav	/root/autodl-tmp/CosyVoice_dev/examples/libritts/cosyvoice2/data/casia-grpo/valid/samp_1/ZhaoZuoxiang_235_fear.wav
/root/autodl-tmp/CosyVoice_dev/examples/libritts/cosyvoice2/data/casia-grpo/valid/samp_1/ZhaoZuoxiang_233_surprise.wav	/root/autodl-tmp/CosyVoice_dev/examples/libritts/cosyvoice2/data/casia-grpo/valid/samp_1/ZhaoZuoxiang_233_surprise.wav
/root/autodl-tmp/CosyVoice_dev/examples/libritts/cosyvoice2/data/casia-grpo/valid/samp_1/ZhaoZuoxiang_234_angry.wav	/root/autodl-tmp/CosyVoice_dev/examples/libritts/cosyvoice2/data/casia-grpo/valid/samp_1/ZhaoZuoxiang_234_angry.wav
/root/autodl-tmp/CosyVoice_dev/examples/libritts/cosyvoice2/data/casia-grpo/valid/samp_1/ZhaoZuoxiang_234_fear.wav	/root/autodl-tmp/CosyVoice_dev/examples/libritts/cosyvoice2/data/casia-grpo/valid/samp_1/ZhaoZuoxiang_234_fear.wav
/root/autodl-tmp/CosyVoice_dev/examples/libritts/cosyvoice2/data/casia-grpo/valid/samp_1/ZhaoZuoxiang_234_happy.wav	/root/autodl-tmp/CosyVoice_dev/examples/libritts/cosyvoice2/data/casia-grpo/valid/samp_1/ZhaoZuoxiang_234_happy.wav
/root/autodl-tmp/CosyVoice_dev/examples/libritts/cosyvoice2/data/casia-grpo/valid/samp_1/ZhaoZuoxiang_235_happy.wav	/root/autodl-tmp/CosyVoice_dev/examples/libritts/cosyvoice2/data/casia-grpo/valid/samp_1/ZhaoZuoxiang_235_happy.wav
/root/autodl-tmp/CosyVoice_dev/examples/libritts/cosyvoice2/data/casia-grpo/valid/samp_1/ZhaoZuoxiang_234_neutral.wav	/root/autodl-tmp/CosyVoice_dev/examples/libritts/cosyvoice2/data/casia-grpo/valid/samp_1/ZhaoZuoxiang_234_neutral.wav
/root/autodl-tmp/CosyVoice_dev/examples/libritts/cosyvoice2/data/casia-grpo/valid/samp_1/ZhaoZuoxiang_235_surprise.wav	/root/autodl-tmp/CosyVoice_dev/examples/libritts/cosyvoice2/data/casia-grpo/valid/samp_1/ZhaoZuoxiang_235_surprise.wav
/root/autodl-tmp/CosyVoice_dev/examples/libritts/cosyvoice2/data/casia-grpo/valid/samp_1/ZhaoZuoxiang_234_sad.wav	/root/autodl-tmp/CosyVoice_dev/examples/libritts/cosyvoice2/data/casia-grpo/valid/samp_1/ZhaoZuoxiang_234_sad.wav
/root/autodl-tmp/CosyVoice_dev/examples/libritts/cosyvoice2/data/casia-grpo/valid/samp_1/ZhaoZuoxiang_234_surprise.wav	/root/autodl-tmp/CosyVoice_dev/examples/libritts/cosyvoice2/data/casia-grpo/valid/samp_1/ZhaoZuoxiang_234_surprise.wav
/root/autodl-tmp/CosyVoice_dev/examples/libritts/cosyvoice2/data/casia-grpo/valid/samp_1/ZhaoZuoxiang_235_neutral.wav	/root/autodl-tmp/CosyVoice_dev/examples/libritts/cosyvoice2/data/casia-grpo/valid/samp_1/ZhaoZuoxiang_235_neutral.wav
/root/autodl-tmp/CosyVoice_dev/examples/libritts/cosyvoice2/data/casia-grpo/valid/samp_1/ZhaoZuoxiang_239_sad.wav	/root/autodl-tmp/CosyVoice_dev/examples/libritts/cosyvoice2/data/casia-grpo/valid/samp_1/ZhaoZuoxiang_239_sad.wav
/root/autodl-tmp/CosyVoice_dev/examples/libritts/cosyvoice2/data/casia-grpo/valid/samp_1/ZhaoZuoxiang_236_neutral.wav	/root/autodl-tmp/CosyVoice_dev/examples/libritts/cosyvoice2/data/casia-grpo/valid/samp_1/ZhaoZuoxiang_236_neutral.wav
/root/autodl-tmp/CosyVoice_dev/examples/libritts/cosyvoice2/data/casia-grpo/valid/samp_1/ZhaoZuoxiang_239_surprise.wav	/root/autodl-tmp/CosyVoice_dev/examples/libritts/cosyvoice2/data/casia-grpo/valid/samp_1/ZhaoZuoxiang_239_surprise.wav
/root/autodl-tmp/CosyVoice_dev/examples/libritts/cosyvoice2/data/casia-grpo/valid/samp_1/ZhaoZuoxiang_236_sad.wav	/root/autodl-tmp/CosyVoice_dev/examples/libritts/cosyvoice2/data/casia-grpo/valid/samp_1/ZhaoZuoxiang_236_sad.wav
/root/autodl-tmp/CosyVoice_dev/examples/libritts/cosyvoice2/data/casia-grpo/valid/samp_1/ZhaoZuoxiang_239_fear.wav	/root/autodl-tmp/CosyVoice_dev/examples/libritts/cosyvoice2/data/casia-grpo/valid/samp_1/ZhaoZuoxiang_239_fear.wav
/root/autodl-tmp/CosyVoice_dev/examples/libritts/cosyvoice2/data/casia-grpo/valid/samp_1/ZhaoZuoxiang_236_surprise.wav	/root/autodl-tmp/CosyVoice_dev/examples/libritts/cosyvoice2/data/casia-grpo/valid/samp_1/ZhaoZuoxiang_236_surprise.wav
/root/autodl-tmp/CosyVoice_dev/examples/libritts/cosyvoice2/data/casia-grpo/valid/samp_1/ZhaoZuoxiang_237_angry.wav	/root/autodl-tmp/CosyVoice_dev/examples/libritts/cosyvoice2/data/casia-grpo/valid/samp_1/ZhaoZuoxiang_237_angry.wav
/root/autodl-tmp/CosyVoice_dev/examples/libritts/cosyvoice2/data/casia-grpo/valid/samp_1/ZhaoZuoxiang_237_fear.wav	/root/autodl-tmp/CosyVoice_dev/examples/libritts/cosyvoice2/data/casia-grpo/valid/samp_1/ZhaoZuoxiang_237_fear.wav
/root/autodl-tmp/CosyVoice_dev/examples/libritts/cosyvoice2/data/casia-grpo/valid/samp_1/ZhaoZuoxiang_238_surprise.wav	/root/autodl-tmp/CosyVoice_dev/examples/libritts/cosyvoice2/data/casia-grpo/valid/samp_1/ZhaoZuoxiang_238_surprise.wav
/root/autodl-tmp/CosyVoice_dev/examples/libritts/cosyvoice2/data/casia-grpo/valid/samp_1/ZhaoZuoxiang_237_happy.wav	/root/autodl-tmp/CosyVoice_dev/examples/libritts/cosyvoice2/data/casia-grpo/valid/samp_1/ZhaoZuoxiang_237_happy.wav
/root/autodl-tmp/CosyVoice_dev/examples/libritts/cosyvoice2/data/casia-grpo/valid/samp_1/ZhaoZuoxiang_237_neutral.wav	/root/autodl-tmp/CosyVoice_dev/examples/libritts/cosyvoice2/data/casia-grpo/valid/samp_1/ZhaoZuoxiang_237_neutral.wav
/root/autodl-tmp/CosyVoice_dev/examples/libritts/cosyvoice2/data/casia-grpo/valid/samp_1/ZhaoZuoxiang_239_happy.wav	/root/autodl-tmp/CosyVoice_dev/examples/libritts/cosyvoice2/data/casia-grpo/valid/samp_1/ZhaoZuoxiang_239_happy.wav
/root/autodl-tmp/CosyVoice_dev/examples/libritts/cosyvoice2/data/casia-grpo/valid/samp_1/ZhaoZuoxiang_237_sad.wav	/root/autodl-tmp/CosyVoice_dev/examples/libritts/cosyvoice2/data/casia-grpo/valid/samp_1/ZhaoZuoxiang_237_sad.wav
/root/autodl-tmp/CosyVoice_dev/examples/libritts/cosyvoice2/data/casia-grpo/valid/samp_1/ZhaoZuoxiang_237_surprise.wav	/root/autodl-tmp/CosyVoice_dev/examples/libritts/cosyvoice2/data/casia-grpo/valid/samp_1/ZhaoZuoxiang_237_surprise.wav
/root/autodl-tmp/CosyVoice_dev/examples/libritts/cosyvoice2/data/casia-grpo/valid/samp_1/ZhaoZuoxiang_239_angry.wav	/root/autodl-tmp/CosyVoice_dev/examples/libritts/cosyvoice2/data/casia-grpo/valid/samp_1/ZhaoZuoxiang_239_angry.wav
/root/autodl-tmp/CosyVoice_dev/examples/libritts/cosyvoice2/data/casia-grpo/valid/samp_1/ZhaoZuoxiang_238_angry.wav	/root/autodl-tmp/CosyVoice_dev/examples/libritts/cosyvoice2/data/casia-grpo/valid/samp_1/ZhaoZuoxiang_238_angry.wav
/root/autodl-tmp/CosyVoice_dev/examples/libritts/cosyvoice2/data/casia-grpo/valid/samp_1/ZhaoZuoxiang_239_neutral.wav	/root/autodl-tmp/CosyVoice_dev/examples/libritts/cosyvoice2/data/casia-grpo/valid/samp_1/ZhaoZuoxiang_239_neutral.wav
/root/autodl-tmp/CosyVoice_dev/examples/libritts/cosyvoice2/data/casia-grpo/valid/samp_1/ZhaoZuoxiang_238_fear.wav	/root/autodl-tmp/CosyVoice_dev/examples/libritts/cosyvoice2/data/casia-grpo/valid/samp_1/ZhaoZuoxiang_238_fear.wav
/root/autodl-tmp/CosyVoice_dev/examples/libritts/cosyvoice2/data/casia-grpo/valid/samp_1/ZhaoZuoxiang_238_happy.wav	/root/autodl-tmp/CosyVoice_dev/examples/libritts/cosyvoice2/data/casia-grpo/valid/samp_1/ZhaoZuoxiang_238_happy.wav
/root/autodl-tmp/CosyVoice_dev/examples/libritts/cosyvoice2/data/casia-grpo/valid/samp_1/ZhaoZuoxiang_238_neutral.wav	/root/autodl-tmp/CosyVoice_dev/examples/libritts/cosyvoice2/data/casia-grpo/valid/samp_1/ZhaoZuoxiang_238_neutral.wav
/root/autodl-tmp/CosyVoice_dev/examples/libritts/cosyvoice2/data/casia-grpo/valid/samp_1/ZhaoZuoxiang_238_sad.wav	/root/autodl-tmp/CosyVoice_dev/examples/libritts/cosyvoice2/data/casia-grpo/valid/samp_1/ZhaoZuoxiang_238_sad.wav
/root/autodl-tmp/CosyVoice_dev/examples/libritts/cosyvoice2/data/casia-grpo/valid/samp_1/ZhaoZuoxiang_243_fear.wav	/root/autodl-tmp/CosyVoice_dev/examples/libritts/cosyvoice2/data/casia-grpo/valid/samp_1/ZhaoZuoxiang_243_fear.wav
/root/autodl-tmp/CosyVoice_dev/examples/libritts/cosyvoice2/data/casia-grpo/valid/samp_1/ZhaoZuoxiang_240_angry.wav	/root/autodl-tmp/CosyVoice_dev/examples/libritts/cosyvoice2/data/casia-grpo/valid/samp_1/ZhaoZuoxiang_240_angry.wav
/root/autodl-tmp/CosyVoice_dev/examples/libritts/cosyvoice2/data/casia-grpo/valid/samp_1/ZhaoZuoxiang_243_happy.wav	/root/autodl-tmp/CosyVoice_dev/examples/libritts/cosyvoice2/data/casia-grpo/valid/samp_1/ZhaoZuoxiang_243_happy.wav
/root/autodl-tmp/CosyVoice_dev/examples/libritts/cosyvoice2/data/casia-grpo/valid/samp_1/ZhaoZuoxiang_240_fear.wav	/root/autodl-tmp/CosyVoice_dev/examples/libritts/cosyvoice2/data/casia-grpo/valid/samp_1/ZhaoZuoxiang_240_fear.wav
/root/autodl-tmp/CosyVoice_dev/examples/libritts/cosyvoice2/data/casia-grpo/valid/samp_1/ZhaoZuoxiang_240_happy.wav	/root/autodl-tmp/CosyVoice_dev/examples/libritts/cosyvoice2/data/casia-grpo/valid/samp_1/ZhaoZuoxiang_240_happy.wav
/root/autodl-tmp/CosyVoice_dev/examples/libritts/cosyvoice2/data/casia-grpo/valid/samp_1/ZhaoZuoxiang_240_neutral.wav	/root/autodl-tmp/CosyVoice_dev/examples/libritts/cosyvoice2/data/casia-grpo/valid/samp_1/ZhaoZuoxiang_240_neutral.wav
/root/autodl-tmp/CosyVoice_dev/examples/libritts/cosyvoice2/data/casia-grpo/valid/samp_1/ZhaoZuoxiang_242_sad.wav	/root/autodl-tmp/CosyVoice_dev/examples/libritts/cosyvoice2/data/casia-grpo/valid/samp_1/ZhaoZuoxiang_242_sad.wav
/root/autodl-tmp/CosyVoice_dev/examples/libritts/cosyvoice2/data/casia-grpo/valid/samp_1/ZhaoZuoxiang_240_sad.wav	/root/autodl-tmp/CosyVoice_dev/examples/libritts/cosyvoice2/data/casia-grpo/valid/samp_1/ZhaoZuoxiang_240_sad.wav
/root/autodl-tmp/CosyVoice_dev/examples/libritts/cosyvoice2/data/casia-grpo/valid/samp_1/ZhaoZuoxiang_242_happy.wav	/root/autodl-tmp/CosyVoice_dev/examples/libritts/cosyvoice2/data/casia-grpo/valid/samp_1/ZhaoZuoxiang_242_happy.wav
/root/autodl-tmp/CosyVoice_dev/examples/libritts/cosyvoice2/data/casia-grpo/valid/samp_1/ZhaoZuoxiang_240_surprise.wav	/root/autodl-tmp/CosyVoice_dev/examples/libritts/cosyvoice2/data/casia-grpo/valid/samp_1/ZhaoZuoxiang_240_surprise.wav
/root/autodl-tmp/CosyVoice_dev/examples/libritts/cosyvoice2/data/casia-grpo/valid/samp_1/ZhaoZuoxiang_241_angry.wav	/root/autodl-tmp/CosyVoice_dev/examples/libritts/cosyvoice2/data/casia-grpo/valid/samp_1/ZhaoZuoxiang_241_angry.wav
/root/autodl-tmp/CosyVoice_dev/examples/libritts/cosyvoice2/data/casia-grpo/valid/samp_1/ZhaoZuoxiang_242_surprise.wav	/root/autodl-tmp/CosyVoice_dev/examples/libritts/cosyvoice2/data/casia-grpo/valid/samp_1/ZhaoZuoxiang_242_surprise.wav
/root/autodl-tmp/CosyVoice_dev/examples/libritts/cosyvoice2/data/casia-grpo/valid/samp_1/ZhaoZuoxiang_241_fear.wav	/root/autodl-tmp/CosyVoice_dev/examples/libritts/cosyvoice2/data/casia-grpo/valid/samp_1/ZhaoZuoxiang_241_fear.wav
/root/autodl-tmp/CosyVoice_dev/examples/libritts/cosyvoice2/data/casia-grpo/valid/samp_1/ZhaoZuoxiang_241_happy.wav	/root/autodl-tmp/CosyVoice_dev/examples/libritts/cosyvoice2/data/casia-grpo/valid/samp_1/ZhaoZuoxiang_241_happy.wav
/root/autodl-tmp/CosyVoice_dev/examples/libritts/cosyvoice2/data/casia-grpo/valid/samp_1/ZhaoZuoxiang_242_neutral.wav	/root/autodl-tmp/CosyVoice_dev/examples/libritts/cosyvoice2/data/casia-grpo/valid/samp_1/ZhaoZuoxiang_242_neutral.wav
/root/autodl-tmp/CosyVoice_dev/examples/libritts/cosyvoice2/data/casia-grpo/valid/samp_1/ZhaoZuoxiang_241_neutral.wav	/root/autodl-tmp/CosyVoice_dev/examples/libritts/cosyvoice2/data/casia-grpo/valid/samp_1/ZhaoZuoxiang_241_neutral.wav
/root/autodl-tmp/CosyVoice_dev/examples/libritts/cosyvoice2/data/casia-grpo/valid/samp_1/ZhaoZuoxiang_241_sad.wav	/root/autodl-tmp/CosyVoice_dev/examples/libritts/cosyvoice2/data/casia-grpo/valid/samp_1/ZhaoZuoxiang_241_sad.wav
/root/autodl-tmp/CosyVoice_dev/examples/libritts/cosyvoice2/data/casia-grpo/valid/samp_1/ZhaoZuoxiang_243_angry.wav	/root/autodl-tmp/CosyVoice_dev/examples/libritts/cosyvoice2/data/casia-grpo/valid/samp_1/ZhaoZuoxiang_243_angry.wav
/root/autodl-tmp/CosyVoice_dev/examples/libritts/cosyvoice2/data/casia-grpo/valid/samp_1/ZhaoZuoxiang_241_surprise.wav	/root/autodl-tmp/CosyVoice_dev/examples/libritts/cosyvoice2/data/casia-grpo/valid/samp_1/ZhaoZuoxiang_241_surprise.wav
/root/autodl-tmp/CosyVoice_dev/examples/libritts/cosyvoice2/data/casia-grpo/valid/samp_1/ZhaoZuoxiang_242_angry.wav	/root/autodl-tmp/CosyVoice_dev/examples/libritts/cosyvoice2/data/casia-grpo/valid/samp_1/ZhaoZuoxiang_242_angry.wav
/root/autodl-tmp/CosyVoice_dev/examples/libritts/cosyvoice2/data/casia-grpo/valid/samp_1/ZhaoZuoxiang_242_fear.wav	/root/autodl-tmp/CosyVoice_dev/examples/libritts/cosyvoice2/data/casia-grpo/valid/samp_1/ZhaoZuoxiang_242_fear.wav
/root/autodl-tmp/CosyVoice_dev/examples/libritts/cosyvoice2/data/casia-grpo/valid/samp_1/ZhaoZuoxiang_246_sad.wav	/root/autodl-tmp/CosyVoice_dev/examples/libritts/cosyvoice2/data/casia-grpo/valid/samp_1/ZhaoZuoxiang_246_sad.wav
/root/autodl-tmp/CosyVoice_dev/examples/libritts/cosyvoice2/data/casia-grpo/valid/samp_1/ZhaoZuoxiang_243_neutral.wav	/root/autodl-tmp/CosyVoice_dev/examples/libritts/cosyvoice2/data/casia-grpo/valid/samp_1/ZhaoZuoxiang_243_neutral.wav
/root/autodl-tmp/CosyVoice_dev/examples/libritts/cosyvoice2/data/casia-grpo/valid/samp_1/ZhaoZuoxiang_246_surprise.wav	/root/autodl-tmp/CosyVoice_dev/examples/libritts/cosyvoice2/data/casia-grpo/valid/samp_1/ZhaoZuoxiang_246_surprise.wav
/root/autodl-tmp/CosyVoice_dev/examples/libritts/cosyvoice2/data/casia-grpo/valid/samp_1/ZhaoZuoxiang_243_sad.wav	/root/autodl-tmp/CosyVoice_dev/examples/libritts/cosyvoice2/data/casia-grpo/valid/samp_1/ZhaoZuoxiang_243_sad.wav
/root/autodl-tmp/CosyVoice_dev/examples/libritts/cosyvoice2/data/casia-grpo/valid/samp_1/ZhaoZuoxiang_246_fear.wav	/root/autodl-tmp/CosyVoice_dev/examples/libritts/cosyvoice2/data/casia-grpo/valid/samp_1/ZhaoZuoxiang_246_fear.wav
/root/autodl-tmp/CosyVoice_dev/examples/libritts/cosyvoice2/data/casia-grpo/valid/samp_1/ZhaoZuoxiang_243_surprise.wav	/root/autodl-tmp/CosyVoice_dev/examples/libritts/cosyvoice2/data/casia-grpo/valid/samp_1/ZhaoZuoxiang_243_surprise.wav
/root/autodl-tmp/CosyVoice_dev/examples/libritts/cosyvoice2/data/casia-grpo/valid/samp_1/ZhaoZuoxiang_244_angry.wav	/root/autodl-tmp/CosyVoice_dev/examples/libritts/cosyvoice2/data/casia-grpo/valid/samp_1/ZhaoZuoxiang_244_angry.wav
/root/autodl-tmp/CosyVoice_dev/examples/libritts/cosyvoice2/data/casia-grpo/valid/samp_1/ZhaoZuoxiang_244_fear.wav	/root/autodl-tmp/CosyVoice_dev/examples/libritts/cosyvoice2/data/casia-grpo/valid/samp_1/ZhaoZuoxiang_244_fear.wav
/root/autodl-tmp/CosyVoice_dev/examples/libritts/cosyvoice2/data/casia-grpo/valid/samp_1/ZhaoZuoxiang_245_surprise.wav	/root/autodl-tmp/CosyVoice_dev/examples/libritts/cosyvoice2/data/casia-grpo/valid/samp_1/ZhaoZuoxiang_245_surprise.wav
/root/autodl-tmp/CosyVoice_dev/examples/libritts/cosyvoice2/data/casia-grpo/valid/samp_1/ZhaoZuoxiang_244_happy.wav	/root/autodl-tmp/CosyVoice_dev/examples/libritts/cosyvoice2/data/casia-grpo/valid/samp_1/ZhaoZuoxiang_244_happy.wav
/root/autodl-tmp/CosyVoice_dev/examples/libritts/cosyvoice2/data/casia-grpo/valid/samp_1/ZhaoZuoxiang_244_neutral.wav	/root/autodl-tmp/CosyVoice_dev/examples/libritts/cosyvoice2/data/casia-grpo/valid/samp_1/ZhaoZuoxiang_244_neutral.wav
/root/autodl-tmp/CosyVoice_dev/examples/libritts/cosyvoice2/data/casia-grpo/valid/samp_1/ZhaoZuoxiang_246_happy.wav	/root/autodl-tmp/CosyVoice_dev/examples/libritts/cosyvoice2/data/casia-grpo/valid/samp_1/ZhaoZuoxiang_246_happy.wav
/root/autodl-tmp/CosyVoice_dev/examples/libritts/cosyvoice2/data/casia-grpo/valid/samp_1/ZhaoZuoxiang_244_sad.wav	/root/autodl-tmp/CosyVoice_dev/examples/libritts/cosyvoice2/data/casia-grpo/valid/samp_1/ZhaoZuoxiang_244_sad.wav
/root/autodl-tmp/CosyVoice_dev/examples/libritts/cosyvoice2/data/casia-grpo/valid/samp_1/ZhaoZuoxiang_244_surprise.wav	/root/autodl-tmp/CosyVoice_dev/examples/libritts/cosyvoice2/data/casia-grpo/valid/samp_1/ZhaoZuoxiang_244_surprise.wav
/root/autodl-tmp/CosyVoice_dev/examples/libritts/cosyvoice2/data/casia-grpo/valid/samp_1/ZhaoZuoxiang_246_angry.wav	/root/autodl-tmp/CosyVoice_dev/examples/libritts/cosyvoice2/data/casia-grpo/valid/samp_1/ZhaoZuoxiang_246_angry.wav
/root/autodl-tmp/CosyVoice_dev/examples/libritts/cosyvoice2/data/casia-grpo/valid/samp_1/ZhaoZuoxiang_245_angry.wav	/root/autodl-tmp/CosyVoice_dev/examples/libritts/cosyvoice2/data/casia-grpo/valid/samp_1/ZhaoZuoxiang_245_angry.wav
/root/autodl-tmp/CosyVoice_dev/examples/libritts/cosyvoice2/data/casia-grpo/valid/samp_1/ZhaoZuoxiang_246_neutral.wav	/root/autodl-tmp/CosyVoice_dev/examples/libritts/cosyvoice2/data/casia-grpo/valid/samp_1/ZhaoZuoxiang_246_neutral.wav
/root/autodl-tmp/CosyVoice_dev/examples/libritts/cosyvoice2/data/casia-grpo/valid/samp_1/ZhaoZuoxiang_245_fear.wav	/root/autodl-tmp/CosyVoice_dev/examples/libritts/cosyvoice2/data/casia-grpo/valid/samp_1/ZhaoZuoxiang_245_fear.wav
/root/autodl-tmp/CosyVoice_dev/examples/libritts/cosyvoice2/data/casia-grpo/valid/samp_1/ZhaoZuoxiang_245_happy.wav	/root/autodl-tmp/CosyVoice_dev/examples/libritts/cosyvoice2/data/casia-grpo/valid/samp_1/ZhaoZuoxiang_245_happy.wav
/root/autodl-tmp/CosyVoice_dev/examples/libritts/cosyvoice2/data/casia-grpo/valid/samp_1/ZhaoZuoxiang_245_neutral.wav	/root/autodl-tmp/CosyVoice_dev/examples/libritts/cosyvoice2/data/casia-grpo/valid/samp_1/ZhaoZuoxiang_245_neutral.wav
/root/autodl-tmp/CosyVoice_dev/examples/libritts/cosyvoice2/data/casia-grpo/valid/samp_1/ZhaoZuoxiang_245_sad.wav	/root/autodl-tmp/CosyVoice_dev/examples/libritts/cosyvoice2/data/casia-grpo/valid/samp_1/ZhaoZuoxiang_245_sad.wav
/root/autodl-tmp/CosyVoice_dev/examples/libritts/cosyvoice2/data/casia-grpo/valid/samp_1/ZhaoZuoxiang_250_fear.wav	/root/autodl-tmp/CosyVoice_dev/examples/libritts/cosyvoice2/data/casia-grpo/valid/samp_1/ZhaoZuoxiang_250_fear.wav
/root/autodl-tmp/CosyVoice_dev/examples/libritts/cosyvoice2/data/casia-grpo/valid/samp_1/ZhaoZuoxiang_247_angry.wav	/root/autodl-tmp/CosyVoice_dev/examples/libritts/cosyvoice2/data/casia-grpo/valid/samp_1/ZhaoZuoxiang_247_angry.wav
/root/autodl-tmp/CosyVoice_dev/examples/libritts/cosyvoice2/data/casia-grpo/valid/samp_1/ZhaoZuoxiang_250_happy.wav	/root/autodl-tmp/CosyVoice_dev/examples/libritts/cosyvoice2/data/casia-grpo/valid/samp_1/ZhaoZuoxiang_250_happy.wav
/root/autodl-tmp/CosyVoice_dev/examples/libritts/cosyvoice2/data/casia-grpo/valid/samp_1/ZhaoZuoxiang_247_fear.wav	/root/autodl-tmp/CosyVoice_dev/examples/libritts/cosyvoice2/data/casia-grpo/valid/samp_1/ZhaoZuoxiang_247_fear.wav
/root/autodl-tmp/CosyVoice_dev/examples/libritts/cosyvoice2/data/casia-grpo/valid/samp_1/ZhaoZuoxiang_247_happy.wav	/root/autodl-tmp/CosyVoice_dev/examples/libritts/cosyvoice2/data/casia-grpo/valid/samp_1/ZhaoZuoxiang_247_happy.wav
/root/autodl-tmp/CosyVoice_dev/examples/libritts/cosyvoice2/data/casia-grpo/valid/samp_1/ZhaoZuoxiang_247_neutral.wav	/root/autodl-tmp/CosyVoice_dev/examples/libritts/cosyvoice2/data/casia-grpo/valid/samp_1/ZhaoZuoxiang_247_neutral.wav
/root/autodl-tmp/CosyVoice_dev/examples/libritts/cosyvoice2/data/casia-grpo/valid/samp_1/ZhaoZuoxiang_249_sad.wav	/root/autodl-tmp/CosyVoice_dev/examples/libritts/cosyvoice2/data/casia-grpo/valid/samp_1/ZhaoZuoxiang_249_sad.wav
/root/autodl-tmp/CosyVoice_dev/examples/libritts/cosyvoice2/data/casia-grpo/valid/samp_1/ZhaoZuoxiang_247_sad.wav	/root/autodl-tmp/CosyVoice_dev/examples/libritts/cosyvoice2/data/casia-grpo/valid/samp_1/ZhaoZuoxiang_247_sad.wav
/root/autodl-tmp/CosyVoice_dev/examples/libritts/cosyvoice2/data/casia-grpo/valid/samp_1/ZhaoZuoxiang_249_happy.wav	/root/autodl-tmp/CosyVoice_dev/examples/libritts/cosyvoice2/data/casia-grpo/valid/samp_1/ZhaoZuoxiang_249_happy.wav
/root/autodl-tmp/CosyVoice_dev/examples/libritts/cosyvoice2/data/casia-grpo/valid/samp_1/ZhaoZuoxiang_247_surprise.wav	/root/autodl-tmp/CosyVoice_dev/examples/libritts/cosyvoice2/data/casia-grpo/valid/samp_1/ZhaoZuoxiang_247_surprise.wav
/root/autodl-tmp/CosyVoice_dev/examples/libritts/cosyvoice2/data/casia-grpo/valid/samp_1/ZhaoZuoxiang_248_angry.wav	/root/autodl-tmp/CosyVoice_dev/examples/libritts/cosyvoice2/data/casia-grpo/valid/samp_1/ZhaoZuoxiang_248_angry.wav
/root/autodl-tmp/CosyVoice_dev/examples/libritts/cosyvoice2/data/casia-grpo/valid/samp_1/ZhaoZuoxiang_249_surprise.wav	/root/autodl-tmp/CosyVoice_dev/examples/libritts/cosyvoice2/data/casia-grpo/valid/samp_1/ZhaoZuoxiang_249_surprise.wav
/root/autodl-tmp/CosyVoice_dev/examples/libritts/cosyvoice2/data/casia-grpo/valid/samp_1/ZhaoZuoxiang_248_fear.wav	/root/autodl-tmp/CosyVoice_dev/examples/libritts/cosyvoice2/data/casia-grpo/valid/samp_1/ZhaoZuoxiang_248_fear.wav
/root/autodl-tmp/CosyVoice_dev/examples/libritts/cosyvoice2/data/casia-grpo/valid/samp_1/ZhaoZuoxiang_248_happy.wav	/root/autodl-tmp/CosyVoice_dev/examples/libritts/cosyvoice2/data/casia-grpo/valid/samp_1/ZhaoZuoxiang_248_happy.wav
/root/autodl-tmp/CosyVoice_dev/examples/libritts/cosyvoice2/data/casia-grpo/valid/samp_1/ZhaoZuoxiang_249_neutral.wav	/root/autodl-tmp/CosyVoice_dev/examples/libritts/cosyvoice2/data/casia-grpo/valid/samp_1/ZhaoZuoxiang_249_neutral.wav
/root/autodl-tmp/CosyVoice_dev/examples/libritts/cosyvoice2/data/casia-grpo/valid/samp_1/ZhaoZuoxiang_248_neutral.wav	/root/autodl-tmp/CosyVoice_dev/examples/libritts/cosyvoice2/data/casia-grpo/valid/samp_1/ZhaoZuoxiang_248_neutral.wav
/root/autodl-tmp/CosyVoice_dev/examples/libritts/cosyvoice2/data/casia-grpo/valid/samp_1/ZhaoZuoxiang_248_sad.wav	/root/autodl-tmp/CosyVoice_dev/examples/libritts/cosyvoice2/data/casia-grpo/valid/samp_1/ZhaoZuoxiang_248_sad.wav
/root/autodl-tmp/CosyVoice_dev/examples/libritts/cosyvoice2/data/casia-grpo/valid/samp_1/ZhaoZuoxiang_250_angry.wav	/root/autodl-tmp/CosyVoice_dev/examples/libritts/cosyvoice2/data/casia-grpo/valid/samp_1/ZhaoZuoxiang_250_angry.wav
/root/autodl-tmp/CosyVoice_dev/examples/libritts/cosyvoice2/data/casia-grpo/valid/samp_1/ZhaoZuoxiang_248_surprise.wav	/root/autodl-tmp/CosyVoice_dev/examples/libritts/cosyvoice2/data/casia-grpo/valid/samp_1/ZhaoZuoxiang_248_surprise.wav
/root/autodl-tmp/CosyVoice_dev/examples/libritts/cosyvoice2/data/casia-grpo/valid/samp_1/ZhaoZuoxiang_249_angry.wav	/root/autodl-tmp/CosyVoice_dev/examples/libritts/cosyvoice2/data/casia-grpo/valid/samp_1/ZhaoZuoxiang_249_angry.wav
/root/autodl-tmp/CosyVoice_dev/examples/libritts/cosyvoice2/data/casia-grpo/valid/samp_1/ZhaoZuoxiang_249_fear.wav	/root/autodl-tmp/CosyVoice_dev/examples/libritts/cosyvoice2/data/casia-grpo/valid/samp_1/ZhaoZuoxiang_249_fear.wav
/root/autodl-tmp/CosyVoice_dev/examples/libritts/cosyvoice2/data/casia-grpo/valid/samp_1/ZhaoZuoxiang_250_neutral.wav	/root/autodl-tmp/CosyVoice_dev/examples/libritts/cosyvoice2/data/casia-grpo/valid/samp_1/ZhaoZuoxiang_250_neutral.wav
/root/autodl-tmp/CosyVoice_dev/examples/libritts/cosyvoice2/data/casia-grpo/valid/samp_1/ZhaoZuoxiang_250_sad.wav	/root/autodl-tmp/CosyVoice_dev/examples/libritts/cosyvoice2/data/casia-grpo/valid/samp_1/ZhaoZuoxiang_250_sad.wav
/root/autodl-tmp/CosyVoice_dev/examples/libritts/cosyvoice2/data/casia-grpo/valid/samp_1/ZhaoZuoxiang_250_surprise.wav	/root/autodl-tmp/CosyVoice_dev/examples/libritts/cosyvoice2/data/casia-grpo/valid/samp_1/ZhaoZuoxiang_250_surprise.wav
/root/autodl-tmp/CosyVoice_dev/examples/libritts/cosyvoice2/data/casia-grpo/valid/samp_2/ZhaoZuoxiang_203_angry.wav	/root/autodl-tmp/CosyVoice_dev/examples/libritts/cosyvoice2/data/casia-grpo/valid/samp_2/ZhaoZuoxiang_203_angry.wav
/root/autodl-tmp/CosyVoice_dev/examples/libritts/cosyvoice2/data/casia-grpo/valid/samp_2/ZhaoZuoxiang_201_angry.wav	/root/autodl-tmp/CosyVoice_dev/examples/libritts/cosyvoice2/data/casia-grpo/valid/samp_2/ZhaoZuoxiang_201_angry.wav
/root/autodl-tmp/CosyVoice_dev/examples/libritts/cosyvoice2/data/casia-grpo/valid/samp_2/ZhaoZuoxiang_204_fear.wav	/root/autodl-tmp/CosyVoice_dev/examples/libritts/cosyvoice2/data/casia-grpo/valid/samp_2/ZhaoZuoxiang_204_fear.wav
/root/autodl-tmp/CosyVoice_dev/examples/libritts/cosyvoice2/data/casia-grpo/valid/samp_2/ZhaoZuoxiang_201_fear.wav	/root/autodl-tmp/CosyVoice_dev/examples/libritts/cosyvoice2/data/casia-grpo/valid/samp_2/ZhaoZuoxiang_201_fear.wav
/root/autodl-tmp/CosyVoice_dev/examples/libritts/cosyvoice2/data/casia-grpo/valid/samp_2/ZhaoZuoxiang_204_happy.wav	/root/autodl-tmp/CosyVoice_dev/examples/libritts/cosyvoice2/data/casia-grpo/valid/samp_2/ZhaoZuoxiang_204_happy.wav
/root/autodl-tmp/CosyVoice_dev/examples/libritts/cosyvoice2/data/casia-grpo/valid/samp_2/ZhaoZuoxiang_201_happy.wav	/root/autodl-tmp/CosyVoice_dev/examples/libritts/cosyvoice2/data/casia-grpo/valid/samp_2/ZhaoZuoxiang_201_happy.wav
/root/autodl-tmp/CosyVoice_dev/examples/libritts/cosyvoice2/data/casia-grpo/valid/samp_2/ZhaoZuoxiang_204_neutral.wav	/root/autodl-tmp/CosyVoice_dev/examples/libritts/cosyvoice2/data/casia-grpo/valid/samp_2/ZhaoZuoxiang_204_neutral.wav
/root/autodl-tmp/CosyVoice_dev/examples/libritts/cosyvoice2/data/casia-grpo/valid/samp_2/ZhaoZuoxiang_201_neutral.wav	/root/autodl-tmp/CosyVoice_dev/examples/libritts/cosyvoice2/data/casia-grpo/valid/samp_2/ZhaoZuoxiang_201_neutral.wav
/root/autodl-tmp/CosyVoice_dev/examples/libritts/cosyvoice2/data/casia-grpo/valid/samp_2/ZhaoZuoxiang_204_surprise.wav	/root/autodl-tmp/CosyVoice_dev/examples/libritts/cosyvoice2/data/casia-grpo/valid/samp_2/ZhaoZuoxiang_204_surprise.wav
/root/autodl-tmp/CosyVoice_dev/examples/libritts/cosyvoice2/data/casia-grpo/valid/samp_2/ZhaoZuoxiang_201_sad.wav	/root/autodl-tmp/CosyVoice_dev/examples/libritts/cosyvoice2/data/casia-grpo/valid/samp_2/ZhaoZuoxiang_201_sad.wav
/root/autodl-tmp/CosyVoice_dev/examples/libritts/cosyvoice2/data/casia-grpo/valid/samp_2/ZhaoZuoxiang_201_surprise.wav	/root/autodl-tmp/CosyVoice_dev/examples/libritts/cosyvoice2/data/casia-grpo/valid/samp_2/ZhaoZuoxiang_201_surprise.wav
/root/autodl-tmp/CosyVoice_dev/examples/libritts/cosyvoice2/data/casia-grpo/valid/samp_2/ZhaoZuoxiang_204_sad.wav	/root/autodl-tmp/CosyVoice_dev/examples/libritts/cosyvoice2/data/casia-grpo/valid/samp_2/ZhaoZuoxiang_204_sad.wav
/root/autodl-tmp/CosyVoice_dev/examples/libritts/cosyvoice2/data/casia-grpo/valid/samp_2/ZhaoZuoxiang_203_happy.wav	/root/autodl-tmp/CosyVoice_dev/examples/libritts/cosyvoice2/data/casia-grpo/valid/samp_2/ZhaoZuoxiang_203_happy.wav
/root/autodl-tmp/CosyVoice_dev/examples/libritts/cosyvoice2/data/casia-grpo/valid/samp_2/ZhaoZuoxiang_202_angry.wav	/root/autodl-tmp/CosyVoice_dev/examples/libritts/cosyvoice2/data/casia-grpo/valid/samp_2/ZhaoZuoxiang_202_angry.wav
/root/autodl-tmp/CosyVoice_dev/examples/libritts/cosyvoice2/data/casia-grpo/valid/samp_2/ZhaoZuoxiang_205_angry.wav	/root/autodl-tmp/CosyVoice_dev/examples/libritts/cosyvoice2/data/casia-grpo/valid/samp_2/ZhaoZuoxiang_205_angry.wav
/root/autodl-tmp/CosyVoice_dev/examples/libritts/cosyvoice2/data/casia-grpo/valid/samp_2/ZhaoZuoxiang_203_surprise.wav	/root/autodl-tmp/CosyVoice_dev/examples/libritts/cosyvoice2/data/casia-grpo/valid/samp_2/ZhaoZuoxiang_203_surprise.wav
/root/autodl-tmp/CosyVoice_dev/examples/libritts/cosyvoice2/data/casia-grpo/valid/samp_2/ZhaoZuoxiang_202_fear.wav	/root/autodl-tmp/CosyVoice_dev/examples/libritts/cosyvoice2/data/casia-grpo/valid/samp_2/ZhaoZuoxiang_202_fear.wav
/root/autodl-tmp/CosyVoice_dev/examples/libritts/cosyvoice2/data/casia-grpo/valid/samp_2/ZhaoZuoxiang_202_happy.wav	/root/autodl-tmp/CosyVoice_dev/examples/libritts/cosyvoice2/data/casia-grpo/valid/samp_2/ZhaoZuoxiang_202_happy.wav
/root/autodl-tmp/CosyVoice_dev/examples/libritts/cosyvoice2/data/casia-grpo/valid/samp_2/ZhaoZuoxiang_205_fear.wav	/root/autodl-tmp/CosyVoice_dev/examples/libritts/cosyvoice2/data/casia-grpo/valid/samp_2/ZhaoZuoxiang_205_fear.wav
/root/autodl-tmp/CosyVoice_dev/examples/libritts/cosyvoice2/data/casia-grpo/valid/samp_2/ZhaoZuoxiang_202_neutral.wav	/root/autodl-tmp/CosyVoice_dev/examples/libritts/cosyvoice2/data/casia-grpo/valid/samp_2/ZhaoZuoxiang_202_neutral.wav
/root/autodl-tmp/CosyVoice_dev/examples/libritts/cosyvoice2/data/casia-grpo/valid/samp_2/ZhaoZuoxiang_205_happy.wav	/root/autodl-tmp/CosyVoice_dev/examples/libritts/cosyvoice2/data/casia-grpo/valid/samp_2/ZhaoZuoxiang_205_happy.wav
/root/autodl-tmp/CosyVoice_dev/examples/libritts/cosyvoice2/data/casia-grpo/valid/samp_2/ZhaoZuoxiang_202_sad.wav	/root/autodl-tmp/CosyVoice_dev/examples/libritts/cosyvoice2/data/casia-grpo/valid/samp_2/ZhaoZuoxiang_202_sad.wav
/root/autodl-tmp/CosyVoice_dev/examples/libritts/cosyvoice2/data/casia-grpo/valid/samp_2/ZhaoZuoxiang_203_neutral.wav	/root/autodl-tmp/CosyVoice_dev/examples/libritts/cosyvoice2/data/casia-grpo/valid/samp_2/ZhaoZuoxiang_203_neutral.wav
/root/autodl-tmp/CosyVoice_dev/examples/libritts/cosyvoice2/data/casia-grpo/valid/samp_2/ZhaoZuoxiang_204_angry.wav	/root/autodl-tmp/CosyVoice_dev/examples/libritts/cosyvoice2/data/casia-grpo/valid/samp_2/ZhaoZuoxiang_204_angry.wav
/root/autodl-tmp/CosyVoice_dev/examples/libritts/cosyvoice2/data/casia-grpo/valid/samp_2/ZhaoZuoxiang_202_surprise.wav	/root/autodl-tmp/CosyVoice_dev/examples/libritts/cosyvoice2/data/casia-grpo/valid/samp_2/ZhaoZuoxiang_202_surprise.wav
/root/autodl-tmp/CosyVoice_dev/examples/libritts/cosyvoice2/data/casia-grpo/valid/samp_2/ZhaoZuoxiang_205_neutral.wav	/root/autodl-tmp/CosyVoice_dev/examples/libritts/cosyvoice2/data/casia-grpo/valid/samp_2/ZhaoZuoxiang_205_neutral.wav
/root/autodl-tmp/CosyVoice_dev/examples/libritts/cosyvoice2/data/casia-grpo/valid/samp_2/ZhaoZuoxiang_203_fear.wav	/root/autodl-tmp/CosyVoice_dev/examples/libritts/cosyvoice2/data/casia-grpo/valid/samp_2/ZhaoZuoxiang_203_fear.wav
/root/autodl-tmp/CosyVoice_dev/examples/libritts/cosyvoice2/data/casia-grpo/valid/samp_2/ZhaoZuoxiang_203_sad.wav	/root/autodl-tmp/CosyVoice_dev/examples/libritts/cosyvoice2/data/casia-grpo/valid/samp_2/ZhaoZuoxiang_203_sad.wav
/root/autodl-tmp/CosyVoice_dev/examples/libritts/cosyvoice2/data/casia-grpo/valid/samp_2/ZhaoZuoxiang_207_sad.wav	/root/autodl-tmp/CosyVoice_dev/examples/libritts/cosyvoice2/data/casia-grpo/valid/samp_2/ZhaoZuoxiang_207_sad.wav
/root/autodl-tmp/CosyVoice_dev/examples/libritts/cosyvoice2/data/casia-grpo/valid/samp_2/ZhaoZuoxiang_208_sad.wav	/root/autodl-tmp/CosyVoice_dev/examples/libritts/cosyvoice2/data/casia-grpo/valid/samp_2/ZhaoZuoxiang_208_sad.wav
/root/autodl-tmp/CosyVoice_dev/examples/libritts/cosyvoice2/data/casia-grpo/valid/samp_2/ZhaoZuoxiang_205_sad.wav	/root/autodl-tmp/CosyVoice_dev/examples/libritts/cosyvoice2/data/casia-grpo/valid/samp_2/ZhaoZuoxiang_205_sad.wav
/root/autodl-tmp/CosyVoice_dev/examples/libritts/cosyvoice2/data/casia-grpo/valid/samp_2/ZhaoZuoxiang_207_surprise.wav	/root/autodl-tmp/CosyVoice_dev/examples/libritts/cosyvoice2/data/casia-grpo/valid/samp_2/ZhaoZuoxiang_207_surprise.wav
/root/autodl-tmp/CosyVoice_dev/examples/libritts/cosyvoice2/data/casia-grpo/valid/samp_2/ZhaoZuoxiang_208_happy.wav	/root/autodl-tmp/CosyVoice_dev/examples/libritts/cosyvoice2/data/casia-grpo/valid/samp_2/ZhaoZuoxiang_208_happy.wav
/root/autodl-tmp/CosyVoice_dev/examples/libritts/cosyvoice2/data/casia-grpo/valid/samp_2/ZhaoZuoxiang_205_surprise.wav	/root/autodl-tmp/CosyVoice_dev/examples/libritts/cosyvoice2/data/casia-grpo/valid/samp_2/ZhaoZuoxiang_205_surprise.wav
/root/autodl-tmp/CosyVoice_dev/examples/libritts/cosyvoice2/data/casia-grpo/valid/samp_2/ZhaoZuoxiang_208_surprise.wav	/root/autodl-tmp/CosyVoice_dev/examples/libritts/cosyvoice2/data/casia-grpo/valid/samp_2/ZhaoZuoxiang_208_surprise.wav
/root/autodl-tmp/CosyVoice_dev/examples/libritts/cosyvoice2/data/casia-grpo/valid/samp_2/ZhaoZuoxiang_206_angry.wav	/root/autodl-tmp/CosyVoice_dev/examples/libritts/cosyvoice2/data/casia-grpo/valid/samp_2/ZhaoZuoxiang_206_angry.wav
/root/autodl-tmp/CosyVoice_dev/examples/libritts/cosyvoice2/data/casia-grpo/valid/samp_2/ZhaoZuoxiang_209_angry.wav	/root/autodl-tmp/CosyVoice_dev/examples/libritts/cosyvoice2/data/casia-grpo/valid/samp_2/ZhaoZuoxiang_209_angry.wav
/root/autodl-tmp/CosyVoice_dev/examples/libritts/cosyvoice2/data/casia-grpo/valid/samp_2/ZhaoZuoxiang_206_fear.wav	/root/autodl-tmp/CosyVoice_dev/examples/libritts/cosyvoice2/data/casia-grpo/valid/samp_2/ZhaoZuoxiang_206_fear.wav
/root/autodl-tmp/CosyVoice_dev/examples/libritts/cosyvoice2/data/casia-grpo/valid/samp_2/ZhaoZuoxiang_206_happy.wav	/root/autodl-tmp/CosyVoice_dev/examples/libritts/cosyvoice2/data/casia-grpo/valid/samp_2/ZhaoZuoxiang_206_happy.wav
/root/autodl-tmp/CosyVoice_dev/examples/libritts/cosyvoice2/data/casia-grpo/valid/samp_2/ZhaoZuoxiang_209_fear.wav	/root/autodl-tmp/CosyVoice_dev/examples/libritts/cosyvoice2/data/casia-grpo/valid/samp_2/ZhaoZuoxiang_209_fear.wav
/root/autodl-tmp/CosyVoice_dev/examples/libritts/cosyvoice2/data/casia-grpo/valid/samp_2/ZhaoZuoxiang_208_angry.wav	/root/autodl-tmp/CosyVoice_dev/examples/libritts/cosyvoice2/data/casia-grpo/valid/samp_2/ZhaoZuoxiang_208_angry.wav
/root/autodl-tmp/CosyVoice_dev/examples/libritts/cosyvoice2/data/casia-grpo/valid/samp_2/ZhaoZuoxiang_206_neutral.wav	/root/autodl-tmp/CosyVoice_dev/examples/libritts/cosyvoice2/data/casia-grpo/valid/samp_2/ZhaoZuoxiang_206_neutral.wav
/root/autodl-tmp/CosyVoice_dev/examples/libritts/cosyvoice2/data/casia-grpo/valid/samp_2/ZhaoZuoxiang_209_happy.wav	/root/autodl-tmp/CosyVoice_dev/examples/libritts/cosyvoice2/data/casia-grpo/valid/samp_2/ZhaoZuoxiang_209_happy.wav
/root/autodl-tmp/CosyVoice_dev/examples/libritts/cosyvoice2/data/casia-grpo/valid/samp_2/ZhaoZuoxiang_206_sad.wav	/root/autodl-tmp/CosyVoice_dev/examples/libritts/cosyvoice2/data/casia-grpo/valid/samp_2/ZhaoZuoxiang_206_sad.wav
/root/autodl-tmp/CosyVoice_dev/examples/libritts/cosyvoice2/data/casia-grpo/valid/samp_2/ZhaoZuoxiang_208_neutral.wav	/root/autodl-tmp/CosyVoice_dev/examples/libritts/cosyvoice2/data/casia-grpo/valid/samp_2/ZhaoZuoxiang_208_neutral.wav
/root/autodl-tmp/CosyVoice_dev/examples/libritts/cosyvoice2/data/casia-grpo/valid/samp_2/ZhaoZuoxiang_206_surprise.wav	/root/autodl-tmp/CosyVoice_dev/examples/libritts/cosyvoice2/data/casia-grpo/valid/samp_2/ZhaoZuoxiang_206_surprise.wav
/root/autodl-tmp/CosyVoice_dev/examples/libritts/cosyvoice2/data/casia-grpo/valid/samp_2/ZhaoZuoxiang_209_neutral.wav	/root/autodl-tmp/CosyVoice_dev/examples/libritts/cosyvoice2/data/casia-grpo/valid/samp_2/ZhaoZuoxiang_209_neutral.wav
/root/autodl-tmp/CosyVoice_dev/examples/libritts/cosyvoice2/data/casia-grpo/valid/samp_2/ZhaoZuoxiang_207_angry.wav	/root/autodl-tmp/CosyVoice_dev/examples/libritts/cosyvoice2/data/casia-grpo/valid/samp_2/ZhaoZuoxiang_207_angry.wav
/root/autodl-tmp/CosyVoice_dev/examples/libritts/cosyvoice2/data/casia-grpo/valid/samp_2/ZhaoZuoxiang_209_sad.wav	/root/autodl-tmp/CosyVoice_dev/examples/libritts/cosyvoice2/data/casia-grpo/valid/samp_2/ZhaoZuoxiang_209_sad.wav
/root/autodl-tmp/CosyVoice_dev/examples/libritts/cosyvoice2/data/casia-grpo/valid/samp_2/ZhaoZuoxiang_207_fear.wav	/root/autodl-tmp/CosyVoice_dev/examples/libritts/cosyvoice2/data/casia-grpo/valid/samp_2/ZhaoZuoxiang_207_fear.wav
/root/autodl-tmp/CosyVoice_dev/examples/libritts/cosyvoice2/data/casia-grpo/valid/samp_2/ZhaoZuoxiang_208_fear.wav	/root/autodl-tmp/CosyVoice_dev/examples/libritts/cosyvoice2/data/casia-grpo/valid/samp_2/ZhaoZuoxiang_208_fear.wav
/root/autodl-tmp/CosyVoice_dev/examples/libritts/cosyvoice2/data/casia-grpo/valid/samp_2/ZhaoZuoxiang_209_surprise.wav	/root/autodl-tmp/CosyVoice_dev/examples/libritts/cosyvoice2/data/casia-grpo/valid/samp_2/ZhaoZuoxiang_209_surprise.wav
/root/autodl-tmp/CosyVoice_dev/examples/libritts/cosyvoice2/data/casia-grpo/valid/samp_2/ZhaoZuoxiang_207_happy.wav	/root/autodl-tmp/CosyVoice_dev/examples/libritts/cosyvoice2/data/casia-grpo/valid/samp_2/ZhaoZuoxiang_207_happy.wav
/root/autodl-tmp/CosyVoice_dev/examples/libritts/cosyvoice2/data/casia-grpo/valid/samp_2/ZhaoZuoxiang_210_angry.wav	/root/autodl-tmp/CosyVoice_dev/examples/libritts/cosyvoice2/data/casia-grpo/valid/samp_2/ZhaoZuoxiang_210_angry.wav
/root/autodl-tmp/CosyVoice_dev/examples/libritts/cosyvoice2/data/casia-grpo/valid/samp_2/ZhaoZuoxiang_207_neutral.wav	/root/autodl-tmp/CosyVoice_dev/examples/libritts/cosyvoice2/data/casia-grpo/valid/samp_2/ZhaoZuoxiang_207_neutral.wav
/root/autodl-tmp/CosyVoice_dev/examples/libritts/cosyvoice2/data/casia-grpo/valid/samp_2/ZhaoZuoxiang_210_fear.wav	/root/autodl-tmp/CosyVoice_dev/examples/libritts/cosyvoice2/data/casia-grpo/valid/samp_2/ZhaoZuoxiang_210_fear.wav
/root/autodl-tmp/CosyVoice_dev/examples/libritts/cosyvoice2/data/casia-grpo/valid/samp_2/ZhaoZuoxiang_210_happy.wav	/root/autodl-tmp/CosyVoice_dev/examples/libritts/cosyvoice2/data/casia-grpo/valid/samp_2/ZhaoZuoxiang_210_happy.wav
/root/autodl-tmp/CosyVoice_dev/examples/libritts/cosyvoice2/data/casia-grpo/valid/samp_2/ZhaoZuoxiang_210_neutral.wav	/root/autodl-tmp/CosyVoice_dev/examples/libritts/cosyvoice2/data/casia-grpo/valid/samp_2/ZhaoZuoxiang_210_neutral.wav
/root/autodl-tmp/CosyVoice_dev/examples/libritts/cosyvoice2/data/casia-grpo/valid/samp_2/ZhaoZuoxiang_210_sad.wav	/root/autodl-tmp/CosyVoice_dev/examples/libritts/cosyvoice2/data/casia-grpo/valid/samp_2/ZhaoZuoxiang_210_sad.wav
/root/autodl-tmp/CosyVoice_dev/examples/libritts/cosyvoice2/data/casia-grpo/valid/samp_2/ZhaoZuoxiang_210_surprise.wav	/root/autodl-tmp/CosyVoice_dev/examples/libritts/cosyvoice2/data/casia-grpo/valid/samp_2/ZhaoZuoxiang_210_surprise.wav
/root/autodl-tmp/CosyVoice_dev/examples/libritts/cosyvoice2/data/casia-grpo/valid/samp_2/ZhaoZuoxiang_211_angry.wav	/root/autodl-tmp/CosyVoice_dev/examples/libritts/cosyvoice2/data/casia-grpo/valid/samp_2/ZhaoZuoxiang_211_angry.wav
/root/autodl-tmp/CosyVoice_dev/examples/libritts/cosyvoice2/data/casia-grpo/valid/samp_2/ZhaoZuoxiang_211_fear.wav	/root/autodl-tmp/CosyVoice_dev/examples/libritts/cosyvoice2/data/casia-grpo/valid/samp_2/ZhaoZuoxiang_211_fear.wav
/root/autodl-tmp/CosyVoice_dev/examples/libritts/cosyvoice2/data/casia-grpo/valid/samp_2/ZhaoZuoxiang_211_happy.wav	/root/autodl-tmp/CosyVoice_dev/examples/libritts/cosyvoice2/data/casia-grpo/valid/samp_2/ZhaoZuoxiang_211_happy.wav
/root/autodl-tmp/CosyVoice_dev/examples/libritts/cosyvoice2/data/casia-grpo/valid/samp_2/ZhaoZuoxiang_211_neutral.wav	/root/autodl-tmp/CosyVoice_dev/examples/libritts/cosyvoice2/data/casia-grpo/valid/samp_2/ZhaoZuoxiang_211_neutral.wav
/root/autodl-tmp/CosyVoice_dev/examples/libritts/cosyvoice2/data/casia-grpo/valid/samp_2/ZhaoZuoxiang_211_sad.wav	/root/autodl-tmp/CosyVoice_dev/examples/libritts/cosyvoice2/data/casia-grpo/valid/samp_2/ZhaoZuoxiang_211_sad.wav
/root/autodl-tmp/CosyVoice_dev/examples/libritts/cosyvoice2/data/casia-grpo/valid/samp_2/ZhaoZuoxiang_211_surprise.wav	/root/autodl-tmp/CosyVoice_dev/examples/libritts/cosyvoice2/data/casia-grpo/valid/samp_2/ZhaoZuoxiang_211_surprise.wav
/root/autodl-tmp/CosyVoice_dev/examples/libritts/cosyvoice2/data/casia-grpo/valid/samp_2/ZhaoZuoxiang_212_angry.wav	/root/autodl-tmp/CosyVoice_dev/examples/libritts/cosyvoice2/data/casia-grpo/valid/samp_2/ZhaoZuoxiang_212_angry.wav
/root/autodl-tmp/CosyVoice_dev/examples/libritts/cosyvoice2/data/casia-grpo/valid/samp_2/ZhaoZuoxiang_212_fear.wav	/root/autodl-tmp/CosyVoice_dev/examples/libritts/cosyvoice2/data/casia-grpo/valid/samp_2/ZhaoZuoxiang_212_fear.wav
/root/autodl-tmp/CosyVoice_dev/examples/libritts/cosyvoice2/data/casia-grpo/valid/samp_2/ZhaoZuoxiang_212_happy.wav	/root/autodl-tmp/CosyVoice_dev/examples/libritts/cosyvoice2/data/casia-grpo/valid/samp_2/ZhaoZuoxiang_212_happy.wav
/root/autodl-tmp/CosyVoice_dev/examples/libritts/cosyvoice2/data/casia-grpo/valid/samp_2/ZhaoZuoxiang_212_neutral.wav	/root/autodl-tmp/CosyVoice_dev/examples/libritts/cosyvoice2/data/casia-grpo/valid/samp_2/ZhaoZuoxiang_212_neutral.wav
/root/autodl-tmp/CosyVoice_dev/examples/libritts/cosyvoice2/data/casia-grpo/valid/samp_2/ZhaoZuoxiang_212_sad.wav	/root/autodl-tmp/CosyVoice_dev/examples/libritts/cosyvoice2/data/casia-grpo/valid/samp_2/ZhaoZuoxiang_212_sad.wav
/root/autodl-tmp/CosyVoice_dev/examples/libritts/cosyvoice2/data/casia-grpo/valid/samp_2/ZhaoZuoxiang_212_surprise.wav	/root/autodl-tmp/CosyVoice_dev/examples/libritts/cosyvoice2/data/casia-grpo/valid/samp_2/ZhaoZuoxiang_212_surprise.wav
/root/autodl-tmp/CosyVoice_dev/examples/libritts/cosyvoice2/data/casia-grpo/valid/samp_2/ZhaoZuoxiang_213_angry.wav	/root/autodl-tmp/CosyVoice_dev/examples/libritts/cosyvoice2/data/casia-grpo/valid/samp_2/ZhaoZuoxiang_213_angry.wav
/root/autodl-tmp/CosyVoice_dev/examples/libritts/cosyvoice2/data/casia-grpo/valid/samp_2/ZhaoZuoxiang_213_fear.wav	/root/autodl-tmp/CosyVoice_dev/examples/libritts/cosyvoice2/data/casia-grpo/valid/samp_2/ZhaoZuoxiang_213_fear.wav
/root/autodl-tmp/CosyVoice_dev/examples/libritts/cosyvoice2/data/casia-grpo/valid/samp_2/ZhaoZuoxiang_213_happy.wav	/root/autodl-tmp/CosyVoice_dev/examples/libritts/cosyvoice2/data/casia-grpo/valid/samp_2/ZhaoZuoxiang_213_happy.wav
/root/autodl-tmp/CosyVoice_dev/examples/libritts/cosyvoice2/data/casia-grpo/valid/samp_2/ZhaoZuoxiang_213_neutral.wav	/root/autodl-tmp/CosyVoice_dev/examples/libritts/cosyvoice2/data/casia-grpo/valid/samp_2/ZhaoZuoxiang_213_neutral.wav
/root/autodl-tmp/CosyVoice_dev/examples/libritts/cosyvoice2/data/casia-grpo/valid/samp_2/ZhaoZuoxiang_213_sad.wav	/root/autodl-tmp/CosyVoice_dev/examples/libritts/cosyvoice2/data/casia-grpo/valid/samp_2/ZhaoZuoxiang_213_sad.wav
/root/autodl-tmp/CosyVoice_dev/examples/libritts/cosyvoice2/data/casia-grpo/valid/samp_2/ZhaoZuoxiang_213_surprise.wav	/root/autodl-tmp/CosyVoice_dev/examples/libritts/cosyvoice2/data/casia-grpo/valid/samp_2/ZhaoZuoxiang_213_surprise.wav
/root/autodl-tmp/CosyVoice_dev/examples/libritts/cosyvoice2/data/casia-grpo/valid/samp_2/ZhaoZuoxiang_214_angry.wav	/root/autodl-tmp/CosyVoice_dev/examples/libritts/cosyvoice2/data/casia-grpo/valid/samp_2/ZhaoZuoxiang_214_angry.wav
/root/autodl-tmp/CosyVoice_dev/examples/libritts/cosyvoice2/data/casia-grpo/valid/samp_2/ZhaoZuoxiang_214_fear.wav	/root/autodl-tmp/CosyVoice_dev/examples/libritts/cosyvoice2/data/casia-grpo/valid/samp_2/ZhaoZuoxiang_214_fear.wav
/root/autodl-tmp/CosyVoice_dev/examples/libritts/cosyvoice2/data/casia-grpo/valid/samp_2/ZhaoZuoxiang_214_happy.wav	/root/autodl-tmp/CosyVoice_dev/examples/libritts/cosyvoice2/data/casia-grpo/valid/samp_2/ZhaoZuoxiang_214_happy.wav
/root/autodl-tmp/CosyVoice_dev/examples/libritts/cosyvoice2/data/casia-grpo/valid/samp_2/ZhaoZuoxiang_214_neutral.wav	/root/autodl-tmp/CosyVoice_dev/examples/libritts/cosyvoice2/data/casia-grpo/valid/samp_2/ZhaoZuoxiang_214_neutral.wav
/root/autodl-tmp/CosyVoice_dev/examples/libritts/cosyvoice2/data/casia-grpo/valid/samp_2/ZhaoZuoxiang_214_sad.wav	/root/autodl-tmp/CosyVoice_dev/examples/libritts/cosyvoice2/data/casia-grpo/valid/samp_2/ZhaoZuoxiang_214_sad.wav
/root/autodl-tmp/CosyVoice_dev/examples/libritts/cosyvoice2/data/casia-grpo/valid/samp_2/ZhaoZuoxiang_214_surprise.wav	/root/autodl-tmp/CosyVoice_dev/examples/libritts/cosyvoice2/data/casia-grpo/valid/samp_2/ZhaoZuoxiang_214_surprise.wav
/root/autodl-tmp/CosyVoice_dev/examples/libritts/cosyvoice2/data/casia-grpo/valid/samp_2/ZhaoZuoxiang_215_angry.wav	/root/autodl-tmp/CosyVoice_dev/examples/libritts/cosyvoice2/data/casia-grpo/valid/samp_2/ZhaoZuoxiang_215_angry.wav
/root/autodl-tmp/CosyVoice_dev/examples/libritts/cosyvoice2/data/casia-grpo/valid/samp_2/ZhaoZuoxiang_215_fear.wav	/root/autodl-tmp/CosyVoice_dev/examples/libritts/cosyvoice2/data/casia-grpo/valid/samp_2/ZhaoZuoxiang_215_fear.wav
/root/autodl-tmp/CosyVoice_dev/examples/libritts/cosyvoice2/data/casia-grpo/valid/samp_2/ZhaoZuoxiang_215_happy.wav	/root/autodl-tmp/CosyVoice_dev/examples/libritts/cosyvoice2/data/casia-grpo/valid/samp_2/ZhaoZuoxiang_215_happy.wav
/root/autodl-tmp/CosyVoice_dev/examples/libritts/cosyvoice2/data/casia-grpo/valid/samp_2/ZhaoZuoxiang_215_neutral.wav	/root/autodl-tmp/CosyVoice_dev/examples/libritts/cosyvoice2/data/casia-grpo/valid/samp_2/ZhaoZuoxiang_215_neutral.wav
/root/autodl-tmp/CosyVoice_dev/examples/libritts/cosyvoice2/data/casia-grpo/valid/samp_2/ZhaoZuoxiang_215_sad.wav	/root/autodl-tmp/CosyVoice_dev/examples/libritts/cosyvoice2/data/casia-grpo/valid/samp_2/ZhaoZuoxiang_215_sad.wav
/root/autodl-tmp/CosyVoice_dev/examples/libritts/cosyvoice2/data/casia-grpo/valid/samp_2/ZhaoZuoxiang_215_surprise.wav	/root/autodl-tmp/CosyVoice_dev/examples/libritts/cosyvoice2/data/casia-grpo/valid/samp_2/ZhaoZuoxiang_215_surprise.wav
/root/autodl-tmp/CosyVoice_dev/examples/libritts/cosyvoice2/data/casia-grpo/valid/samp_2/ZhaoZuoxiang_216_angry.wav	/root/autodl-tmp/CosyVoice_dev/examples/libritts/cosyvoice2/data/casia-grpo/valid/samp_2/ZhaoZuoxiang_216_angry.wav
/root/autodl-tmp/CosyVoice_dev/examples/libritts/cosyvoice2/data/casia-grpo/valid/samp_2/ZhaoZuoxiang_216_fear.wav	/root/autodl-tmp/CosyVoice_dev/examples/libritts/cosyvoice2/data/casia-grpo/valid/samp_2/ZhaoZuoxiang_216_fear.wav
/root/autodl-tmp/CosyVoice_dev/examples/libritts/cosyvoice2/data/casia-grpo/valid/samp_2/ZhaoZuoxiang_216_happy.wav	/root/autodl-tmp/CosyVoice_dev/examples/libritts/cosyvoice2/data/casia-grpo/valid/samp_2/ZhaoZuoxiang_216_happy.wav
/root/autodl-tmp/CosyVoice_dev/examples/libritts/cosyvoice2/data/casia-grpo/valid/samp_2/ZhaoZuoxiang_216_neutral.wav	/root/autodl-tmp/CosyVoice_dev/examples/libritts/cosyvoice2/data/casia-grpo/valid/samp_2/ZhaoZuoxiang_216_neutral.wav
/root/autodl-tmp/CosyVoice_dev/examples/libritts/cosyvoice2/data/casia-grpo/valid/samp_2/ZhaoZuoxiang_216_sad.wav	/root/autodl-tmp/CosyVoice_dev/examples/libritts/cosyvoice2/data/casia-grpo/valid/samp_2/ZhaoZuoxiang_216_sad.wav
/root/autodl-tmp/CosyVoice_dev/examples/libritts/cosyvoice2/data/casia-grpo/valid/samp_2/ZhaoZuoxiang_216_surprise.wav	/root/autodl-tmp/CosyVoice_dev/examples/libritts/cosyvoice2/data/casia-grpo/valid/samp_2/ZhaoZuoxiang_216_surprise.wav
/root/autodl-tmp/CosyVoice_dev/examples/libritts/cosyvoice2/data/casia-grpo/valid/samp_2/ZhaoZuoxiang_217_angry.wav	/root/autodl-tmp/CosyVoice_dev/examples/libritts/cosyvoice2/data/casia-grpo/valid/samp_2/ZhaoZuoxiang_217_angry.wav
/root/autodl-tmp/CosyVoice_dev/examples/libritts/cosyvoice2/data/casia-grpo/valid/samp_2/ZhaoZuoxiang_217_fear.wav	/root/autodl-tmp/CosyVoice_dev/examples/libritts/cosyvoice2/data/casia-grpo/valid/samp_2/ZhaoZuoxiang_217_fear.wav
/root/autodl-tmp/CosyVoice_dev/examples/libritts/cosyvoice2/data/casia-grpo/valid/samp_2/ZhaoZuoxiang_217_happy.wav	/root/autodl-tmp/CosyVoice_dev/examples/libritts/cosyvoice2/data/casia-grpo/valid/samp_2/ZhaoZuoxiang_217_happy.wav
/root/autodl-tmp/CosyVoice_dev/examples/libritts/cosyvoice2/data/casia-grpo/valid/samp_2/ZhaoZuoxiang_217_neutral.wav	/root/autodl-tmp/CosyVoice_dev/examples/libritts/cosyvoice2/data/casia-grpo/valid/samp_2/ZhaoZuoxiang_217_neutral.wav
/root/autodl-tmp/CosyVoice_dev/examples/libritts/cosyvoice2/data/casia-grpo/valid/samp_2/ZhaoZuoxiang_217_sad.wav	/root/autodl-tmp/CosyVoice_dev/examples/libritts/cosyvoice2/data/casia-grpo/valid/samp_2/ZhaoZuoxiang_217_sad.wav
/root/autodl-tmp/CosyVoice_dev/examples/libritts/cosyvoice2/data/casia-grpo/valid/samp_2/ZhaoZuoxiang_217_surprise.wav	/root/autodl-tmp/CosyVoice_dev/examples/libritts/cosyvoice2/data/casia-grpo/valid/samp_2/ZhaoZuoxiang_217_surprise.wav
/root/autodl-tmp/CosyVoice_dev/examples/libritts/cosyvoice2/data/casia-grpo/valid/samp_2/ZhaoZuoxiang_218_angry.wav	/root/autodl-tmp/CosyVoice_dev/examples/libritts/cosyvoice2/data/casia-grpo/valid/samp_2/ZhaoZuoxiang_218_angry.wav
/root/autodl-tmp/CosyVoice_dev/examples/libritts/cosyvoice2/data/casia-grpo/valid/samp_2/ZhaoZuoxiang_218_fear.wav	/root/autodl-tmp/CosyVoice_dev/examples/libritts/cosyvoice2/data/casia-grpo/valid/samp_2/ZhaoZuoxiang_218_fear.wav
/root/autodl-tmp/CosyVoice_dev/examples/libritts/cosyvoice2/data/casia-grpo/valid/samp_2/ZhaoZuoxiang_218_happy.wav	/root/autodl-tmp/CosyVoice_dev/examples/libritts/cosyvoice2/data/casia-grpo/valid/samp_2/ZhaoZuoxiang_218_happy.wav
/root/autodl-tmp/CosyVoice_dev/examples/libritts/cosyvoice2/data/casia-grpo/valid/samp_2/ZhaoZuoxiang_218_neutral.wav	/root/autodl-tmp/CosyVoice_dev/examples/libritts/cosyvoice2/data/casia-grpo/valid/samp_2/ZhaoZuoxiang_218_neutral.wav
/root/autodl-tmp/CosyVoice_dev/examples/libritts/cosyvoice2/data/casia-grpo/valid/samp_2/ZhaoZuoxiang_218_sad.wav	/root/autodl-tmp/CosyVoice_dev/examples/libritts/cosyvoice2/data/casia-grpo/valid/samp_2/ZhaoZuoxiang_218_sad.wav
/root/autodl-tmp/CosyVoice_dev/examples/libritts/cosyvoice2/data/casia-grpo/valid/samp_2/ZhaoZuoxiang_218_surprise.wav	/root/autodl-tmp/CosyVoice_dev/examples/libritts/cosyvoice2/data/casia-grpo/valid/samp_2/ZhaoZuoxiang_218_surprise.wav
/root/autodl-tmp/CosyVoice_dev/examples/libritts/cosyvoice2/data/casia-grpo/valid/samp_2/ZhaoZuoxiang_219_angry.wav	/root/autodl-tmp/CosyVoice_dev/examples/libritts/cosyvoice2/data/casia-grpo/valid/samp_2/ZhaoZuoxiang_219_angry.wav
/root/autodl-tmp/CosyVoice_dev/examples/libritts/cosyvoice2/data/casia-grpo/valid/samp_2/ZhaoZuoxiang_219_fear.wav	/root/autodl-tmp/CosyVoice_dev/examples/libritts/cosyvoice2/data/casia-grpo/valid/samp_2/ZhaoZuoxiang_219_fear.wav
/root/autodl-tmp/CosyVoice_dev/examples/libritts/cosyvoice2/data/casia-grpo/valid/samp_2/ZhaoZuoxiang_219_happy.wav	/root/autodl-tmp/CosyVoice_dev/examples/libritts/cosyvoice2/data/casia-grpo/valid/samp_2/ZhaoZuoxiang_219_happy.wav
/root/autodl-tmp/CosyVoice_dev/examples/libritts/cosyvoice2/data/casia-grpo/valid/samp_2/ZhaoZuoxiang_219_neutral.wav	/root/autodl-tmp/CosyVoice_dev/examples/libritts/cosyvoice2/data/casia-grpo/valid/samp_2/ZhaoZuoxiang_219_neutral.wav
/root/autodl-tmp/CosyVoice_dev/examples/libritts/cosyvoice2/data/casia-grpo/valid/samp_2/ZhaoZuoxiang_219_sad.wav	/root/autodl-tmp/CosyVoice_dev/examples/libritts/cosyvoice2/data/casia-grpo/valid/samp_2/ZhaoZuoxiang_219_sad.wav
/root/autodl-tmp/CosyVoice_dev/examples/libritts/cosyvoice2/data/casia-grpo/valid/samp_2/ZhaoZuoxiang_219_surprise.wav	/root/autodl-tmp/CosyVoice_dev/examples/libritts/cosyvoice2/data/casia-grpo/valid/samp_2/ZhaoZuoxiang_219_surprise.wav
/root/autodl-tmp/CosyVoice_dev/examples/libritts/cosyvoice2/data/casia-grpo/valid/samp_2/ZhaoZuoxiang_220_angry.wav	/root/autodl-tmp/CosyVoice_dev/examples/libritts/cosyvoice2/data/casia-grpo/valid/samp_2/ZhaoZuoxiang_220_angry.wav
/root/autodl-tmp/CosyVoice_dev/examples/libritts/cosyvoice2/data/casia-grpo/valid/samp_2/ZhaoZuoxiang_220_fear.wav	/root/autodl-tmp/CosyVoice_dev/examples/libritts/cosyvoice2/data/casia-grpo/valid/samp_2/ZhaoZuoxiang_220_fear.wav
/root/autodl-tmp/CosyVoice_dev/examples/libritts/cosyvoice2/data/casia-grpo/valid/samp_2/ZhaoZuoxiang_220_happy.wav	/root/autodl-tmp/CosyVoice_dev/examples/libritts/cosyvoice2/data/casia-grpo/valid/samp_2/ZhaoZuoxiang_220_happy.wav
/root/autodl-tmp/CosyVoice_dev/examples/libritts/cosyvoice2/data/casia-grpo/valid/samp_2/ZhaoZuoxiang_220_neutral.wav	/root/autodl-tmp/CosyVoice_dev/examples/libritts/cosyvoice2/data/casia-grpo/valid/samp_2/ZhaoZuoxiang_220_neutral.wav
/root/autodl-tmp/CosyVoice_dev/examples/libritts/cosyvoice2/data/casia-grpo/valid/samp_2/ZhaoZuoxiang_220_sad.wav	/root/autodl-tmp/CosyVoice_dev/examples/libritts/cosyvoice2/data/casia-grpo/valid/samp_2/ZhaoZuoxiang_220_sad.wav
/root/autodl-tmp/CosyVoice_dev/examples/libritts/cosyvoice2/data/casia-grpo/valid/samp_2/ZhaoZuoxiang_220_surprise.wav	/root/autodl-tmp/CosyVoice_dev/examples/libritts/cosyvoice2/data/casia-grpo/valid/samp_2/ZhaoZuoxiang_220_surprise.wav
/root/autodl-tmp/CosyVoice_dev/examples/libritts/cosyvoice2/data/casia-grpo/valid/samp_2/ZhaoZuoxiang_221_angry.wav	/root/autodl-tmp/CosyVoice_dev/examples/libritts/cosyvoice2/data/casia-grpo/valid/samp_2/ZhaoZuoxiang_221_angry.wav
/root/autodl-tmp/CosyVoice_dev/examples/libritts/cosyvoice2/data/casia-grpo/valid/samp_2/ZhaoZuoxiang_221_fear.wav	/root/autodl-tmp/CosyVoice_dev/examples/libritts/cosyvoice2/data/casia-grpo/valid/samp_2/ZhaoZuoxiang_221_fear.wav
/root/autodl-tmp/CosyVoice_dev/examples/libritts/cosyvoice2/data/casia-grpo/valid/samp_2/ZhaoZuoxiang_221_happy.wav	/root/autodl-tmp/CosyVoice_dev/examples/libritts/cosyvoice2/data/casia-grpo/valid/samp_2/ZhaoZuoxiang_221_happy.wav
/root/autodl-tmp/CosyVoice_dev/examples/libritts/cosyvoice2/data/casia-grpo/valid/samp_2/ZhaoZuoxiang_221_neutral.wav	/root/autodl-tmp/CosyVoice_dev/examples/libritts/cosyvoice2/data/casia-grpo/valid/samp_2/ZhaoZuoxiang_221_neutral.wav
/root/autodl-tmp/CosyVoice_dev/examples/libritts/cosyvoice2/data/casia-grpo/valid/samp_2/ZhaoZuoxiang_221_sad.wav	/root/autodl-tmp/CosyVoice_dev/examples/libritts/cosyvoice2/data/casia-grpo/valid/samp_2/ZhaoZuoxiang_221_sad.wav
/root/autodl-tmp/CosyVoice_dev/examples/libritts/cosyvoice2/data/casia-grpo/valid/samp_2/ZhaoZuoxiang_221_surprise.wav	/root/autodl-tmp/CosyVoice_dev/examples/libritts/cosyvoice2/data/casia-grpo/valid/samp_2/ZhaoZuoxiang_221_surprise.wav
/root/autodl-tmp/CosyVoice_dev/examples/libritts/cosyvoice2/data/casia-grpo/valid/samp_2/ZhaoZuoxiang_222_angry.wav	/root/autodl-tmp/CosyVoice_dev/examples/libritts/cosyvoice2/data/casia-grpo/valid/samp_2/ZhaoZuoxiang_222_angry.wav
/root/autodl-tmp/CosyVoice_dev/examples/libritts/cosyvoice2/data/casia-grpo/valid/samp_2/ZhaoZuoxiang_222_fear.wav	/root/autodl-tmp/CosyVoice_dev/examples/libritts/cosyvoice2/data/casia-grpo/valid/samp_2/ZhaoZuoxiang_222_fear.wav
/root/autodl-tmp/CosyVoice_dev/examples/libritts/cosyvoice2/data/casia-grpo/valid/samp_2/ZhaoZuoxiang_222_happy.wav	/root/autodl-tmp/CosyVoice_dev/examples/libritts/cosyvoice2/data/casia-grpo/valid/samp_2/ZhaoZuoxiang_222_happy.wav
/root/autodl-tmp/CosyVoice_dev/examples/libritts/cosyvoice2/data/casia-grpo/valid/samp_2/ZhaoZuoxiang_222_neutral.wav	/root/autodl-tmp/CosyVoice_dev/examples/libritts/cosyvoice2/data/casia-grpo/valid/samp_2/ZhaoZuoxiang_222_neutral.wav
/root/autodl-tmp/CosyVoice_dev/examples/libritts/cosyvoice2/data/casia-grpo/valid/samp_2/ZhaoZuoxiang_222_sad.wav	/root/autodl-tmp/CosyVoice_dev/examples/libritts/cosyvoice2/data/casia-grpo/valid/samp_2/ZhaoZuoxiang_222_sad.wav
/root/autodl-tmp/CosyVoice_dev/examples/libritts/cosyvoice2/data/casia-grpo/valid/samp_2/ZhaoZuoxiang_222_surprise.wav	/root/autodl-tmp/CosyVoice_dev/examples/libritts/cosyvoice2/data/casia-grpo/valid/samp_2/ZhaoZuoxiang_222_surprise.wav
/root/autodl-tmp/CosyVoice_dev/examples/libritts/cosyvoice2/data/casia-grpo/valid/samp_2/ZhaoZuoxiang_223_angry.wav	/root/autodl-tmp/CosyVoice_dev/examples/libritts/cosyvoice2/data/casia-grpo/valid/samp_2/ZhaoZuoxiang_223_angry.wav
/root/autodl-tmp/CosyVoice_dev/examples/libritts/cosyvoice2/data/casia-grpo/valid/samp_2/ZhaoZuoxiang_223_fear.wav	/root/autodl-tmp/CosyVoice_dev/examples/libritts/cosyvoice2/data/casia-grpo/valid/samp_2/ZhaoZuoxiang_223_fear.wav
/root/autodl-tmp/CosyVoice_dev/examples/libritts/cosyvoice2/data/casia-grpo/valid/samp_2/ZhaoZuoxiang_223_happy.wav	/root/autodl-tmp/CosyVoice_dev/examples/libritts/cosyvoice2/data/casia-grpo/valid/samp_2/ZhaoZuoxiang_223_happy.wav
/root/autodl-tmp/CosyVoice_dev/examples/libritts/cosyvoice2/data/casia-grpo/valid/samp_2/ZhaoZuoxiang_223_neutral.wav	/root/autodl-tmp/CosyVoice_dev/examples/libritts/cosyvoice2/data/casia-grpo/valid/samp_2/ZhaoZuoxiang_223_neutral.wav
/root/autodl-tmp/CosyVoice_dev/examples/libritts/cosyvoice2/data/casia-grpo/valid/samp_2/ZhaoZuoxiang_223_sad.wav	/root/autodl-tmp/CosyVoice_dev/examples/libritts/cosyvoice2/data/casia-grpo/valid/samp_2/ZhaoZuoxiang_223_sad.wav
/root/autodl-tmp/CosyVoice_dev/examples/libritts/cosyvoice2/data/casia-grpo/valid/samp_2/ZhaoZuoxiang_223_surprise.wav	/root/autodl-tmp/CosyVoice_dev/examples/libritts/cosyvoice2/data/casia-grpo/valid/samp_2/ZhaoZuoxiang_223_surprise.wav
/root/autodl-tmp/CosyVoice_dev/examples/libritts/cosyvoice2/data/casia-grpo/valid/samp_2/ZhaoZuoxiang_224_angry.wav	/root/autodl-tmp/CosyVoice_dev/examples/libritts/cosyvoice2/data/casia-grpo/valid/samp_2/ZhaoZuoxiang_224_angry.wav
/root/autodl-tmp/CosyVoice_dev/examples/libritts/cosyvoice2/data/casia-grpo/valid/samp_2/ZhaoZuoxiang_224_fear.wav	/root/autodl-tmp/CosyVoice_dev/examples/libritts/cosyvoice2/data/casia-grpo/valid/samp_2/ZhaoZuoxiang_224_fear.wav
/root/autodl-tmp/CosyVoice_dev/examples/libritts/cosyvoice2/data/casia-grpo/valid/samp_2/ZhaoZuoxiang_224_happy.wav	/root/autodl-tmp/CosyVoice_dev/examples/libritts/cosyvoice2/data/casia-grpo/valid/samp_2/ZhaoZuoxiang_224_happy.wav
/root/autodl-tmp/CosyVoice_dev/examples/libritts/cosyvoice2/data/casia-grpo/valid/samp_2/ZhaoZuoxiang_224_neutral.wav	/root/autodl-tmp/CosyVoice_dev/examples/libritts/cosyvoice2/data/casia-grpo/valid/samp_2/ZhaoZuoxiang_224_neutral.wav
/root/autodl-tmp/CosyVoice_dev/examples/libritts/cosyvoice2/data/casia-grpo/valid/samp_2/ZhaoZuoxiang_224_sad.wav	/root/autodl-tmp/CosyVoice_dev/examples/libritts/cosyvoice2/data/casia-grpo/valid/samp_2/ZhaoZuoxiang_224_sad.wav
/root/autodl-tmp/CosyVoice_dev/examples/libritts/cosyvoice2/data/casia-grpo/valid/samp_2/ZhaoZuoxiang_224_surprise.wav	/root/autodl-tmp/CosyVoice_dev/examples/libritts/cosyvoice2/data/casia-grpo/valid/samp_2/ZhaoZuoxiang_224_surprise.wav
/root/autodl-tmp/CosyVoice_dev/examples/libritts/cosyvoice2/data/casia-grpo/valid/samp_2/ZhaoZuoxiang_225_angry.wav	/root/autodl-tmp/CosyVoice_dev/examples/libritts/cosyvoice2/data/casia-grpo/valid/samp_2/ZhaoZuoxiang_225_angry.wav
/root/autodl-tmp/CosyVoice_dev/examples/libritts/cosyvoice2/data/casia-grpo/valid/samp_2/ZhaoZuoxiang_225_fear.wav	/root/autodl-tmp/CosyVoice_dev/examples/libritts/cosyvoice2/data/casia-grpo/valid/samp_2/ZhaoZuoxiang_225_fear.wav
/root/autodl-tmp/CosyVoice_dev/examples/libritts/cosyvoice2/data/casia-grpo/valid/samp_2/ZhaoZuoxiang_225_happy.wav	/root/autodl-tmp/CosyVoice_dev/examples/libritts/cosyvoice2/data/casia-grpo/valid/samp_2/ZhaoZuoxiang_225_happy.wav
/root/autodl-tmp/CosyVoice_dev/examples/libritts/cosyvoice2/data/casia-grpo/valid/samp_2/ZhaoZuoxiang_225_neutral.wav	/root/autodl-tmp/CosyVoice_dev/examples/libritts/cosyvoice2/data/casia-grpo/valid/samp_2/ZhaoZuoxiang_225_neutral.wav
/root/autodl-tmp/CosyVoice_dev/examples/libritts/cosyvoice2/data/casia-grpo/valid/samp_2/ZhaoZuoxiang_225_sad.wav	/root/autodl-tmp/CosyVoice_dev/examples/libritts/cosyvoice2/data/casia-grpo/valid/samp_2/ZhaoZuoxiang_225_sad.wav
/root/autodl-tmp/CosyVoice_dev/examples/libritts/cosyvoice2/data/casia-grpo/valid/samp_2/ZhaoZuoxiang_225_surprise.wav	/root/autodl-tmp/CosyVoice_dev/examples/libritts/cosyvoice2/data/casia-grpo/valid/samp_2/ZhaoZuoxiang_225_surprise.wav
/root/autodl-tmp/CosyVoice_dev/examples/libritts/cosyvoice2/data/casia-grpo/valid/samp_2/ZhaoZuoxiang_226_angry.wav	/root/autodl-tmp/CosyVoice_dev/examples/libritts/cosyvoice2/data/casia-grpo/valid/samp_2/ZhaoZuoxiang_226_angry.wav
/root/autodl-tmp/CosyVoice_dev/examples/libritts/cosyvoice2/data/casia-grpo/valid/samp_2/ZhaoZuoxiang_226_fear.wav	/root/autodl-tmp/CosyVoice_dev/examples/libritts/cosyvoice2/data/casia-grpo/valid/samp_2/ZhaoZuoxiang_226_fear.wav
/root/autodl-tmp/CosyVoice_dev/examples/libritts/cosyvoice2/data/casia-grpo/valid/samp_2/ZhaoZuoxiang_226_happy.wav	/root/autodl-tmp/CosyVoice_dev/examples/libritts/cosyvoice2/data/casia-grpo/valid/samp_2/ZhaoZuoxiang_226_happy.wav
/root/autodl-tmp/CosyVoice_dev/examples/libritts/cosyvoice2/data/casia-grpo/valid/samp_2/ZhaoZuoxiang_226_neutral.wav	/root/autodl-tmp/CosyVoice_dev/examples/libritts/cosyvoice2/data/casia-grpo/valid/samp_2/ZhaoZuoxiang_226_neutral.wav
/root/autodl-tmp/CosyVoice_dev/examples/libritts/cosyvoice2/data/casia-grpo/valid/samp_2/ZhaoZuoxiang_226_sad.wav	/root/autodl-tmp/CosyVoice_dev/examples/libritts/cosyvoice2/data/casia-grpo/valid/samp_2/ZhaoZuoxiang_226_sad.wav
/root/autodl-tmp/CosyVoice_dev/examples/libritts/cosyvoice2/data/casia-grpo/valid/samp_2/ZhaoZuoxiang_226_surprise.wav	/root/autodl-tmp/CosyVoice_dev/examples/libritts/cosyvoice2/data/casia-grpo/valid/samp_2/ZhaoZuoxiang_226_surprise.wav
/root/autodl-tmp/CosyVoice_dev/examples/libritts/cosyvoice2/data/casia-grpo/valid/samp_2/ZhaoZuoxiang_227_angry.wav	/root/autodl-tmp/CosyVoice_dev/examples/libritts/cosyvoice2/data/casia-grpo/valid/samp_2/ZhaoZuoxiang_227_angry.wav
/root/autodl-tmp/CosyVoice_dev/examples/libritts/cosyvoice2/data/casia-grpo/valid/samp_2/ZhaoZuoxiang_227_fear.wav	/root/autodl-tmp/CosyVoice_dev/examples/libritts/cosyvoice2/data/casia-grpo/valid/samp_2/ZhaoZuoxiang_227_fear.wav
/root/autodl-tmp/CosyVoice_dev/examples/libritts/cosyvoice2/data/casia-grpo/valid/samp_2/ZhaoZuoxiang_227_happy.wav	/root/autodl-tmp/CosyVoice_dev/examples/libritts/cosyvoice2/data/casia-grpo/valid/samp_2/ZhaoZuoxiang_227_happy.wav
/root/autodl-tmp/CosyVoice_dev/examples/libritts/cosyvoice2/data/casia-grpo/valid/samp_2/ZhaoZuoxiang_227_neutral.wav	/root/autodl-tmp/CosyVoice_dev/examples/libritts/cosyvoice2/data/casia-grpo/valid/samp_2/ZhaoZuoxiang_227_neutral.wav
/root/autodl-tmp/CosyVoice_dev/examples/libritts/cosyvoice2/data/casia-grpo/valid/samp_2/ZhaoZuoxiang_227_sad.wav	/root/autodl-tmp/CosyVoice_dev/examples/libritts/cosyvoice2/data/casia-grpo/valid/samp_2/ZhaoZuoxiang_227_sad.wav
/root/autodl-tmp/CosyVoice_dev/examples/libritts/cosyvoice2/data/casia-grpo/valid/samp_2/ZhaoZuoxiang_227_surprise.wav	/root/autodl-tmp/CosyVoice_dev/examples/libritts/cosyvoice2/data/casia-grpo/valid/samp_2/ZhaoZuoxiang_227_surprise.wav
/root/autodl-tmp/CosyVoice_dev/examples/libritts/cosyvoice2/data/casia-grpo/valid/samp_2/ZhaoZuoxiang_228_angry.wav	/root/autodl-tmp/CosyVoice_dev/examples/libritts/cosyvoice2/data/casia-grpo/valid/samp_2/ZhaoZuoxiang_228_angry.wav
/root/autodl-tmp/CosyVoice_dev/examples/libritts/cosyvoice2/data/casia-grpo/valid/samp_2/ZhaoZuoxiang_228_fear.wav	/root/autodl-tmp/CosyVoice_dev/examples/libritts/cosyvoice2/data/casia-grpo/valid/samp_2/ZhaoZuoxiang_228_fear.wav
/root/autodl-tmp/CosyVoice_dev/examples/libritts/cosyvoice2/data/casia-grpo/valid/samp_2/ZhaoZuoxiang_228_happy.wav	/root/autodl-tmp/CosyVoice_dev/examples/libritts/cosyvoice2/data/casia-grpo/valid/samp_2/ZhaoZuoxiang_228_happy.wav
/root/autodl-tmp/CosyVoice_dev/examples/libritts/cosyvoice2/data/casia-grpo/valid/samp_2/ZhaoZuoxiang_228_neutral.wav	/root/autodl-tmp/CosyVoice_dev/examples/libritts/cosyvoice2/data/casia-grpo/valid/samp_2/ZhaoZuoxiang_228_neutral.wav
/root/autodl-tmp/CosyVoice_dev/examples/libritts/cosyvoice2/data/casia-grpo/valid/samp_2/ZhaoZuoxiang_228_sad.wav	/root/autodl-tmp/CosyVoice_dev/examples/libritts/cosyvoice2/data/casia-grpo/valid/samp_2/ZhaoZuoxiang_228_sad.wav
/root/autodl-tmp/CosyVoice_dev/examples/libritts/cosyvoice2/data/casia-grpo/valid/samp_2/ZhaoZuoxiang_229_angry.wav	/root/autodl-tmp/CosyVoice_dev/examples/libritts/cosyvoice2/data/casia-grpo/valid/samp_2/ZhaoZuoxiang_229_angry.wav
/root/autodl-tmp/CosyVoice_dev/examples/libritts/cosyvoice2/data/casia-grpo/valid/samp_2/ZhaoZuoxiang_228_surprise.wav	/root/autodl-tmp/CosyVoice_dev/examples/libritts/cosyvoice2/data/casia-grpo/valid/samp_2/ZhaoZuoxiang_228_surprise.wav
/root/autodl-tmp/CosyVoice_dev/examples/libritts/cosyvoice2/data/casia-grpo/valid/samp_2/ZhaoZuoxiang_229_fear.wav	/root/autodl-tmp/CosyVoice_dev/examples/libritts/cosyvoice2/data/casia-grpo/valid/samp_2/ZhaoZuoxiang_229_fear.wav
/root/autodl-tmp/CosyVoice_dev/examples/libritts/cosyvoice2/data/casia-grpo/valid/samp_2/ZhaoZuoxiang_232_neutral.wav	/root/autodl-tmp/CosyVoice_dev/examples/libritts/cosyvoice2/data/casia-grpo/valid/samp_2/ZhaoZuoxiang_232_neutral.wav
/root/autodl-tmp/CosyVoice_dev/examples/libritts/cosyvoice2/data/casia-grpo/valid/samp_2/ZhaoZuoxiang_229_happy.wav	/root/autodl-tmp/CosyVoice_dev/examples/libritts/cosyvoice2/data/casia-grpo/valid/samp_2/ZhaoZuoxiang_229_happy.wav
/root/autodl-tmp/CosyVoice_dev/examples/libritts/cosyvoice2/data/casia-grpo/valid/samp_2/ZhaoZuoxiang_229_neutral.wav	/root/autodl-tmp/CosyVoice_dev/examples/libritts/cosyvoice2/data/casia-grpo/valid/samp_2/ZhaoZuoxiang_229_neutral.wav
/root/autodl-tmp/CosyVoice_dev/examples/libritts/cosyvoice2/data/casia-grpo/valid/samp_2/ZhaoZuoxiang_232_sad.wav	/root/autodl-tmp/CosyVoice_dev/examples/libritts/cosyvoice2/data/casia-grpo/valid/samp_2/ZhaoZuoxiang_232_sad.wav
/root/autodl-tmp/CosyVoice_dev/examples/libritts/cosyvoice2/data/casia-grpo/valid/samp_2/ZhaoZuoxiang_232_angry.wav	/root/autodl-tmp/CosyVoice_dev/examples/libritts/cosyvoice2/data/casia-grpo/valid/samp_2/ZhaoZuoxiang_232_angry.wav
/root/autodl-tmp/CosyVoice_dev/examples/libritts/cosyvoice2/data/casia-grpo/valid/samp_2/ZhaoZuoxiang_229_sad.wav	/root/autodl-tmp/CosyVoice_dev/examples/libritts/cosyvoice2/data/casia-grpo/valid/samp_2/ZhaoZuoxiang_229_sad.wav
/root/autodl-tmp/CosyVoice_dev/examples/libritts/cosyvoice2/data/casia-grpo/valid/samp_2/ZhaoZuoxiang_229_surprise.wav	/root/autodl-tmp/CosyVoice_dev/examples/libritts/cosyvoice2/data/casia-grpo/valid/samp_2/ZhaoZuoxiang_229_surprise.wav
/root/autodl-tmp/CosyVoice_dev/examples/libritts/cosyvoice2/data/casia-grpo/valid/samp_2/ZhaoZuoxiang_231_sad.wav	/root/autodl-tmp/CosyVoice_dev/examples/libritts/cosyvoice2/data/casia-grpo/valid/samp_2/ZhaoZuoxiang_231_sad.wav
/root/autodl-tmp/CosyVoice_dev/examples/libritts/cosyvoice2/data/casia-grpo/valid/samp_2/ZhaoZuoxiang_230_angry.wav	/root/autodl-tmp/CosyVoice_dev/examples/libritts/cosyvoice2/data/casia-grpo/valid/samp_2/ZhaoZuoxiang_230_angry.wav
/root/autodl-tmp/CosyVoice_dev/examples/libritts/cosyvoice2/data/casia-grpo/valid/samp_2/ZhaoZuoxiang_232_fear.wav	/root/autodl-tmp/CosyVoice_dev/examples/libritts/cosyvoice2/data/casia-grpo/valid/samp_2/ZhaoZuoxiang_232_fear.wav
/root/autodl-tmp/CosyVoice_dev/examples/libritts/cosyvoice2/data/casia-grpo/valid/samp_2/ZhaoZuoxiang_230_fear.wav	/root/autodl-tmp/CosyVoice_dev/examples/libritts/cosyvoice2/data/casia-grpo/valid/samp_2/ZhaoZuoxiang_230_fear.wav
/root/autodl-tmp/CosyVoice_dev/examples/libritts/cosyvoice2/data/casia-grpo/valid/samp_2/ZhaoZuoxiang_230_happy.wav	/root/autodl-tmp/CosyVoice_dev/examples/libritts/cosyvoice2/data/casia-grpo/valid/samp_2/ZhaoZuoxiang_230_happy.wav
/root/autodl-tmp/CosyVoice_dev/examples/libritts/cosyvoice2/data/casia-grpo/valid/samp_2/ZhaoZuoxiang_230_neutral.wav	/root/autodl-tmp/CosyVoice_dev/examples/libritts/cosyvoice2/data/casia-grpo/valid/samp_2/ZhaoZuoxiang_230_neutral.wav
/root/autodl-tmp/CosyVoice_dev/examples/libritts/cosyvoice2/data/casia-grpo/valid/samp_2/ZhaoZuoxiang_230_sad.wav	/root/autodl-tmp/CosyVoice_dev/examples/libritts/cosyvoice2/data/casia-grpo/valid/samp_2/ZhaoZuoxiang_230_sad.wav
/root/autodl-tmp/CosyVoice_dev/examples/libritts/cosyvoice2/data/casia-grpo/valid/samp_2/ZhaoZuoxiang_231_surprise.wav	/root/autodl-tmp/CosyVoice_dev/examples/libritts/cosyvoice2/data/casia-grpo/valid/samp_2/ZhaoZuoxiang_231_surprise.wav
/root/autodl-tmp/CosyVoice_dev/examples/libritts/cosyvoice2/data/casia-grpo/valid/samp_2/ZhaoZuoxiang_232_happy.wav	/root/autodl-tmp/CosyVoice_dev/examples/libritts/cosyvoice2/data/casia-grpo/valid/samp_2/ZhaoZuoxiang_232_happy.wav
/root/autodl-tmp/CosyVoice_dev/examples/libritts/cosyvoice2/data/casia-grpo/valid/samp_2/ZhaoZuoxiang_230_surprise.wav	/root/autodl-tmp/CosyVoice_dev/examples/libritts/cosyvoice2/data/casia-grpo/valid/samp_2/ZhaoZuoxiang_230_surprise.wav
/root/autodl-tmp/CosyVoice_dev/examples/libritts/cosyvoice2/data/casia-grpo/valid/samp_2/ZhaoZuoxiang_231_angry.wav	/root/autodl-tmp/CosyVoice_dev/examples/libritts/cosyvoice2/data/casia-grpo/valid/samp_2/ZhaoZuoxiang_231_angry.wav
/root/autodl-tmp/CosyVoice_dev/examples/libritts/cosyvoice2/data/casia-grpo/valid/samp_2/ZhaoZuoxiang_231_fear.wav	/root/autodl-tmp/CosyVoice_dev/examples/libritts/cosyvoice2/data/casia-grpo/valid/samp_2/ZhaoZuoxiang_231_fear.wav
/root/autodl-tmp/CosyVoice_dev/examples/libritts/cosyvoice2/data/casia-grpo/valid/samp_2/ZhaoZuoxiang_231_happy.wav	/root/autodl-tmp/CosyVoice_dev/examples/libritts/cosyvoice2/data/casia-grpo/valid/samp_2/ZhaoZuoxiang_231_happy.wav
/root/autodl-tmp/CosyVoice_dev/examples/libritts/cosyvoice2/data/casia-grpo/valid/samp_2/ZhaoZuoxiang_231_neutral.wav	/root/autodl-tmp/CosyVoice_dev/examples/libritts/cosyvoice2/data/casia-grpo/valid/samp_2/ZhaoZuoxiang_231_neutral.wav
/root/autodl-tmp/CosyVoice_dev/examples/libritts/cosyvoice2/data/casia-grpo/valid/samp_2/ZhaoZuoxiang_232_surprise.wav	/root/autodl-tmp/CosyVoice_dev/examples/libritts/cosyvoice2/data/casia-grpo/valid/samp_2/ZhaoZuoxiang_232_surprise.wav
/root/autodl-tmp/CosyVoice_dev/examples/libritts/cosyvoice2/data/casia-grpo/valid/samp_2/ZhaoZuoxiang_236_angry.wav	/root/autodl-tmp/CosyVoice_dev/examples/libritts/cosyvoice2/data/casia-grpo/valid/samp_2/ZhaoZuoxiang_236_angry.wav
/root/autodl-tmp/CosyVoice_dev/examples/libritts/cosyvoice2/data/casia-grpo/valid/samp_2/ZhaoZuoxiang_235_angry.wav	/root/autodl-tmp/CosyVoice_dev/examples/libritts/cosyvoice2/data/casia-grpo/valid/samp_2/ZhaoZuoxiang_235_angry.wav
/root/autodl-tmp/CosyVoice_dev/examples/libritts/cosyvoice2/data/casia-grpo/valid/samp_2/ZhaoZuoxiang_233_angry.wav	/root/autodl-tmp/CosyVoice_dev/examples/libritts/cosyvoice2/data/casia-grpo/valid/samp_2/ZhaoZuoxiang_233_angry.wav
/root/autodl-tmp/CosyVoice_dev/examples/libritts/cosyvoice2/data/casia-grpo/valid/samp_2/ZhaoZuoxiang_236_fear.wav	/root/autodl-tmp/CosyVoice_dev/examples/libritts/cosyvoice2/data/casia-grpo/valid/samp_2/ZhaoZuoxiang_236_fear.wav
/root/autodl-tmp/CosyVoice_dev/examples/libritts/cosyvoice2/data/casia-grpo/valid/samp_2/ZhaoZuoxiang_233_fear.wav	/root/autodl-tmp/CosyVoice_dev/examples/libritts/cosyvoice2/data/casia-grpo/valid/samp_2/ZhaoZuoxiang_233_fear.wav
/root/autodl-tmp/CosyVoice_dev/examples/libritts/cosyvoice2/data/casia-grpo/valid/samp_2/ZhaoZuoxiang_233_happy.wav	/root/autodl-tmp/CosyVoice_dev/examples/libritts/cosyvoice2/data/casia-grpo/valid/samp_2/ZhaoZuoxiang_233_happy.wav
/root/autodl-tmp/CosyVoice_dev/examples/libritts/cosyvoice2/data/casia-grpo/valid/samp_2/ZhaoZuoxiang_236_happy.wav	/root/autodl-tmp/CosyVoice_dev/examples/libritts/cosyvoice2/data/casia-grpo/valid/samp_2/ZhaoZuoxiang_236_happy.wav
/root/autodl-tmp/CosyVoice_dev/examples/libritts/cosyvoice2/data/casia-grpo/valid/samp_2/ZhaoZuoxiang_233_neutral.wav	/root/autodl-tmp/CosyVoice_dev/examples/libritts/cosyvoice2/data/casia-grpo/valid/samp_2/ZhaoZuoxiang_233_neutral.wav
/root/autodl-tmp/CosyVoice_dev/examples/libritts/cosyvoice2/data/casia-grpo/valid/samp_2/ZhaoZuoxiang_235_sad.wav	/root/autodl-tmp/CosyVoice_dev/examples/libritts/cosyvoice2/data/casia-grpo/valid/samp_2/ZhaoZuoxiang_235_sad.wav
/root/autodl-tmp/CosyVoice_dev/examples/libritts/cosyvoice2/data/casia-grpo/valid/samp_2/ZhaoZuoxiang_233_sad.wav	/root/autodl-tmp/CosyVoice_dev/examples/libritts/cosyvoice2/data/casia-grpo/valid/samp_2/ZhaoZuoxiang_233_sad.wav
/root/autodl-tmp/CosyVoice_dev/examples/libritts/cosyvoice2/data/casia-grpo/valid/samp_2/ZhaoZuoxiang_235_fear.wav	/root/autodl-tmp/CosyVoice_dev/examples/libritts/cosyvoice2/data/casia-grpo/valid/samp_2/ZhaoZuoxiang_235_fear.wav
/root/autodl-tmp/CosyVoice_dev/examples/libritts/cosyvoice2/data/casia-grpo/valid/samp_2/ZhaoZuoxiang_233_surprise.wav	/root/autodl-tmp/CosyVoice_dev/examples/libritts/cosyvoice2/data/casia-grpo/valid/samp_2/ZhaoZuoxiang_233_surprise.wav
/root/autodl-tmp/CosyVoice_dev/examples/libritts/cosyvoice2/data/casia-grpo/valid/samp_2/ZhaoZuoxiang_234_angry.wav	/root/autodl-tmp/CosyVoice_dev/examples/libritts/cosyvoice2/data/casia-grpo/valid/samp_2/ZhaoZuoxiang_234_angry.wav
/root/autodl-tmp/CosyVoice_dev/examples/libritts/cosyvoice2/data/casia-grpo/valid/samp_2/ZhaoZuoxiang_234_fear.wav	/root/autodl-tmp/CosyVoice_dev/examples/libritts/cosyvoice2/data/casia-grpo/valid/samp_2/ZhaoZuoxiang_234_fear.wav
/root/autodl-tmp/CosyVoice_dev/examples/libritts/cosyvoice2/data/casia-grpo/valid/samp_2/ZhaoZuoxiang_234_happy.wav	/root/autodl-tmp/CosyVoice_dev/examples/libritts/cosyvoice2/data/casia-grpo/valid/samp_2/ZhaoZuoxiang_234_happy.wav
/root/autodl-tmp/CosyVoice_dev/examples/libritts/cosyvoice2/data/casia-grpo/valid/samp_2/ZhaoZuoxiang_235_happy.wav	/root/autodl-tmp/CosyVoice_dev/examples/libritts/cosyvoice2/data/casia-grpo/valid/samp_2/ZhaoZuoxiang_235_happy.wav
/root/autodl-tmp/CosyVoice_dev/examples/libritts/cosyvoice2/data/casia-grpo/valid/samp_2/ZhaoZuoxiang_234_neutral.wav	/root/autodl-tmp/CosyVoice_dev/examples/libritts/cosyvoice2/data/casia-grpo/valid/samp_2/ZhaoZuoxiang_234_neutral.wav
/root/autodl-tmp/CosyVoice_dev/examples/libritts/cosyvoice2/data/casia-grpo/valid/samp_2/ZhaoZuoxiang_235_surprise.wav	/root/autodl-tmp/CosyVoice_dev/examples/libritts/cosyvoice2/data/casia-grpo/valid/samp_2/ZhaoZuoxiang_235_surprise.wav
/root/autodl-tmp/CosyVoice_dev/examples/libritts/cosyvoice2/data/casia-grpo/valid/samp_2/ZhaoZuoxiang_234_sad.wav	/root/autodl-tmp/CosyVoice_dev/examples/libritts/cosyvoice2/data/casia-grpo/valid/samp_2/ZhaoZuoxiang_234_sad.wav
/root/autodl-tmp/CosyVoice_dev/examples/libritts/cosyvoice2/data/casia-grpo/valid/samp_2/ZhaoZuoxiang_234_surprise.wav	/root/autodl-tmp/CosyVoice_dev/examples/libritts/cosyvoice2/data/casia-grpo/valid/samp_2/ZhaoZuoxiang_234_surprise.wav
/root/autodl-tmp/CosyVoice_dev/examples/libritts/cosyvoice2/data/casia-grpo/valid/samp_2/ZhaoZuoxiang_235_neutral.wav	/root/autodl-tmp/CosyVoice_dev/examples/libritts/cosyvoice2/data/casia-grpo/valid/samp_2/ZhaoZuoxiang_235_neutral.wav
/root/autodl-tmp/CosyVoice_dev/examples/libritts/cosyvoice2/data/casia-grpo/valid/samp_2/ZhaoZuoxiang_239_sad.wav	/root/autodl-tmp/CosyVoice_dev/examples/libritts/cosyvoice2/data/casia-grpo/valid/samp_2/ZhaoZuoxiang_239_sad.wav
/root/autodl-tmp/CosyVoice_dev/examples/libritts/cosyvoice2/data/casia-grpo/valid/samp_2/ZhaoZuoxiang_236_neutral.wav	/root/autodl-tmp/CosyVoice_dev/examples/libritts/cosyvoice2/data/casia-grpo/valid/samp_2/ZhaoZuoxiang_236_neutral.wav
/root/autodl-tmp/CosyVoice_dev/examples/libritts/cosyvoice2/data/casia-grpo/valid/samp_2/ZhaoZuoxiang_239_surprise.wav	/root/autodl-tmp/CosyVoice_dev/examples/libritts/cosyvoice2/data/casia-grpo/valid/samp_2/ZhaoZuoxiang_239_surprise.wav
/root/autodl-tmp/CosyVoice_dev/examples/libritts/cosyvoice2/data/casia-grpo/valid/samp_2/ZhaoZuoxiang_236_sad.wav	/root/autodl-tmp/CosyVoice_dev/examples/libritts/cosyvoice2/data/casia-grpo/valid/samp_2/ZhaoZuoxiang_236_sad.wav
/root/autodl-tmp/CosyVoice_dev/examples/libritts/cosyvoice2/data/casia-grpo/valid/samp_2/ZhaoZuoxiang_239_fear.wav	/root/autodl-tmp/CosyVoice_dev/examples/libritts/cosyvoice2/data/casia-grpo/valid/samp_2/ZhaoZuoxiang_239_fear.wav
/root/autodl-tmp/CosyVoice_dev/examples/libritts/cosyvoice2/data/casia-grpo/valid/samp_2/ZhaoZuoxiang_236_surprise.wav	/root/autodl-tmp/CosyVoice_dev/examples/libritts/cosyvoice2/data/casia-grpo/valid/samp_2/ZhaoZuoxiang_236_surprise.wav
/root/autodl-tmp/CosyVoice_dev/examples/libritts/cosyvoice2/data/casia-grpo/valid/samp_2/ZhaoZuoxiang_237_angry.wav	/root/autodl-tmp/CosyVoice_dev/examples/libritts/cosyvoice2/data/casia-grpo/valid/samp_2/ZhaoZuoxiang_237_angry.wav
/root/autodl-tmp/CosyVoice_dev/examples/libritts/cosyvoice2/data/casia-grpo/valid/samp_2/ZhaoZuoxiang_237_fear.wav	/root/autodl-tmp/CosyVoice_dev/examples/libritts/cosyvoice2/data/casia-grpo/valid/samp_2/ZhaoZuoxiang_237_fear.wav
/root/autodl-tmp/CosyVoice_dev/examples/libritts/cosyvoice2/data/casia-grpo/valid/samp_2/ZhaoZuoxiang_238_surprise.wav	/root/autodl-tmp/CosyVoice_dev/examples/libritts/cosyvoice2/data/casia-grpo/valid/samp_2/ZhaoZuoxiang_238_surprise.wav
/root/autodl-tmp/CosyVoice_dev/examples/libritts/cosyvoice2/data/casia-grpo/valid/samp_2/ZhaoZuoxiang_237_happy.wav	/root/autodl-tmp/CosyVoice_dev/examples/libritts/cosyvoice2/data/casia-grpo/valid/samp_2/ZhaoZuoxiang_237_happy.wav
/root/autodl-tmp/CosyVoice_dev/examples/libritts/cosyvoice2/data/casia-grpo/valid/samp_2/ZhaoZuoxiang_237_neutral.wav	/root/autodl-tmp/CosyVoice_dev/examples/libritts/cosyvoice2/data/casia-grpo/valid/samp_2/ZhaoZuoxiang_237_neutral.wav
/root/autodl-tmp/CosyVoice_dev/examples/libritts/cosyvoice2/data/casia-grpo/valid/samp_2/ZhaoZuoxiang_239_happy.wav	/root/autodl-tmp/CosyVoice_dev/examples/libritts/cosyvoice2/data/casia-grpo/valid/samp_2/ZhaoZuoxiang_239_happy.wav
/root/autodl-tmp/CosyVoice_dev/examples/libritts/cosyvoice2/data/casia-grpo/valid/samp_2/ZhaoZuoxiang_237_sad.wav	/root/autodl-tmp/CosyVoice_dev/examples/libritts/cosyvoice2/data/casia-grpo/valid/samp_2/ZhaoZuoxiang_237_sad.wav
/root/autodl-tmp/CosyVoice_dev/examples/libritts/cosyvoice2/data/casia-grpo/valid/samp_2/ZhaoZuoxiang_237_surprise.wav	/root/autodl-tmp/CosyVoice_dev/examples/libritts/cosyvoice2/data/casia-grpo/valid/samp_2/ZhaoZuoxiang_237_surprise.wav
/root/autodl-tmp/CosyVoice_dev/examples/libritts/cosyvoice2/data/casia-grpo/valid/samp_2/ZhaoZuoxiang_239_angry.wav	/root/autodl-tmp/CosyVoice_dev/examples/libritts/cosyvoice2/data/casia-grpo/valid/samp_2/ZhaoZuoxiang_239_angry.wav
/root/autodl-tmp/CosyVoice_dev/examples/libritts/cosyvoice2/data/casia-grpo/valid/samp_2/ZhaoZuoxiang_238_angry.wav	/root/autodl-tmp/CosyVoice_dev/examples/libritts/cosyvoice2/data/casia-grpo/valid/samp_2/ZhaoZuoxiang_238_angry.wav
/root/autodl-tmp/CosyVoice_dev/examples/libritts/cosyvoice2/data/casia-grpo/valid/samp_2/ZhaoZuoxiang_239_neutral.wav	/root/autodl-tmp/CosyVoice_dev/examples/libritts/cosyvoice2/data/casia-grpo/valid/samp_2/ZhaoZuoxiang_239_neutral.wav
/root/autodl-tmp/CosyVoice_dev/examples/libritts/cosyvoice2/data/casia-grpo/valid/samp_2/ZhaoZuoxiang_238_fear.wav	/root/autodl-tmp/CosyVoice_dev/examples/libritts/cosyvoice2/data/casia-grpo/valid/samp_2/ZhaoZuoxiang_238_fear.wav
/root/autodl-tmp/CosyVoice_dev/examples/libritts/cosyvoice2/data/casia-grpo/valid/samp_2/ZhaoZuoxiang_238_happy.wav	/root/autodl-tmp/CosyVoice_dev/examples/libritts/cosyvoice2/data/casia-grpo/valid/samp_2/ZhaoZuoxiang_238_happy.wav
/root/autodl-tmp/CosyVoice_dev/examples/libritts/cosyvoice2/data/casia-grpo/valid/samp_2/ZhaoZuoxiang_238_neutral.wav	/root/autodl-tmp/CosyVoice_dev/examples/libritts/cosyvoice2/data/casia-grpo/valid/samp_2/ZhaoZuoxiang_238_neutral.wav
/root/autodl-tmp/CosyVoice_dev/examples/libritts/cosyvoice2/data/casia-grpo/valid/samp_2/ZhaoZuoxiang_238_sad.wav	/root/autodl-tmp/CosyVoice_dev/examples/libritts/cosyvoice2/data/casia-grpo/valid/samp_2/ZhaoZuoxiang_238_sad.wav
/root/autodl-tmp/CosyVoice_dev/examples/libritts/cosyvoice2/data/casia-grpo/valid/samp_2/ZhaoZuoxiang_243_fear.wav	/root/autodl-tmp/CosyVoice_dev/examples/libritts/cosyvoice2/data/casia-grpo/valid/samp_2/ZhaoZuoxiang_243_fear.wav
/root/autodl-tmp/CosyVoice_dev/examples/libritts/cosyvoice2/data/casia-grpo/valid/samp_2/ZhaoZuoxiang_240_angry.wav	/root/autodl-tmp/CosyVoice_dev/examples/libritts/cosyvoice2/data/casia-grpo/valid/samp_2/ZhaoZuoxiang_240_angry.wav
/root/autodl-tmp/CosyVoice_dev/examples/libritts/cosyvoice2/data/casia-grpo/valid/samp_2/ZhaoZuoxiang_243_happy.wav	/root/autodl-tmp/CosyVoice_dev/examples/libritts/cosyvoice2/data/casia-grpo/valid/samp_2/ZhaoZuoxiang_243_happy.wav
/root/autodl-tmp/CosyVoice_dev/examples/libritts/cosyvoice2/data/casia-grpo/valid/samp_2/ZhaoZuoxiang_240_fear.wav	/root/autodl-tmp/CosyVoice_dev/examples/libritts/cosyvoice2/data/casia-grpo/valid/samp_2/ZhaoZuoxiang_240_fear.wav
/root/autodl-tmp/CosyVoice_dev/examples/libritts/cosyvoice2/data/casia-grpo/valid/samp_2/ZhaoZuoxiang_240_happy.wav	/root/autodl-tmp/CosyVoice_dev/examples/libritts/cosyvoice2/data/casia-grpo/valid/samp_2/ZhaoZuoxiang_240_happy.wav
/root/autodl-tmp/CosyVoice_dev/examples/libritts/cosyvoice2/data/casia-grpo/valid/samp_2/ZhaoZuoxiang_240_neutral.wav	/root/autodl-tmp/CosyVoice_dev/examples/libritts/cosyvoice2/data/casia-grpo/valid/samp_2/ZhaoZuoxiang_240_neutral.wav
/root/autodl-tmp/CosyVoice_dev/examples/libritts/cosyvoice2/data/casia-grpo/valid/samp_2/ZhaoZuoxiang_242_sad.wav	/root/autodl-tmp/CosyVoice_dev/examples/libritts/cosyvoice2/data/casia-grpo/valid/samp_2/ZhaoZuoxiang_242_sad.wav
/root/autodl-tmp/CosyVoice_dev/examples/libritts/cosyvoice2/data/casia-grpo/valid/samp_2/ZhaoZuoxiang_240_sad.wav	/root/autodl-tmp/CosyVoice_dev/examples/libritts/cosyvoice2/data/casia-grpo/valid/samp_2/ZhaoZuoxiang_240_sad.wav
/root/autodl-tmp/CosyVoice_dev/examples/libritts/cosyvoice2/data/casia-grpo/valid/samp_2/ZhaoZuoxiang_242_happy.wav	/root/autodl-tmp/CosyVoice_dev/examples/libritts/cosyvoice2/data/casia-grpo/valid/samp_2/ZhaoZuoxiang_242_happy.wav
/root/autodl-tmp/CosyVoice_dev/examples/libritts/cosyvoice2/data/casia-grpo/valid/samp_2/ZhaoZuoxiang_240_surprise.wav	/root/autodl-tmp/CosyVoice_dev/examples/libritts/cosyvoice2/data/casia-grpo/valid/samp_2/ZhaoZuoxiang_240_surprise.wav
/root/autodl-tmp/CosyVoice_dev/examples/libritts/cosyvoice2/data/casia-grpo/valid/samp_2/ZhaoZuoxiang_241_angry.wav	/root/autodl-tmp/CosyVoice_dev/examples/libritts/cosyvoice2/data/casia-grpo/valid/samp_2/ZhaoZuoxiang_241_angry.wav
/root/autodl-tmp/CosyVoice_dev/examples/libritts/cosyvoice2/data/casia-grpo/valid/samp_2/ZhaoZuoxiang_242_surprise.wav	/root/autodl-tmp/CosyVoice_dev/examples/libritts/cosyvoice2/data/casia-grpo/valid/samp_2/ZhaoZuoxiang_242_surprise.wav
/root/autodl-tmp/CosyVoice_dev/examples/libritts/cosyvoice2/data/casia-grpo/valid/samp_2/ZhaoZuoxiang_241_fear.wav	/root/autodl-tmp/CosyVoice_dev/examples/libritts/cosyvoice2/data/casia-grpo/valid/samp_2/ZhaoZuoxiang_241_fear.wav
/root/autodl-tmp/CosyVoice_dev/examples/libritts/cosyvoice2/data/casia-grpo/valid/samp_2/ZhaoZuoxiang_241_happy.wav	/root/autodl-tmp/CosyVoice_dev/examples/libritts/cosyvoice2/data/casia-grpo/valid/samp_2/ZhaoZuoxiang_241_happy.wav
/root/autodl-tmp/CosyVoice_dev/examples/libritts/cosyvoice2/data/casia-grpo/valid/samp_2/ZhaoZuoxiang_242_neutral.wav	/root/autodl-tmp/CosyVoice_dev/examples/libritts/cosyvoice2/data/casia-grpo/valid/samp_2/ZhaoZuoxiang_242_neutral.wav
/root/autodl-tmp/CosyVoice_dev/examples/libritts/cosyvoice2/data/casia-grpo/valid/samp_2/ZhaoZuoxiang_241_neutral.wav	/root/autodl-tmp/CosyVoice_dev/examples/libritts/cosyvoice2/data/casia-grpo/valid/samp_2/ZhaoZuoxiang_241_neutral.wav
/root/autodl-tmp/CosyVoice_dev/examples/libritts/cosyvoice2/data/casia-grpo/valid/samp_2/ZhaoZuoxiang_241_sad.wav	/root/autodl-tmp/CosyVoice_dev/examples/libritts/cosyvoice2/data/casia-grpo/valid/samp_2/ZhaoZuoxiang_241_sad.wav
/root/autodl-tmp/CosyVoice_dev/examples/libritts/cosyvoice2/data/casia-grpo/valid/samp_2/ZhaoZuoxiang_243_angry.wav	/root/autodl-tmp/CosyVoice_dev/examples/libritts/cosyvoice2/data/casia-grpo/valid/samp_2/ZhaoZuoxiang_243_angry.wav
/root/autodl-tmp/CosyVoice_dev/examples/libritts/cosyvoice2/data/casia-grpo/valid/samp_2/ZhaoZuoxiang_241_surprise.wav	/root/autodl-tmp/CosyVoice_dev/examples/libritts/cosyvoice2/data/casia-grpo/valid/samp_2/ZhaoZuoxiang_241_surprise.wav
/root/autodl-tmp/CosyVoice_dev/examples/libritts/cosyvoice2/data/casia-grpo/valid/samp_2/ZhaoZuoxiang_242_angry.wav	/root/autodl-tmp/CosyVoice_dev/examples/libritts/cosyvoice2/data/casia-grpo/valid/samp_2/ZhaoZuoxiang_242_angry.wav
/root/autodl-tmp/CosyVoice_dev/examples/libritts/cosyvoice2/data/casia-grpo/valid/samp_2/ZhaoZuoxiang_242_fear.wav	/root/autodl-tmp/CosyVoice_dev/examples/libritts/cosyvoice2/data/casia-grpo/valid/samp_2/ZhaoZuoxiang_242_fear.wav
/root/autodl-tmp/CosyVoice_dev/examples/libritts/cosyvoice2/data/casia-grpo/valid/samp_2/ZhaoZuoxiang_246_sad.wav	/root/autodl-tmp/CosyVoice_dev/examples/libritts/cosyvoice2/data/casia-grpo/valid/samp_2/ZhaoZuoxiang_246_sad.wav
/root/autodl-tmp/CosyVoice_dev/examples/libritts/cosyvoice2/data/casia-grpo/valid/samp_2/ZhaoZuoxiang_243_neutral.wav	/root/autodl-tmp/CosyVoice_dev/examples/libritts/cosyvoice2/data/casia-grpo/valid/samp_2/ZhaoZuoxiang_243_neutral.wav
/root/autodl-tmp/CosyVoice_dev/examples/libritts/cosyvoice2/data/casia-grpo/valid/samp_2/ZhaoZuoxiang_246_surprise.wav	/root/autodl-tmp/CosyVoice_dev/examples/libritts/cosyvoice2/data/casia-grpo/valid/samp_2/ZhaoZuoxiang_246_surprise.wav
/root/autodl-tmp/CosyVoice_dev/examples/libritts/cosyvoice2/data/casia-grpo/valid/samp_2/ZhaoZuoxiang_243_sad.wav	/root/autodl-tmp/CosyVoice_dev/examples/libritts/cosyvoice2/data/casia-grpo/valid/samp_2/ZhaoZuoxiang_243_sad.wav
/root/autodl-tmp/CosyVoice_dev/examples/libritts/cosyvoice2/data/casia-grpo/valid/samp_2/ZhaoZuoxiang_246_fear.wav	/root/autodl-tmp/CosyVoice_dev/examples/libritts/cosyvoice2/data/casia-grpo/valid/samp_2/ZhaoZuoxiang_246_fear.wav
/root/autodl-tmp/CosyVoice_dev/examples/libritts/cosyvoice2/data/casia-grpo/valid/samp_2/ZhaoZuoxiang_243_surprise.wav	/root/autodl-tmp/CosyVoice_dev/examples/libritts/cosyvoice2/data/casia-grpo/valid/samp_2/ZhaoZuoxiang_243_surprise.wav
/root/autodl-tmp/CosyVoice_dev/examples/libritts/cosyvoice2/data/casia-grpo/valid/samp_2/ZhaoZuoxiang_244_angry.wav	/root/autodl-tmp/CosyVoice_dev/examples/libritts/cosyvoice2/data/casia-grpo/valid/samp_2/ZhaoZuoxiang_244_angry.wav
/root/autodl-tmp/CosyVoice_dev/examples/libritts/cosyvoice2/data/casia-grpo/valid/samp_2/ZhaoZuoxiang_244_fear.wav	/root/autodl-tmp/CosyVoice_dev/examples/libritts/cosyvoice2/data/casia-grpo/valid/samp_2/ZhaoZuoxiang_244_fear.wav
/root/autodl-tmp/CosyVoice_dev/examples/libritts/cosyvoice2/data/casia-grpo/valid/samp_2/ZhaoZuoxiang_245_surprise.wav	/root/autodl-tmp/CosyVoice_dev/examples/libritts/cosyvoice2/data/casia-grpo/valid/samp_2/ZhaoZuoxiang_245_surprise.wav
/root/autodl-tmp/CosyVoice_dev/examples/libritts/cosyvoice2/data/casia-grpo/valid/samp_2/ZhaoZuoxiang_244_happy.wav	/root/autodl-tmp/CosyVoice_dev/examples/libritts/cosyvoice2/data/casia-grpo/valid/samp_2/ZhaoZuoxiang_244_happy.wav
/root/autodl-tmp/CosyVoice_dev/examples/libritts/cosyvoice2/data/casia-grpo/valid/samp_2/ZhaoZuoxiang_244_neutral.wav	/root/autodl-tmp/CosyVoice_dev/examples/libritts/cosyvoice2/data/casia-grpo/valid/samp_2/ZhaoZuoxiang_244_neutral.wav
/root/autodl-tmp/CosyVoice_dev/examples/libritts/cosyvoice2/data/casia-grpo/valid/samp_2/ZhaoZuoxiang_246_happy.wav	/root/autodl-tmp/CosyVoice_dev/examples/libritts/cosyvoice2/data/casia-grpo/valid/samp_2/ZhaoZuoxiang_246_happy.wav
/root/autodl-tmp/CosyVoice_dev/examples/libritts/cosyvoice2/data/casia-grpo/valid/samp_2/ZhaoZuoxiang_244_sad.wav	/root/autodl-tmp/CosyVoice_dev/examples/libritts/cosyvoice2/data/casia-grpo/valid/samp_2/ZhaoZuoxiang_244_sad.wav
/root/autodl-tmp/CosyVoice_dev/examples/libritts/cosyvoice2/data/casia-grpo/valid/samp_2/ZhaoZuoxiang_244_surprise.wav	/root/autodl-tmp/CosyVoice_dev/examples/libritts/cosyvoice2/data/casia-grpo/valid/samp_2/ZhaoZuoxiang_244_surprise.wav
/root/autodl-tmp/CosyVoice_dev/examples/libritts/cosyvoice2/data/casia-grpo/valid/samp_2/ZhaoZuoxiang_246_angry.wav	/root/autodl-tmp/CosyVoice_dev/examples/libritts/cosyvoice2/data/casia-grpo/valid/samp_2/ZhaoZuoxiang_246_angry.wav
/root/autodl-tmp/CosyVoice_dev/examples/libritts/cosyvoice2/data/casia-grpo/valid/samp_2/ZhaoZuoxiang_245_angry.wav	/root/autodl-tmp/CosyVoice_dev/examples/libritts/cosyvoice2/data/casia-grpo/valid/samp_2/ZhaoZuoxiang_245_angry.wav
/root/autodl-tmp/CosyVoice_dev/examples/libritts/cosyvoice2/data/casia-grpo/valid/samp_2/ZhaoZuoxiang_246_neutral.wav	/root/autodl-tmp/CosyVoice_dev/examples/libritts/cosyvoice2/data/casia-grpo/valid/samp_2/ZhaoZuoxiang_246_neutral.wav
/root/autodl-tmp/CosyVoice_dev/examples/libritts/cosyvoice2/data/casia-grpo/valid/samp_2/ZhaoZuoxiang_245_fear.wav	/root/autodl-tmp/CosyVoice_dev/examples/libritts/cosyvoice2/data/casia-grpo/valid/samp_2/ZhaoZuoxiang_245_fear.wav
/root/autodl-tmp/CosyVoice_dev/examples/libritts/cosyvoice2/data/casia-grpo/valid/samp_2/ZhaoZuoxiang_245_happy.wav	/root/autodl-tmp/CosyVoice_dev/examples/libritts/cosyvoice2/data/casia-grpo/valid/samp_2/ZhaoZuoxiang_245_happy.wav
/root/autodl-tmp/CosyVoice_dev/examples/libritts/cosyvoice2/data/casia-grpo/valid/samp_2/ZhaoZuoxiang_245_neutral.wav	/root/autodl-tmp/CosyVoice_dev/examples/libritts/cosyvoice2/data/casia-grpo/valid/samp_2/ZhaoZuoxiang_245_neutral.wav
/root/autodl-tmp/CosyVoice_dev/examples/libritts/cosyvoice2/data/casia-grpo/valid/samp_2/ZhaoZuoxiang_245_sad.wav	/root/autodl-tmp/CosyVoice_dev/examples/libritts/cosyvoice2/data/casia-grpo/valid/samp_2/ZhaoZuoxiang_245_sad.wav
/root/autodl-tmp/CosyVoice_dev/examples/libritts/cosyvoice2/data/casia-grpo/valid/samp_2/ZhaoZuoxiang_250_fear.wav	/root/autodl-tmp/CosyVoice_dev/examples/libritts/cosyvoice2/data/casia-grpo/valid/samp_2/ZhaoZuoxiang_250_fear.wav
/root/autodl-tmp/CosyVoice_dev/examples/libritts/cosyvoice2/data/casia-grpo/valid/samp_2/ZhaoZuoxiang_247_angry.wav	/root/autodl-tmp/CosyVoice_dev/examples/libritts/cosyvoice2/data/casia-grpo/valid/samp_2/ZhaoZuoxiang_247_angry.wav
/root/autodl-tmp/CosyVoice_dev/examples/libritts/cosyvoice2/data/casia-grpo/valid/samp_2/ZhaoZuoxiang_250_happy.wav	/root/autodl-tmp/CosyVoice_dev/examples/libritts/cosyvoice2/data/casia-grpo/valid/samp_2/ZhaoZuoxiang_250_happy.wav
/root/autodl-tmp/CosyVoice_dev/examples/libritts/cosyvoice2/data/casia-grpo/valid/samp_2/ZhaoZuoxiang_247_fear.wav	/root/autodl-tmp/CosyVoice_dev/examples/libritts/cosyvoice2/data/casia-grpo/valid/samp_2/ZhaoZuoxiang_247_fear.wav
/root/autodl-tmp/CosyVoice_dev/examples/libritts/cosyvoice2/data/casia-grpo/valid/samp_2/ZhaoZuoxiang_247_happy.wav	/root/autodl-tmp/CosyVoice_dev/examples/libritts/cosyvoice2/data/casia-grpo/valid/samp_2/ZhaoZuoxiang_247_happy.wav
/root/autodl-tmp/CosyVoice_dev/examples/libritts/cosyvoice2/data/casia-grpo/valid/samp_2/ZhaoZuoxiang_247_neutral.wav	/root/autodl-tmp/CosyVoice_dev/examples/libritts/cosyvoice2/data/casia-grpo/valid/samp_2/ZhaoZuoxiang_247_neutral.wav
/root/autodl-tmp/CosyVoice_dev/examples/libritts/cosyvoice2/data/casia-grpo/valid/samp_2/ZhaoZuoxiang_249_sad.wav	/root/autodl-tmp/CosyVoice_dev/examples/libritts/cosyvoice2/data/casia-grpo/valid/samp_2/ZhaoZuoxiang_249_sad.wav
/root/autodl-tmp/CosyVoice_dev/examples/libritts/cosyvoice2/data/casia-grpo/valid/samp_2/ZhaoZuoxiang_247_sad.wav	/root/autodl-tmp/CosyVoice_dev/examples/libritts/cosyvoice2/data/casia-grpo/valid/samp_2/ZhaoZuoxiang_247_sad.wav
/root/autodl-tmp/CosyVoice_dev/examples/libritts/cosyvoice2/data/casia-grpo/valid/samp_2/ZhaoZuoxiang_249_happy.wav	/root/autodl-tmp/CosyVoice_dev/examples/libritts/cosyvoice2/data/casia-grpo/valid/samp_2/ZhaoZuoxiang_249_happy.wav
/root/autodl-tmp/CosyVoice_dev/examples/libritts/cosyvoice2/data/casia-grpo/valid/samp_2/ZhaoZuoxiang_247_surprise.wav	/root/autodl-tmp/CosyVoice_dev/examples/libritts/cosyvoice2/data/casia-grpo/valid/samp_2/ZhaoZuoxiang_247_surprise.wav
/root/autodl-tmp/CosyVoice_dev/examples/libritts/cosyvoice2/data/casia-grpo/valid/samp_2/ZhaoZuoxiang_248_angry.wav	/root/autodl-tmp/CosyVoice_dev/examples/libritts/cosyvoice2/data/casia-grpo/valid/samp_2/ZhaoZuoxiang_248_angry.wav
/root/autodl-tmp/CosyVoice_dev/examples/libritts/cosyvoice2/data/casia-grpo/valid/samp_2/ZhaoZuoxiang_249_surprise.wav	/root/autodl-tmp/CosyVoice_dev/examples/libritts/cosyvoice2/data/casia-grpo/valid/samp_2/ZhaoZuoxiang_249_surprise.wav
/root/autodl-tmp/CosyVoice_dev/examples/libritts/cosyvoice2/data/casia-grpo/valid/samp_2/ZhaoZuoxiang_248_fear.wav	/root/autodl-tmp/CosyVoice_dev/examples/libritts/cosyvoice2/data/casia-grpo/valid/samp_2/ZhaoZuoxiang_248_fear.wav
/root/autodl-tmp/CosyVoice_dev/examples/libritts/cosyvoice2/data/casia-grpo/valid/samp_2/ZhaoZuoxiang_248_happy.wav	/root/autodl-tmp/CosyVoice_dev/examples/libritts/cosyvoice2/data/casia-grpo/valid/samp_2/ZhaoZuoxiang_248_happy.wav
/root/autodl-tmp/CosyVoice_dev/examples/libritts/cosyvoice2/data/casia-grpo/valid/samp_2/ZhaoZuoxiang_249_neutral.wav	/root/autodl-tmp/CosyVoice_dev/examples/libritts/cosyvoice2/data/casia-grpo/valid/samp_2/ZhaoZuoxiang_249_neutral.wav
/root/autodl-tmp/CosyVoice_dev/examples/libritts/cosyvoice2/data/casia-grpo/valid/samp_2/ZhaoZuoxiang_248_neutral.wav	/root/autodl-tmp/CosyVoice_dev/examples/libritts/cosyvoice2/data/casia-grpo/valid/samp_2/ZhaoZuoxiang_248_neutral.wav
/root/autodl-tmp/CosyVoice_dev/examples/libritts/cosyvoice2/data/casia-grpo/valid/samp_2/ZhaoZuoxiang_248_sad.wav	/root/autodl-tmp/CosyVoice_dev/examples/libritts/cosyvoice2/data/casia-grpo/valid/samp_2/ZhaoZuoxiang_248_sad.wav
/root/autodl-tmp/CosyVoice_dev/examples/libritts/cosyvoice2/data/casia-grpo/valid/samp_2/ZhaoZuoxiang_250_angry.wav	/root/autodl-tmp/CosyVoice_dev/examples/libritts/cosyvoice2/data/casia-grpo/valid/samp_2/ZhaoZuoxiang_250_angry.wav
/root/autodl-tmp/CosyVoice_dev/examples/libritts/cosyvoice2/data/casia-grpo/valid/samp_2/ZhaoZuoxiang_248_surprise.wav	/root/autodl-tmp/CosyVoice_dev/examples/libritts/cosyvoice2/data/casia-grpo/valid/samp_2/ZhaoZuoxiang_248_surprise.wav
/root/autodl-tmp/CosyVoice_dev/examples/libritts/cosyvoice2/data/casia-grpo/valid/samp_2/ZhaoZuoxiang_249_angry.wav	/root/autodl-tmp/CosyVoice_dev/examples/libritts/cosyvoice2/data/casia-grpo/valid/samp_2/ZhaoZuoxiang_249_angry.wav
/root/autodl-tmp/CosyVoice_dev/examples/libritts/cosyvoice2/data/casia-grpo/valid/samp_2/ZhaoZuoxiang_249_fear.wav	/root/autodl-tmp/CosyVoice_dev/examples/libritts/cosyvoice2/data/casia-grpo/valid/samp_2/ZhaoZuoxiang_249_fear.wav
/root/autodl-tmp/CosyVoice_dev/examples/libritts/cosyvoice2/data/casia-grpo/valid/samp_2/ZhaoZuoxiang_250_neutral.wav	/root/autodl-tmp/CosyVoice_dev/examples/libritts/cosyvoice2/data/casia-grpo/valid/samp_2/ZhaoZuoxiang_250_neutral.wav
/root/autodl-tmp/CosyVoice_dev/examples/libritts/cosyvoice2/data/casia-grpo/valid/samp_2/ZhaoZuoxiang_250_sad.wav	/root/autodl-tmp/CosyVoice_dev/examples/libritts/cosyvoice2/data/casia-grpo/valid/samp_2/ZhaoZuoxiang_250_sad.wav
/root/autodl-tmp/CosyVoice_dev/examples/libritts/cosyvoice2/data/casia-grpo/valid/samp_2/ZhaoZuoxiang_250_surprise.wav	/root/autodl-tmp/CosyVoice_dev/examples/libritts/cosyvoice2/data/casia-grpo/valid/samp_2/ZhaoZuoxiang_250_surprise.wav
/root/autodl-tmp/CosyVoice_dev/examples/libritts/cosyvoice2/data/casia-grpo/valid/samp_3/ZhaoZuoxiang_203_angry.wav	/root/autodl-tmp/CosyVoice_dev/examples/libritts/cosyvoice2/data/casia-grpo/valid/samp_3/ZhaoZuoxiang_203_angry.wav
/root/autodl-tmp/CosyVoice_dev/examples/libritts/cosyvoice2/data/casia-grpo/valid/samp_3/ZhaoZuoxiang_201_angry.wav	/root/autodl-tmp/CosyVoice_dev/examples/libritts/cosyvoice2/data/casia-grpo/valid/samp_3/ZhaoZuoxiang_201_angry.wav
/root/autodl-tmp/CosyVoice_dev/examples/libritts/cosyvoice2/data/casia-grpo/valid/samp_3/ZhaoZuoxiang_204_fear.wav	/root/autodl-tmp/CosyVoice_dev/examples/libritts/cosyvoice2/data/casia-grpo/valid/samp_3/ZhaoZuoxiang_204_fear.wav
/root/autodl-tmp/CosyVoice_dev/examples/libritts/cosyvoice2/data/casia-grpo/valid/samp_3/ZhaoZuoxiang_201_fear.wav	/root/autodl-tmp/CosyVoice_dev/examples/libritts/cosyvoice2/data/casia-grpo/valid/samp_3/ZhaoZuoxiang_201_fear.wav
/root/autodl-tmp/CosyVoice_dev/examples/libritts/cosyvoice2/data/casia-grpo/valid/samp_3/ZhaoZuoxiang_204_happy.wav	/root/autodl-tmp/CosyVoice_dev/examples/libritts/cosyvoice2/data/casia-grpo/valid/samp_3/ZhaoZuoxiang_204_happy.wav
/root/autodl-tmp/CosyVoice_dev/examples/libritts/cosyvoice2/data/casia-grpo/valid/samp_3/ZhaoZuoxiang_201_happy.wav	/root/autodl-tmp/CosyVoice_dev/examples/libritts/cosyvoice2/data/casia-grpo/valid/samp_3/ZhaoZuoxiang_201_happy.wav
/root/autodl-tmp/CosyVoice_dev/examples/libritts/cosyvoice2/data/casia-grpo/valid/samp_3/ZhaoZuoxiang_204_neutral.wav	/root/autodl-tmp/CosyVoice_dev/examples/libritts/cosyvoice2/data/casia-grpo/valid/samp_3/ZhaoZuoxiang_204_neutral.wav
/root/autodl-tmp/CosyVoice_dev/examples/libritts/cosyvoice2/data/casia-grpo/valid/samp_3/ZhaoZuoxiang_201_neutral.wav	/root/autodl-tmp/CosyVoice_dev/examples/libritts/cosyvoice2/data/casia-grpo/valid/samp_3/ZhaoZuoxiang_201_neutral.wav
/root/autodl-tmp/CosyVoice_dev/examples/libritts/cosyvoice2/data/casia-grpo/valid/samp_3/ZhaoZuoxiang_204_surprise.wav	/root/autodl-tmp/CosyVoice_dev/examples/libritts/cosyvoice2/data/casia-grpo/valid/samp_3/ZhaoZuoxiang_204_surprise.wav
/root/autodl-tmp/CosyVoice_dev/examples/libritts/cosyvoice2/data/casia-grpo/valid/samp_3/ZhaoZuoxiang_201_sad.wav	/root/autodl-tmp/CosyVoice_dev/examples/libritts/cosyvoice2/data/casia-grpo/valid/samp_3/ZhaoZuoxiang_201_sad.wav
/root/autodl-tmp/CosyVoice_dev/examples/libritts/cosyvoice2/data/casia-grpo/valid/samp_3/ZhaoZuoxiang_201_surprise.wav	/root/autodl-tmp/CosyVoice_dev/examples/libritts/cosyvoice2/data/casia-grpo/valid/samp_3/ZhaoZuoxiang_201_surprise.wav
/root/autodl-tmp/CosyVoice_dev/examples/libritts/cosyvoice2/data/casia-grpo/valid/samp_3/ZhaoZuoxiang_204_sad.wav	/root/autodl-tmp/CosyVoice_dev/examples/libritts/cosyvoice2/data/casia-grpo/valid/samp_3/ZhaoZuoxiang_204_sad.wav
/root/autodl-tmp/CosyVoice_dev/examples/libritts/cosyvoice2/data/casia-grpo/valid/samp_3/ZhaoZuoxiang_203_happy.wav	/root/autodl-tmp/CosyVoice_dev/examples/libritts/cosyvoice2/data/casia-grpo/valid/samp_3/ZhaoZuoxiang_203_happy.wav
/root/autodl-tmp/CosyVoice_dev/examples/libritts/cosyvoice2/data/casia-grpo/valid/samp_3/ZhaoZuoxiang_202_angry.wav	/root/autodl-tmp/CosyVoice_dev/examples/libritts/cosyvoice2/data/casia-grpo/valid/samp_3/ZhaoZuoxiang_202_angry.wav
/root/autodl-tmp/CosyVoice_dev/examples/libritts/cosyvoice2/data/casia-grpo/valid/samp_3/ZhaoZuoxiang_205_angry.wav	/root/autodl-tmp/CosyVoice_dev/examples/libritts/cosyvoice2/data/casia-grpo/valid/samp_3/ZhaoZuoxiang_205_angry.wav
/root/autodl-tmp/CosyVoice_dev/examples/libritts/cosyvoice2/data/casia-grpo/valid/samp_3/ZhaoZuoxiang_203_surprise.wav	/root/autodl-tmp/CosyVoice_dev/examples/libritts/cosyvoice2/data/casia-grpo/valid/samp_3/ZhaoZuoxiang_203_surprise.wav
/root/autodl-tmp/CosyVoice_dev/examples/libritts/cosyvoice2/data/casia-grpo/valid/samp_3/ZhaoZuoxiang_202_fear.wav	/root/autodl-tmp/CosyVoice_dev/examples/libritts/cosyvoice2/data/casia-grpo/valid/samp_3/ZhaoZuoxiang_202_fear.wav
/root/autodl-tmp/CosyVoice_dev/examples/libritts/cosyvoice2/data/casia-grpo/valid/samp_3/ZhaoZuoxiang_202_happy.wav	/root/autodl-tmp/CosyVoice_dev/examples/libritts/cosyvoice2/data/casia-grpo/valid/samp_3/ZhaoZuoxiang_202_happy.wav
/root/autodl-tmp/CosyVoice_dev/examples/libritts/cosyvoice2/data/casia-grpo/valid/samp_3/ZhaoZuoxiang_205_fear.wav	/root/autodl-tmp/CosyVoice_dev/examples/libritts/cosyvoice2/data/casia-grpo/valid/samp_3/ZhaoZuoxiang_205_fear.wav
/root/autodl-tmp/CosyVoice_dev/examples/libritts/cosyvoice2/data/casia-grpo/valid/samp_3/ZhaoZuoxiang_202_neutral.wav	/root/autodl-tmp/CosyVoice_dev/examples/libritts/cosyvoice2/data/casia-grpo/valid/samp_3/ZhaoZuoxiang_202_neutral.wav
/root/autodl-tmp/CosyVoice_dev/examples/libritts/cosyvoice2/data/casia-grpo/valid/samp_3/ZhaoZuoxiang_205_happy.wav	/root/autodl-tmp/CosyVoice_dev/examples/libritts/cosyvoice2/data/casia-grpo/valid/samp_3/ZhaoZuoxiang_205_happy.wav
/root/autodl-tmp/CosyVoice_dev/examples/libritts/cosyvoice2/data/casia-grpo/valid/samp_3/ZhaoZuoxiang_202_sad.wav	/root/autodl-tmp/CosyVoice_dev/examples/libritts/cosyvoice2/data/casia-grpo/valid/samp_3/ZhaoZuoxiang_202_sad.wav
/root/autodl-tmp/CosyVoice_dev/examples/libritts/cosyvoice2/data/casia-grpo/valid/samp_3/ZhaoZuoxiang_203_neutral.wav	/root/autodl-tmp/CosyVoice_dev/examples/libritts/cosyvoice2/data/casia-grpo/valid/samp_3/ZhaoZuoxiang_203_neutral.wav
/root/autodl-tmp/CosyVoice_dev/examples/libritts/cosyvoice2/data/casia-grpo/valid/samp_3/ZhaoZuoxiang_204_angry.wav	/root/autodl-tmp/CosyVoice_dev/examples/libritts/cosyvoice2/data/casia-grpo/valid/samp_3/ZhaoZuoxiang_204_angry.wav
/root/autodl-tmp/CosyVoice_dev/examples/libritts/cosyvoice2/data/casia-grpo/valid/samp_3/ZhaoZuoxiang_202_surprise.wav	/root/autodl-tmp/CosyVoice_dev/examples/libritts/cosyvoice2/data/casia-grpo/valid/samp_3/ZhaoZuoxiang_202_surprise.wav
/root/autodl-tmp/CosyVoice_dev/examples/libritts/cosyvoice2/data/casia-grpo/valid/samp_3/ZhaoZuoxiang_205_neutral.wav	/root/autodl-tmp/CosyVoice_dev/examples/libritts/cosyvoice2/data/casia-grpo/valid/samp_3/ZhaoZuoxiang_205_neutral.wav
/root/autodl-tmp/CosyVoice_dev/examples/libritts/cosyvoice2/data/casia-grpo/valid/samp_3/ZhaoZuoxiang_203_fear.wav	/root/autodl-tmp/CosyVoice_dev/examples/libritts/cosyvoice2/data/casia-grpo/valid/samp_3/ZhaoZuoxiang_203_fear.wav
/root/autodl-tmp/CosyVoice_dev/examples/libritts/cosyvoice2/data/casia-grpo/valid/samp_3/ZhaoZuoxiang_203_sad.wav	/root/autodl-tmp/CosyVoice_dev/examples/libritts/cosyvoice2/data/casia-grpo/valid/samp_3/ZhaoZuoxiang_203_sad.wav
/root/autodl-tmp/CosyVoice_dev/examples/libritts/cosyvoice2/data/casia-grpo/valid/samp_3/ZhaoZuoxiang_207_sad.wav	/root/autodl-tmp/CosyVoice_dev/examples/libritts/cosyvoice2/data/casia-grpo/valid/samp_3/ZhaoZuoxiang_207_sad.wav
/root/autodl-tmp/CosyVoice_dev/examples/libritts/cosyvoice2/data/casia-grpo/valid/samp_3/ZhaoZuoxiang_208_sad.wav	/root/autodl-tmp/CosyVoice_dev/examples/libritts/cosyvoice2/data/casia-grpo/valid/samp_3/ZhaoZuoxiang_208_sad.wav
/root/autodl-tmp/CosyVoice_dev/examples/libritts/cosyvoice2/data/casia-grpo/valid/samp_3/ZhaoZuoxiang_205_sad.wav	/root/autodl-tmp/CosyVoice_dev/examples/libritts/cosyvoice2/data/casia-grpo/valid/samp_3/ZhaoZuoxiang_205_sad.wav
/root/autodl-tmp/CosyVoice_dev/examples/libritts/cosyvoice2/data/casia-grpo/valid/samp_3/ZhaoZuoxiang_207_surprise.wav	/root/autodl-tmp/CosyVoice_dev/examples/libritts/cosyvoice2/data/casia-grpo/valid/samp_3/ZhaoZuoxiang_207_surprise.wav
/root/autodl-tmp/CosyVoice_dev/examples/libritts/cosyvoice2/data/casia-grpo/valid/samp_3/ZhaoZuoxiang_208_happy.wav	/root/autodl-tmp/CosyVoice_dev/examples/libritts/cosyvoice2/data/casia-grpo/valid/samp_3/ZhaoZuoxiang_208_happy.wav
/root/autodl-tmp/CosyVoice_dev/examples/libritts/cosyvoice2/data/casia-grpo/valid/samp_3/ZhaoZuoxiang_205_surprise.wav	/root/autodl-tmp/CosyVoice_dev/examples/libritts/cosyvoice2/data/casia-grpo/valid/samp_3/ZhaoZuoxiang_205_surprise.wav
/root/autodl-tmp/CosyVoice_dev/examples/libritts/cosyvoice2/data/casia-grpo/valid/samp_3/ZhaoZuoxiang_208_surprise.wav	/root/autodl-tmp/CosyVoice_dev/examples/libritts/cosyvoice2/data/casia-grpo/valid/samp_3/ZhaoZuoxiang_208_surprise.wav
/root/autodl-tmp/CosyVoice_dev/examples/libritts/cosyvoice2/data/casia-grpo/valid/samp_3/ZhaoZuoxiang_206_angry.wav	/root/autodl-tmp/CosyVoice_dev/examples/libritts/cosyvoice2/data/casia-grpo/valid/samp_3/ZhaoZuoxiang_206_angry.wav
/root/autodl-tmp/CosyVoice_dev/examples/libritts/cosyvoice2/data/casia-grpo/valid/samp_3/ZhaoZuoxiang_209_angry.wav	/root/autodl-tmp/CosyVoice_dev/examples/libritts/cosyvoice2/data/casia-grpo/valid/samp_3/ZhaoZuoxiang_209_angry.wav
/root/autodl-tmp/CosyVoice_dev/examples/libritts/cosyvoice2/data/casia-grpo/valid/samp_3/ZhaoZuoxiang_206_fear.wav	/root/autodl-tmp/CosyVoice_dev/examples/libritts/cosyvoice2/data/casia-grpo/valid/samp_3/ZhaoZuoxiang_206_fear.wav
/root/autodl-tmp/CosyVoice_dev/examples/libritts/cosyvoice2/data/casia-grpo/valid/samp_3/ZhaoZuoxiang_206_happy.wav	/root/autodl-tmp/CosyVoice_dev/examples/libritts/cosyvoice2/data/casia-grpo/valid/samp_3/ZhaoZuoxiang_206_happy.wav
/root/autodl-tmp/CosyVoice_dev/examples/libritts/cosyvoice2/data/casia-grpo/valid/samp_3/ZhaoZuoxiang_209_fear.wav	/root/autodl-tmp/CosyVoice_dev/examples/libritts/cosyvoice2/data/casia-grpo/valid/samp_3/ZhaoZuoxiang_209_fear.wav
/root/autodl-tmp/CosyVoice_dev/examples/libritts/cosyvoice2/data/casia-grpo/valid/samp_3/ZhaoZuoxiang_208_angry.wav	/root/autodl-tmp/CosyVoice_dev/examples/libritts/cosyvoice2/data/casia-grpo/valid/samp_3/ZhaoZuoxiang_208_angry.wav
/root/autodl-tmp/CosyVoice_dev/examples/libritts/cosyvoice2/data/casia-grpo/valid/samp_3/ZhaoZuoxiang_206_neutral.wav	/root/autodl-tmp/CosyVoice_dev/examples/libritts/cosyvoice2/data/casia-grpo/valid/samp_3/ZhaoZuoxiang_206_neutral.wav
/root/autodl-tmp/CosyVoice_dev/examples/libritts/cosyvoice2/data/casia-grpo/valid/samp_3/ZhaoZuoxiang_209_happy.wav	/root/autodl-tmp/CosyVoice_dev/examples/libritts/cosyvoice2/data/casia-grpo/valid/samp_3/ZhaoZuoxiang_209_happy.wav
/root/autodl-tmp/CosyVoice_dev/examples/libritts/cosyvoice2/data/casia-grpo/valid/samp_3/ZhaoZuoxiang_206_sad.wav	/root/autodl-tmp/CosyVoice_dev/examples/libritts/cosyvoice2/data/casia-grpo/valid/samp_3/ZhaoZuoxiang_206_sad.wav
/root/autodl-tmp/CosyVoice_dev/examples/libritts/cosyvoice2/data/casia-grpo/valid/samp_3/ZhaoZuoxiang_208_neutral.wav	/root/autodl-tmp/CosyVoice_dev/examples/libritts/cosyvoice2/data/casia-grpo/valid/samp_3/ZhaoZuoxiang_208_neutral.wav
/root/autodl-tmp/CosyVoice_dev/examples/libritts/cosyvoice2/data/casia-grpo/valid/samp_3/ZhaoZuoxiang_206_surprise.wav	/root/autodl-tmp/CosyVoice_dev/examples/libritts/cosyvoice2/data/casia-grpo/valid/samp_3/ZhaoZuoxiang_206_surprise.wav
/root/autodl-tmp/CosyVoice_dev/examples/libritts/cosyvoice2/data/casia-grpo/valid/samp_3/ZhaoZuoxiang_209_neutral.wav	/root/autodl-tmp/CosyVoice_dev/examples/libritts/cosyvoice2/data/casia-grpo/valid/samp_3/ZhaoZuoxiang_209_neutral.wav
/root/autodl-tmp/CosyVoice_dev/examples/libritts/cosyvoice2/data/casia-grpo/valid/samp_3/ZhaoZuoxiang_207_angry.wav	/root/autodl-tmp/CosyVoice_dev/examples/libritts/cosyvoice2/data/casia-grpo/valid/samp_3/ZhaoZuoxiang_207_angry.wav
/root/autodl-tmp/CosyVoice_dev/examples/libritts/cosyvoice2/data/casia-grpo/valid/samp_3/ZhaoZuoxiang_209_sad.wav	/root/autodl-tmp/CosyVoice_dev/examples/libritts/cosyvoice2/data/casia-grpo/valid/samp_3/ZhaoZuoxiang_209_sad.wav
/root/autodl-tmp/CosyVoice_dev/examples/libritts/cosyvoice2/data/casia-grpo/valid/samp_3/ZhaoZuoxiang_207_fear.wav	/root/autodl-tmp/CosyVoice_dev/examples/libritts/cosyvoice2/data/casia-grpo/valid/samp_3/ZhaoZuoxiang_207_fear.wav
/root/autodl-tmp/CosyVoice_dev/examples/libritts/cosyvoice2/data/casia-grpo/valid/samp_3/ZhaoZuoxiang_208_fear.wav	/root/autodl-tmp/CosyVoice_dev/examples/libritts/cosyvoice2/data/casia-grpo/valid/samp_3/ZhaoZuoxiang_208_fear.wav
/root/autodl-tmp/CosyVoice_dev/examples/libritts/cosyvoice2/data/casia-grpo/valid/samp_3/ZhaoZuoxiang_209_surprise.wav	/root/autodl-tmp/CosyVoice_dev/examples/libritts/cosyvoice2/data/casia-grpo/valid/samp_3/ZhaoZuoxiang_209_surprise.wav
/root/autodl-tmp/CosyVoice_dev/examples/libritts/cosyvoice2/data/casia-grpo/valid/samp_3/ZhaoZuoxiang_207_happy.wav	/root/autodl-tmp/CosyVoice_dev/examples/libritts/cosyvoice2/data/casia-grpo/valid/samp_3/ZhaoZuoxiang_207_happy.wav
/root/autodl-tmp/CosyVoice_dev/examples/libritts/cosyvoice2/data/casia-grpo/valid/samp_3/ZhaoZuoxiang_210_angry.wav	/root/autodl-tmp/CosyVoice_dev/examples/libritts/cosyvoice2/data/casia-grpo/valid/samp_3/ZhaoZuoxiang_210_angry.wav
/root/autodl-tmp/CosyVoice_dev/examples/libritts/cosyvoice2/data/casia-grpo/valid/samp_3/ZhaoZuoxiang_207_neutral.wav	/root/autodl-tmp/CosyVoice_dev/examples/libritts/cosyvoice2/data/casia-grpo/valid/samp_3/ZhaoZuoxiang_207_neutral.wav
/root/autodl-tmp/CosyVoice_dev/examples/libritts/cosyvoice2/data/casia-grpo/valid/samp_3/ZhaoZuoxiang_210_fear.wav	/root/autodl-tmp/CosyVoice_dev/examples/libritts/cosyvoice2/data/casia-grpo/valid/samp_3/ZhaoZuoxiang_210_fear.wav
/root/autodl-tmp/CosyVoice_dev/examples/libritts/cosyvoice2/data/casia-grpo/valid/samp_3/ZhaoZuoxiang_210_happy.wav	/root/autodl-tmp/CosyVoice_dev/examples/libritts/cosyvoice2/data/casia-grpo/valid/samp_3/ZhaoZuoxiang_210_happy.wav
/root/autodl-tmp/CosyVoice_dev/examples/libritts/cosyvoice2/data/casia-grpo/valid/samp_3/ZhaoZuoxiang_210_neutral.wav	/root/autodl-tmp/CosyVoice_dev/examples/libritts/cosyvoice2/data/casia-grpo/valid/samp_3/ZhaoZuoxiang_210_neutral.wav
/root/autodl-tmp/CosyVoice_dev/examples/libritts/cosyvoice2/data/casia-grpo/valid/samp_3/ZhaoZuoxiang_210_sad.wav	/root/autodl-tmp/CosyVoice_dev/examples/libritts/cosyvoice2/data/casia-grpo/valid/samp_3/ZhaoZuoxiang_210_sad.wav
/root/autodl-tmp/CosyVoice_dev/examples/libritts/cosyvoice2/data/casia-grpo/valid/samp_3/ZhaoZuoxiang_210_surprise.wav	/root/autodl-tmp/CosyVoice_dev/examples/libritts/cosyvoice2/data/casia-grpo/valid/samp_3/ZhaoZuoxiang_210_surprise.wav
/root/autodl-tmp/CosyVoice_dev/examples/libritts/cosyvoice2/data/casia-grpo/valid/samp_3/ZhaoZuoxiang_211_angry.wav	/root/autodl-tmp/CosyVoice_dev/examples/libritts/cosyvoice2/data/casia-grpo/valid/samp_3/ZhaoZuoxiang_211_angry.wav
/root/autodl-tmp/CosyVoice_dev/examples/libritts/cosyvoice2/data/casia-grpo/valid/samp_3/ZhaoZuoxiang_211_fear.wav	/root/autodl-tmp/CosyVoice_dev/examples/libritts/cosyvoice2/data/casia-grpo/valid/samp_3/ZhaoZuoxiang_211_fear.wav
/root/autodl-tmp/CosyVoice_dev/examples/libritts/cosyvoice2/data/casia-grpo/valid/samp_3/ZhaoZuoxiang_211_happy.wav	/root/autodl-tmp/CosyVoice_dev/examples/libritts/cosyvoice2/data/casia-grpo/valid/samp_3/ZhaoZuoxiang_211_happy.wav
/root/autodl-tmp/CosyVoice_dev/examples/libritts/cosyvoice2/data/casia-grpo/valid/samp_3/ZhaoZuoxiang_211_neutral.wav	/root/autodl-tmp/CosyVoice_dev/examples/libritts/cosyvoice2/data/casia-grpo/valid/samp_3/ZhaoZuoxiang_211_neutral.wav
/root/autodl-tmp/CosyVoice_dev/examples/libritts/cosyvoice2/data/casia-grpo/valid/samp_3/ZhaoZuoxiang_211_sad.wav	/root/autodl-tmp/CosyVoice_dev/examples/libritts/cosyvoice2/data/casia-grpo/valid/samp_3/ZhaoZuoxiang_211_sad.wav
/root/autodl-tmp/CosyVoice_dev/examples/libritts/cosyvoice2/data/casia-grpo/valid/samp_3/ZhaoZuoxiang_211_surprise.wav	/root/autodl-tmp/CosyVoice_dev/examples/libritts/cosyvoice2/data/casia-grpo/valid/samp_3/ZhaoZuoxiang_211_surprise.wav
/root/autodl-tmp/CosyVoice_dev/examples/libritts/cosyvoice2/data/casia-grpo/valid/samp_3/ZhaoZuoxiang_212_angry.wav	/root/autodl-tmp/CosyVoice_dev/examples/libritts/cosyvoice2/data/casia-grpo/valid/samp_3/ZhaoZuoxiang_212_angry.wav
/root/autodl-tmp/CosyVoice_dev/examples/libritts/cosyvoice2/data/casia-grpo/valid/samp_3/ZhaoZuoxiang_212_fear.wav	/root/autodl-tmp/CosyVoice_dev/examples/libritts/cosyvoice2/data/casia-grpo/valid/samp_3/ZhaoZuoxiang_212_fear.wav
/root/autodl-tmp/CosyVoice_dev/examples/libritts/cosyvoice2/data/casia-grpo/valid/samp_3/ZhaoZuoxiang_212_happy.wav	/root/autodl-tmp/CosyVoice_dev/examples/libritts/cosyvoice2/data/casia-grpo/valid/samp_3/ZhaoZuoxiang_212_happy.wav
/root/autodl-tmp/CosyVoice_dev/examples/libritts/cosyvoice2/data/casia-grpo/valid/samp_3/ZhaoZuoxiang_212_neutral.wav	/root/autodl-tmp/CosyVoice_dev/examples/libritts/cosyvoice2/data/casia-grpo/valid/samp_3/ZhaoZuoxiang_212_neutral.wav
/root/autodl-tmp/CosyVoice_dev/examples/libritts/cosyvoice2/data/casia-grpo/valid/samp_3/ZhaoZuoxiang_212_sad.wav	/root/autodl-tmp/CosyVoice_dev/examples/libritts/cosyvoice2/data/casia-grpo/valid/samp_3/ZhaoZuoxiang_212_sad.wav
/root/autodl-tmp/CosyVoice_dev/examples/libritts/cosyvoice2/data/casia-grpo/valid/samp_3/ZhaoZuoxiang_212_surprise.wav	/root/autodl-tmp/CosyVoice_dev/examples/libritts/cosyvoice2/data/casia-grpo/valid/samp_3/ZhaoZuoxiang_212_surprise.wav
/root/autodl-tmp/CosyVoice_dev/examples/libritts/cosyvoice2/data/casia-grpo/valid/samp_3/ZhaoZuoxiang_213_angry.wav	/root/autodl-tmp/CosyVoice_dev/examples/libritts/cosyvoice2/data/casia-grpo/valid/samp_3/ZhaoZuoxiang_213_angry.wav
/root/autodl-tmp/CosyVoice_dev/examples/libritts/cosyvoice2/data/casia-grpo/valid/samp_3/ZhaoZuoxiang_213_fear.wav	/root/autodl-tmp/CosyVoice_dev/examples/libritts/cosyvoice2/data/casia-grpo/valid/samp_3/ZhaoZuoxiang_213_fear.wav
/root/autodl-tmp/CosyVoice_dev/examples/libritts/cosyvoice2/data/casia-grpo/valid/samp_3/ZhaoZuoxiang_213_happy.wav	/root/autodl-tmp/CosyVoice_dev/examples/libritts/cosyvoice2/data/casia-grpo/valid/samp_3/ZhaoZuoxiang_213_happy.wav
/root/autodl-tmp/CosyVoice_dev/examples/libritts/cosyvoice2/data/casia-grpo/valid/samp_3/ZhaoZuoxiang_213_neutral.wav	/root/autodl-tmp/CosyVoice_dev/examples/libritts/cosyvoice2/data/casia-grpo/valid/samp_3/ZhaoZuoxiang_213_neutral.wav
/root/autodl-tmp/CosyVoice_dev/examples/libritts/cosyvoice2/data/casia-grpo/valid/samp_3/ZhaoZuoxiang_213_sad.wav	/root/autodl-tmp/CosyVoice_dev/examples/libritts/cosyvoice2/data/casia-grpo/valid/samp_3/ZhaoZuoxiang_213_sad.wav
/root/autodl-tmp/CosyVoice_dev/examples/libritts/cosyvoice2/data/casia-grpo/valid/samp_3/ZhaoZuoxiang_213_surprise.wav	/root/autodl-tmp/CosyVoice_dev/examples/libritts/cosyvoice2/data/casia-grpo/valid/samp_3/ZhaoZuoxiang_213_surprise.wav
/root/autodl-tmp/CosyVoice_dev/examples/libritts/cosyvoice2/data/casia-grpo/valid/samp_3/ZhaoZuoxiang_214_angry.wav	/root/autodl-tmp/CosyVoice_dev/examples/libritts/cosyvoice2/data/casia-grpo/valid/samp_3/ZhaoZuoxiang_214_angry.wav
/root/autodl-tmp/CosyVoice_dev/examples/libritts/cosyvoice2/data/casia-grpo/valid/samp_3/ZhaoZuoxiang_214_fear.wav	/root/autodl-tmp/CosyVoice_dev/examples/libritts/cosyvoice2/data/casia-grpo/valid/samp_3/ZhaoZuoxiang_214_fear.wav
/root/autodl-tmp/CosyVoice_dev/examples/libritts/cosyvoice2/data/casia-grpo/valid/samp_3/ZhaoZuoxiang_214_happy.wav	/root/autodl-tmp/CosyVoice_dev/examples/libritts/cosyvoice2/data/casia-grpo/valid/samp_3/ZhaoZuoxiang_214_happy.wav
/root/autodl-tmp/CosyVoice_dev/examples/libritts/cosyvoice2/data/casia-grpo/valid/samp_3/ZhaoZuoxiang_214_neutral.wav	/root/autodl-tmp/CosyVoice_dev/examples/libritts/cosyvoice2/data/casia-grpo/valid/samp_3/ZhaoZuoxiang_214_neutral.wav
/root/autodl-tmp/CosyVoice_dev/examples/libritts/cosyvoice2/data/casia-grpo/valid/samp_3/ZhaoZuoxiang_214_sad.wav	/root/autodl-tmp/CosyVoice_dev/examples/libritts/cosyvoice2/data/casia-grpo/valid/samp_3/ZhaoZuoxiang_214_sad.wav
/root/autodl-tmp/CosyVoice_dev/examples/libritts/cosyvoice2/data/casia-grpo/valid/samp_3/ZhaoZuoxiang_214_surprise.wav	/root/autodl-tmp/CosyVoice_dev/examples/libritts/cosyvoice2/data/casia-grpo/valid/samp_3/ZhaoZuoxiang_214_surprise.wav
/root/autodl-tmp/CosyVoice_dev/examples/libritts/cosyvoice2/data/casia-grpo/valid/samp_3/ZhaoZuoxiang_215_angry.wav	/root/autodl-tmp/CosyVoice_dev/examples/libritts/cosyvoice2/data/casia-grpo/valid/samp_3/ZhaoZuoxiang_215_angry.wav
/root/autodl-tmp/CosyVoice_dev/examples/libritts/cosyvoice2/data/casia-grpo/valid/samp_3/ZhaoZuoxiang_215_fear.wav	/root/autodl-tmp/CosyVoice_dev/examples/libritts/cosyvoice2/data/casia-grpo/valid/samp_3/ZhaoZuoxiang_215_fear.wav
/root/autodl-tmp/CosyVoice_dev/examples/libritts/cosyvoice2/data/casia-grpo/valid/samp_3/ZhaoZuoxiang_215_happy.wav	/root/autodl-tmp/CosyVoice_dev/examples/libritts/cosyvoice2/data/casia-grpo/valid/samp_3/ZhaoZuoxiang_215_happy.wav
/root/autodl-tmp/CosyVoice_dev/examples/libritts/cosyvoice2/data/casia-grpo/valid/samp_3/ZhaoZuoxiang_215_neutral.wav	/root/autodl-tmp/CosyVoice_dev/examples/libritts/cosyvoice2/data/casia-grpo/valid/samp_3/ZhaoZuoxiang_215_neutral.wav
/root/autodl-tmp/CosyVoice_dev/examples/libritts/cosyvoice2/data/casia-grpo/valid/samp_3/ZhaoZuoxiang_215_sad.wav	/root/autodl-tmp/CosyVoice_dev/examples/libritts/cosyvoice2/data/casia-grpo/valid/samp_3/ZhaoZuoxiang_215_sad.wav
/root/autodl-tmp/CosyVoice_dev/examples/libritts/cosyvoice2/data/casia-grpo/valid/samp_3/ZhaoZuoxiang_215_surprise.wav	/root/autodl-tmp/CosyVoice_dev/examples/libritts/cosyvoice2/data/casia-grpo/valid/samp_3/ZhaoZuoxiang_215_surprise.wav
/root/autodl-tmp/CosyVoice_dev/examples/libritts/cosyvoice2/data/casia-grpo/valid/samp_3/ZhaoZuoxiang_216_angry.wav	/root/autodl-tmp/CosyVoice_dev/examples/libritts/cosyvoice2/data/casia-grpo/valid/samp_3/ZhaoZuoxiang_216_angry.wav
/root/autodl-tmp/CosyVoice_dev/examples/libritts/cosyvoice2/data/casia-grpo/valid/samp_3/ZhaoZuoxiang_216_fear.wav	/root/autodl-tmp/CosyVoice_dev/examples/libritts/cosyvoice2/data/casia-grpo/valid/samp_3/ZhaoZuoxiang_216_fear.wav
/root/autodl-tmp/CosyVoice_dev/examples/libritts/cosyvoice2/data/casia-grpo/valid/samp_3/ZhaoZuoxiang_216_happy.wav	/root/autodl-tmp/CosyVoice_dev/examples/libritts/cosyvoice2/data/casia-grpo/valid/samp_3/ZhaoZuoxiang_216_happy.wav
/root/autodl-tmp/CosyVoice_dev/examples/libritts/cosyvoice2/data/casia-grpo/valid/samp_3/ZhaoZuoxiang_216_neutral.wav	/root/autodl-tmp/CosyVoice_dev/examples/libritts/cosyvoice2/data/casia-grpo/valid/samp_3/ZhaoZuoxiang_216_neutral.wav
/root/autodl-tmp/CosyVoice_dev/examples/libritts/cosyvoice2/data/casia-grpo/valid/samp_3/ZhaoZuoxiang_216_sad.wav	/root/autodl-tmp/CosyVoice_dev/examples/libritts/cosyvoice2/data/casia-grpo/valid/samp_3/ZhaoZuoxiang_216_sad.wav
/root/autodl-tmp/CosyVoice_dev/examples/libritts/cosyvoice2/data/casia-grpo/valid/samp_3/ZhaoZuoxiang_216_surprise.wav	/root/autodl-tmp/CosyVoice_dev/examples/libritts/cosyvoice2/data/casia-grpo/valid/samp_3/ZhaoZuoxiang_216_surprise.wav
/root/autodl-tmp/CosyVoice_dev/examples/libritts/cosyvoice2/data/casia-grpo/valid/samp_3/ZhaoZuoxiang_217_angry.wav	/root/autodl-tmp/CosyVoice_dev/examples/libritts/cosyvoice2/data/casia-grpo/valid/samp_3/ZhaoZuoxiang_217_angry.wav
/root/autodl-tmp/CosyVoice_dev/examples/libritts/cosyvoice2/data/casia-grpo/valid/samp_3/ZhaoZuoxiang_217_fear.wav	/root/autodl-tmp/CosyVoice_dev/examples/libritts/cosyvoice2/data/casia-grpo/valid/samp_3/ZhaoZuoxiang_217_fear.wav
/root/autodl-tmp/CosyVoice_dev/examples/libritts/cosyvoice2/data/casia-grpo/valid/samp_3/ZhaoZuoxiang_217_happy.wav	/root/autodl-tmp/CosyVoice_dev/examples/libritts/cosyvoice2/data/casia-grpo/valid/samp_3/ZhaoZuoxiang_217_happy.wav
/root/autodl-tmp/CosyVoice_dev/examples/libritts/cosyvoice2/data/casia-grpo/valid/samp_3/ZhaoZuoxiang_217_neutral.wav	/root/autodl-tmp/CosyVoice_dev/examples/libritts/cosyvoice2/data/casia-grpo/valid/samp_3/ZhaoZuoxiang_217_neutral.wav
/root/autodl-tmp/CosyVoice_dev/examples/libritts/cosyvoice2/data/casia-grpo/valid/samp_3/ZhaoZuoxiang_217_sad.wav	/root/autodl-tmp/CosyVoice_dev/examples/libritts/cosyvoice2/data/casia-grpo/valid/samp_3/ZhaoZuoxiang_217_sad.wav
/root/autodl-tmp/CosyVoice_dev/examples/libritts/cosyvoice2/data/casia-grpo/valid/samp_3/ZhaoZuoxiang_217_surprise.wav	/root/autodl-tmp/CosyVoice_dev/examples/libritts/cosyvoice2/data/casia-grpo/valid/samp_3/ZhaoZuoxiang_217_surprise.wav
/root/autodl-tmp/CosyVoice_dev/examples/libritts/cosyvoice2/data/casia-grpo/valid/samp_3/ZhaoZuoxiang_218_angry.wav	/root/autodl-tmp/CosyVoice_dev/examples/libritts/cosyvoice2/data/casia-grpo/valid/samp_3/ZhaoZuoxiang_218_angry.wav
/root/autodl-tmp/CosyVoice_dev/examples/libritts/cosyvoice2/data/casia-grpo/valid/samp_3/ZhaoZuoxiang_218_fear.wav	/root/autodl-tmp/CosyVoice_dev/examples/libritts/cosyvoice2/data/casia-grpo/valid/samp_3/ZhaoZuoxiang_218_fear.wav
/root/autodl-tmp/CosyVoice_dev/examples/libritts/cosyvoice2/data/casia-grpo/valid/samp_3/ZhaoZuoxiang_218_happy.wav	/root/autodl-tmp/CosyVoice_dev/examples/libritts/cosyvoice2/data/casia-grpo/valid/samp_3/ZhaoZuoxiang_218_happy.wav
/root/autodl-tmp/CosyVoice_dev/examples/libritts/cosyvoice2/data/casia-grpo/valid/samp_3/ZhaoZuoxiang_218_neutral.wav	/root/autodl-tmp/CosyVoice_dev/examples/libritts/cosyvoice2/data/casia-grpo/valid/samp_3/ZhaoZuoxiang_218_neutral.wav
/root/autodl-tmp/CosyVoice_dev/examples/libritts/cosyvoice2/data/casia-grpo/valid/samp_3/ZhaoZuoxiang_218_sad.wav	/root/autodl-tmp/CosyVoice_dev/examples/libritts/cosyvoice2/data/casia-grpo/valid/samp_3/ZhaoZuoxiang_218_sad.wav
/root/autodl-tmp/CosyVoice_dev/examples/libritts/cosyvoice2/data/casia-grpo/valid/samp_3/ZhaoZuoxiang_218_surprise.wav	/root/autodl-tmp/CosyVoice_dev/examples/libritts/cosyvoice2/data/casia-grpo/valid/samp_3/ZhaoZuoxiang_218_surprise.wav
/root/autodl-tmp/CosyVoice_dev/examples/libritts/cosyvoice2/data/casia-grpo/valid/samp_3/ZhaoZuoxiang_219_angry.wav	/root/autodl-tmp/CosyVoice_dev/examples/libritts/cosyvoice2/data/casia-grpo/valid/samp_3/ZhaoZuoxiang_219_angry.wav
/root/autodl-tmp/CosyVoice_dev/examples/libritts/cosyvoice2/data/casia-grpo/valid/samp_3/ZhaoZuoxiang_219_fear.wav	/root/autodl-tmp/CosyVoice_dev/examples/libritts/cosyvoice2/data/casia-grpo/valid/samp_3/ZhaoZuoxiang_219_fear.wav
/root/autodl-tmp/CosyVoice_dev/examples/libritts/cosyvoice2/data/casia-grpo/valid/samp_3/ZhaoZuoxiang_219_happy.wav	/root/autodl-tmp/CosyVoice_dev/examples/libritts/cosyvoice2/data/casia-grpo/valid/samp_3/ZhaoZuoxiang_219_happy.wav
/root/autodl-tmp/CosyVoice_dev/examples/libritts/cosyvoice2/data/casia-grpo/valid/samp_3/ZhaoZuoxiang_219_neutral.wav	/root/autodl-tmp/CosyVoice_dev/examples/libritts/cosyvoice2/data/casia-grpo/valid/samp_3/ZhaoZuoxiang_219_neutral.wav
/root/autodl-tmp/CosyVoice_dev/examples/libritts/cosyvoice2/data/casia-grpo/valid/samp_3/ZhaoZuoxiang_219_sad.wav	/root/autodl-tmp/CosyVoice_dev/examples/libritts/cosyvoice2/data/casia-grpo/valid/samp_3/ZhaoZuoxiang_219_sad.wav
/root/autodl-tmp/CosyVoice_dev/examples/libritts/cosyvoice2/data/casia-grpo/valid/samp_3/ZhaoZuoxiang_219_surprise.wav	/root/autodl-tmp/CosyVoice_dev/examples/libritts/cosyvoice2/data/casia-grpo/valid/samp_3/ZhaoZuoxiang_219_surprise.wav
/root/autodl-tmp/CosyVoice_dev/examples/libritts/cosyvoice2/data/casia-grpo/valid/samp_3/ZhaoZuoxiang_220_angry.wav	/root/autodl-tmp/CosyVoice_dev/examples/libritts/cosyvoice2/data/casia-grpo/valid/samp_3/ZhaoZuoxiang_220_angry.wav
/root/autodl-tmp/CosyVoice_dev/examples/libritts/cosyvoice2/data/casia-grpo/valid/samp_3/ZhaoZuoxiang_220_fear.wav	/root/autodl-tmp/CosyVoice_dev/examples/libritts/cosyvoice2/data/casia-grpo/valid/samp_3/ZhaoZuoxiang_220_fear.wav
/root/autodl-tmp/CosyVoice_dev/examples/libritts/cosyvoice2/data/casia-grpo/valid/samp_3/ZhaoZuoxiang_220_happy.wav	/root/autodl-tmp/CosyVoice_dev/examples/libritts/cosyvoice2/data/casia-grpo/valid/samp_3/ZhaoZuoxiang_220_happy.wav
/root/autodl-tmp/CosyVoice_dev/examples/libritts/cosyvoice2/data/casia-grpo/valid/samp_3/ZhaoZuoxiang_220_neutral.wav	/root/autodl-tmp/CosyVoice_dev/examples/libritts/cosyvoice2/data/casia-grpo/valid/samp_3/ZhaoZuoxiang_220_neutral.wav
/root/autodl-tmp/CosyVoice_dev/examples/libritts/cosyvoice2/data/casia-grpo/valid/samp_3/ZhaoZuoxiang_220_sad.wav	/root/autodl-tmp/CosyVoice_dev/examples/libritts/cosyvoice2/data/casia-grpo/valid/samp_3/ZhaoZuoxiang_220_sad.wav
/root/autodl-tmp/CosyVoice_dev/examples/libritts/cosyvoice2/data/casia-grpo/valid/samp_3/ZhaoZuoxiang_220_surprise.wav	/root/autodl-tmp/CosyVoice_dev/examples/libritts/cosyvoice2/data/casia-grpo/valid/samp_3/ZhaoZuoxiang_220_surprise.wav
/root/autodl-tmp/CosyVoice_dev/examples/libritts/cosyvoice2/data/casia-grpo/valid/samp_3/ZhaoZuoxiang_221_angry.wav	/root/autodl-tmp/CosyVoice_dev/examples/libritts/cosyvoice2/data/casia-grpo/valid/samp_3/ZhaoZuoxiang_221_angry.wav
/root/autodl-tmp/CosyVoice_dev/examples/libritts/cosyvoice2/data/casia-grpo/valid/samp_3/ZhaoZuoxiang_221_fear.wav	/root/autodl-tmp/CosyVoice_dev/examples/libritts/cosyvoice2/data/casia-grpo/valid/samp_3/ZhaoZuoxiang_221_fear.wav
/root/autodl-tmp/CosyVoice_dev/examples/libritts/cosyvoice2/data/casia-grpo/valid/samp_3/ZhaoZuoxiang_221_happy.wav	/root/autodl-tmp/CosyVoice_dev/examples/libritts/cosyvoice2/data/casia-grpo/valid/samp_3/ZhaoZuoxiang_221_happy.wav
/root/autodl-tmp/CosyVoice_dev/examples/libritts/cosyvoice2/data/casia-grpo/valid/samp_3/ZhaoZuoxiang_221_neutral.wav	/root/autodl-tmp/CosyVoice_dev/examples/libritts/cosyvoice2/data/casia-grpo/valid/samp_3/ZhaoZuoxiang_221_neutral.wav
/root/autodl-tmp/CosyVoice_dev/examples/libritts/cosyvoice2/data/casia-grpo/valid/samp_3/ZhaoZuoxiang_221_sad.wav	/root/autodl-tmp/CosyVoice_dev/examples/libritts/cosyvoice2/data/casia-grpo/valid/samp_3/ZhaoZuoxiang_221_sad.wav
/root/autodl-tmp/CosyVoice_dev/examples/libritts/cosyvoice2/data/casia-grpo/valid/samp_3/ZhaoZuoxiang_221_surprise.wav	/root/autodl-tmp/CosyVoice_dev/examples/libritts/cosyvoice2/data/casia-grpo/valid/samp_3/ZhaoZuoxiang_221_surprise.wav
/root/autodl-tmp/CosyVoice_dev/examples/libritts/cosyvoice2/data/casia-grpo/valid/samp_3/ZhaoZuoxiang_222_angry.wav	/root/autodl-tmp/CosyVoice_dev/examples/libritts/cosyvoice2/data/casia-grpo/valid/samp_3/ZhaoZuoxiang_222_angry.wav
/root/autodl-tmp/CosyVoice_dev/examples/libritts/cosyvoice2/data/casia-grpo/valid/samp_3/ZhaoZuoxiang_222_fear.wav	/root/autodl-tmp/CosyVoice_dev/examples/libritts/cosyvoice2/data/casia-grpo/valid/samp_3/ZhaoZuoxiang_222_fear.wav
/root/autodl-tmp/CosyVoice_dev/examples/libritts/cosyvoice2/data/casia-grpo/valid/samp_3/ZhaoZuoxiang_222_happy.wav	/root/autodl-tmp/CosyVoice_dev/examples/libritts/cosyvoice2/data/casia-grpo/valid/samp_3/ZhaoZuoxiang_222_happy.wav
/root/autodl-tmp/CosyVoice_dev/examples/libritts/cosyvoice2/data/casia-grpo/valid/samp_3/ZhaoZuoxiang_222_neutral.wav	/root/autodl-tmp/CosyVoice_dev/examples/libritts/cosyvoice2/data/casia-grpo/valid/samp_3/ZhaoZuoxiang_222_neutral.wav
/root/autodl-tmp/CosyVoice_dev/examples/libritts/cosyvoice2/data/casia-grpo/valid/samp_3/ZhaoZuoxiang_222_sad.wav	/root/autodl-tmp/CosyVoice_dev/examples/libritts/cosyvoice2/data/casia-grpo/valid/samp_3/ZhaoZuoxiang_222_sad.wav
/root/autodl-tmp/CosyVoice_dev/examples/libritts/cosyvoice2/data/casia-grpo/valid/samp_3/ZhaoZuoxiang_222_surprise.wav	/root/autodl-tmp/CosyVoice_dev/examples/libritts/cosyvoice2/data/casia-grpo/valid/samp_3/ZhaoZuoxiang_222_surprise.wav
/root/autodl-tmp/CosyVoice_dev/examples/libritts/cosyvoice2/data/casia-grpo/valid/samp_3/ZhaoZuoxiang_223_angry.wav	/root/autodl-tmp/CosyVoice_dev/examples/libritts/cosyvoice2/data/casia-grpo/valid/samp_3/ZhaoZuoxiang_223_angry.wav
/root/autodl-tmp/CosyVoice_dev/examples/libritts/cosyvoice2/data/casia-grpo/valid/samp_3/ZhaoZuoxiang_223_fear.wav	/root/autodl-tmp/CosyVoice_dev/examples/libritts/cosyvoice2/data/casia-grpo/valid/samp_3/ZhaoZuoxiang_223_fear.wav
/root/autodl-tmp/CosyVoice_dev/examples/libritts/cosyvoice2/data/casia-grpo/valid/samp_3/ZhaoZuoxiang_223_happy.wav	/root/autodl-tmp/CosyVoice_dev/examples/libritts/cosyvoice2/data/casia-grpo/valid/samp_3/ZhaoZuoxiang_223_happy.wav
/root/autodl-tmp/CosyVoice_dev/examples/libritts/cosyvoice2/data/casia-grpo/valid/samp_3/ZhaoZuoxiang_223_neutral.wav	/root/autodl-tmp/CosyVoice_dev/examples/libritts/cosyvoice2/data/casia-grpo/valid/samp_3/ZhaoZuoxiang_223_neutral.wav
/root/autodl-tmp/CosyVoice_dev/examples/libritts/cosyvoice2/data/casia-grpo/valid/samp_3/ZhaoZuoxiang_223_sad.wav	/root/autodl-tmp/CosyVoice_dev/examples/libritts/cosyvoice2/data/casia-grpo/valid/samp_3/ZhaoZuoxiang_223_sad.wav
/root/autodl-tmp/CosyVoice_dev/examples/libritts/cosyvoice2/data/casia-grpo/valid/samp_3/ZhaoZuoxiang_223_surprise.wav	/root/autodl-tmp/CosyVoice_dev/examples/libritts/cosyvoice2/data/casia-grpo/valid/samp_3/ZhaoZuoxiang_223_surprise.wav
/root/autodl-tmp/CosyVoice_dev/examples/libritts/cosyvoice2/data/casia-grpo/valid/samp_3/ZhaoZuoxiang_224_angry.wav	/root/autodl-tmp/CosyVoice_dev/examples/libritts/cosyvoice2/data/casia-grpo/valid/samp_3/ZhaoZuoxiang_224_angry.wav
/root/autodl-tmp/CosyVoice_dev/examples/libritts/cosyvoice2/data/casia-grpo/valid/samp_3/ZhaoZuoxiang_224_fear.wav	/root/autodl-tmp/CosyVoice_dev/examples/libritts/cosyvoice2/data/casia-grpo/valid/samp_3/ZhaoZuoxiang_224_fear.wav
/root/autodl-tmp/CosyVoice_dev/examples/libritts/cosyvoice2/data/casia-grpo/valid/samp_3/ZhaoZuoxiang_224_happy.wav	/root/autodl-tmp/CosyVoice_dev/examples/libritts/cosyvoice2/data/casia-grpo/valid/samp_3/ZhaoZuoxiang_224_happy.wav
/root/autodl-tmp/CosyVoice_dev/examples/libritts/cosyvoice2/data/casia-grpo/valid/samp_3/ZhaoZuoxiang_224_neutral.wav	/root/autodl-tmp/CosyVoice_dev/examples/libritts/cosyvoice2/data/casia-grpo/valid/samp_3/ZhaoZuoxiang_224_neutral.wav
/root/autodl-tmp/CosyVoice_dev/examples/libritts/cosyvoice2/data/casia-grpo/valid/samp_3/ZhaoZuoxiang_224_sad.wav	/root/autodl-tmp/CosyVoice_dev/examples/libritts/cosyvoice2/data/casia-grpo/valid/samp_3/ZhaoZuoxiang_224_sad.wav
/root/autodl-tmp/CosyVoice_dev/examples/libritts/cosyvoice2/data/casia-grpo/valid/samp_3/ZhaoZuoxiang_224_surprise.wav	/root/autodl-tmp/CosyVoice_dev/examples/libritts/cosyvoice2/data/casia-grpo/valid/samp_3/ZhaoZuoxiang_224_surprise.wav
/root/autodl-tmp/CosyVoice_dev/examples/libritts/cosyvoice2/data/casia-grpo/valid/samp_3/ZhaoZuoxiang_225_angry.wav	/root/autodl-tmp/CosyVoice_dev/examples/libritts/cosyvoice2/data/casia-grpo/valid/samp_3/ZhaoZuoxiang_225_angry.wav
/root/autodl-tmp/CosyVoice_dev/examples/libritts/cosyvoice2/data/casia-grpo/valid/samp_3/ZhaoZuoxiang_225_fear.wav	/root/autodl-tmp/CosyVoice_dev/examples/libritts/cosyvoice2/data/casia-grpo/valid/samp_3/ZhaoZuoxiang_225_fear.wav
/root/autodl-tmp/CosyVoice_dev/examples/libritts/cosyvoice2/data/casia-grpo/valid/samp_3/ZhaoZuoxiang_225_happy.wav	/root/autodl-tmp/CosyVoice_dev/examples/libritts/cosyvoice2/data/casia-grpo/valid/samp_3/ZhaoZuoxiang_225_happy.wav
/root/autodl-tmp/CosyVoice_dev/examples/libritts/cosyvoice2/data/casia-grpo/valid/samp_3/ZhaoZuoxiang_225_neutral.wav	/root/autodl-tmp/CosyVoice_dev/examples/libritts/cosyvoice2/data/casia-grpo/valid/samp_3/ZhaoZuoxiang_225_neutral.wav
/root/autodl-tmp/CosyVoice_dev/examples/libritts/cosyvoice2/data/casia-grpo/valid/samp_3/ZhaoZuoxiang_225_sad.wav	/root/autodl-tmp/CosyVoice_dev/examples/libritts/cosyvoice2/data/casia-grpo/valid/samp_3/ZhaoZuoxiang_225_sad.wav
/root/autodl-tmp/CosyVoice_dev/examples/libritts/cosyvoice2/data/casia-grpo/valid/samp_3/ZhaoZuoxiang_225_surprise.wav	/root/autodl-tmp/CosyVoice_dev/examples/libritts/cosyvoice2/data/casia-grpo/valid/samp_3/ZhaoZuoxiang_225_surprise.wav
/root/autodl-tmp/CosyVoice_dev/examples/libritts/cosyvoice2/data/casia-grpo/valid/samp_3/ZhaoZuoxiang_226_angry.wav	/root/autodl-tmp/CosyVoice_dev/examples/libritts/cosyvoice2/data/casia-grpo/valid/samp_3/ZhaoZuoxiang_226_angry.wav
/root/autodl-tmp/CosyVoice_dev/examples/libritts/cosyvoice2/data/casia-grpo/valid/samp_3/ZhaoZuoxiang_226_fear.wav	/root/autodl-tmp/CosyVoice_dev/examples/libritts/cosyvoice2/data/casia-grpo/valid/samp_3/ZhaoZuoxiang_226_fear.wav
/root/autodl-tmp/CosyVoice_dev/examples/libritts/cosyvoice2/data/casia-grpo/valid/samp_3/ZhaoZuoxiang_226_happy.wav	/root/autodl-tmp/CosyVoice_dev/examples/libritts/cosyvoice2/data/casia-grpo/valid/samp_3/ZhaoZuoxiang_226_happy.wav
/root/autodl-tmp/CosyVoice_dev/examples/libritts/cosyvoice2/data/casia-grpo/valid/samp_3/ZhaoZuoxiang_226_neutral.wav	/root/autodl-tmp/CosyVoice_dev/examples/libritts/cosyvoice2/data/casia-grpo/valid/samp_3/ZhaoZuoxiang_226_neutral.wav
/root/autodl-tmp/CosyVoice_dev/examples/libritts/cosyvoice2/data/casia-grpo/valid/samp_3/ZhaoZuoxiang_226_sad.wav	/root/autodl-tmp/CosyVoice_dev/examples/libritts/cosyvoice2/data/casia-grpo/valid/samp_3/ZhaoZuoxiang_226_sad.wav
/root/autodl-tmp/CosyVoice_dev/examples/libritts/cosyvoice2/data/casia-grpo/valid/samp_3/ZhaoZuoxiang_226_surprise.wav	/root/autodl-tmp/CosyVoice_dev/examples/libritts/cosyvoice2/data/casia-grpo/valid/samp_3/ZhaoZuoxiang_226_surprise.wav
/root/autodl-tmp/CosyVoice_dev/examples/libritts/cosyvoice2/data/casia-grpo/valid/samp_3/ZhaoZuoxiang_227_angry.wav	/root/autodl-tmp/CosyVoice_dev/examples/libritts/cosyvoice2/data/casia-grpo/valid/samp_3/ZhaoZuoxiang_227_angry.wav
/root/autodl-tmp/CosyVoice_dev/examples/libritts/cosyvoice2/data/casia-grpo/valid/samp_3/ZhaoZuoxiang_227_fear.wav	/root/autodl-tmp/CosyVoice_dev/examples/libritts/cosyvoice2/data/casia-grpo/valid/samp_3/ZhaoZuoxiang_227_fear.wav
/root/autodl-tmp/CosyVoice_dev/examples/libritts/cosyvoice2/data/casia-grpo/valid/samp_3/ZhaoZuoxiang_227_happy.wav	/root/autodl-tmp/CosyVoice_dev/examples/libritts/cosyvoice2/data/casia-grpo/valid/samp_3/ZhaoZuoxiang_227_happy.wav
/root/autodl-tmp/CosyVoice_dev/examples/libritts/cosyvoice2/data/casia-grpo/valid/samp_3/ZhaoZuoxiang_227_neutral.wav	/root/autodl-tmp/CosyVoice_dev/examples/libritts/cosyvoice2/data/casia-grpo/valid/samp_3/ZhaoZuoxiang_227_neutral.wav
/root/autodl-tmp/CosyVoice_dev/examples/libritts/cosyvoice2/data/casia-grpo/valid/samp_3/ZhaoZuoxiang_227_sad.wav	/root/autodl-tmp/CosyVoice_dev/examples/libritts/cosyvoice2/data/casia-grpo/valid/samp_3/ZhaoZuoxiang_227_sad.wav
/root/autodl-tmp/CosyVoice_dev/examples/libritts/cosyvoice2/data/casia-grpo/valid/samp_3/ZhaoZuoxiang_227_surprise.wav	/root/autodl-tmp/CosyVoice_dev/examples/libritts/cosyvoice2/data/casia-grpo/valid/samp_3/ZhaoZuoxiang_227_surprise.wav
/root/autodl-tmp/CosyVoice_dev/examples/libritts/cosyvoice2/data/casia-grpo/valid/samp_3/ZhaoZuoxiang_228_angry.wav	/root/autodl-tmp/CosyVoice_dev/examples/libritts/cosyvoice2/data/casia-grpo/valid/samp_3/ZhaoZuoxiang_228_angry.wav
/root/autodl-tmp/CosyVoice_dev/examples/libritts/cosyvoice2/data/casia-grpo/valid/samp_3/ZhaoZuoxiang_228_fear.wav	/root/autodl-tmp/CosyVoice_dev/examples/libritts/cosyvoice2/data/casia-grpo/valid/samp_3/ZhaoZuoxiang_228_fear.wav
/root/autodl-tmp/CosyVoice_dev/examples/libritts/cosyvoice2/data/casia-grpo/valid/samp_3/ZhaoZuoxiang_228_happy.wav	/root/autodl-tmp/CosyVoice_dev/examples/libritts/cosyvoice2/data/casia-grpo/valid/samp_3/ZhaoZuoxiang_228_happy.wav
/root/autodl-tmp/CosyVoice_dev/examples/libritts/cosyvoice2/data/casia-grpo/valid/samp_3/ZhaoZuoxiang_228_neutral.wav	/root/autodl-tmp/CosyVoice_dev/examples/libritts/cosyvoice2/data/casia-grpo/valid/samp_3/ZhaoZuoxiang_228_neutral.wav
/root/autodl-tmp/CosyVoice_dev/examples/libritts/cosyvoice2/data/casia-grpo/valid/samp_3/ZhaoZuoxiang_228_sad.wav	/root/autodl-tmp/CosyVoice_dev/examples/libritts/cosyvoice2/data/casia-grpo/valid/samp_3/ZhaoZuoxiang_228_sad.wav
/root/autodl-tmp/CosyVoice_dev/examples/libritts/cosyvoice2/data/casia-grpo/valid/samp_3/ZhaoZuoxiang_229_angry.wav	/root/autodl-tmp/CosyVoice_dev/examples/libritts/cosyvoice2/data/casia-grpo/valid/samp_3/ZhaoZuoxiang_229_angry.wav
/root/autodl-tmp/CosyVoice_dev/examples/libritts/cosyvoice2/data/casia-grpo/valid/samp_3/ZhaoZuoxiang_228_surprise.wav	/root/autodl-tmp/CosyVoice_dev/examples/libritts/cosyvoice2/data/casia-grpo/valid/samp_3/ZhaoZuoxiang_228_surprise.wav
/root/autodl-tmp/CosyVoice_dev/examples/libritts/cosyvoice2/data/casia-grpo/valid/samp_3/ZhaoZuoxiang_229_fear.wav	/root/autodl-tmp/CosyVoice_dev/examples/libritts/cosyvoice2/data/casia-grpo/valid/samp_3/ZhaoZuoxiang_229_fear.wav
/root/autodl-tmp/CosyVoice_dev/examples/libritts/cosyvoice2/data/casia-grpo/valid/samp_3/ZhaoZuoxiang_232_neutral.wav	/root/autodl-tmp/CosyVoice_dev/examples/libritts/cosyvoice2/data/casia-grpo/valid/samp_3/ZhaoZuoxiang_232_neutral.wav
/root/autodl-tmp/CosyVoice_dev/examples/libritts/cosyvoice2/data/casia-grpo/valid/samp_3/ZhaoZuoxiang_229_happy.wav	/root/autodl-tmp/CosyVoice_dev/examples/libritts/cosyvoice2/data/casia-grpo/valid/samp_3/ZhaoZuoxiang_229_happy.wav
/root/autodl-tmp/CosyVoice_dev/examples/libritts/cosyvoice2/data/casia-grpo/valid/samp_3/ZhaoZuoxiang_229_neutral.wav	/root/autodl-tmp/CosyVoice_dev/examples/libritts/cosyvoice2/data/casia-grpo/valid/samp_3/ZhaoZuoxiang_229_neutral.wav
/root/autodl-tmp/CosyVoice_dev/examples/libritts/cosyvoice2/data/casia-grpo/valid/samp_3/ZhaoZuoxiang_232_sad.wav	/root/autodl-tmp/CosyVoice_dev/examples/libritts/cosyvoice2/data/casia-grpo/valid/samp_3/ZhaoZuoxiang_232_sad.wav
/root/autodl-tmp/CosyVoice_dev/examples/libritts/cosyvoice2/data/casia-grpo/valid/samp_3/ZhaoZuoxiang_232_angry.wav	/root/autodl-tmp/CosyVoice_dev/examples/libritts/cosyvoice2/data/casia-grpo/valid/samp_3/ZhaoZuoxiang_232_angry.wav
/root/autodl-tmp/CosyVoice_dev/examples/libritts/cosyvoice2/data/casia-grpo/valid/samp_3/ZhaoZuoxiang_229_sad.wav	/root/autodl-tmp/CosyVoice_dev/examples/libritts/cosyvoice2/data/casia-grpo/valid/samp_3/ZhaoZuoxiang_229_sad.wav
/root/autodl-tmp/CosyVoice_dev/examples/libritts/cosyvoice2/data/casia-grpo/valid/samp_3/ZhaoZuoxiang_229_surprise.wav	/root/autodl-tmp/CosyVoice_dev/examples/libritts/cosyvoice2/data/casia-grpo/valid/samp_3/ZhaoZuoxiang_229_surprise.wav
/root/autodl-tmp/CosyVoice_dev/examples/libritts/cosyvoice2/data/casia-grpo/valid/samp_3/ZhaoZuoxiang_231_sad.wav	/root/autodl-tmp/CosyVoice_dev/examples/libritts/cosyvoice2/data/casia-grpo/valid/samp_3/ZhaoZuoxiang_231_sad.wav
/root/autodl-tmp/CosyVoice_dev/examples/libritts/cosyvoice2/data/casia-grpo/valid/samp_3/ZhaoZuoxiang_230_angry.wav	/root/autodl-tmp/CosyVoice_dev/examples/libritts/cosyvoice2/data/casia-grpo/valid/samp_3/ZhaoZuoxiang_230_angry.wav
/root/autodl-tmp/CosyVoice_dev/examples/libritts/cosyvoice2/data/casia-grpo/valid/samp_3/ZhaoZuoxiang_232_fear.wav	/root/autodl-tmp/CosyVoice_dev/examples/libritts/cosyvoice2/data/casia-grpo/valid/samp_3/ZhaoZuoxiang_232_fear.wav
/root/autodl-tmp/CosyVoice_dev/examples/libritts/cosyvoice2/data/casia-grpo/valid/samp_3/ZhaoZuoxiang_230_fear.wav	/root/autodl-tmp/CosyVoice_dev/examples/libritts/cosyvoice2/data/casia-grpo/valid/samp_3/ZhaoZuoxiang_230_fear.wav
/root/autodl-tmp/CosyVoice_dev/examples/libritts/cosyvoice2/data/casia-grpo/valid/samp_3/ZhaoZuoxiang_230_happy.wav	/root/autodl-tmp/CosyVoice_dev/examples/libritts/cosyvoice2/data/casia-grpo/valid/samp_3/ZhaoZuoxiang_230_happy.wav
/root/autodl-tmp/CosyVoice_dev/examples/libritts/cosyvoice2/data/casia-grpo/valid/samp_3/ZhaoZuoxiang_230_neutral.wav	/root/autodl-tmp/CosyVoice_dev/examples/libritts/cosyvoice2/data/casia-grpo/valid/samp_3/ZhaoZuoxiang_230_neutral.wav
/root/autodl-tmp/CosyVoice_dev/examples/libritts/cosyvoice2/data/casia-grpo/valid/samp_3/ZhaoZuoxiang_230_sad.wav	/root/autodl-tmp/CosyVoice_dev/examples/libritts/cosyvoice2/data/casia-grpo/valid/samp_3/ZhaoZuoxiang_230_sad.wav
/root/autodl-tmp/CosyVoice_dev/examples/libritts/cosyvoice2/data/casia-grpo/valid/samp_3/ZhaoZuoxiang_231_surprise.wav	/root/autodl-tmp/CosyVoice_dev/examples/libritts/cosyvoice2/data/casia-grpo/valid/samp_3/ZhaoZuoxiang_231_surprise.wav
/root/autodl-tmp/CosyVoice_dev/examples/libritts/cosyvoice2/data/casia-grpo/valid/samp_3/ZhaoZuoxiang_232_happy.wav	/root/autodl-tmp/CosyVoice_dev/examples/libritts/cosyvoice2/data/casia-grpo/valid/samp_3/ZhaoZuoxiang_232_happy.wav
/root/autodl-tmp/CosyVoice_dev/examples/libritts/cosyvoice2/data/casia-grpo/valid/samp_3/ZhaoZuoxiang_230_surprise.wav	/root/autodl-tmp/CosyVoice_dev/examples/libritts/cosyvoice2/data/casia-grpo/valid/samp_3/ZhaoZuoxiang_230_surprise.wav
/root/autodl-tmp/CosyVoice_dev/examples/libritts/cosyvoice2/data/casia-grpo/valid/samp_3/ZhaoZuoxiang_231_angry.wav	/root/autodl-tmp/CosyVoice_dev/examples/libritts/cosyvoice2/data/casia-grpo/valid/samp_3/ZhaoZuoxiang_231_angry.wav
/root/autodl-tmp/CosyVoice_dev/examples/libritts/cosyvoice2/data/casia-grpo/valid/samp_3/ZhaoZuoxiang_231_fear.wav	/root/autodl-tmp/CosyVoice_dev/examples/libritts/cosyvoice2/data/casia-grpo/valid/samp_3/ZhaoZuoxiang_231_fear.wav
/root/autodl-tmp/CosyVoice_dev/examples/libritts/cosyvoice2/data/casia-grpo/valid/samp_3/ZhaoZuoxiang_231_happy.wav	/root/autodl-tmp/CosyVoice_dev/examples/libritts/cosyvoice2/data/casia-grpo/valid/samp_3/ZhaoZuoxiang_231_happy.wav
/root/autodl-tmp/CosyVoice_dev/examples/libritts/cosyvoice2/data/casia-grpo/valid/samp_3/ZhaoZuoxiang_231_neutral.wav	/root/autodl-tmp/CosyVoice_dev/examples/libritts/cosyvoice2/data/casia-grpo/valid/samp_3/ZhaoZuoxiang_231_neutral.wav
/root/autodl-tmp/CosyVoice_dev/examples/libritts/cosyvoice2/data/casia-grpo/valid/samp_3/ZhaoZuoxiang_232_surprise.wav	/root/autodl-tmp/CosyVoice_dev/examples/libritts/cosyvoice2/data/casia-grpo/valid/samp_3/ZhaoZuoxiang_232_surprise.wav
/root/autodl-tmp/CosyVoice_dev/examples/libritts/cosyvoice2/data/casia-grpo/valid/samp_3/ZhaoZuoxiang_236_angry.wav	/root/autodl-tmp/CosyVoice_dev/examples/libritts/cosyvoice2/data/casia-grpo/valid/samp_3/ZhaoZuoxiang_236_angry.wav
/root/autodl-tmp/CosyVoice_dev/examples/libritts/cosyvoice2/data/casia-grpo/valid/samp_3/ZhaoZuoxiang_235_angry.wav	/root/autodl-tmp/CosyVoice_dev/examples/libritts/cosyvoice2/data/casia-grpo/valid/samp_3/ZhaoZuoxiang_235_angry.wav
/root/autodl-tmp/CosyVoice_dev/examples/libritts/cosyvoice2/data/casia-grpo/valid/samp_3/ZhaoZuoxiang_233_angry.wav	/root/autodl-tmp/CosyVoice_dev/examples/libritts/cosyvoice2/data/casia-grpo/valid/samp_3/ZhaoZuoxiang_233_angry.wav
/root/autodl-tmp/CosyVoice_dev/examples/libritts/cosyvoice2/data/casia-grpo/valid/samp_3/ZhaoZuoxiang_236_fear.wav	/root/autodl-tmp/CosyVoice_dev/examples/libritts/cosyvoice2/data/casia-grpo/valid/samp_3/ZhaoZuoxiang_236_fear.wav
/root/autodl-tmp/CosyVoice_dev/examples/libritts/cosyvoice2/data/casia-grpo/valid/samp_3/ZhaoZuoxiang_233_fear.wav	/root/autodl-tmp/CosyVoice_dev/examples/libritts/cosyvoice2/data/casia-grpo/valid/samp_3/ZhaoZuoxiang_233_fear.wav
/root/autodl-tmp/CosyVoice_dev/examples/libritts/cosyvoice2/data/casia-grpo/valid/samp_3/ZhaoZuoxiang_233_happy.wav	/root/autodl-tmp/CosyVoice_dev/examples/libritts/cosyvoice2/data/casia-grpo/valid/samp_3/ZhaoZuoxiang_233_happy.wav
/root/autodl-tmp/CosyVoice_dev/examples/libritts/cosyvoice2/data/casia-grpo/valid/samp_3/ZhaoZuoxiang_236_happy.wav	/root/autodl-tmp/CosyVoice_dev/examples/libritts/cosyvoice2/data/casia-grpo/valid/samp_3/ZhaoZuoxiang_236_happy.wav
/root/autodl-tmp/CosyVoice_dev/examples/libritts/cosyvoice2/data/casia-grpo/valid/samp_3/ZhaoZuoxiang_233_neutral.wav	/root/autodl-tmp/CosyVoice_dev/examples/libritts/cosyvoice2/data/casia-grpo/valid/samp_3/ZhaoZuoxiang_233_neutral.wav
/root/autodl-tmp/CosyVoice_dev/examples/libritts/cosyvoice2/data/casia-grpo/valid/samp_3/ZhaoZuoxiang_235_sad.wav	/root/autodl-tmp/CosyVoice_dev/examples/libritts/cosyvoice2/data/casia-grpo/valid/samp_3/ZhaoZuoxiang_235_sad.wav
/root/autodl-tmp/CosyVoice_dev/examples/libritts/cosyvoice2/data/casia-grpo/valid/samp_3/ZhaoZuoxiang_233_sad.wav	/root/autodl-tmp/CosyVoice_dev/examples/libritts/cosyvoice2/data/casia-grpo/valid/samp_3/ZhaoZuoxiang_233_sad.wav
/root/autodl-tmp/CosyVoice_dev/examples/libritts/cosyvoice2/data/casia-grpo/valid/samp_3/ZhaoZuoxiang_235_fear.wav	/root/autodl-tmp/CosyVoice_dev/examples/libritts/cosyvoice2/data/casia-grpo/valid/samp_3/ZhaoZuoxiang_235_fear.wav
/root/autodl-tmp/CosyVoice_dev/examples/libritts/cosyvoice2/data/casia-grpo/valid/samp_3/ZhaoZuoxiang_233_surprise.wav	/root/autodl-tmp/CosyVoice_dev/examples/libritts/cosyvoice2/data/casia-grpo/valid/samp_3/ZhaoZuoxiang_233_surprise.wav
/root/autodl-tmp/CosyVoice_dev/examples/libritts/cosyvoice2/data/casia-grpo/valid/samp_3/ZhaoZuoxiang_234_angry.wav	/root/autodl-tmp/CosyVoice_dev/examples/libritts/cosyvoice2/data/casia-grpo/valid/samp_3/ZhaoZuoxiang_234_angry.wav
/root/autodl-tmp/CosyVoice_dev/examples/libritts/cosyvoice2/data/casia-grpo/valid/samp_3/ZhaoZuoxiang_234_fear.wav	/root/autodl-tmp/CosyVoice_dev/examples/libritts/cosyvoice2/data/casia-grpo/valid/samp_3/ZhaoZuoxiang_234_fear.wav
/root/autodl-tmp/CosyVoice_dev/examples/libritts/cosyvoice2/data/casia-grpo/valid/samp_3/ZhaoZuoxiang_234_happy.wav	/root/autodl-tmp/CosyVoice_dev/examples/libritts/cosyvoice2/data/casia-grpo/valid/samp_3/ZhaoZuoxiang_234_happy.wav
/root/autodl-tmp/CosyVoice_dev/examples/libritts/cosyvoice2/data/casia-grpo/valid/samp_3/ZhaoZuoxiang_235_happy.wav	/root/autodl-tmp/CosyVoice_dev/examples/libritts/cosyvoice2/data/casia-grpo/valid/samp_3/ZhaoZuoxiang_235_happy.wav
/root/autodl-tmp/CosyVoice_dev/examples/libritts/cosyvoice2/data/casia-grpo/valid/samp_3/ZhaoZuoxiang_234_neutral.wav	/root/autodl-tmp/CosyVoice_dev/examples/libritts/cosyvoice2/data/casia-grpo/valid/samp_3/ZhaoZuoxiang_234_neutral.wav
/root/autodl-tmp/CosyVoice_dev/examples/libritts/cosyvoice2/data/casia-grpo/valid/samp_3/ZhaoZuoxiang_235_surprise.wav	/root/autodl-tmp/CosyVoice_dev/examples/libritts/cosyvoice2/data/casia-grpo/valid/samp_3/ZhaoZuoxiang_235_surprise.wav
/root/autodl-tmp/CosyVoice_dev/examples/libritts/cosyvoice2/data/casia-grpo/valid/samp_3/ZhaoZuoxiang_234_sad.wav	/root/autodl-tmp/CosyVoice_dev/examples/libritts/cosyvoice2/data/casia-grpo/valid/samp_3/ZhaoZuoxiang_234_sad.wav
/root/autodl-tmp/CosyVoice_dev/examples/libritts/cosyvoice2/data/casia-grpo/valid/samp_3/ZhaoZuoxiang_234_surprise.wav	/root/autodl-tmp/CosyVoice_dev/examples/libritts/cosyvoice2/data/casia-grpo/valid/samp_3/ZhaoZuoxiang_234_surprise.wav
/root/autodl-tmp/CosyVoice_dev/examples/libritts/cosyvoice2/data/casia-grpo/valid/samp_3/ZhaoZuoxiang_235_neutral.wav	/root/autodl-tmp/CosyVoice_dev/examples/libritts/cosyvoice2/data/casia-grpo/valid/samp_3/ZhaoZuoxiang_235_neutral.wav
/root/autodl-tmp/CosyVoice_dev/examples/libritts/cosyvoice2/data/casia-grpo/valid/samp_3/ZhaoZuoxiang_239_sad.wav	/root/autodl-tmp/CosyVoice_dev/examples/libritts/cosyvoice2/data/casia-grpo/valid/samp_3/ZhaoZuoxiang_239_sad.wav
/root/autodl-tmp/CosyVoice_dev/examples/libritts/cosyvoice2/data/casia-grpo/valid/samp_3/ZhaoZuoxiang_236_neutral.wav	/root/autodl-tmp/CosyVoice_dev/examples/libritts/cosyvoice2/data/casia-grpo/valid/samp_3/ZhaoZuoxiang_236_neutral.wav
/root/autodl-tmp/CosyVoice_dev/examples/libritts/cosyvoice2/data/casia-grpo/valid/samp_3/ZhaoZuoxiang_239_surprise.wav	/root/autodl-tmp/CosyVoice_dev/examples/libritts/cosyvoice2/data/casia-grpo/valid/samp_3/ZhaoZuoxiang_239_surprise.wav
/root/autodl-tmp/CosyVoice_dev/examples/libritts/cosyvoice2/data/casia-grpo/valid/samp_3/ZhaoZuoxiang_236_sad.wav	/root/autodl-tmp/CosyVoice_dev/examples/libritts/cosyvoice2/data/casia-grpo/valid/samp_3/ZhaoZuoxiang_236_sad.wav
/root/autodl-tmp/CosyVoice_dev/examples/libritts/cosyvoice2/data/casia-grpo/valid/samp_3/ZhaoZuoxiang_239_fear.wav	/root/autodl-tmp/CosyVoice_dev/examples/libritts/cosyvoice2/data/casia-grpo/valid/samp_3/ZhaoZuoxiang_239_fear.wav
/root/autodl-tmp/CosyVoice_dev/examples/libritts/cosyvoice2/data/casia-grpo/valid/samp_3/ZhaoZuoxiang_236_surprise.wav	/root/autodl-tmp/CosyVoice_dev/examples/libritts/cosyvoice2/data/casia-grpo/valid/samp_3/ZhaoZuoxiang_236_surprise.wav
/root/autodl-tmp/CosyVoice_dev/examples/libritts/cosyvoice2/data/casia-grpo/valid/samp_3/ZhaoZuoxiang_237_angry.wav	/root/autodl-tmp/CosyVoice_dev/examples/libritts/cosyvoice2/data/casia-grpo/valid/samp_3/ZhaoZuoxiang_237_angry.wav
/root/autodl-tmp/CosyVoice_dev/examples/libritts/cosyvoice2/data/casia-grpo/valid/samp_3/ZhaoZuoxiang_237_fear.wav	/root/autodl-tmp/CosyVoice_dev/examples/libritts/cosyvoice2/data/casia-grpo/valid/samp_3/ZhaoZuoxiang_237_fear.wav
/root/autodl-tmp/CosyVoice_dev/examples/libritts/cosyvoice2/data/casia-grpo/valid/samp_3/ZhaoZuoxiang_238_surprise.wav	/root/autodl-tmp/CosyVoice_dev/examples/libritts/cosyvoice2/data/casia-grpo/valid/samp_3/ZhaoZuoxiang_238_surprise.wav
/root/autodl-tmp/CosyVoice_dev/examples/libritts/cosyvoice2/data/casia-grpo/valid/samp_3/ZhaoZuoxiang_237_happy.wav	/root/autodl-tmp/CosyVoice_dev/examples/libritts/cosyvoice2/data/casia-grpo/valid/samp_3/ZhaoZuoxiang_237_happy.wav
/root/autodl-tmp/CosyVoice_dev/examples/libritts/cosyvoice2/data/casia-grpo/valid/samp_3/ZhaoZuoxiang_237_neutral.wav	/root/autodl-tmp/CosyVoice_dev/examples/libritts/cosyvoice2/data/casia-grpo/valid/samp_3/ZhaoZuoxiang_237_neutral.wav
/root/autodl-tmp/CosyVoice_dev/examples/libritts/cosyvoice2/data/casia-grpo/valid/samp_3/ZhaoZuoxiang_239_happy.wav	/root/autodl-tmp/CosyVoice_dev/examples/libritts/cosyvoice2/data/casia-grpo/valid/samp_3/ZhaoZuoxiang_239_happy.wav
/root/autodl-tmp/CosyVoice_dev/examples/libritts/cosyvoice2/data/casia-grpo/valid/samp_3/ZhaoZuoxiang_237_sad.wav	/root/autodl-tmp/CosyVoice_dev/examples/libritts/cosyvoice2/data/casia-grpo/valid/samp_3/ZhaoZuoxiang_237_sad.wav
/root/autodl-tmp/CosyVoice_dev/examples/libritts/cosyvoice2/data/casia-grpo/valid/samp_3/ZhaoZuoxiang_237_surprise.wav	/root/autodl-tmp/CosyVoice_dev/examples/libritts/cosyvoice2/data/casia-grpo/valid/samp_3/ZhaoZuoxiang_237_surprise.wav
/root/autodl-tmp/CosyVoice_dev/examples/libritts/cosyvoice2/data/casia-grpo/valid/samp_3/ZhaoZuoxiang_239_angry.wav	/root/autodl-tmp/CosyVoice_dev/examples/libritts/cosyvoice2/data/casia-grpo/valid/samp_3/ZhaoZuoxiang_239_angry.wav
/root/autodl-tmp/CosyVoice_dev/examples/libritts/cosyvoice2/data/casia-grpo/valid/samp_3/ZhaoZuoxiang_238_angry.wav	/root/autodl-tmp/CosyVoice_dev/examples/libritts/cosyvoice2/data/casia-grpo/valid/samp_3/ZhaoZuoxiang_238_angry.wav
/root/autodl-tmp/CosyVoice_dev/examples/libritts/cosyvoice2/data/casia-grpo/valid/samp_3/ZhaoZuoxiang_239_neutral.wav	/root/autodl-tmp/CosyVoice_dev/examples/libritts/cosyvoice2/data/casia-grpo/valid/samp_3/ZhaoZuoxiang_239_neutral.wav
/root/autodl-tmp/CosyVoice_dev/examples/libritts/cosyvoice2/data/casia-grpo/valid/samp_3/ZhaoZuoxiang_238_fear.wav	/root/autodl-tmp/CosyVoice_dev/examples/libritts/cosyvoice2/data/casia-grpo/valid/samp_3/ZhaoZuoxiang_238_fear.wav
/root/autodl-tmp/CosyVoice_dev/examples/libritts/cosyvoice2/data/casia-grpo/valid/samp_3/ZhaoZuoxiang_238_happy.wav	/root/autodl-tmp/CosyVoice_dev/examples/libritts/cosyvoice2/data/casia-grpo/valid/samp_3/ZhaoZuoxiang_238_happy.wav
/root/autodl-tmp/CosyVoice_dev/examples/libritts/cosyvoice2/data/casia-grpo/valid/samp_3/ZhaoZuoxiang_238_neutral.wav	/root/autodl-tmp/CosyVoice_dev/examples/libritts/cosyvoice2/data/casia-grpo/valid/samp_3/ZhaoZuoxiang_238_neutral.wav
/root/autodl-tmp/CosyVoice_dev/examples/libritts/cosyvoice2/data/casia-grpo/valid/samp_3/ZhaoZuoxiang_238_sad.wav	/root/autodl-tmp/CosyVoice_dev/examples/libritts/cosyvoice2/data/casia-grpo/valid/samp_3/ZhaoZuoxiang_238_sad.wav
/root/autodl-tmp/CosyVoice_dev/examples/libritts/cosyvoice2/data/casia-grpo/valid/samp_3/ZhaoZuoxiang_243_fear.wav	/root/autodl-tmp/CosyVoice_dev/examples/libritts/cosyvoice2/data/casia-grpo/valid/samp_3/ZhaoZuoxiang_243_fear.wav
/root/autodl-tmp/CosyVoice_dev/examples/libritts/cosyvoice2/data/casia-grpo/valid/samp_3/ZhaoZuoxiang_240_angry.wav	/root/autodl-tmp/CosyVoice_dev/examples/libritts/cosyvoice2/data/casia-grpo/valid/samp_3/ZhaoZuoxiang_240_angry.wav
/root/autodl-tmp/CosyVoice_dev/examples/libritts/cosyvoice2/data/casia-grpo/valid/samp_3/ZhaoZuoxiang_243_happy.wav	/root/autodl-tmp/CosyVoice_dev/examples/libritts/cosyvoice2/data/casia-grpo/valid/samp_3/ZhaoZuoxiang_243_happy.wav
/root/autodl-tmp/CosyVoice_dev/examples/libritts/cosyvoice2/data/casia-grpo/valid/samp_3/ZhaoZuoxiang_240_fear.wav	/root/autodl-tmp/CosyVoice_dev/examples/libritts/cosyvoice2/data/casia-grpo/valid/samp_3/ZhaoZuoxiang_240_fear.wav
/root/autodl-tmp/CosyVoice_dev/examples/libritts/cosyvoice2/data/casia-grpo/valid/samp_3/ZhaoZuoxiang_240_happy.wav	/root/autodl-tmp/CosyVoice_dev/examples/libritts/cosyvoice2/data/casia-grpo/valid/samp_3/ZhaoZuoxiang_240_happy.wav
/root/autodl-tmp/CosyVoice_dev/examples/libritts/cosyvoice2/data/casia-grpo/valid/samp_3/ZhaoZuoxiang_240_neutral.wav	/root/autodl-tmp/CosyVoice_dev/examples/libritts/cosyvoice2/data/casia-grpo/valid/samp_3/ZhaoZuoxiang_240_neutral.wav
/root/autodl-tmp/CosyVoice_dev/examples/libritts/cosyvoice2/data/casia-grpo/valid/samp_3/ZhaoZuoxiang_242_sad.wav	/root/autodl-tmp/CosyVoice_dev/examples/libritts/cosyvoice2/data/casia-grpo/valid/samp_3/ZhaoZuoxiang_242_sad.wav
/root/autodl-tmp/CosyVoice_dev/examples/libritts/cosyvoice2/data/casia-grpo/valid/samp_3/ZhaoZuoxiang_240_sad.wav	/root/autodl-tmp/CosyVoice_dev/examples/libritts/cosyvoice2/data/casia-grpo/valid/samp_3/ZhaoZuoxiang_240_sad.wav
/root/autodl-tmp/CosyVoice_dev/examples/libritts/cosyvoice2/data/casia-grpo/valid/samp_3/ZhaoZuoxiang_242_happy.wav	/root/autodl-tmp/CosyVoice_dev/examples/libritts/cosyvoice2/data/casia-grpo/valid/samp_3/ZhaoZuoxiang_242_happy.wav
/root/autodl-tmp/CosyVoice_dev/examples/libritts/cosyvoice2/data/casia-grpo/valid/samp_3/ZhaoZuoxiang_240_surprise.wav	/root/autodl-tmp/CosyVoice_dev/examples/libritts/cosyvoice2/data/casia-grpo/valid/samp_3/ZhaoZuoxiang_240_surprise.wav
/root/autodl-tmp/CosyVoice_dev/examples/libritts/cosyvoice2/data/casia-grpo/valid/samp_3/ZhaoZuoxiang_241_angry.wav	/root/autodl-tmp/CosyVoice_dev/examples/libritts/cosyvoice2/data/casia-grpo/valid/samp_3/ZhaoZuoxiang_241_angry.wav
/root/autodl-tmp/CosyVoice_dev/examples/libritts/cosyvoice2/data/casia-grpo/valid/samp_3/ZhaoZuoxiang_242_surprise.wav	/root/autodl-tmp/CosyVoice_dev/examples/libritts/cosyvoice2/data/casia-grpo/valid/samp_3/ZhaoZuoxiang_242_surprise.wav
/root/autodl-tmp/CosyVoice_dev/examples/libritts/cosyvoice2/data/casia-grpo/valid/samp_3/ZhaoZuoxiang_241_fear.wav	/root/autodl-tmp/CosyVoice_dev/examples/libritts/cosyvoice2/data/casia-grpo/valid/samp_3/ZhaoZuoxiang_241_fear.wav
/root/autodl-tmp/CosyVoice_dev/examples/libritts/cosyvoice2/data/casia-grpo/valid/samp_3/ZhaoZuoxiang_241_happy.wav	/root/autodl-tmp/CosyVoice_dev/examples/libritts/cosyvoice2/data/casia-grpo/valid/samp_3/ZhaoZuoxiang_241_happy.wav
/root/autodl-tmp/CosyVoice_dev/examples/libritts/cosyvoice2/data/casia-grpo/valid/samp_3/ZhaoZuoxiang_242_neutral.wav	/root/autodl-tmp/CosyVoice_dev/examples/libritts/cosyvoice2/data/casia-grpo/valid/samp_3/ZhaoZuoxiang_242_neutral.wav
/root/autodl-tmp/CosyVoice_dev/examples/libritts/cosyvoice2/data/casia-grpo/valid/samp_3/ZhaoZuoxiang_241_neutral.wav	/root/autodl-tmp/CosyVoice_dev/examples/libritts/cosyvoice2/data/casia-grpo/valid/samp_3/ZhaoZuoxiang_241_neutral.wav
/root/autodl-tmp/CosyVoice_dev/examples/libritts/cosyvoice2/data/casia-grpo/valid/samp_3/ZhaoZuoxiang_241_sad.wav	/root/autodl-tmp/CosyVoice_dev/examples/libritts/cosyvoice2/data/casia-grpo/valid/samp_3/ZhaoZuoxiang_241_sad.wav
/root/autodl-tmp/CosyVoice_dev/examples/libritts/cosyvoice2/data/casia-grpo/valid/samp_3/ZhaoZuoxiang_243_angry.wav	/root/autodl-tmp/CosyVoice_dev/examples/libritts/cosyvoice2/data/casia-grpo/valid/samp_3/ZhaoZuoxiang_243_angry.wav
/root/autodl-tmp/CosyVoice_dev/examples/libritts/cosyvoice2/data/casia-grpo/valid/samp_3/ZhaoZuoxiang_241_surprise.wav	/root/autodl-tmp/CosyVoice_dev/examples/libritts/cosyvoice2/data/casia-grpo/valid/samp_3/ZhaoZuoxiang_241_surprise.wav
/root/autodl-tmp/CosyVoice_dev/examples/libritts/cosyvoice2/data/casia-grpo/valid/samp_3/ZhaoZuoxiang_242_angry.wav	/root/autodl-tmp/CosyVoice_dev/examples/libritts/cosyvoice2/data/casia-grpo/valid/samp_3/ZhaoZuoxiang_242_angry.wav
/root/autodl-tmp/CosyVoice_dev/examples/libritts/cosyvoice2/data/casia-grpo/valid/samp_3/ZhaoZuoxiang_242_fear.wav	/root/autodl-tmp/CosyVoice_dev/examples/libritts/cosyvoice2/data/casia-grpo/valid/samp_3/ZhaoZuoxiang_242_fear.wav
/root/autodl-tmp/CosyVoice_dev/examples/libritts/cosyvoice2/data/casia-grpo/valid/samp_3/ZhaoZuoxiang_246_sad.wav	/root/autodl-tmp/CosyVoice_dev/examples/libritts/cosyvoice2/data/casia-grpo/valid/samp_3/ZhaoZuoxiang_246_sad.wav
/root/autodl-tmp/CosyVoice_dev/examples/libritts/cosyvoice2/data/casia-grpo/valid/samp_3/ZhaoZuoxiang_243_neutral.wav	/root/autodl-tmp/CosyVoice_dev/examples/libritts/cosyvoice2/data/casia-grpo/valid/samp_3/ZhaoZuoxiang_243_neutral.wav
/root/autodl-tmp/CosyVoice_dev/examples/libritts/cosyvoice2/data/casia-grpo/valid/samp_3/ZhaoZuoxiang_246_surprise.wav	/root/autodl-tmp/CosyVoice_dev/examples/libritts/cosyvoice2/data/casia-grpo/valid/samp_3/ZhaoZuoxiang_246_surprise.wav
/root/autodl-tmp/CosyVoice_dev/examples/libritts/cosyvoice2/data/casia-grpo/valid/samp_3/ZhaoZuoxiang_243_sad.wav	/root/autodl-tmp/CosyVoice_dev/examples/libritts/cosyvoice2/data/casia-grpo/valid/samp_3/ZhaoZuoxiang_243_sad.wav
/root/autodl-tmp/CosyVoice_dev/examples/libritts/cosyvoice2/data/casia-grpo/valid/samp_3/ZhaoZuoxiang_246_fear.wav	/root/autodl-tmp/CosyVoice_dev/examples/libritts/cosyvoice2/data/casia-grpo/valid/samp_3/ZhaoZuoxiang_246_fear.wav
/root/autodl-tmp/CosyVoice_dev/examples/libritts/cosyvoice2/data/casia-grpo/valid/samp_3/ZhaoZuoxiang_243_surprise.wav	/root/autodl-tmp/CosyVoice_dev/examples/libritts/cosyvoice2/data/casia-grpo/valid/samp_3/ZhaoZuoxiang_243_surprise.wav
/root/autodl-tmp/CosyVoice_dev/examples/libritts/cosyvoice2/data/casia-grpo/valid/samp_3/ZhaoZuoxiang_244_angry.wav	/root/autodl-tmp/CosyVoice_dev/examples/libritts/cosyvoice2/data/casia-grpo/valid/samp_3/ZhaoZuoxiang_244_angry.wav
/root/autodl-tmp/CosyVoice_dev/examples/libritts/cosyvoice2/data/casia-grpo/valid/samp_3/ZhaoZuoxiang_244_fear.wav	/root/autodl-tmp/CosyVoice_dev/examples/libritts/cosyvoice2/data/casia-grpo/valid/samp_3/ZhaoZuoxiang_244_fear.wav
/root/autodl-tmp/CosyVoice_dev/examples/libritts/cosyvoice2/data/casia-grpo/valid/samp_3/ZhaoZuoxiang_245_surprise.wav	/root/autodl-tmp/CosyVoice_dev/examples/libritts/cosyvoice2/data/casia-grpo/valid/samp_3/ZhaoZuoxiang_245_surprise.wav
/root/autodl-tmp/CosyVoice_dev/examples/libritts/cosyvoice2/data/casia-grpo/valid/samp_3/ZhaoZuoxiang_244_happy.wav	/root/autodl-tmp/CosyVoice_dev/examples/libritts/cosyvoice2/data/casia-grpo/valid/samp_3/ZhaoZuoxiang_244_happy.wav
/root/autodl-tmp/CosyVoice_dev/examples/libritts/cosyvoice2/data/casia-grpo/valid/samp_3/ZhaoZuoxiang_244_neutral.wav	/root/autodl-tmp/CosyVoice_dev/examples/libritts/cosyvoice2/data/casia-grpo/valid/samp_3/ZhaoZuoxiang_244_neutral.wav
/root/autodl-tmp/CosyVoice_dev/examples/libritts/cosyvoice2/data/casia-grpo/valid/samp_3/ZhaoZuoxiang_246_happy.wav	/root/autodl-tmp/CosyVoice_dev/examples/libritts/cosyvoice2/data/casia-grpo/valid/samp_3/ZhaoZuoxiang_246_happy.wav
/root/autodl-tmp/CosyVoice_dev/examples/libritts/cosyvoice2/data/casia-grpo/valid/samp_3/ZhaoZuoxiang_244_sad.wav	/root/autodl-tmp/CosyVoice_dev/examples/libritts/cosyvoice2/data/casia-grpo/valid/samp_3/ZhaoZuoxiang_244_sad.wav
/root/autodl-tmp/CosyVoice_dev/examples/libritts/cosyvoice2/data/casia-grpo/valid/samp_3/ZhaoZuoxiang_244_surprise.wav	/root/autodl-tmp/CosyVoice_dev/examples/libritts/cosyvoice2/data/casia-grpo/valid/samp_3/ZhaoZuoxiang_244_surprise.wav
/root/autodl-tmp/CosyVoice_dev/examples/libritts/cosyvoice2/data/casia-grpo/valid/samp_3/ZhaoZuoxiang_246_angry.wav	/root/autodl-tmp/CosyVoice_dev/examples/libritts/cosyvoice2/data/casia-grpo/valid/samp_3/ZhaoZuoxiang_246_angry.wav
/root/autodl-tmp/CosyVoice_dev/examples/libritts/cosyvoice2/data/casia-grpo/valid/samp_3/ZhaoZuoxiang_245_angry.wav	/root/autodl-tmp/CosyVoice_dev/examples/libritts/cosyvoice2/data/casia-grpo/valid/samp_3/ZhaoZuoxiang_245_angry.wav
/root/autodl-tmp/CosyVoice_dev/examples/libritts/cosyvoice2/data/casia-grpo/valid/samp_3/ZhaoZuoxiang_246_neutral.wav	/root/autodl-tmp/CosyVoice_dev/examples/libritts/cosyvoice2/data/casia-grpo/valid/samp_3/ZhaoZuoxiang_246_neutral.wav
/root/autodl-tmp/CosyVoice_dev/examples/libritts/cosyvoice2/data/casia-grpo/valid/samp_3/ZhaoZuoxiang_245_fear.wav	/root/autodl-tmp/CosyVoice_dev/examples/libritts/cosyvoice2/data/casia-grpo/valid/samp_3/ZhaoZuoxiang_245_fear.wav
/root/autodl-tmp/CosyVoice_dev/examples/libritts/cosyvoice2/data/casia-grpo/valid/samp_3/ZhaoZuoxiang_245_happy.wav	/root/autodl-tmp/CosyVoice_dev/examples/libritts/cosyvoice2/data/casia-grpo/valid/samp_3/ZhaoZuoxiang_245_happy.wav
/root/autodl-tmp/CosyVoice_dev/examples/libritts/cosyvoice2/data/casia-grpo/valid/samp_3/ZhaoZuoxiang_245_neutral.wav	/root/autodl-tmp/CosyVoice_dev/examples/libritts/cosyvoice2/data/casia-grpo/valid/samp_3/ZhaoZuoxiang_245_neutral.wav
/root/autodl-tmp/CosyVoice_dev/examples/libritts/cosyvoice2/data/casia-grpo/valid/samp_3/ZhaoZuoxiang_245_sad.wav	/root/autodl-tmp/CosyVoice_dev/examples/libritts/cosyvoice2/data/casia-grpo/valid/samp_3/ZhaoZuoxiang_245_sad.wav
/root/autodl-tmp/CosyVoice_dev/examples/libritts/cosyvoice2/data/casia-grpo/valid/samp_3/ZhaoZuoxiang_250_fear.wav	/root/autodl-tmp/CosyVoice_dev/examples/libritts/cosyvoice2/data/casia-grpo/valid/samp_3/ZhaoZuoxiang_250_fear.wav
/root/autodl-tmp/CosyVoice_dev/examples/libritts/cosyvoice2/data/casia-grpo/valid/samp_3/ZhaoZuoxiang_247_angry.wav	/root/autodl-tmp/CosyVoice_dev/examples/libritts/cosyvoice2/data/casia-grpo/valid/samp_3/ZhaoZuoxiang_247_angry.wav
/root/autodl-tmp/CosyVoice_dev/examples/libritts/cosyvoice2/data/casia-grpo/valid/samp_3/ZhaoZuoxiang_250_happy.wav	/root/autodl-tmp/CosyVoice_dev/examples/libritts/cosyvoice2/data/casia-grpo/valid/samp_3/ZhaoZuoxiang_250_happy.wav
/root/autodl-tmp/CosyVoice_dev/examples/libritts/cosyvoice2/data/casia-grpo/valid/samp_3/ZhaoZuoxiang_247_fear.wav	/root/autodl-tmp/CosyVoice_dev/examples/libritts/cosyvoice2/data/casia-grpo/valid/samp_3/ZhaoZuoxiang_247_fear.wav
/root/autodl-tmp/CosyVoice_dev/examples/libritts/cosyvoice2/data/casia-grpo/valid/samp_3/ZhaoZuoxiang_247_happy.wav	/root/autodl-tmp/CosyVoice_dev/examples/libritts/cosyvoice2/data/casia-grpo/valid/samp_3/ZhaoZuoxiang_247_happy.wav
/root/autodl-tmp/CosyVoice_dev/examples/libritts/cosyvoice2/data/casia-grpo/valid/samp_3/ZhaoZuoxiang_247_neutral.wav	/root/autodl-tmp/CosyVoice_dev/examples/libritts/cosyvoice2/data/casia-grpo/valid/samp_3/ZhaoZuoxiang_247_neutral.wav
/root/autodl-tmp/CosyVoice_dev/examples/libritts/cosyvoice2/data/casia-grpo/valid/samp_3/ZhaoZuoxiang_249_sad.wav	/root/autodl-tmp/CosyVoice_dev/examples/libritts/cosyvoice2/data/casia-grpo/valid/samp_3/ZhaoZuoxiang_249_sad.wav
/root/autodl-tmp/CosyVoice_dev/examples/libritts/cosyvoice2/data/casia-grpo/valid/samp_3/ZhaoZuoxiang_247_sad.wav	/root/autodl-tmp/CosyVoice_dev/examples/libritts/cosyvoice2/data/casia-grpo/valid/samp_3/ZhaoZuoxiang_247_sad.wav
/root/autodl-tmp/CosyVoice_dev/examples/libritts/cosyvoice2/data/casia-grpo/valid/samp_3/ZhaoZuoxiang_249_happy.wav	/root/autodl-tmp/CosyVoice_dev/examples/libritts/cosyvoice2/data/casia-grpo/valid/samp_3/ZhaoZuoxiang_249_happy.wav
/root/autodl-tmp/CosyVoice_dev/examples/libritts/cosyvoice2/data/casia-grpo/valid/samp_3/ZhaoZuoxiang_247_surprise.wav	/root/autodl-tmp/CosyVoice_dev/examples/libritts/cosyvoice2/data/casia-grpo/valid/samp_3/ZhaoZuoxiang_247_surprise.wav
/root/autodl-tmp/CosyVoice_dev/examples/libritts/cosyvoice2/data/casia-grpo/valid/samp_3/ZhaoZuoxiang_248_angry.wav	/root/autodl-tmp/CosyVoice_dev/examples/libritts/cosyvoice2/data/casia-grpo/valid/samp_3/ZhaoZuoxiang_248_angry.wav
/root/autodl-tmp/CosyVoice_dev/examples/libritts/cosyvoice2/data/casia-grpo/valid/samp_3/ZhaoZuoxiang_249_surprise.wav	/root/autodl-tmp/CosyVoice_dev/examples/libritts/cosyvoice2/data/casia-grpo/valid/samp_3/ZhaoZuoxiang_249_surprise.wav
/root/autodl-tmp/CosyVoice_dev/examples/libritts/cosyvoice2/data/casia-grpo/valid/samp_3/ZhaoZuoxiang_248_fear.wav	/root/autodl-tmp/CosyVoice_dev/examples/libritts/cosyvoice2/data/casia-grpo/valid/samp_3/ZhaoZuoxiang_248_fear.wav
/root/autodl-tmp/CosyVoice_dev/examples/libritts/cosyvoice2/data/casia-grpo/valid/samp_3/ZhaoZuoxiang_248_happy.wav	/root/autodl-tmp/CosyVoice_dev/examples/libritts/cosyvoice2/data/casia-grpo/valid/samp_3/ZhaoZuoxiang_248_happy.wav
/root/autodl-tmp/CosyVoice_dev/examples/libritts/cosyvoice2/data/casia-grpo/valid/samp_3/ZhaoZuoxiang_249_neutral.wav	/root/autodl-tmp/CosyVoice_dev/examples/libritts/cosyvoice2/data/casia-grpo/valid/samp_3/ZhaoZuoxiang_249_neutral.wav
/root/autodl-tmp/CosyVoice_dev/examples/libritts/cosyvoice2/data/casia-grpo/valid/samp_3/ZhaoZuoxiang_248_neutral.wav	/root/autodl-tmp/CosyVoice_dev/examples/libritts/cosyvoice2/data/casia-grpo/valid/samp_3/ZhaoZuoxiang_248_neutral.wav
/root/autodl-tmp/CosyVoice_dev/examples/libritts/cosyvoice2/data/casia-grpo/valid/samp_3/ZhaoZuoxiang_248_sad.wav	/root/autodl-tmp/CosyVoice_dev/examples/libritts/cosyvoice2/data/casia-grpo/valid/samp_3/ZhaoZuoxiang_248_sad.wav
/root/autodl-tmp/CosyVoice_dev/examples/libritts/cosyvoice2/data/casia-grpo/valid/samp_3/ZhaoZuoxiang_250_angry.wav	/root/autodl-tmp/CosyVoice_dev/examples/libritts/cosyvoice2/data/casia-grpo/valid/samp_3/ZhaoZuoxiang_250_angry.wav
/root/autodl-tmp/CosyVoice_dev/examples/libritts/cosyvoice2/data/casia-grpo/valid/samp_3/ZhaoZuoxiang_248_surprise.wav	/root/autodl-tmp/CosyVoice_dev/examples/libritts/cosyvoice2/data/casia-grpo/valid/samp_3/ZhaoZuoxiang_248_surprise.wav
/root/autodl-tmp/CosyVoice_dev/examples/libritts/cosyvoice2/data/casia-grpo/valid/samp_3/ZhaoZuoxiang_249_angry.wav	/root/autodl-tmp/CosyVoice_dev/examples/libritts/cosyvoice2/data/casia-grpo/valid/samp_3/ZhaoZuoxiang_249_angry.wav
/root/autodl-tmp/CosyVoice_dev/examples/libritts/cosyvoice2/data/casia-grpo/valid/samp_3/ZhaoZuoxiang_249_fear.wav	/root/autodl-tmp/CosyVoice_dev/examples/libritts/cosyvoice2/data/casia-grpo/valid/samp_3/ZhaoZuoxiang_249_fear.wav
/root/autodl-tmp/CosyVoice_dev/examples/libritts/cosyvoice2/data/casia-grpo/valid/samp_3/ZhaoZuoxiang_250_neutral.wav	/root/autodl-tmp/CosyVoice_dev/examples/libritts/cosyvoice2/data/casia-grpo/valid/samp_3/ZhaoZuoxiang_250_neutral.wav
/root/autodl-tmp/CosyVoice_dev/examples/libritts/cosyvoice2/data/casia-grpo/valid/samp_3/ZhaoZuoxiang_250_sad.wav	/root/autodl-tmp/CosyVoice_dev/examples/libritts/cosyvoice2/data/casia-grpo/valid/samp_3/ZhaoZuoxiang_250_sad.wav
/root/autodl-tmp/CosyVoice_dev/examples/libritts/cosyvoice2/data/casia-grpo/valid/samp_3/ZhaoZuoxiang_250_surprise.wav	/root/autodl-tmp/CosyVoice_dev/examples/libritts/cosyvoice2/data/casia-grpo/valid/samp_3/ZhaoZuoxiang_250_surprise.wav
/root/autodl-tmp/CosyVoice_dev/examples/libritts/cosyvoice2/data/casia-grpo/valid/samp_4/ZhaoZuoxiang_203_angry.wav	/root/autodl-tmp/CosyVoice_dev/examples/libritts/cosyvoice2/data/casia-grpo/valid/samp_4/ZhaoZuoxiang_203_angry.wav
/root/autodl-tmp/CosyVoice_dev/examples/libritts/cosyvoice2/data/casia-grpo/valid/samp_4/ZhaoZuoxiang_201_angry.wav	/root/autodl-tmp/CosyVoice_dev/examples/libritts/cosyvoice2/data/casia-grpo/valid/samp_4/ZhaoZuoxiang_201_angry.wav
/root/autodl-tmp/CosyVoice_dev/examples/libritts/cosyvoice2/data/casia-grpo/valid/samp_4/ZhaoZuoxiang_204_fear.wav	/root/autodl-tmp/CosyVoice_dev/examples/libritts/cosyvoice2/data/casia-grpo/valid/samp_4/ZhaoZuoxiang_204_fear.wav
/root/autodl-tmp/CosyVoice_dev/examples/libritts/cosyvoice2/data/casia-grpo/valid/samp_4/ZhaoZuoxiang_201_fear.wav	/root/autodl-tmp/CosyVoice_dev/examples/libritts/cosyvoice2/data/casia-grpo/valid/samp_4/ZhaoZuoxiang_201_fear.wav
/root/autodl-tmp/CosyVoice_dev/examples/libritts/cosyvoice2/data/casia-grpo/valid/samp_4/ZhaoZuoxiang_204_happy.wav	/root/autodl-tmp/CosyVoice_dev/examples/libritts/cosyvoice2/data/casia-grpo/valid/samp_4/ZhaoZuoxiang_204_happy.wav
/root/autodl-tmp/CosyVoice_dev/examples/libritts/cosyvoice2/data/casia-grpo/valid/samp_4/ZhaoZuoxiang_201_happy.wav	/root/autodl-tmp/CosyVoice_dev/examples/libritts/cosyvoice2/data/casia-grpo/valid/samp_4/ZhaoZuoxiang_201_happy.wav
/root/autodl-tmp/CosyVoice_dev/examples/libritts/cosyvoice2/data/casia-grpo/valid/samp_4/ZhaoZuoxiang_204_neutral.wav	/root/autodl-tmp/CosyVoice_dev/examples/libritts/cosyvoice2/data/casia-grpo/valid/samp_4/ZhaoZuoxiang_204_neutral.wav
/root/autodl-tmp/CosyVoice_dev/examples/libritts/cosyvoice2/data/casia-grpo/valid/samp_4/ZhaoZuoxiang_201_neutral.wav	/root/autodl-tmp/CosyVoice_dev/examples/libritts/cosyvoice2/data/casia-grpo/valid/samp_4/ZhaoZuoxiang_201_neutral.wav
/root/autodl-tmp/CosyVoice_dev/examples/libritts/cosyvoice2/data/casia-grpo/valid/samp_4/ZhaoZuoxiang_204_surprise.wav	/root/autodl-tmp/CosyVoice_dev/examples/libritts/cosyvoice2/data/casia-grpo/valid/samp_4/ZhaoZuoxiang_204_surprise.wav
/root/autodl-tmp/CosyVoice_dev/examples/libritts/cosyvoice2/data/casia-grpo/valid/samp_4/ZhaoZuoxiang_201_sad.wav	/root/autodl-tmp/CosyVoice_dev/examples/libritts/cosyvoice2/data/casia-grpo/valid/samp_4/ZhaoZuoxiang_201_sad.wav
/root/autodl-tmp/CosyVoice_dev/examples/libritts/cosyvoice2/data/casia-grpo/valid/samp_4/ZhaoZuoxiang_201_surprise.wav	/root/autodl-tmp/CosyVoice_dev/examples/libritts/cosyvoice2/data/casia-grpo/valid/samp_4/ZhaoZuoxiang_201_surprise.wav
/root/autodl-tmp/CosyVoice_dev/examples/libritts/cosyvoice2/data/casia-grpo/valid/samp_4/ZhaoZuoxiang_204_sad.wav	/root/autodl-tmp/CosyVoice_dev/examples/libritts/cosyvoice2/data/casia-grpo/valid/samp_4/ZhaoZuoxiang_204_sad.wav
/root/autodl-tmp/CosyVoice_dev/examples/libritts/cosyvoice2/data/casia-grpo/valid/samp_4/ZhaoZuoxiang_203_happy.wav	/root/autodl-tmp/CosyVoice_dev/examples/libritts/cosyvoice2/data/casia-grpo/valid/samp_4/ZhaoZuoxiang_203_happy.wav
/root/autodl-tmp/CosyVoice_dev/examples/libritts/cosyvoice2/data/casia-grpo/valid/samp_4/ZhaoZuoxiang_202_angry.wav	/root/autodl-tmp/CosyVoice_dev/examples/libritts/cosyvoice2/data/casia-grpo/valid/samp_4/ZhaoZuoxiang_202_angry.wav
/root/autodl-tmp/CosyVoice_dev/examples/libritts/cosyvoice2/data/casia-grpo/valid/samp_4/ZhaoZuoxiang_205_angry.wav	/root/autodl-tmp/CosyVoice_dev/examples/libritts/cosyvoice2/data/casia-grpo/valid/samp_4/ZhaoZuoxiang_205_angry.wav
/root/autodl-tmp/CosyVoice_dev/examples/libritts/cosyvoice2/data/casia-grpo/valid/samp_4/ZhaoZuoxiang_203_surprise.wav	/root/autodl-tmp/CosyVoice_dev/examples/libritts/cosyvoice2/data/casia-grpo/valid/samp_4/ZhaoZuoxiang_203_surprise.wav
/root/autodl-tmp/CosyVoice_dev/examples/libritts/cosyvoice2/data/casia-grpo/valid/samp_4/ZhaoZuoxiang_202_fear.wav	/root/autodl-tmp/CosyVoice_dev/examples/libritts/cosyvoice2/data/casia-grpo/valid/samp_4/ZhaoZuoxiang_202_fear.wav
/root/autodl-tmp/CosyVoice_dev/examples/libritts/cosyvoice2/data/casia-grpo/valid/samp_4/ZhaoZuoxiang_202_happy.wav	/root/autodl-tmp/CosyVoice_dev/examples/libritts/cosyvoice2/data/casia-grpo/valid/samp_4/ZhaoZuoxiang_202_happy.wav
/root/autodl-tmp/CosyVoice_dev/examples/libritts/cosyvoice2/data/casia-grpo/valid/samp_4/ZhaoZuoxiang_205_fear.wav	/root/autodl-tmp/CosyVoice_dev/examples/libritts/cosyvoice2/data/casia-grpo/valid/samp_4/ZhaoZuoxiang_205_fear.wav
/root/autodl-tmp/CosyVoice_dev/examples/libritts/cosyvoice2/data/casia-grpo/valid/samp_4/ZhaoZuoxiang_202_neutral.wav	/root/autodl-tmp/CosyVoice_dev/examples/libritts/cosyvoice2/data/casia-grpo/valid/samp_4/ZhaoZuoxiang_202_neutral.wav
/root/autodl-tmp/CosyVoice_dev/examples/libritts/cosyvoice2/data/casia-grpo/valid/samp_4/ZhaoZuoxiang_205_happy.wav	/root/autodl-tmp/CosyVoice_dev/examples/libritts/cosyvoice2/data/casia-grpo/valid/samp_4/ZhaoZuoxiang_205_happy.wav
/root/autodl-tmp/CosyVoice_dev/examples/libritts/cosyvoice2/data/casia-grpo/valid/samp_4/ZhaoZuoxiang_202_sad.wav	/root/autodl-tmp/CosyVoice_dev/examples/libritts/cosyvoice2/data/casia-grpo/valid/samp_4/ZhaoZuoxiang_202_sad.wav
/root/autodl-tmp/CosyVoice_dev/examples/libritts/cosyvoice2/data/casia-grpo/valid/samp_4/ZhaoZuoxiang_203_neutral.wav	/root/autodl-tmp/CosyVoice_dev/examples/libritts/cosyvoice2/data/casia-grpo/valid/samp_4/ZhaoZuoxiang_203_neutral.wav
/root/autodl-tmp/CosyVoice_dev/examples/libritts/cosyvoice2/data/casia-grpo/valid/samp_4/ZhaoZuoxiang_204_angry.wav	/root/autodl-tmp/CosyVoice_dev/examples/libritts/cosyvoice2/data/casia-grpo/valid/samp_4/ZhaoZuoxiang_204_angry.wav
/root/autodl-tmp/CosyVoice_dev/examples/libritts/cosyvoice2/data/casia-grpo/valid/samp_4/ZhaoZuoxiang_202_surprise.wav	/root/autodl-tmp/CosyVoice_dev/examples/libritts/cosyvoice2/data/casia-grpo/valid/samp_4/ZhaoZuoxiang_202_surprise.wav
/root/autodl-tmp/CosyVoice_dev/examples/libritts/cosyvoice2/data/casia-grpo/valid/samp_4/ZhaoZuoxiang_205_neutral.wav	/root/autodl-tmp/CosyVoice_dev/examples/libritts/cosyvoice2/data/casia-grpo/valid/samp_4/ZhaoZuoxiang_205_neutral.wav
/root/autodl-tmp/CosyVoice_dev/examples/libritts/cosyvoice2/data/casia-grpo/valid/samp_4/ZhaoZuoxiang_203_fear.wav	/root/autodl-tmp/CosyVoice_dev/examples/libritts/cosyvoice2/data/casia-grpo/valid/samp_4/ZhaoZuoxiang_203_fear.wav
/root/autodl-tmp/CosyVoice_dev/examples/libritts/cosyvoice2/data/casia-grpo/valid/samp_4/ZhaoZuoxiang_203_sad.wav	/root/autodl-tmp/CosyVoice_dev/examples/libritts/cosyvoice2/data/casia-grpo/valid/samp_4/ZhaoZuoxiang_203_sad.wav
/root/autodl-tmp/CosyVoice_dev/examples/libritts/cosyvoice2/data/casia-grpo/valid/samp_4/ZhaoZuoxiang_207_sad.wav	/root/autodl-tmp/CosyVoice_dev/examples/libritts/cosyvoice2/data/casia-grpo/valid/samp_4/ZhaoZuoxiang_207_sad.wav
/root/autodl-tmp/CosyVoice_dev/examples/libritts/cosyvoice2/data/casia-grpo/valid/samp_4/ZhaoZuoxiang_208_sad.wav	/root/autodl-tmp/CosyVoice_dev/examples/libritts/cosyvoice2/data/casia-grpo/valid/samp_4/ZhaoZuoxiang_208_sad.wav
/root/autodl-tmp/CosyVoice_dev/examples/libritts/cosyvoice2/data/casia-grpo/valid/samp_4/ZhaoZuoxiang_205_sad.wav	/root/autodl-tmp/CosyVoice_dev/examples/libritts/cosyvoice2/data/casia-grpo/valid/samp_4/ZhaoZuoxiang_205_sad.wav
/root/autodl-tmp/CosyVoice_dev/examples/libritts/cosyvoice2/data/casia-grpo/valid/samp_4/ZhaoZuoxiang_207_surprise.wav	/root/autodl-tmp/CosyVoice_dev/examples/libritts/cosyvoice2/data/casia-grpo/valid/samp_4/ZhaoZuoxiang_207_surprise.wav
/root/autodl-tmp/CosyVoice_dev/examples/libritts/cosyvoice2/data/casia-grpo/valid/samp_4/ZhaoZuoxiang_208_happy.wav	/root/autodl-tmp/CosyVoice_dev/examples/libritts/cosyvoice2/data/casia-grpo/valid/samp_4/ZhaoZuoxiang_208_happy.wav
/root/autodl-tmp/CosyVoice_dev/examples/libritts/cosyvoice2/data/casia-grpo/valid/samp_4/ZhaoZuoxiang_205_surprise.wav	/root/autodl-tmp/CosyVoice_dev/examples/libritts/cosyvoice2/data/casia-grpo/valid/samp_4/ZhaoZuoxiang_205_surprise.wav
/root/autodl-tmp/CosyVoice_dev/examples/libritts/cosyvoice2/data/casia-grpo/valid/samp_4/ZhaoZuoxiang_208_surprise.wav	/root/autodl-tmp/CosyVoice_dev/examples/libritts/cosyvoice2/data/casia-grpo/valid/samp_4/ZhaoZuoxiang_208_surprise.wav
/root/autodl-tmp/CosyVoice_dev/examples/libritts/cosyvoice2/data/casia-grpo/valid/samp_4/ZhaoZuoxiang_206_angry.wav	/root/autodl-tmp/CosyVoice_dev/examples/libritts/cosyvoice2/data/casia-grpo/valid/samp_4/ZhaoZuoxiang_206_angry.wav
/root/autodl-tmp/CosyVoice_dev/examples/libritts/cosyvoice2/data/casia-grpo/valid/samp_4/ZhaoZuoxiang_209_angry.wav	/root/autodl-tmp/CosyVoice_dev/examples/libritts/cosyvoice2/data/casia-grpo/valid/samp_4/ZhaoZuoxiang_209_angry.wav
/root/autodl-tmp/CosyVoice_dev/examples/libritts/cosyvoice2/data/casia-grpo/valid/samp_4/ZhaoZuoxiang_206_fear.wav	/root/autodl-tmp/CosyVoice_dev/examples/libritts/cosyvoice2/data/casia-grpo/valid/samp_4/ZhaoZuoxiang_206_fear.wav
/root/autodl-tmp/CosyVoice_dev/examples/libritts/cosyvoice2/data/casia-grpo/valid/samp_4/ZhaoZuoxiang_206_happy.wav	/root/autodl-tmp/CosyVoice_dev/examples/libritts/cosyvoice2/data/casia-grpo/valid/samp_4/ZhaoZuoxiang_206_happy.wav
/root/autodl-tmp/CosyVoice_dev/examples/libritts/cosyvoice2/data/casia-grpo/valid/samp_4/ZhaoZuoxiang_209_fear.wav	/root/autodl-tmp/CosyVoice_dev/examples/libritts/cosyvoice2/data/casia-grpo/valid/samp_4/ZhaoZuoxiang_209_fear.wav
/root/autodl-tmp/CosyVoice_dev/examples/libritts/cosyvoice2/data/casia-grpo/valid/samp_4/ZhaoZuoxiang_208_angry.wav	/root/autodl-tmp/CosyVoice_dev/examples/libritts/cosyvoice2/data/casia-grpo/valid/samp_4/ZhaoZuoxiang_208_angry.wav
/root/autodl-tmp/CosyVoice_dev/examples/libritts/cosyvoice2/data/casia-grpo/valid/samp_4/ZhaoZuoxiang_206_neutral.wav	/root/autodl-tmp/CosyVoice_dev/examples/libritts/cosyvoice2/data/casia-grpo/valid/samp_4/ZhaoZuoxiang_206_neutral.wav
/root/autodl-tmp/CosyVoice_dev/examples/libritts/cosyvoice2/data/casia-grpo/valid/samp_4/ZhaoZuoxiang_209_happy.wav	/root/autodl-tmp/CosyVoice_dev/examples/libritts/cosyvoice2/data/casia-grpo/valid/samp_4/ZhaoZuoxiang_209_happy.wav
/root/autodl-tmp/CosyVoice_dev/examples/libritts/cosyvoice2/data/casia-grpo/valid/samp_4/ZhaoZuoxiang_206_sad.wav	/root/autodl-tmp/CosyVoice_dev/examples/libritts/cosyvoice2/data/casia-grpo/valid/samp_4/ZhaoZuoxiang_206_sad.wav
/root/autodl-tmp/CosyVoice_dev/examples/libritts/cosyvoice2/data/casia-grpo/valid/samp_4/ZhaoZuoxiang_208_neutral.wav	/root/autodl-tmp/CosyVoice_dev/examples/libritts/cosyvoice2/data/casia-grpo/valid/samp_4/ZhaoZuoxiang_208_neutral.wav
/root/autodl-tmp/CosyVoice_dev/examples/libritts/cosyvoice2/data/casia-grpo/valid/samp_4/ZhaoZuoxiang_206_surprise.wav	/root/autodl-tmp/CosyVoice_dev/examples/libritts/cosyvoice2/data/casia-grpo/valid/samp_4/ZhaoZuoxiang_206_surprise.wav
/root/autodl-tmp/CosyVoice_dev/examples/libritts/cosyvoice2/data/casia-grpo/valid/samp_4/ZhaoZuoxiang_209_neutral.wav	/root/autodl-tmp/CosyVoice_dev/examples/libritts/cosyvoice2/data/casia-grpo/valid/samp_4/ZhaoZuoxiang_209_neutral.wav
/root/autodl-tmp/CosyVoice_dev/examples/libritts/cosyvoice2/data/casia-grpo/valid/samp_4/ZhaoZuoxiang_207_angry.wav	/root/autodl-tmp/CosyVoice_dev/examples/libritts/cosyvoice2/data/casia-grpo/valid/samp_4/ZhaoZuoxiang_207_angry.wav
/root/autodl-tmp/CosyVoice_dev/examples/libritts/cosyvoice2/data/casia-grpo/valid/samp_4/ZhaoZuoxiang_209_sad.wav	/root/autodl-tmp/CosyVoice_dev/examples/libritts/cosyvoice2/data/casia-grpo/valid/samp_4/ZhaoZuoxiang_209_sad.wav
/root/autodl-tmp/CosyVoice_dev/examples/libritts/cosyvoice2/data/casia-grpo/valid/samp_4/ZhaoZuoxiang_207_fear.wav	/root/autodl-tmp/CosyVoice_dev/examples/libritts/cosyvoice2/data/casia-grpo/valid/samp_4/ZhaoZuoxiang_207_fear.wav
/root/autodl-tmp/CosyVoice_dev/examples/libritts/cosyvoice2/data/casia-grpo/valid/samp_4/ZhaoZuoxiang_208_fear.wav	/root/autodl-tmp/CosyVoice_dev/examples/libritts/cosyvoice2/data/casia-grpo/valid/samp_4/ZhaoZuoxiang_208_fear.wav
/root/autodl-tmp/CosyVoice_dev/examples/libritts/cosyvoice2/data/casia-grpo/valid/samp_4/ZhaoZuoxiang_209_surprise.wav	/root/autodl-tmp/CosyVoice_dev/examples/libritts/cosyvoice2/data/casia-grpo/valid/samp_4/ZhaoZuoxiang_209_surprise.wav
/root/autodl-tmp/CosyVoice_dev/examples/libritts/cosyvoice2/data/casia-grpo/valid/samp_4/ZhaoZuoxiang_207_happy.wav	/root/autodl-tmp/CosyVoice_dev/examples/libritts/cosyvoice2/data/casia-grpo/valid/samp_4/ZhaoZuoxiang_207_happy.wav
/root/autodl-tmp/CosyVoice_dev/examples/libritts/cosyvoice2/data/casia-grpo/valid/samp_4/ZhaoZuoxiang_210_angry.wav	/root/autodl-tmp/CosyVoice_dev/examples/libritts/cosyvoice2/data/casia-grpo/valid/samp_4/ZhaoZuoxiang_210_angry.wav
/root/autodl-tmp/CosyVoice_dev/examples/libritts/cosyvoice2/data/casia-grpo/valid/samp_4/ZhaoZuoxiang_207_neutral.wav	/root/autodl-tmp/CosyVoice_dev/examples/libritts/cosyvoice2/data/casia-grpo/valid/samp_4/ZhaoZuoxiang_207_neutral.wav
/root/autodl-tmp/CosyVoice_dev/examples/libritts/cosyvoice2/data/casia-grpo/valid/samp_4/ZhaoZuoxiang_210_fear.wav	/root/autodl-tmp/CosyVoice_dev/examples/libritts/cosyvoice2/data/casia-grpo/valid/samp_4/ZhaoZuoxiang_210_fear.wav
/root/autodl-tmp/CosyVoice_dev/examples/libritts/cosyvoice2/data/casia-grpo/valid/samp_4/ZhaoZuoxiang_210_happy.wav	/root/autodl-tmp/CosyVoice_dev/examples/libritts/cosyvoice2/data/casia-grpo/valid/samp_4/ZhaoZuoxiang_210_happy.wav
/root/autodl-tmp/CosyVoice_dev/examples/libritts/cosyvoice2/data/casia-grpo/valid/samp_4/ZhaoZuoxiang_210_neutral.wav	/root/autodl-tmp/CosyVoice_dev/examples/libritts/cosyvoice2/data/casia-grpo/valid/samp_4/ZhaoZuoxiang_210_neutral.wav
/root/autodl-tmp/CosyVoice_dev/examples/libritts/cosyvoice2/data/casia-grpo/valid/samp_4/ZhaoZuoxiang_210_sad.wav	/root/autodl-tmp/CosyVoice_dev/examples/libritts/cosyvoice2/data/casia-grpo/valid/samp_4/ZhaoZuoxiang_210_sad.wav
/root/autodl-tmp/CosyVoice_dev/examples/libritts/cosyvoice2/data/casia-grpo/valid/samp_4/ZhaoZuoxiang_210_surprise.wav	/root/autodl-tmp/CosyVoice_dev/examples/libritts/cosyvoice2/data/casia-grpo/valid/samp_4/ZhaoZuoxiang_210_surprise.wav
/root/autodl-tmp/CosyVoice_dev/examples/libritts/cosyvoice2/data/casia-grpo/valid/samp_4/ZhaoZuoxiang_211_angry.wav	/root/autodl-tmp/CosyVoice_dev/examples/libritts/cosyvoice2/data/casia-grpo/valid/samp_4/ZhaoZuoxiang_211_angry.wav
/root/autodl-tmp/CosyVoice_dev/examples/libritts/cosyvoice2/data/casia-grpo/valid/samp_4/ZhaoZuoxiang_211_fear.wav	/root/autodl-tmp/CosyVoice_dev/examples/libritts/cosyvoice2/data/casia-grpo/valid/samp_4/ZhaoZuoxiang_211_fear.wav
/root/autodl-tmp/CosyVoice_dev/examples/libritts/cosyvoice2/data/casia-grpo/valid/samp_4/ZhaoZuoxiang_211_happy.wav	/root/autodl-tmp/CosyVoice_dev/examples/libritts/cosyvoice2/data/casia-grpo/valid/samp_4/ZhaoZuoxiang_211_happy.wav
/root/autodl-tmp/CosyVoice_dev/examples/libritts/cosyvoice2/data/casia-grpo/valid/samp_4/ZhaoZuoxiang_211_neutral.wav	/root/autodl-tmp/CosyVoice_dev/examples/libritts/cosyvoice2/data/casia-grpo/valid/samp_4/ZhaoZuoxiang_211_neutral.wav
/root/autodl-tmp/CosyVoice_dev/examples/libritts/cosyvoice2/data/casia-grpo/valid/samp_4/ZhaoZuoxiang_211_sad.wav	/root/autodl-tmp/CosyVoice_dev/examples/libritts/cosyvoice2/data/casia-grpo/valid/samp_4/ZhaoZuoxiang_211_sad.wav
/root/autodl-tmp/CosyVoice_dev/examples/libritts/cosyvoice2/data/casia-grpo/valid/samp_4/ZhaoZuoxiang_211_surprise.wav	/root/autodl-tmp/CosyVoice_dev/examples/libritts/cosyvoice2/data/casia-grpo/valid/samp_4/ZhaoZuoxiang_211_surprise.wav
/root/autodl-tmp/CosyVoice_dev/examples/libritts/cosyvoice2/data/casia-grpo/valid/samp_4/ZhaoZuoxiang_212_angry.wav	/root/autodl-tmp/CosyVoice_dev/examples/libritts/cosyvoice2/data/casia-grpo/valid/samp_4/ZhaoZuoxiang_212_angry.wav
/root/autodl-tmp/CosyVoice_dev/examples/libritts/cosyvoice2/data/casia-grpo/valid/samp_4/ZhaoZuoxiang_212_fear.wav	/root/autodl-tmp/CosyVoice_dev/examples/libritts/cosyvoice2/data/casia-grpo/valid/samp_4/ZhaoZuoxiang_212_fear.wav
/root/autodl-tmp/CosyVoice_dev/examples/libritts/cosyvoice2/data/casia-grpo/valid/samp_4/ZhaoZuoxiang_212_happy.wav	/root/autodl-tmp/CosyVoice_dev/examples/libritts/cosyvoice2/data/casia-grpo/valid/samp_4/ZhaoZuoxiang_212_happy.wav
/root/autodl-tmp/CosyVoice_dev/examples/libritts/cosyvoice2/data/casia-grpo/valid/samp_4/ZhaoZuoxiang_212_neutral.wav	/root/autodl-tmp/CosyVoice_dev/examples/libritts/cosyvoice2/data/casia-grpo/valid/samp_4/ZhaoZuoxiang_212_neutral.wav
/root/autodl-tmp/CosyVoice_dev/examples/libritts/cosyvoice2/data/casia-grpo/valid/samp_4/ZhaoZuoxiang_212_sad.wav	/root/autodl-tmp/CosyVoice_dev/examples/libritts/cosyvoice2/data/casia-grpo/valid/samp_4/ZhaoZuoxiang_212_sad.wav
/root/autodl-tmp/CosyVoice_dev/examples/libritts/cosyvoice2/data/casia-grpo/valid/samp_4/ZhaoZuoxiang_212_surprise.wav	/root/autodl-tmp/CosyVoice_dev/examples/libritts/cosyvoice2/data/casia-grpo/valid/samp_4/ZhaoZuoxiang_212_surprise.wav
/root/autodl-tmp/CosyVoice_dev/examples/libritts/cosyvoice2/data/casia-grpo/valid/samp_4/ZhaoZuoxiang_213_angry.wav	/root/autodl-tmp/CosyVoice_dev/examples/libritts/cosyvoice2/data/casia-grpo/valid/samp_4/ZhaoZuoxiang_213_angry.wav
/root/autodl-tmp/CosyVoice_dev/examples/libritts/cosyvoice2/data/casia-grpo/valid/samp_4/ZhaoZuoxiang_213_fear.wav	/root/autodl-tmp/CosyVoice_dev/examples/libritts/cosyvoice2/data/casia-grpo/valid/samp_4/ZhaoZuoxiang_213_fear.wav
/root/autodl-tmp/CosyVoice_dev/examples/libritts/cosyvoice2/data/casia-grpo/valid/samp_4/ZhaoZuoxiang_213_happy.wav	/root/autodl-tmp/CosyVoice_dev/examples/libritts/cosyvoice2/data/casia-grpo/valid/samp_4/ZhaoZuoxiang_213_happy.wav
/root/autodl-tmp/CosyVoice_dev/examples/libritts/cosyvoice2/data/casia-grpo/valid/samp_4/ZhaoZuoxiang_213_neutral.wav	/root/autodl-tmp/CosyVoice_dev/examples/libritts/cosyvoice2/data/casia-grpo/valid/samp_4/ZhaoZuoxiang_213_neutral.wav
/root/autodl-tmp/CosyVoice_dev/examples/libritts/cosyvoice2/data/casia-grpo/valid/samp_4/ZhaoZuoxiang_213_sad.wav	/root/autodl-tmp/CosyVoice_dev/examples/libritts/cosyvoice2/data/casia-grpo/valid/samp_4/ZhaoZuoxiang_213_sad.wav
/root/autodl-tmp/CosyVoice_dev/examples/libritts/cosyvoice2/data/casia-grpo/valid/samp_4/ZhaoZuoxiang_213_surprise.wav	/root/autodl-tmp/CosyVoice_dev/examples/libritts/cosyvoice2/data/casia-grpo/valid/samp_4/ZhaoZuoxiang_213_surprise.wav
/root/autodl-tmp/CosyVoice_dev/examples/libritts/cosyvoice2/data/casia-grpo/valid/samp_4/ZhaoZuoxiang_214_angry.wav	/root/autodl-tmp/CosyVoice_dev/examples/libritts/cosyvoice2/data/casia-grpo/valid/samp_4/ZhaoZuoxiang_214_angry.wav
/root/autodl-tmp/CosyVoice_dev/examples/libritts/cosyvoice2/data/casia-grpo/valid/samp_4/ZhaoZuoxiang_214_fear.wav	/root/autodl-tmp/CosyVoice_dev/examples/libritts/cosyvoice2/data/casia-grpo/valid/samp_4/ZhaoZuoxiang_214_fear.wav
/root/autodl-tmp/CosyVoice_dev/examples/libritts/cosyvoice2/data/casia-grpo/valid/samp_4/ZhaoZuoxiang_214_happy.wav	/root/autodl-tmp/CosyVoice_dev/examples/libritts/cosyvoice2/data/casia-grpo/valid/samp_4/ZhaoZuoxiang_214_happy.wav
/root/autodl-tmp/CosyVoice_dev/examples/libritts/cosyvoice2/data/casia-grpo/valid/samp_4/ZhaoZuoxiang_214_neutral.wav	/root/autodl-tmp/CosyVoice_dev/examples/libritts/cosyvoice2/data/casia-grpo/valid/samp_4/ZhaoZuoxiang_214_neutral.wav
/root/autodl-tmp/CosyVoice_dev/examples/libritts/cosyvoice2/data/casia-grpo/valid/samp_4/ZhaoZuoxiang_214_sad.wav	/root/autodl-tmp/CosyVoice_dev/examples/libritts/cosyvoice2/data/casia-grpo/valid/samp_4/ZhaoZuoxiang_214_sad.wav
/root/autodl-tmp/CosyVoice_dev/examples/libritts/cosyvoice2/data/casia-grpo/valid/samp_4/ZhaoZuoxiang_214_surprise.wav	/root/autodl-tmp/CosyVoice_dev/examples/libritts/cosyvoice2/data/casia-grpo/valid/samp_4/ZhaoZuoxiang_214_surprise.wav
/root/autodl-tmp/CosyVoice_dev/examples/libritts/cosyvoice2/data/casia-grpo/valid/samp_4/ZhaoZuoxiang_215_angry.wav	/root/autodl-tmp/CosyVoice_dev/examples/libritts/cosyvoice2/data/casia-grpo/valid/samp_4/ZhaoZuoxiang_215_angry.wav
/root/autodl-tmp/CosyVoice_dev/examples/libritts/cosyvoice2/data/casia-grpo/valid/samp_4/ZhaoZuoxiang_215_fear.wav	/root/autodl-tmp/CosyVoice_dev/examples/libritts/cosyvoice2/data/casia-grpo/valid/samp_4/ZhaoZuoxiang_215_fear.wav
/root/autodl-tmp/CosyVoice_dev/examples/libritts/cosyvoice2/data/casia-grpo/valid/samp_4/ZhaoZuoxiang_215_happy.wav	/root/autodl-tmp/CosyVoice_dev/examples/libritts/cosyvoice2/data/casia-grpo/valid/samp_4/ZhaoZuoxiang_215_happy.wav
/root/autodl-tmp/CosyVoice_dev/examples/libritts/cosyvoice2/data/casia-grpo/valid/samp_4/ZhaoZuoxiang_215_neutral.wav	/root/autodl-tmp/CosyVoice_dev/examples/libritts/cosyvoice2/data/casia-grpo/valid/samp_4/ZhaoZuoxiang_215_neutral.wav
/root/autodl-tmp/CosyVoice_dev/examples/libritts/cosyvoice2/data/casia-grpo/valid/samp_4/ZhaoZuoxiang_215_sad.wav	/root/autodl-tmp/CosyVoice_dev/examples/libritts/cosyvoice2/data/casia-grpo/valid/samp_4/ZhaoZuoxiang_215_sad.wav
/root/autodl-tmp/CosyVoice_dev/examples/libritts/cosyvoice2/data/casia-grpo/valid/samp_4/ZhaoZuoxiang_215_surprise.wav	/root/autodl-tmp/CosyVoice_dev/examples/libritts/cosyvoice2/data/casia-grpo/valid/samp_4/ZhaoZuoxiang_215_surprise.wav
/root/autodl-tmp/CosyVoice_dev/examples/libritts/cosyvoice2/data/casia-grpo/valid/samp_4/ZhaoZuoxiang_216_angry.wav	/root/autodl-tmp/CosyVoice_dev/examples/libritts/cosyvoice2/data/casia-grpo/valid/samp_4/ZhaoZuoxiang_216_angry.wav
/root/autodl-tmp/CosyVoice_dev/examples/libritts/cosyvoice2/data/casia-grpo/valid/samp_4/ZhaoZuoxiang_216_fear.wav	/root/autodl-tmp/CosyVoice_dev/examples/libritts/cosyvoice2/data/casia-grpo/valid/samp_4/ZhaoZuoxiang_216_fear.wav
/root/autodl-tmp/CosyVoice_dev/examples/libritts/cosyvoice2/data/casia-grpo/valid/samp_4/ZhaoZuoxiang_216_happy.wav	/root/autodl-tmp/CosyVoice_dev/examples/libritts/cosyvoice2/data/casia-grpo/valid/samp_4/ZhaoZuoxiang_216_happy.wav
/root/autodl-tmp/CosyVoice_dev/examples/libritts/cosyvoice2/data/casia-grpo/valid/samp_4/ZhaoZuoxiang_216_neutral.wav	/root/autodl-tmp/CosyVoice_dev/examples/libritts/cosyvoice2/data/casia-grpo/valid/samp_4/ZhaoZuoxiang_216_neutral.wav
/root/autodl-tmp/CosyVoice_dev/examples/libritts/cosyvoice2/data/casia-grpo/valid/samp_4/ZhaoZuoxiang_216_sad.wav	/root/autodl-tmp/CosyVoice_dev/examples/libritts/cosyvoice2/data/casia-grpo/valid/samp_4/ZhaoZuoxiang_216_sad.wav
/root/autodl-tmp/CosyVoice_dev/examples/libritts/cosyvoice2/data/casia-grpo/valid/samp_4/ZhaoZuoxiang_216_surprise.wav	/root/autodl-tmp/CosyVoice_dev/examples/libritts/cosyvoice2/data/casia-grpo/valid/samp_4/ZhaoZuoxiang_216_surprise.wav
/root/autodl-tmp/CosyVoice_dev/examples/libritts/cosyvoice2/data/casia-grpo/valid/samp_4/ZhaoZuoxiang_217_angry.wav	/root/autodl-tmp/CosyVoice_dev/examples/libritts/cosyvoice2/data/casia-grpo/valid/samp_4/ZhaoZuoxiang_217_angry.wav
/root/autodl-tmp/CosyVoice_dev/examples/libritts/cosyvoice2/data/casia-grpo/valid/samp_4/ZhaoZuoxiang_217_fear.wav	/root/autodl-tmp/CosyVoice_dev/examples/libritts/cosyvoice2/data/casia-grpo/valid/samp_4/ZhaoZuoxiang_217_fear.wav
/root/autodl-tmp/CosyVoice_dev/examples/libritts/cosyvoice2/data/casia-grpo/valid/samp_4/ZhaoZuoxiang_217_happy.wav	/root/autodl-tmp/CosyVoice_dev/examples/libritts/cosyvoice2/data/casia-grpo/valid/samp_4/ZhaoZuoxiang_217_happy.wav
/root/autodl-tmp/CosyVoice_dev/examples/libritts/cosyvoice2/data/casia-grpo/valid/samp_4/ZhaoZuoxiang_217_neutral.wav	/root/autodl-tmp/CosyVoice_dev/examples/libritts/cosyvoice2/data/casia-grpo/valid/samp_4/ZhaoZuoxiang_217_neutral.wav
/root/autodl-tmp/CosyVoice_dev/examples/libritts/cosyvoice2/data/casia-grpo/valid/samp_4/ZhaoZuoxiang_217_sad.wav	/root/autodl-tmp/CosyVoice_dev/examples/libritts/cosyvoice2/data/casia-grpo/valid/samp_4/ZhaoZuoxiang_217_sad.wav
/root/autodl-tmp/CosyVoice_dev/examples/libritts/cosyvoice2/data/casia-grpo/valid/samp_4/ZhaoZuoxiang_217_surprise.wav	/root/autodl-tmp/CosyVoice_dev/examples/libritts/cosyvoice2/data/casia-grpo/valid/samp_4/ZhaoZuoxiang_217_surprise.wav
/root/autodl-tmp/CosyVoice_dev/examples/libritts/cosyvoice2/data/casia-grpo/valid/samp_4/ZhaoZuoxiang_218_angry.wav	/root/autodl-tmp/CosyVoice_dev/examples/libritts/cosyvoice2/data/casia-grpo/valid/samp_4/ZhaoZuoxiang_218_angry.wav
/root/autodl-tmp/CosyVoice_dev/examples/libritts/cosyvoice2/data/casia-grpo/valid/samp_4/ZhaoZuoxiang_218_fear.wav	/root/autodl-tmp/CosyVoice_dev/examples/libritts/cosyvoice2/data/casia-grpo/valid/samp_4/ZhaoZuoxiang_218_fear.wav
/root/autodl-tmp/CosyVoice_dev/examples/libritts/cosyvoice2/data/casia-grpo/valid/samp_4/ZhaoZuoxiang_218_happy.wav	/root/autodl-tmp/CosyVoice_dev/examples/libritts/cosyvoice2/data/casia-grpo/valid/samp_4/ZhaoZuoxiang_218_happy.wav
/root/autodl-tmp/CosyVoice_dev/examples/libritts/cosyvoice2/data/casia-grpo/valid/samp_4/ZhaoZuoxiang_218_neutral.wav	/root/autodl-tmp/CosyVoice_dev/examples/libritts/cosyvoice2/data/casia-grpo/valid/samp_4/ZhaoZuoxiang_218_neutral.wav
/root/autodl-tmp/CosyVoice_dev/examples/libritts/cosyvoice2/data/casia-grpo/valid/samp_4/ZhaoZuoxiang_218_sad.wav	/root/autodl-tmp/CosyVoice_dev/examples/libritts/cosyvoice2/data/casia-grpo/valid/samp_4/ZhaoZuoxiang_218_sad.wav
/root/autodl-tmp/CosyVoice_dev/examples/libritts/cosyvoice2/data/casia-grpo/valid/samp_4/ZhaoZuoxiang_218_surprise.wav	/root/autodl-tmp/CosyVoice_dev/examples/libritts/cosyvoice2/data/casia-grpo/valid/samp_4/ZhaoZuoxiang_218_surprise.wav
/root/autodl-tmp/CosyVoice_dev/examples/libritts/cosyvoice2/data/casia-grpo/valid/samp_4/ZhaoZuoxiang_219_angry.wav	/root/autodl-tmp/CosyVoice_dev/examples/libritts/cosyvoice2/data/casia-grpo/valid/samp_4/ZhaoZuoxiang_219_angry.wav
/root/autodl-tmp/CosyVoice_dev/examples/libritts/cosyvoice2/data/casia-grpo/valid/samp_4/ZhaoZuoxiang_219_fear.wav	/root/autodl-tmp/CosyVoice_dev/examples/libritts/cosyvoice2/data/casia-grpo/valid/samp_4/ZhaoZuoxiang_219_fear.wav
/root/autodl-tmp/CosyVoice_dev/examples/libritts/cosyvoice2/data/casia-grpo/valid/samp_4/ZhaoZuoxiang_219_happy.wav	/root/autodl-tmp/CosyVoice_dev/examples/libritts/cosyvoice2/data/casia-grpo/valid/samp_4/ZhaoZuoxiang_219_happy.wav
/root/autodl-tmp/CosyVoice_dev/examples/libritts/cosyvoice2/data/casia-grpo/valid/samp_4/ZhaoZuoxiang_219_neutral.wav	/root/autodl-tmp/CosyVoice_dev/examples/libritts/cosyvoice2/data/casia-grpo/valid/samp_4/ZhaoZuoxiang_219_neutral.wav
/root/autodl-tmp/CosyVoice_dev/examples/libritts/cosyvoice2/data/casia-grpo/valid/samp_4/ZhaoZuoxiang_219_sad.wav	/root/autodl-tmp/CosyVoice_dev/examples/libritts/cosyvoice2/data/casia-grpo/valid/samp_4/ZhaoZuoxiang_219_sad.wav
/root/autodl-tmp/CosyVoice_dev/examples/libritts/cosyvoice2/data/casia-grpo/valid/samp_4/ZhaoZuoxiang_219_surprise.wav	/root/autodl-tmp/CosyVoice_dev/examples/libritts/cosyvoice2/data/casia-grpo/valid/samp_4/ZhaoZuoxiang_219_surprise.wav
/root/autodl-tmp/CosyVoice_dev/examples/libritts/cosyvoice2/data/casia-grpo/valid/samp_4/ZhaoZuoxiang_220_angry.wav	/root/autodl-tmp/CosyVoice_dev/examples/libritts/cosyvoice2/data/casia-grpo/valid/samp_4/ZhaoZuoxiang_220_angry.wav
/root/autodl-tmp/CosyVoice_dev/examples/libritts/cosyvoice2/data/casia-grpo/valid/samp_4/ZhaoZuoxiang_220_fear.wav	/root/autodl-tmp/CosyVoice_dev/examples/libritts/cosyvoice2/data/casia-grpo/valid/samp_4/ZhaoZuoxiang_220_fear.wav
/root/autodl-tmp/CosyVoice_dev/examples/libritts/cosyvoice2/data/casia-grpo/valid/samp_4/ZhaoZuoxiang_220_happy.wav	/root/autodl-tmp/CosyVoice_dev/examples/libritts/cosyvoice2/data/casia-grpo/valid/samp_4/ZhaoZuoxiang_220_happy.wav
/root/autodl-tmp/CosyVoice_dev/examples/libritts/cosyvoice2/data/casia-grpo/valid/samp_4/ZhaoZuoxiang_220_neutral.wav	/root/autodl-tmp/CosyVoice_dev/examples/libritts/cosyvoice2/data/casia-grpo/valid/samp_4/ZhaoZuoxiang_220_neutral.wav
/root/autodl-tmp/CosyVoice_dev/examples/libritts/cosyvoice2/data/casia-grpo/valid/samp_4/ZhaoZuoxiang_220_sad.wav	/root/autodl-tmp/CosyVoice_dev/examples/libritts/cosyvoice2/data/casia-grpo/valid/samp_4/ZhaoZuoxiang_220_sad.wav
/root/autodl-tmp/CosyVoice_dev/examples/libritts/cosyvoice2/data/casia-grpo/valid/samp_4/ZhaoZuoxiang_220_surprise.wav	/root/autodl-tmp/CosyVoice_dev/examples/libritts/cosyvoice2/data/casia-grpo/valid/samp_4/ZhaoZuoxiang_220_surprise.wav
/root/autodl-tmp/CosyVoice_dev/examples/libritts/cosyvoice2/data/casia-grpo/valid/samp_4/ZhaoZuoxiang_221_angry.wav	/root/autodl-tmp/CosyVoice_dev/examples/libritts/cosyvoice2/data/casia-grpo/valid/samp_4/ZhaoZuoxiang_221_angry.wav
/root/autodl-tmp/CosyVoice_dev/examples/libritts/cosyvoice2/data/casia-grpo/valid/samp_4/ZhaoZuoxiang_221_fear.wav	/root/autodl-tmp/CosyVoice_dev/examples/libritts/cosyvoice2/data/casia-grpo/valid/samp_4/ZhaoZuoxiang_221_fear.wav
/root/autodl-tmp/CosyVoice_dev/examples/libritts/cosyvoice2/data/casia-grpo/valid/samp_4/ZhaoZuoxiang_221_happy.wav	/root/autodl-tmp/CosyVoice_dev/examples/libritts/cosyvoice2/data/casia-grpo/valid/samp_4/ZhaoZuoxiang_221_happy.wav
/root/autodl-tmp/CosyVoice_dev/examples/libritts/cosyvoice2/data/casia-grpo/valid/samp_4/ZhaoZuoxiang_221_neutral.wav	/root/autodl-tmp/CosyVoice_dev/examples/libritts/cosyvoice2/data/casia-grpo/valid/samp_4/ZhaoZuoxiang_221_neutral.wav
/root/autodl-tmp/CosyVoice_dev/examples/libritts/cosyvoice2/data/casia-grpo/valid/samp_4/ZhaoZuoxiang_221_sad.wav	/root/autodl-tmp/CosyVoice_dev/examples/libritts/cosyvoice2/data/casia-grpo/valid/samp_4/ZhaoZuoxiang_221_sad.wav
/root/autodl-tmp/CosyVoice_dev/examples/libritts/cosyvoice2/data/casia-grpo/valid/samp_4/ZhaoZuoxiang_221_surprise.wav	/root/autodl-tmp/CosyVoice_dev/examples/libritts/cosyvoice2/data/casia-grpo/valid/samp_4/ZhaoZuoxiang_221_surprise.wav
/root/autodl-tmp/CosyVoice_dev/examples/libritts/cosyvoice2/data/casia-grpo/valid/samp_4/ZhaoZuoxiang_222_angry.wav	/root/autodl-tmp/CosyVoice_dev/examples/libritts/cosyvoice2/data/casia-grpo/valid/samp_4/ZhaoZuoxiang_222_angry.wav
/root/autodl-tmp/CosyVoice_dev/examples/libritts/cosyvoice2/data/casia-grpo/valid/samp_4/ZhaoZuoxiang_222_fear.wav	/root/autodl-tmp/CosyVoice_dev/examples/libritts/cosyvoice2/data/casia-grpo/valid/samp_4/ZhaoZuoxiang_222_fear.wav
/root/autodl-tmp/CosyVoice_dev/examples/libritts/cosyvoice2/data/casia-grpo/valid/samp_4/ZhaoZuoxiang_222_happy.wav	/root/autodl-tmp/CosyVoice_dev/examples/libritts/cosyvoice2/data/casia-grpo/valid/samp_4/ZhaoZuoxiang_222_happy.wav
/root/autodl-tmp/CosyVoice_dev/examples/libritts/cosyvoice2/data/casia-grpo/valid/samp_4/ZhaoZuoxiang_222_neutral.wav	/root/autodl-tmp/CosyVoice_dev/examples/libritts/cosyvoice2/data/casia-grpo/valid/samp_4/ZhaoZuoxiang_222_neutral.wav
/root/autodl-tmp/CosyVoice_dev/examples/libritts/cosyvoice2/data/casia-grpo/valid/samp_4/ZhaoZuoxiang_222_sad.wav	/root/autodl-tmp/CosyVoice_dev/examples/libritts/cosyvoice2/data/casia-grpo/valid/samp_4/ZhaoZuoxiang_222_sad.wav
/root/autodl-tmp/CosyVoice_dev/examples/libritts/cosyvoice2/data/casia-grpo/valid/samp_4/ZhaoZuoxiang_222_surprise.wav	/root/autodl-tmp/CosyVoice_dev/examples/libritts/cosyvoice2/data/casia-grpo/valid/samp_4/ZhaoZuoxiang_222_surprise.wav
/root/autodl-tmp/CosyVoice_dev/examples/libritts/cosyvoice2/data/casia-grpo/valid/samp_4/ZhaoZuoxiang_223_angry.wav	/root/autodl-tmp/CosyVoice_dev/examples/libritts/cosyvoice2/data/casia-grpo/valid/samp_4/ZhaoZuoxiang_223_angry.wav
/root/autodl-tmp/CosyVoice_dev/examples/libritts/cosyvoice2/data/casia-grpo/valid/samp_4/ZhaoZuoxiang_223_fear.wav	/root/autodl-tmp/CosyVoice_dev/examples/libritts/cosyvoice2/data/casia-grpo/valid/samp_4/ZhaoZuoxiang_223_fear.wav
/root/autodl-tmp/CosyVoice_dev/examples/libritts/cosyvoice2/data/casia-grpo/valid/samp_4/ZhaoZuoxiang_223_happy.wav	/root/autodl-tmp/CosyVoice_dev/examples/libritts/cosyvoice2/data/casia-grpo/valid/samp_4/ZhaoZuoxiang_223_happy.wav
/root/autodl-tmp/CosyVoice_dev/examples/libritts/cosyvoice2/data/casia-grpo/valid/samp_4/ZhaoZuoxiang_223_neutral.wav	/root/autodl-tmp/CosyVoice_dev/examples/libritts/cosyvoice2/data/casia-grpo/valid/samp_4/ZhaoZuoxiang_223_neutral.wav
/root/autodl-tmp/CosyVoice_dev/examples/libritts/cosyvoice2/data/casia-grpo/valid/samp_4/ZhaoZuoxiang_223_sad.wav	/root/autodl-tmp/CosyVoice_dev/examples/libritts/cosyvoice2/data/casia-grpo/valid/samp_4/ZhaoZuoxiang_223_sad.wav
/root/autodl-tmp/CosyVoice_dev/examples/libritts/cosyvoice2/data/casia-grpo/valid/samp_4/ZhaoZuoxiang_223_surprise.wav	/root/autodl-tmp/CosyVoice_dev/examples/libritts/cosyvoice2/data/casia-grpo/valid/samp_4/ZhaoZuoxiang_223_surprise.wav
/root/autodl-tmp/CosyVoice_dev/examples/libritts/cosyvoice2/data/casia-grpo/valid/samp_4/ZhaoZuoxiang_224_angry.wav	/root/autodl-tmp/CosyVoice_dev/examples/libritts/cosyvoice2/data/casia-grpo/valid/samp_4/ZhaoZuoxiang_224_angry.wav
/root/autodl-tmp/CosyVoice_dev/examples/libritts/cosyvoice2/data/casia-grpo/valid/samp_4/ZhaoZuoxiang_224_fear.wav	/root/autodl-tmp/CosyVoice_dev/examples/libritts/cosyvoice2/data/casia-grpo/valid/samp_4/ZhaoZuoxiang_224_fear.wav
/root/autodl-tmp/CosyVoice_dev/examples/libritts/cosyvoice2/data/casia-grpo/valid/samp_4/ZhaoZuoxiang_224_happy.wav	/root/autodl-tmp/CosyVoice_dev/examples/libritts/cosyvoice2/data/casia-grpo/valid/samp_4/ZhaoZuoxiang_224_happy.wav
/root/autodl-tmp/CosyVoice_dev/examples/libritts/cosyvoice2/data/casia-grpo/valid/samp_4/ZhaoZuoxiang_224_neutral.wav	/root/autodl-tmp/CosyVoice_dev/examples/libritts/cosyvoice2/data/casia-grpo/valid/samp_4/ZhaoZuoxiang_224_neutral.wav
/root/autodl-tmp/CosyVoice_dev/examples/libritts/cosyvoice2/data/casia-grpo/valid/samp_4/ZhaoZuoxiang_224_sad.wav	/root/autodl-tmp/CosyVoice_dev/examples/libritts/cosyvoice2/data/casia-grpo/valid/samp_4/ZhaoZuoxiang_224_sad.wav
/root/autodl-tmp/CosyVoice_dev/examples/libritts/cosyvoice2/data/casia-grpo/valid/samp_4/ZhaoZuoxiang_224_surprise.wav	/root/autodl-tmp/CosyVoice_dev/examples/libritts/cosyvoice2/data/casia-grpo/valid/samp_4/ZhaoZuoxiang_224_surprise.wav
/root/autodl-tmp/CosyVoice_dev/examples/libritts/cosyvoice2/data/casia-grpo/valid/samp_4/ZhaoZuoxiang_225_angry.wav	/root/autodl-tmp/CosyVoice_dev/examples/libritts/cosyvoice2/data/casia-grpo/valid/samp_4/ZhaoZuoxiang_225_angry.wav
/root/autodl-tmp/CosyVoice_dev/examples/libritts/cosyvoice2/data/casia-grpo/valid/samp_4/ZhaoZuoxiang_225_fear.wav	/root/autodl-tmp/CosyVoice_dev/examples/libritts/cosyvoice2/data/casia-grpo/valid/samp_4/ZhaoZuoxiang_225_fear.wav
/root/autodl-tmp/CosyVoice_dev/examples/libritts/cosyvoice2/data/casia-grpo/valid/samp_4/ZhaoZuoxiang_225_happy.wav	/root/autodl-tmp/CosyVoice_dev/examples/libritts/cosyvoice2/data/casia-grpo/valid/samp_4/ZhaoZuoxiang_225_happy.wav
/root/autodl-tmp/CosyVoice_dev/examples/libritts/cosyvoice2/data/casia-grpo/valid/samp_4/ZhaoZuoxiang_225_neutral.wav	/root/autodl-tmp/CosyVoice_dev/examples/libritts/cosyvoice2/data/casia-grpo/valid/samp_4/ZhaoZuoxiang_225_neutral.wav
/root/autodl-tmp/CosyVoice_dev/examples/libritts/cosyvoice2/data/casia-grpo/valid/samp_4/ZhaoZuoxiang_225_sad.wav	/root/autodl-tmp/CosyVoice_dev/examples/libritts/cosyvoice2/data/casia-grpo/valid/samp_4/ZhaoZuoxiang_225_sad.wav
/root/autodl-tmp/CosyVoice_dev/examples/libritts/cosyvoice2/data/casia-grpo/valid/samp_4/ZhaoZuoxiang_225_surprise.wav	/root/autodl-tmp/CosyVoice_dev/examples/libritts/cosyvoice2/data/casia-grpo/valid/samp_4/ZhaoZuoxiang_225_surprise.wav
/root/autodl-tmp/CosyVoice_dev/examples/libritts/cosyvoice2/data/casia-grpo/valid/samp_4/ZhaoZuoxiang_226_angry.wav	/root/autodl-tmp/CosyVoice_dev/examples/libritts/cosyvoice2/data/casia-grpo/valid/samp_4/ZhaoZuoxiang_226_angry.wav
/root/autodl-tmp/CosyVoice_dev/examples/libritts/cosyvoice2/data/casia-grpo/valid/samp_4/ZhaoZuoxiang_226_fear.wav	/root/autodl-tmp/CosyVoice_dev/examples/libritts/cosyvoice2/data/casia-grpo/valid/samp_4/ZhaoZuoxiang_226_fear.wav
/root/autodl-tmp/CosyVoice_dev/examples/libritts/cosyvoice2/data/casia-grpo/valid/samp_4/ZhaoZuoxiang_226_happy.wav	/root/autodl-tmp/CosyVoice_dev/examples/libritts/cosyvoice2/data/casia-grpo/valid/samp_4/ZhaoZuoxiang_226_happy.wav
/root/autodl-tmp/CosyVoice_dev/examples/libritts/cosyvoice2/data/casia-grpo/valid/samp_4/ZhaoZuoxiang_226_neutral.wav	/root/autodl-tmp/CosyVoice_dev/examples/libritts/cosyvoice2/data/casia-grpo/valid/samp_4/ZhaoZuoxiang_226_neutral.wav
/root/autodl-tmp/CosyVoice_dev/examples/libritts/cosyvoice2/data/casia-grpo/valid/samp_4/ZhaoZuoxiang_226_sad.wav	/root/autodl-tmp/CosyVoice_dev/examples/libritts/cosyvoice2/data/casia-grpo/valid/samp_4/ZhaoZuoxiang_226_sad.wav
/root/autodl-tmp/CosyVoice_dev/examples/libritts/cosyvoice2/data/casia-grpo/valid/samp_4/ZhaoZuoxiang_226_surprise.wav	/root/autodl-tmp/CosyVoice_dev/examples/libritts/cosyvoice2/data/casia-grpo/valid/samp_4/ZhaoZuoxiang_226_surprise.wav
/root/autodl-tmp/CosyVoice_dev/examples/libritts/cosyvoice2/data/casia-grpo/valid/samp_4/ZhaoZuoxiang_227_angry.wav	/root/autodl-tmp/CosyVoice_dev/examples/libritts/cosyvoice2/data/casia-grpo/valid/samp_4/ZhaoZuoxiang_227_angry.wav
/root/autodl-tmp/CosyVoice_dev/examples/libritts/cosyvoice2/data/casia-grpo/valid/samp_4/ZhaoZuoxiang_227_fear.wav	/root/autodl-tmp/CosyVoice_dev/examples/libritts/cosyvoice2/data/casia-grpo/valid/samp_4/ZhaoZuoxiang_227_fear.wav
/root/autodl-tmp/CosyVoice_dev/examples/libritts/cosyvoice2/data/casia-grpo/valid/samp_4/ZhaoZuoxiang_227_happy.wav	/root/autodl-tmp/CosyVoice_dev/examples/libritts/cosyvoice2/data/casia-grpo/valid/samp_4/ZhaoZuoxiang_227_happy.wav
/root/autodl-tmp/CosyVoice_dev/examples/libritts/cosyvoice2/data/casia-grpo/valid/samp_4/ZhaoZuoxiang_227_neutral.wav	/root/autodl-tmp/CosyVoice_dev/examples/libritts/cosyvoice2/data/casia-grpo/valid/samp_4/ZhaoZuoxiang_227_neutral.wav
/root/autodl-tmp/CosyVoice_dev/examples/libritts/cosyvoice2/data/casia-grpo/valid/samp_4/ZhaoZuoxiang_227_sad.wav	/root/autodl-tmp/CosyVoice_dev/examples/libritts/cosyvoice2/data/casia-grpo/valid/samp_4/ZhaoZuoxiang_227_sad.wav
/root/autodl-tmp/CosyVoice_dev/examples/libritts/cosyvoice2/data/casia-grpo/valid/samp_4/ZhaoZuoxiang_227_surprise.wav	/root/autodl-tmp/CosyVoice_dev/examples/libritts/cosyvoice2/data/casia-grpo/valid/samp_4/ZhaoZuoxiang_227_surprise.wav
/root/autodl-tmp/CosyVoice_dev/examples/libritts/cosyvoice2/data/casia-grpo/valid/samp_4/ZhaoZuoxiang_228_angry.wav	/root/autodl-tmp/CosyVoice_dev/examples/libritts/cosyvoice2/data/casia-grpo/valid/samp_4/ZhaoZuoxiang_228_angry.wav
/root/autodl-tmp/CosyVoice_dev/examples/libritts/cosyvoice2/data/casia-grpo/valid/samp_4/ZhaoZuoxiang_228_fear.wav	/root/autodl-tmp/CosyVoice_dev/examples/libritts/cosyvoice2/data/casia-grpo/valid/samp_4/ZhaoZuoxiang_228_fear.wav
/root/autodl-tmp/CosyVoice_dev/examples/libritts/cosyvoice2/data/casia-grpo/valid/samp_4/ZhaoZuoxiang_228_happy.wav	/root/autodl-tmp/CosyVoice_dev/examples/libritts/cosyvoice2/data/casia-grpo/valid/samp_4/ZhaoZuoxiang_228_happy.wav
/root/autodl-tmp/CosyVoice_dev/examples/libritts/cosyvoice2/data/casia-grpo/valid/samp_4/ZhaoZuoxiang_228_neutral.wav	/root/autodl-tmp/CosyVoice_dev/examples/libritts/cosyvoice2/data/casia-grpo/valid/samp_4/ZhaoZuoxiang_228_neutral.wav
/root/autodl-tmp/CosyVoice_dev/examples/libritts/cosyvoice2/data/casia-grpo/valid/samp_4/ZhaoZuoxiang_228_sad.wav	/root/autodl-tmp/CosyVoice_dev/examples/libritts/cosyvoice2/data/casia-grpo/valid/samp_4/ZhaoZuoxiang_228_sad.wav
/root/autodl-tmp/CosyVoice_dev/examples/libritts/cosyvoice2/data/casia-grpo/valid/samp_4/ZhaoZuoxiang_229_angry.wav	/root/autodl-tmp/CosyVoice_dev/examples/libritts/cosyvoice2/data/casia-grpo/valid/samp_4/ZhaoZuoxiang_229_angry.wav
/root/autodl-tmp/CosyVoice_dev/examples/libritts/cosyvoice2/data/casia-grpo/valid/samp_4/ZhaoZuoxiang_228_surprise.wav	/root/autodl-tmp/CosyVoice_dev/examples/libritts/cosyvoice2/data/casia-grpo/valid/samp_4/ZhaoZuoxiang_228_surprise.wav
/root/autodl-tmp/CosyVoice_dev/examples/libritts/cosyvoice2/data/casia-grpo/valid/samp_4/ZhaoZuoxiang_229_fear.wav	/root/autodl-tmp/CosyVoice_dev/examples/libritts/cosyvoice2/data/casia-grpo/valid/samp_4/ZhaoZuoxiang_229_fear.wav
/root/autodl-tmp/CosyVoice_dev/examples/libritts/cosyvoice2/data/casia-grpo/valid/samp_4/ZhaoZuoxiang_232_neutral.wav	/root/autodl-tmp/CosyVoice_dev/examples/libritts/cosyvoice2/data/casia-grpo/valid/samp_4/ZhaoZuoxiang_232_neutral.wav
/root/autodl-tmp/CosyVoice_dev/examples/libritts/cosyvoice2/data/casia-grpo/valid/samp_4/ZhaoZuoxiang_229_happy.wav	/root/autodl-tmp/CosyVoice_dev/examples/libritts/cosyvoice2/data/casia-grpo/valid/samp_4/ZhaoZuoxiang_229_happy.wav
/root/autodl-tmp/CosyVoice_dev/examples/libritts/cosyvoice2/data/casia-grpo/valid/samp_4/ZhaoZuoxiang_229_neutral.wav	/root/autodl-tmp/CosyVoice_dev/examples/libritts/cosyvoice2/data/casia-grpo/valid/samp_4/ZhaoZuoxiang_229_neutral.wav
/root/autodl-tmp/CosyVoice_dev/examples/libritts/cosyvoice2/data/casia-grpo/valid/samp_4/ZhaoZuoxiang_232_sad.wav	/root/autodl-tmp/CosyVoice_dev/examples/libritts/cosyvoice2/data/casia-grpo/valid/samp_4/ZhaoZuoxiang_232_sad.wav
/root/autodl-tmp/CosyVoice_dev/examples/libritts/cosyvoice2/data/casia-grpo/valid/samp_4/ZhaoZuoxiang_232_angry.wav	/root/autodl-tmp/CosyVoice_dev/examples/libritts/cosyvoice2/data/casia-grpo/valid/samp_4/ZhaoZuoxiang_232_angry.wav
/root/autodl-tmp/CosyVoice_dev/examples/libritts/cosyvoice2/data/casia-grpo/valid/samp_4/ZhaoZuoxiang_229_sad.wav	/root/autodl-tmp/CosyVoice_dev/examples/libritts/cosyvoice2/data/casia-grpo/valid/samp_4/ZhaoZuoxiang_229_sad.wav
/root/autodl-tmp/CosyVoice_dev/examples/libritts/cosyvoice2/data/casia-grpo/valid/samp_4/ZhaoZuoxiang_229_surprise.wav	/root/autodl-tmp/CosyVoice_dev/examples/libritts/cosyvoice2/data/casia-grpo/valid/samp_4/ZhaoZuoxiang_229_surprise.wav
/root/autodl-tmp/CosyVoice_dev/examples/libritts/cosyvoice2/data/casia-grpo/valid/samp_4/ZhaoZuoxiang_231_sad.wav	/root/autodl-tmp/CosyVoice_dev/examples/libritts/cosyvoice2/data/casia-grpo/valid/samp_4/ZhaoZuoxiang_231_sad.wav
/root/autodl-tmp/CosyVoice_dev/examples/libritts/cosyvoice2/data/casia-grpo/valid/samp_4/ZhaoZuoxiang_230_angry.wav	/root/autodl-tmp/CosyVoice_dev/examples/libritts/cosyvoice2/data/casia-grpo/valid/samp_4/ZhaoZuoxiang_230_angry.wav
/root/autodl-tmp/CosyVoice_dev/examples/libritts/cosyvoice2/data/casia-grpo/valid/samp_4/ZhaoZuoxiang_232_fear.wav	/root/autodl-tmp/CosyVoice_dev/examples/libritts/cosyvoice2/data/casia-grpo/valid/samp_4/ZhaoZuoxiang_232_fear.wav
/root/autodl-tmp/CosyVoice_dev/examples/libritts/cosyvoice2/data/casia-grpo/valid/samp_4/ZhaoZuoxiang_230_fear.wav	/root/autodl-tmp/CosyVoice_dev/examples/libritts/cosyvoice2/data/casia-grpo/valid/samp_4/ZhaoZuoxiang_230_fear.wav
/root/autodl-tmp/CosyVoice_dev/examples/libritts/cosyvoice2/data/casia-grpo/valid/samp_4/ZhaoZuoxiang_230_happy.wav	/root/autodl-tmp/CosyVoice_dev/examples/libritts/cosyvoice2/data/casia-grpo/valid/samp_4/ZhaoZuoxiang_230_happy.wav
/root/autodl-tmp/CosyVoice_dev/examples/libritts/cosyvoice2/data/casia-grpo/valid/samp_4/ZhaoZuoxiang_230_neutral.wav	/root/autodl-tmp/CosyVoice_dev/examples/libritts/cosyvoice2/data/casia-grpo/valid/samp_4/ZhaoZuoxiang_230_neutral.wav
/root/autodl-tmp/CosyVoice_dev/examples/libritts/cosyvoice2/data/casia-grpo/valid/samp_4/ZhaoZuoxiang_230_sad.wav	/root/autodl-tmp/CosyVoice_dev/examples/libritts/cosyvoice2/data/casia-grpo/valid/samp_4/ZhaoZuoxiang_230_sad.wav
/root/autodl-tmp/CosyVoice_dev/examples/libritts/cosyvoice2/data/casia-grpo/valid/samp_4/ZhaoZuoxiang_231_surprise.wav	/root/autodl-tmp/CosyVoice_dev/examples/libritts/cosyvoice2/data/casia-grpo/valid/samp_4/ZhaoZuoxiang_231_surprise.wav
/root/autodl-tmp/CosyVoice_dev/examples/libritts/cosyvoice2/data/casia-grpo/valid/samp_4/ZhaoZuoxiang_232_happy.wav	/root/autodl-tmp/CosyVoice_dev/examples/libritts/cosyvoice2/data/casia-grpo/valid/samp_4/ZhaoZuoxiang_232_happy.wav
/root/autodl-tmp/CosyVoice_dev/examples/libritts/cosyvoice2/data/casia-grpo/valid/samp_4/ZhaoZuoxiang_230_surprise.wav	/root/autodl-tmp/CosyVoice_dev/examples/libritts/cosyvoice2/data/casia-grpo/valid/samp_4/ZhaoZuoxiang_230_surprise.wav
/root/autodl-tmp/CosyVoice_dev/examples/libritts/cosyvoice2/data/casia-grpo/valid/samp_4/ZhaoZuoxiang_231_angry.wav	/root/autodl-tmp/CosyVoice_dev/examples/libritts/cosyvoice2/data/casia-grpo/valid/samp_4/ZhaoZuoxiang_231_angry.wav
/root/autodl-tmp/CosyVoice_dev/examples/libritts/cosyvoice2/data/casia-grpo/valid/samp_4/ZhaoZuoxiang_231_fear.wav	/root/autodl-tmp/CosyVoice_dev/examples/libritts/cosyvoice2/data/casia-grpo/valid/samp_4/ZhaoZuoxiang_231_fear.wav
/root/autodl-tmp/CosyVoice_dev/examples/libritts/cosyvoice2/data/casia-grpo/valid/samp_4/ZhaoZuoxiang_231_happy.wav	/root/autodl-tmp/CosyVoice_dev/examples/libritts/cosyvoice2/data/casia-grpo/valid/samp_4/ZhaoZuoxiang_231_happy.wav
/root/autodl-tmp/CosyVoice_dev/examples/libritts/cosyvoice2/data/casia-grpo/valid/samp_4/ZhaoZuoxiang_231_neutral.wav	/root/autodl-tmp/CosyVoice_dev/examples/libritts/cosyvoice2/data/casia-grpo/valid/samp_4/ZhaoZuoxiang_231_neutral.wav
/root/autodl-tmp/CosyVoice_dev/examples/libritts/cosyvoice2/data/casia-grpo/valid/samp_4/ZhaoZuoxiang_232_surprise.wav	/root/autodl-tmp/CosyVoice_dev/examples/libritts/cosyvoice2/data/casia-grpo/valid/samp_4/ZhaoZuoxiang_232_surprise.wav
/root/autodl-tmp/CosyVoice_dev/examples/libritts/cosyvoice2/data/casia-grpo/valid/samp_4/ZhaoZuoxiang_236_angry.wav	/root/autodl-tmp/CosyVoice_dev/examples/libritts/cosyvoice2/data/casia-grpo/valid/samp_4/ZhaoZuoxiang_236_angry.wav
/root/autodl-tmp/CosyVoice_dev/examples/libritts/cosyvoice2/data/casia-grpo/valid/samp_4/ZhaoZuoxiang_235_angry.wav	/root/autodl-tmp/CosyVoice_dev/examples/libritts/cosyvoice2/data/casia-grpo/valid/samp_4/ZhaoZuoxiang_235_angry.wav
/root/autodl-tmp/CosyVoice_dev/examples/libritts/cosyvoice2/data/casia-grpo/valid/samp_4/ZhaoZuoxiang_233_angry.wav	/root/autodl-tmp/CosyVoice_dev/examples/libritts/cosyvoice2/data/casia-grpo/valid/samp_4/ZhaoZuoxiang_233_angry.wav
/root/autodl-tmp/CosyVoice_dev/examples/libritts/cosyvoice2/data/casia-grpo/valid/samp_4/ZhaoZuoxiang_236_fear.wav	/root/autodl-tmp/CosyVoice_dev/examples/libritts/cosyvoice2/data/casia-grpo/valid/samp_4/ZhaoZuoxiang_236_fear.wav
/root/autodl-tmp/CosyVoice_dev/examples/libritts/cosyvoice2/data/casia-grpo/valid/samp_4/ZhaoZuoxiang_233_fear.wav	/root/autodl-tmp/CosyVoice_dev/examples/libritts/cosyvoice2/data/casia-grpo/valid/samp_4/ZhaoZuoxiang_233_fear.wav
/root/autodl-tmp/CosyVoice_dev/examples/libritts/cosyvoice2/data/casia-grpo/valid/samp_4/ZhaoZuoxiang_233_happy.wav	/root/autodl-tmp/CosyVoice_dev/examples/libritts/cosyvoice2/data/casia-grpo/valid/samp_4/ZhaoZuoxiang_233_happy.wav
/root/autodl-tmp/CosyVoice_dev/examples/libritts/cosyvoice2/data/casia-grpo/valid/samp_4/ZhaoZuoxiang_236_happy.wav	/root/autodl-tmp/CosyVoice_dev/examples/libritts/cosyvoice2/data/casia-grpo/valid/samp_4/ZhaoZuoxiang_236_happy.wav
/root/autodl-tmp/CosyVoice_dev/examples/libritts/cosyvoice2/data/casia-grpo/valid/samp_4/ZhaoZuoxiang_233_neutral.wav	/root/autodl-tmp/CosyVoice_dev/examples/libritts/cosyvoice2/data/casia-grpo/valid/samp_4/ZhaoZuoxiang_233_neutral.wav
/root/autodl-tmp/CosyVoice_dev/examples/libritts/cosyvoice2/data/casia-grpo/valid/samp_4/ZhaoZuoxiang_235_sad.wav	/root/autodl-tmp/CosyVoice_dev/examples/libritts/cosyvoice2/data/casia-grpo/valid/samp_4/ZhaoZuoxiang_235_sad.wav
/root/autodl-tmp/CosyVoice_dev/examples/libritts/cosyvoice2/data/casia-grpo/valid/samp_4/ZhaoZuoxiang_233_sad.wav	/root/autodl-tmp/CosyVoice_dev/examples/libritts/cosyvoice2/data/casia-grpo/valid/samp_4/ZhaoZuoxiang_233_sad.wav
/root/autodl-tmp/CosyVoice_dev/examples/libritts/cosyvoice2/data/casia-grpo/valid/samp_4/ZhaoZuoxiang_235_fear.wav	/root/autodl-tmp/CosyVoice_dev/examples/libritts/cosyvoice2/data/casia-grpo/valid/samp_4/ZhaoZuoxiang_235_fear.wav
/root/autodl-tmp/CosyVoice_dev/examples/libritts/cosyvoice2/data/casia-grpo/valid/samp_4/ZhaoZuoxiang_233_surprise.wav	/root/autodl-tmp/CosyVoice_dev/examples/libritts/cosyvoice2/data/casia-grpo/valid/samp_4/ZhaoZuoxiang_233_surprise.wav
/root/autodl-tmp/CosyVoice_dev/examples/libritts/cosyvoice2/data/casia-grpo/valid/samp_4/ZhaoZuoxiang_234_angry.wav	/root/autodl-tmp/CosyVoice_dev/examples/libritts/cosyvoice2/data/casia-grpo/valid/samp_4/ZhaoZuoxiang_234_angry.wav
/root/autodl-tmp/CosyVoice_dev/examples/libritts/cosyvoice2/data/casia-grpo/valid/samp_4/ZhaoZuoxiang_234_fear.wav	/root/autodl-tmp/CosyVoice_dev/examples/libritts/cosyvoice2/data/casia-grpo/valid/samp_4/ZhaoZuoxiang_234_fear.wav
/root/autodl-tmp/CosyVoice_dev/examples/libritts/cosyvoice2/data/casia-grpo/valid/samp_4/ZhaoZuoxiang_234_happy.wav	/root/autodl-tmp/CosyVoice_dev/examples/libritts/cosyvoice2/data/casia-grpo/valid/samp_4/ZhaoZuoxiang_234_happy.wav
/root/autodl-tmp/CosyVoice_dev/examples/libritts/cosyvoice2/data/casia-grpo/valid/samp_4/ZhaoZuoxiang_235_happy.wav	/root/autodl-tmp/CosyVoice_dev/examples/libritts/cosyvoice2/data/casia-grpo/valid/samp_4/ZhaoZuoxiang_235_happy.wav
/root/autodl-tmp/CosyVoice_dev/examples/libritts/cosyvoice2/data/casia-grpo/valid/samp_4/ZhaoZuoxiang_234_neutral.wav	/root/autodl-tmp/CosyVoice_dev/examples/libritts/cosyvoice2/data/casia-grpo/valid/samp_4/ZhaoZuoxiang_234_neutral.wav
/root/autodl-tmp/CosyVoice_dev/examples/libritts/cosyvoice2/data/casia-grpo/valid/samp_4/ZhaoZuoxiang_235_surprise.wav	/root/autodl-tmp/CosyVoice_dev/examples/libritts/cosyvoice2/data/casia-grpo/valid/samp_4/ZhaoZuoxiang_235_surprise.wav
/root/autodl-tmp/CosyVoice_dev/examples/libritts/cosyvoice2/data/casia-grpo/valid/samp_4/ZhaoZuoxiang_234_sad.wav	/root/autodl-tmp/CosyVoice_dev/examples/libritts/cosyvoice2/data/casia-grpo/valid/samp_4/ZhaoZuoxiang_234_sad.wav
/root/autodl-tmp/CosyVoice_dev/examples/libritts/cosyvoice2/data/casia-grpo/valid/samp_4/ZhaoZuoxiang_234_surprise.wav	/root/autodl-tmp/CosyVoice_dev/examples/libritts/cosyvoice2/data/casia-grpo/valid/samp_4/ZhaoZuoxiang_234_surprise.wav
/root/autodl-tmp/CosyVoice_dev/examples/libritts/cosyvoice2/data/casia-grpo/valid/samp_4/ZhaoZuoxiang_235_neutral.wav	/root/autodl-tmp/CosyVoice_dev/examples/libritts/cosyvoice2/data/casia-grpo/valid/samp_4/ZhaoZuoxiang_235_neutral.wav
/root/autodl-tmp/CosyVoice_dev/examples/libritts/cosyvoice2/data/casia-grpo/valid/samp_4/ZhaoZuoxiang_239_sad.wav	/root/autodl-tmp/CosyVoice_dev/examples/libritts/cosyvoice2/data/casia-grpo/valid/samp_4/ZhaoZuoxiang_239_sad.wav
/root/autodl-tmp/CosyVoice_dev/examples/libritts/cosyvoice2/data/casia-grpo/valid/samp_4/ZhaoZuoxiang_236_neutral.wav	/root/autodl-tmp/CosyVoice_dev/examples/libritts/cosyvoice2/data/casia-grpo/valid/samp_4/ZhaoZuoxiang_236_neutral.wav
/root/autodl-tmp/CosyVoice_dev/examples/libritts/cosyvoice2/data/casia-grpo/valid/samp_4/ZhaoZuoxiang_239_surprise.wav	/root/autodl-tmp/CosyVoice_dev/examples/libritts/cosyvoice2/data/casia-grpo/valid/samp_4/ZhaoZuoxiang_239_surprise.wav
/root/autodl-tmp/CosyVoice_dev/examples/libritts/cosyvoice2/data/casia-grpo/valid/samp_4/ZhaoZuoxiang_236_sad.wav	/root/autodl-tmp/CosyVoice_dev/examples/libritts/cosyvoice2/data/casia-grpo/valid/samp_4/ZhaoZuoxiang_236_sad.wav
/root/autodl-tmp/CosyVoice_dev/examples/libritts/cosyvoice2/data/casia-grpo/valid/samp_4/ZhaoZuoxiang_239_fear.wav	/root/autodl-tmp/CosyVoice_dev/examples/libritts/cosyvoice2/data/casia-grpo/valid/samp_4/ZhaoZuoxiang_239_fear.wav
/root/autodl-tmp/CosyVoice_dev/examples/libritts/cosyvoice2/data/casia-grpo/valid/samp_4/ZhaoZuoxiang_236_surprise.wav	/root/autodl-tmp/CosyVoice_dev/examples/libritts/cosyvoice2/data/casia-grpo/valid/samp_4/ZhaoZuoxiang_236_surprise.wav
/root/autodl-tmp/CosyVoice_dev/examples/libritts/cosyvoice2/data/casia-grpo/valid/samp_4/ZhaoZuoxiang_237_angry.wav	/root/autodl-tmp/CosyVoice_dev/examples/libritts/cosyvoice2/data/casia-grpo/valid/samp_4/ZhaoZuoxiang_237_angry.wav
/root/autodl-tmp/CosyVoice_dev/examples/libritts/cosyvoice2/data/casia-grpo/valid/samp_4/ZhaoZuoxiang_237_fear.wav	/root/autodl-tmp/CosyVoice_dev/examples/libritts/cosyvoice2/data/casia-grpo/valid/samp_4/ZhaoZuoxiang_237_fear.wav
/root/autodl-tmp/CosyVoice_dev/examples/libritts/cosyvoice2/data/casia-grpo/valid/samp_4/ZhaoZuoxiang_238_surprise.wav	/root/autodl-tmp/CosyVoice_dev/examples/libritts/cosyvoice2/data/casia-grpo/valid/samp_4/ZhaoZuoxiang_238_surprise.wav
/root/autodl-tmp/CosyVoice_dev/examples/libritts/cosyvoice2/data/casia-grpo/valid/samp_4/ZhaoZuoxiang_237_happy.wav	/root/autodl-tmp/CosyVoice_dev/examples/libritts/cosyvoice2/data/casia-grpo/valid/samp_4/ZhaoZuoxiang_237_happy.wav
/root/autodl-tmp/CosyVoice_dev/examples/libritts/cosyvoice2/data/casia-grpo/valid/samp_4/ZhaoZuoxiang_237_neutral.wav	/root/autodl-tmp/CosyVoice_dev/examples/libritts/cosyvoice2/data/casia-grpo/valid/samp_4/ZhaoZuoxiang_237_neutral.wav
/root/autodl-tmp/CosyVoice_dev/examples/libritts/cosyvoice2/data/casia-grpo/valid/samp_4/ZhaoZuoxiang_239_happy.wav	/root/autodl-tmp/CosyVoice_dev/examples/libritts/cosyvoice2/data/casia-grpo/valid/samp_4/ZhaoZuoxiang_239_happy.wav
/root/autodl-tmp/CosyVoice_dev/examples/libritts/cosyvoice2/data/casia-grpo/valid/samp_4/ZhaoZuoxiang_237_sad.wav	/root/autodl-tmp/CosyVoice_dev/examples/libritts/cosyvoice2/data/casia-grpo/valid/samp_4/ZhaoZuoxiang_237_sad.wav
/root/autodl-tmp/CosyVoice_dev/examples/libritts/cosyvoice2/data/casia-grpo/valid/samp_4/ZhaoZuoxiang_237_surprise.wav	/root/autodl-tmp/CosyVoice_dev/examples/libritts/cosyvoice2/data/casia-grpo/valid/samp_4/ZhaoZuoxiang_237_surprise.wav
/root/autodl-tmp/CosyVoice_dev/examples/libritts/cosyvoice2/data/casia-grpo/valid/samp_4/ZhaoZuoxiang_239_angry.wav	/root/autodl-tmp/CosyVoice_dev/examples/libritts/cosyvoice2/data/casia-grpo/valid/samp_4/ZhaoZuoxiang_239_angry.wav
/root/autodl-tmp/CosyVoice_dev/examples/libritts/cosyvoice2/data/casia-grpo/valid/samp_4/ZhaoZuoxiang_238_angry.wav	/root/autodl-tmp/CosyVoice_dev/examples/libritts/cosyvoice2/data/casia-grpo/valid/samp_4/ZhaoZuoxiang_238_angry.wav
/root/autodl-tmp/CosyVoice_dev/examples/libritts/cosyvoice2/data/casia-grpo/valid/samp_4/ZhaoZuoxiang_239_neutral.wav	/root/autodl-tmp/CosyVoice_dev/examples/libritts/cosyvoice2/data/casia-grpo/valid/samp_4/ZhaoZuoxiang_239_neutral.wav
/root/autodl-tmp/CosyVoice_dev/examples/libritts/cosyvoice2/data/casia-grpo/valid/samp_4/ZhaoZuoxiang_238_fear.wav	/root/autodl-tmp/CosyVoice_dev/examples/libritts/cosyvoice2/data/casia-grpo/valid/samp_4/ZhaoZuoxiang_238_fear.wav
/root/autodl-tmp/CosyVoice_dev/examples/libritts/cosyvoice2/data/casia-grpo/valid/samp_4/ZhaoZuoxiang_238_happy.wav	/root/autodl-tmp/CosyVoice_dev/examples/libritts/cosyvoice2/data/casia-grpo/valid/samp_4/ZhaoZuoxiang_238_happy.wav
/root/autodl-tmp/CosyVoice_dev/examples/libritts/cosyvoice2/data/casia-grpo/valid/samp_4/ZhaoZuoxiang_238_neutral.wav	/root/autodl-tmp/CosyVoice_dev/examples/libritts/cosyvoice2/data/casia-grpo/valid/samp_4/ZhaoZuoxiang_238_neutral.wav
/root/autodl-tmp/CosyVoice_dev/examples/libritts/cosyvoice2/data/casia-grpo/valid/samp_4/ZhaoZuoxiang_238_sad.wav	/root/autodl-tmp/CosyVoice_dev/examples/libritts/cosyvoice2/data/casia-grpo/valid/samp_4/ZhaoZuoxiang_238_sad.wav
/root/autodl-tmp/CosyVoice_dev/examples/libritts/cosyvoice2/data/casia-grpo/valid/samp_4/ZhaoZuoxiang_243_fear.wav	/root/autodl-tmp/CosyVoice_dev/examples/libritts/cosyvoice2/data/casia-grpo/valid/samp_4/ZhaoZuoxiang_243_fear.wav
/root/autodl-tmp/CosyVoice_dev/examples/libritts/cosyvoice2/data/casia-grpo/valid/samp_4/ZhaoZuoxiang_240_angry.wav	/root/autodl-tmp/CosyVoice_dev/examples/libritts/cosyvoice2/data/casia-grpo/valid/samp_4/ZhaoZuoxiang_240_angry.wav
/root/autodl-tmp/CosyVoice_dev/examples/libritts/cosyvoice2/data/casia-grpo/valid/samp_4/ZhaoZuoxiang_243_happy.wav	/root/autodl-tmp/CosyVoice_dev/examples/libritts/cosyvoice2/data/casia-grpo/valid/samp_4/ZhaoZuoxiang_243_happy.wav
/root/autodl-tmp/CosyVoice_dev/examples/libritts/cosyvoice2/data/casia-grpo/valid/samp_4/ZhaoZuoxiang_240_fear.wav	/root/autodl-tmp/CosyVoice_dev/examples/libritts/cosyvoice2/data/casia-grpo/valid/samp_4/ZhaoZuoxiang_240_fear.wav
/root/autodl-tmp/CosyVoice_dev/examples/libritts/cosyvoice2/data/casia-grpo/valid/samp_4/ZhaoZuoxiang_240_happy.wav	/root/autodl-tmp/CosyVoice_dev/examples/libritts/cosyvoice2/data/casia-grpo/valid/samp_4/ZhaoZuoxiang_240_happy.wav
/root/autodl-tmp/CosyVoice_dev/examples/libritts/cosyvoice2/data/casia-grpo/valid/samp_4/ZhaoZuoxiang_240_neutral.wav	/root/autodl-tmp/CosyVoice_dev/examples/libritts/cosyvoice2/data/casia-grpo/valid/samp_4/ZhaoZuoxiang_240_neutral.wav
/root/autodl-tmp/CosyVoice_dev/examples/libritts/cosyvoice2/data/casia-grpo/valid/samp_4/ZhaoZuoxiang_242_sad.wav	/root/autodl-tmp/CosyVoice_dev/examples/libritts/cosyvoice2/data/casia-grpo/valid/samp_4/ZhaoZuoxiang_242_sad.wav
/root/autodl-tmp/CosyVoice_dev/examples/libritts/cosyvoice2/data/casia-grpo/valid/samp_4/ZhaoZuoxiang_240_sad.wav	/root/autodl-tmp/CosyVoice_dev/examples/libritts/cosyvoice2/data/casia-grpo/valid/samp_4/ZhaoZuoxiang_240_sad.wav
/root/autodl-tmp/CosyVoice_dev/examples/libritts/cosyvoice2/data/casia-grpo/valid/samp_4/ZhaoZuoxiang_242_happy.wav	/root/autodl-tmp/CosyVoice_dev/examples/libritts/cosyvoice2/data/casia-grpo/valid/samp_4/ZhaoZuoxiang_242_happy.wav
/root/autodl-tmp/CosyVoice_dev/examples/libritts/cosyvoice2/data/casia-grpo/valid/samp_4/ZhaoZuoxiang_240_surprise.wav	/root/autodl-tmp/CosyVoice_dev/examples/libritts/cosyvoice2/data/casia-grpo/valid/samp_4/ZhaoZuoxiang_240_surprise.wav
/root/autodl-tmp/CosyVoice_dev/examples/libritts/cosyvoice2/data/casia-grpo/valid/samp_4/ZhaoZuoxiang_241_angry.wav	/root/autodl-tmp/CosyVoice_dev/examples/libritts/cosyvoice2/data/casia-grpo/valid/samp_4/ZhaoZuoxiang_241_angry.wav
/root/autodl-tmp/CosyVoice_dev/examples/libritts/cosyvoice2/data/casia-grpo/valid/samp_4/ZhaoZuoxiang_242_surprise.wav	/root/autodl-tmp/CosyVoice_dev/examples/libritts/cosyvoice2/data/casia-grpo/valid/samp_4/ZhaoZuoxiang_242_surprise.wav
/root/autodl-tmp/CosyVoice_dev/examples/libritts/cosyvoice2/data/casia-grpo/valid/samp_4/ZhaoZuoxiang_241_fear.wav	/root/autodl-tmp/CosyVoice_dev/examples/libritts/cosyvoice2/data/casia-grpo/valid/samp_4/ZhaoZuoxiang_241_fear.wav
/root/autodl-tmp/CosyVoice_dev/examples/libritts/cosyvoice2/data/casia-grpo/valid/samp_4/ZhaoZuoxiang_241_happy.wav	/root/autodl-tmp/CosyVoice_dev/examples/libritts/cosyvoice2/data/casia-grpo/valid/samp_4/ZhaoZuoxiang_241_happy.wav
/root/autodl-tmp/CosyVoice_dev/examples/libritts/cosyvoice2/data/casia-grpo/valid/samp_4/ZhaoZuoxiang_242_neutral.wav	/root/autodl-tmp/CosyVoice_dev/examples/libritts/cosyvoice2/data/casia-grpo/valid/samp_4/ZhaoZuoxiang_242_neutral.wav
/root/autodl-tmp/CosyVoice_dev/examples/libritts/cosyvoice2/data/casia-grpo/valid/samp_4/ZhaoZuoxiang_241_neutral.wav	/root/autodl-tmp/CosyVoice_dev/examples/libritts/cosyvoice2/data/casia-grpo/valid/samp_4/ZhaoZuoxiang_241_neutral.wav
/root/autodl-tmp/CosyVoice_dev/examples/libritts/cosyvoice2/data/casia-grpo/valid/samp_4/ZhaoZuoxiang_241_sad.wav	/root/autodl-tmp/CosyVoice_dev/examples/libritts/cosyvoice2/data/casia-grpo/valid/samp_4/ZhaoZuoxiang_241_sad.wav
/root/autodl-tmp/CosyVoice_dev/examples/libritts/cosyvoice2/data/casia-grpo/valid/samp_4/ZhaoZuoxiang_243_angry.wav	/root/autodl-tmp/CosyVoice_dev/examples/libritts/cosyvoice2/data/casia-grpo/valid/samp_4/ZhaoZuoxiang_243_angry.wav
/root/autodl-tmp/CosyVoice_dev/examples/libritts/cosyvoice2/data/casia-grpo/valid/samp_4/ZhaoZuoxiang_241_surprise.wav	/root/autodl-tmp/CosyVoice_dev/examples/libritts/cosyvoice2/data/casia-grpo/valid/samp_4/ZhaoZuoxiang_241_surprise.wav
/root/autodl-tmp/CosyVoice_dev/examples/libritts/cosyvoice2/data/casia-grpo/valid/samp_4/ZhaoZuoxiang_242_angry.wav	/root/autodl-tmp/CosyVoice_dev/examples/libritts/cosyvoice2/data/casia-grpo/valid/samp_4/ZhaoZuoxiang_242_angry.wav
/root/autodl-tmp/CosyVoice_dev/examples/libritts/cosyvoice2/data/casia-grpo/valid/samp_4/ZhaoZuoxiang_242_fear.wav	/root/autodl-tmp/CosyVoice_dev/examples/libritts/cosyvoice2/data/casia-grpo/valid/samp_4/ZhaoZuoxiang_242_fear.wav
/root/autodl-tmp/CosyVoice_dev/examples/libritts/cosyvoice2/data/casia-grpo/valid/samp_4/ZhaoZuoxiang_246_sad.wav	/root/autodl-tmp/CosyVoice_dev/examples/libritts/cosyvoice2/data/casia-grpo/valid/samp_4/ZhaoZuoxiang_246_sad.wav
/root/autodl-tmp/CosyVoice_dev/examples/libritts/cosyvoice2/data/casia-grpo/valid/samp_4/ZhaoZuoxiang_243_neutral.wav	/root/autodl-tmp/CosyVoice_dev/examples/libritts/cosyvoice2/data/casia-grpo/valid/samp_4/ZhaoZuoxiang_243_neutral.wav
/root/autodl-tmp/CosyVoice_dev/examples/libritts/cosyvoice2/data/casia-grpo/valid/samp_4/ZhaoZuoxiang_246_surprise.wav	/root/autodl-tmp/CosyVoice_dev/examples/libritts/cosyvoice2/data/casia-grpo/valid/samp_4/ZhaoZuoxiang_246_surprise.wav
/root/autodl-tmp/CosyVoice_dev/examples/libritts/cosyvoice2/data/casia-grpo/valid/samp_4/ZhaoZuoxiang_243_sad.wav	/root/autodl-tmp/CosyVoice_dev/examples/libritts/cosyvoice2/data/casia-grpo/valid/samp_4/ZhaoZuoxiang_243_sad.wav
/root/autodl-tmp/CosyVoice_dev/examples/libritts/cosyvoice2/data/casia-grpo/valid/samp_4/ZhaoZuoxiang_246_fear.wav	/root/autodl-tmp/CosyVoice_dev/examples/libritts/cosyvoice2/data/casia-grpo/valid/samp_4/ZhaoZuoxiang_246_fear.wav
/root/autodl-tmp/CosyVoice_dev/examples/libritts/cosyvoice2/data/casia-grpo/valid/samp_4/ZhaoZuoxiang_243_surprise.wav	/root/autodl-tmp/CosyVoice_dev/examples/libritts/cosyvoice2/data/casia-grpo/valid/samp_4/ZhaoZuoxiang_243_surprise.wav
/root/autodl-tmp/CosyVoice_dev/examples/libritts/cosyvoice2/data/casia-grpo/valid/samp_4/ZhaoZuoxiang_244_angry.wav	/root/autodl-tmp/CosyVoice_dev/examples/libritts/cosyvoice2/data/casia-grpo/valid/samp_4/ZhaoZuoxiang_244_angry.wav
/root/autodl-tmp/CosyVoice_dev/examples/libritts/cosyvoice2/data/casia-grpo/valid/samp_4/ZhaoZuoxiang_244_fear.wav	/root/autodl-tmp/CosyVoice_dev/examples/libritts/cosyvoice2/data/casia-grpo/valid/samp_4/ZhaoZuoxiang_244_fear.wav
/root/autodl-tmp/CosyVoice_dev/examples/libritts/cosyvoice2/data/casia-grpo/valid/samp_4/ZhaoZuoxiang_245_surprise.wav	/root/autodl-tmp/CosyVoice_dev/examples/libritts/cosyvoice2/data/casia-grpo/valid/samp_4/ZhaoZuoxiang_245_surprise.wav
/root/autodl-tmp/CosyVoice_dev/examples/libritts/cosyvoice2/data/casia-grpo/valid/samp_4/ZhaoZuoxiang_244_happy.wav	/root/autodl-tmp/CosyVoice_dev/examples/libritts/cosyvoice2/data/casia-grpo/valid/samp_4/ZhaoZuoxiang_244_happy.wav
/root/autodl-tmp/CosyVoice_dev/examples/libritts/cosyvoice2/data/casia-grpo/valid/samp_4/ZhaoZuoxiang_244_neutral.wav	/root/autodl-tmp/CosyVoice_dev/examples/libritts/cosyvoice2/data/casia-grpo/valid/samp_4/ZhaoZuoxiang_244_neutral.wav
/root/autodl-tmp/CosyVoice_dev/examples/libritts/cosyvoice2/data/casia-grpo/valid/samp_4/ZhaoZuoxiang_246_happy.wav	/root/autodl-tmp/CosyVoice_dev/examples/libritts/cosyvoice2/data/casia-grpo/valid/samp_4/ZhaoZuoxiang_246_happy.wav
/root/autodl-tmp/CosyVoice_dev/examples/libritts/cosyvoice2/data/casia-grpo/valid/samp_4/ZhaoZuoxiang_244_sad.wav	/root/autodl-tmp/CosyVoice_dev/examples/libritts/cosyvoice2/data/casia-grpo/valid/samp_4/ZhaoZuoxiang_244_sad.wav
/root/autodl-tmp/CosyVoice_dev/examples/libritts/cosyvoice2/data/casia-grpo/valid/samp_4/ZhaoZuoxiang_244_surprise.wav	/root/autodl-tmp/CosyVoice_dev/examples/libritts/cosyvoice2/data/casia-grpo/valid/samp_4/ZhaoZuoxiang_244_surprise.wav
/root/autodl-tmp/CosyVoice_dev/examples/libritts/cosyvoice2/data/casia-grpo/valid/samp_4/ZhaoZuoxiang_246_angry.wav	/root/autodl-tmp/CosyVoice_dev/examples/libritts/cosyvoice2/data/casia-grpo/valid/samp_4/ZhaoZuoxiang_246_angry.wav
/root/autodl-tmp/CosyVoice_dev/examples/libritts/cosyvoice2/data/casia-grpo/valid/samp_4/ZhaoZuoxiang_245_angry.wav	/root/autodl-tmp/CosyVoice_dev/examples/libritts/cosyvoice2/data/casia-grpo/valid/samp_4/ZhaoZuoxiang_245_angry.wav
/root/autodl-tmp/CosyVoice_dev/examples/libritts/cosyvoice2/data/casia-grpo/valid/samp_4/ZhaoZuoxiang_246_neutral.wav	/root/autodl-tmp/CosyVoice_dev/examples/libritts/cosyvoice2/data/casia-grpo/valid/samp_4/ZhaoZuoxiang_246_neutral.wav
/root/autodl-tmp/CosyVoice_dev/examples/libritts/cosyvoice2/data/casia-grpo/valid/samp_4/ZhaoZuoxiang_245_fear.wav	/root/autodl-tmp/CosyVoice_dev/examples/libritts/cosyvoice2/data/casia-grpo/valid/samp_4/ZhaoZuoxiang_245_fear.wav
/root/autodl-tmp/CosyVoice_dev/examples/libritts/cosyvoice2/data/casia-grpo/valid/samp_4/ZhaoZuoxiang_245_happy.wav	/root/autodl-tmp/CosyVoice_dev/examples/libritts/cosyvoice2/data/casia-grpo/valid/samp_4/ZhaoZuoxiang_245_happy.wav
/root/autodl-tmp/CosyVoice_dev/examples/libritts/cosyvoice2/data/casia-grpo/valid/samp_4/ZhaoZuoxiang_245_neutral.wav	/root/autodl-tmp/CosyVoice_dev/examples/libritts/cosyvoice2/data/casia-grpo/valid/samp_4/ZhaoZuoxiang_245_neutral.wav
/root/autodl-tmp/CosyVoice_dev/examples/libritts/cosyvoice2/data/casia-grpo/valid/samp_4/ZhaoZuoxiang_245_sad.wav	/root/autodl-tmp/CosyVoice_dev/examples/libritts/cosyvoice2/data/casia-grpo/valid/samp_4/ZhaoZuoxiang_245_sad.wav
/root/autodl-tmp/CosyVoice_dev/examples/libritts/cosyvoice2/data/casia-grpo/valid/samp_4/ZhaoZuoxiang_250_fear.wav	/root/autodl-tmp/CosyVoice_dev/examples/libritts/cosyvoice2/data/casia-grpo/valid/samp_4/ZhaoZuoxiang_250_fear.wav
/root/autodl-tmp/CosyVoice_dev/examples/libritts/cosyvoice2/data/casia-grpo/valid/samp_4/ZhaoZuoxiang_247_angry.wav	/root/autodl-tmp/CosyVoice_dev/examples/libritts/cosyvoice2/data/casia-grpo/valid/samp_4/ZhaoZuoxiang_247_angry.wav
/root/autodl-tmp/CosyVoice_dev/examples/libritts/cosyvoice2/data/casia-grpo/valid/samp_4/ZhaoZuoxiang_250_happy.wav	/root/autodl-tmp/CosyVoice_dev/examples/libritts/cosyvoice2/data/casia-grpo/valid/samp_4/ZhaoZuoxiang_250_happy.wav
/root/autodl-tmp/CosyVoice_dev/examples/libritts/cosyvoice2/data/casia-grpo/valid/samp_4/ZhaoZuoxiang_247_fear.wav	/root/autodl-tmp/CosyVoice_dev/examples/libritts/cosyvoice2/data/casia-grpo/valid/samp_4/ZhaoZuoxiang_247_fear.wav
/root/autodl-tmp/CosyVoice_dev/examples/libritts/cosyvoice2/data/casia-grpo/valid/samp_4/ZhaoZuoxiang_247_happy.wav	/root/autodl-tmp/CosyVoice_dev/examples/libritts/cosyvoice2/data/casia-grpo/valid/samp_4/ZhaoZuoxiang_247_happy.wav
/root/autodl-tmp/CosyVoice_dev/examples/libritts/cosyvoice2/data/casia-grpo/valid/samp_4/ZhaoZuoxiang_247_neutral.wav	/root/autodl-tmp/CosyVoice_dev/examples/libritts/cosyvoice2/data/casia-grpo/valid/samp_4/ZhaoZuoxiang_247_neutral.wav
/root/autodl-tmp/CosyVoice_dev/examples/libritts/cosyvoice2/data/casia-grpo/valid/samp_4/ZhaoZuoxiang_249_sad.wav	/root/autodl-tmp/CosyVoice_dev/examples/libritts/cosyvoice2/data/casia-grpo/valid/samp_4/ZhaoZuoxiang_249_sad.wav
/root/autodl-tmp/CosyVoice_dev/examples/libritts/cosyvoice2/data/casia-grpo/valid/samp_4/ZhaoZuoxiang_247_sad.wav	/root/autodl-tmp/CosyVoice_dev/examples/libritts/cosyvoice2/data/casia-grpo/valid/samp_4/ZhaoZuoxiang_247_sad.wav
/root/autodl-tmp/CosyVoice_dev/examples/libritts/cosyvoice2/data/casia-grpo/valid/samp_4/ZhaoZuoxiang_249_happy.wav	/root/autodl-tmp/CosyVoice_dev/examples/libritts/cosyvoice2/data/casia-grpo/valid/samp_4/ZhaoZuoxiang_249_happy.wav
/root/autodl-tmp/CosyVoice_dev/examples/libritts/cosyvoice2/data/casia-grpo/valid/samp_4/ZhaoZuoxiang_247_surprise.wav	/root/autodl-tmp/CosyVoice_dev/examples/libritts/cosyvoice2/data/casia-grpo/valid/samp_4/ZhaoZuoxiang_247_surprise.wav
/root/autodl-tmp/CosyVoice_dev/examples/libritts/cosyvoice2/data/casia-grpo/valid/samp_4/ZhaoZuoxiang_248_angry.wav	/root/autodl-tmp/CosyVoice_dev/examples/libritts/cosyvoice2/data/casia-grpo/valid/samp_4/ZhaoZuoxiang_248_angry.wav
/root/autodl-tmp/CosyVoice_dev/examples/libritts/cosyvoice2/data/casia-grpo/valid/samp_4/ZhaoZuoxiang_249_surprise.wav	/root/autodl-tmp/CosyVoice_dev/examples/libritts/cosyvoice2/data/casia-grpo/valid/samp_4/ZhaoZuoxiang_249_surprise.wav
/root/autodl-tmp/CosyVoice_dev/examples/libritts/cosyvoice2/data/casia-grpo/valid/samp_4/ZhaoZuoxiang_248_fear.wav	/root/autodl-tmp/CosyVoice_dev/examples/libritts/cosyvoice2/data/casia-grpo/valid/samp_4/ZhaoZuoxiang_248_fear.wav
/root/autodl-tmp/CosyVoice_dev/examples/libritts/cosyvoice2/data/casia-grpo/valid/samp_4/ZhaoZuoxiang_248_happy.wav	/root/autodl-tmp/CosyVoice_dev/examples/libritts/cosyvoice2/data/casia-grpo/valid/samp_4/ZhaoZuoxiang_248_happy.wav
/root/autodl-tmp/CosyVoice_dev/examples/libritts/cosyvoice2/data/casia-grpo/valid/samp_4/ZhaoZuoxiang_249_neutral.wav	/root/autodl-tmp/CosyVoice_dev/examples/libritts/cosyvoice2/data/casia-grpo/valid/samp_4/ZhaoZuoxiang_249_neutral.wav
/root/autodl-tmp/CosyVoice_dev/examples/libritts/cosyvoice2/data/casia-grpo/valid/samp_4/ZhaoZuoxiang_248_neutral.wav	/root/autodl-tmp/CosyVoice_dev/examples/libritts/cosyvoice2/data/casia-grpo/valid/samp_4/ZhaoZuoxiang_248_neutral.wav
/root/autodl-tmp/CosyVoice_dev/examples/libritts/cosyvoice2/data/casia-grpo/valid/samp_4/ZhaoZuoxiang_248_sad.wav	/root/autodl-tmp/CosyVoice_dev/examples/libritts/cosyvoice2/data/casia-grpo/valid/samp_4/ZhaoZuoxiang_248_sad.wav
/root/autodl-tmp/CosyVoice_dev/examples/libritts/cosyvoice2/data/casia-grpo/valid/samp_4/ZhaoZuoxiang_250_angry.wav	/root/autodl-tmp/CosyVoice_dev/examples/libritts/cosyvoice2/data/casia-grpo/valid/samp_4/ZhaoZuoxiang_250_angry.wav
/root/autodl-tmp/CosyVoice_dev/examples/libritts/cosyvoice2/data/casia-grpo/valid/samp_4/ZhaoZuoxiang_248_surprise.wav	/root/autodl-tmp/CosyVoice_dev/examples/libritts/cosyvoice2/data/casia-grpo/valid/samp_4/ZhaoZuoxiang_248_surprise.wav
/root/autodl-tmp/CosyVoice_dev/examples/libritts/cosyvoice2/data/casia-grpo/valid/samp_4/ZhaoZuoxiang_249_angry.wav	/root/autodl-tmp/CosyVoice_dev/examples/libritts/cosyvoice2/data/casia-grpo/valid/samp_4/ZhaoZuoxiang_249_angry.wav
/root/autodl-tmp/CosyVoice_dev/examples/libritts/cosyvoice2/data/casia-grpo/valid/samp_4/ZhaoZuoxiang_249_fear.wav	/root/autodl-tmp/CosyVoice_dev/examples/libritts/cosyvoice2/data/casia-grpo/valid/samp_4/ZhaoZuoxiang_249_fear.wav
/root/autodl-tmp/CosyVoice_dev/examples/libritts/cosyvoice2/data/casia-grpo/valid/samp_4/ZhaoZuoxiang_250_neutral.wav	/root/autodl-tmp/CosyVoice_dev/examples/libritts/cosyvoice2/data/casia-grpo/valid/samp_4/ZhaoZuoxiang_250_neutral.wav
/root/autodl-tmp/CosyVoice_dev/examples/libritts/cosyvoice2/data/casia-grpo/valid/samp_4/ZhaoZuoxiang_250_sad.wav	/root/autodl-tmp/CosyVoice_dev/examples/libritts/cosyvoice2/data/casia-grpo/valid/samp_4/ZhaoZuoxiang_250_sad.wav
/root/autodl-tmp/CosyVoice_dev/examples/libritts/cosyvoice2/data/casia-grpo/valid/samp_4/ZhaoZuoxiang_250_surprise.wav	/root/autodl-tmp/CosyVoice_dev/examples/libritts/cosyvoice2/data/casia-grpo/valid/samp_4/ZhaoZuoxiang_250_surprise.wav
