src_audio	tgt_audio
/root/autodl-tmp/CosyVoice_dev/examples/libritts/cosyvoice2/data/esd-emo-grpo/valid/samp_1/0001_000701_快乐.wav	/root/autodl-tmp/CosyVoice_dev/examples/libritts/cosyvoice2/data/esd-emo-grpo/valid/receive/0001_000701_快乐.wav
/root/autodl-tmp/CosyVoice_dev/examples/libritts/cosyvoice2/data/esd-emo-grpo/valid/samp_1/0001_000702_快乐.wav	/root/autodl-tmp/CosyVoice_dev/examples/libritts/cosyvoice2/data/esd-emo-grpo/valid/receive/0001_000702_快乐.wav
/root/autodl-tmp/CosyVoice_dev/examples/libritts/cosyvoice2/data/esd-emo-grpo/valid/samp_1/0001_000703_快乐.wav	/root/autodl-tmp/CosyVoice_dev/examples/libritts/cosyvoice2/data/esd-emo-grpo/valid/receive/0001_000703_快乐.wav
/root/autodl-tmp/CosyVoice_dev/examples/libritts/cosyvoice2/data/esd-emo-grpo/valid/samp_1/0001_000704_快乐.wav	/root/autodl-tmp/CosyVoice_dev/examples/libritts/cosyvoice2/data/esd-emo-grpo/valid/receive/0001_000704_快乐.wav
/root/autodl-tmp/CosyVoice_dev/examples/libritts/cosyvoice2/data/esd-emo-grpo/valid/samp_1/0001_000705_快乐.wav	/root/autodl-tmp/CosyVoice_dev/examples/libritts/cosyvoice2/data/esd-emo-grpo/valid/receive/0001_000705_快乐.wav
/root/autodl-tmp/CosyVoice_dev/examples/libritts/cosyvoice2/data/esd-emo-grpo/valid/samp_1/0001_000706_快乐.wav	/root/autodl-tmp/CosyVoice_dev/examples/libritts/cosyvoice2/data/esd-emo-grpo/valid/receive/0001_000706_快乐.wav
/root/autodl-tmp/CosyVoice_dev/examples/libritts/cosyvoice2/data/esd-emo-grpo/valid/samp_1/0001_000707_快乐.wav	/root/autodl-tmp/CosyVoice_dev/examples/libritts/cosyvoice2/data/esd-emo-grpo/valid/receive/0001_000707_快乐.wav
/root/autodl-tmp/CosyVoice_dev/examples/libritts/cosyvoice2/data/esd-emo-grpo/valid/samp_1/0001_000708_快乐.wav	/root/autodl-tmp/CosyVoice_dev/examples/libritts/cosyvoice2/data/esd-emo-grpo/valid/receive/0001_000708_快乐.wav
/root/autodl-tmp/CosyVoice_dev/examples/libritts/cosyvoice2/data/esd-emo-grpo/valid/samp_1/0001_000709_快乐.wav	/root/autodl-tmp/CosyVoice_dev/examples/libritts/cosyvoice2/data/esd-emo-grpo/valid/receive/0001_000709_快乐.wav
/root/autodl-tmp/CosyVoice_dev/examples/libritts/cosyvoice2/data/esd-emo-grpo/valid/samp_1/0001_000710_快乐.wav	/root/autodl-tmp/CosyVoice_dev/examples/libritts/cosyvoice2/data/esd-emo-grpo/valid/receive/0001_000710_快乐.wav
/root/autodl-tmp/CosyVoice_dev/examples/libritts/cosyvoice2/data/esd-emo-grpo/valid/samp_1/0001_000711_快乐.wav	/root/autodl-tmp/CosyVoice_dev/examples/libritts/cosyvoice2/data/esd-emo-grpo/valid/receive/0001_000711_快乐.wav
/root/autodl-tmp/CosyVoice_dev/examples/libritts/cosyvoice2/data/esd-emo-grpo/valid/samp_1/0001_000712_快乐.wav	/root/autodl-tmp/CosyVoice_dev/examples/libritts/cosyvoice2/data/esd-emo-grpo/valid/receive/0001_000712_快乐.wav
/root/autodl-tmp/CosyVoice_dev/examples/libritts/cosyvoice2/data/esd-emo-grpo/valid/samp_1/0001_000713_快乐.wav	/root/autodl-tmp/CosyVoice_dev/examples/libritts/cosyvoice2/data/esd-emo-grpo/valid/receive/0001_000713_快乐.wav
/root/autodl-tmp/CosyVoice_dev/examples/libritts/cosyvoice2/data/esd-emo-grpo/valid/samp_1/0001_000714_快乐.wav	/root/autodl-tmp/CosyVoice_dev/examples/libritts/cosyvoice2/data/esd-emo-grpo/valid/receive/0001_000714_快乐.wav
/root/autodl-tmp/CosyVoice_dev/examples/libritts/cosyvoice2/data/esd-emo-grpo/valid/samp_1/0001_000715_快乐.wav	/root/autodl-tmp/CosyVoice_dev/examples/libritts/cosyvoice2/data/esd-emo-grpo/valid/receive/0001_000715_快乐.wav
/root/autodl-tmp/CosyVoice_dev/examples/libritts/cosyvoice2/data/esd-emo-grpo/valid/samp_1/0001_000716_快乐.wav	/root/autodl-tmp/CosyVoice_dev/examples/libritts/cosyvoice2/data/esd-emo-grpo/valid/receive/0001_000716_快乐.wav
/root/autodl-tmp/CosyVoice_dev/examples/libritts/cosyvoice2/data/esd-emo-grpo/valid/samp_1/0001_000717_快乐.wav	/root/autodl-tmp/CosyVoice_dev/examples/libritts/cosyvoice2/data/esd-emo-grpo/valid/receive/0001_000717_快乐.wav
/root/autodl-tmp/CosyVoice_dev/examples/libritts/cosyvoice2/data/esd-emo-grpo/valid/samp_1/0001_000718_快乐.wav	/root/autodl-tmp/CosyVoice_dev/examples/libritts/cosyvoice2/data/esd-emo-grpo/valid/receive/0001_000718_快乐.wav
/root/autodl-tmp/CosyVoice_dev/examples/libritts/cosyvoice2/data/esd-emo-grpo/valid/samp_1/0001_000719_快乐.wav	/root/autodl-tmp/CosyVoice_dev/examples/libritts/cosyvoice2/data/esd-emo-grpo/valid/receive/0001_000719_快乐.wav
/root/autodl-tmp/CosyVoice_dev/examples/libritts/cosyvoice2/data/esd-emo-grpo/valid/samp_1/0001_000720_快乐.wav	/root/autodl-tmp/CosyVoice_dev/examples/libritts/cosyvoice2/data/esd-emo-grpo/valid/receive/0001_000720_快乐.wav
/root/autodl-tmp/CosyVoice_dev/examples/libritts/cosyvoice2/data/esd-emo-grpo/valid/samp_1/0001_001051_伤心.wav	/root/autodl-tmp/CosyVoice_dev/examples/libritts/cosyvoice2/data/esd-emo-grpo/valid/receive/0001_001051_伤心.wav
/root/autodl-tmp/CosyVoice_dev/examples/libritts/cosyvoice2/data/esd-emo-grpo/valid/samp_1/0001_001052_伤心.wav	/root/autodl-tmp/CosyVoice_dev/examples/libritts/cosyvoice2/data/esd-emo-grpo/valid/receive/0001_001052_伤心.wav
/root/autodl-tmp/CosyVoice_dev/examples/libritts/cosyvoice2/data/esd-emo-grpo/valid/samp_1/0001_001053_伤心.wav	/root/autodl-tmp/CosyVoice_dev/examples/libritts/cosyvoice2/data/esd-emo-grpo/valid/receive/0001_001053_伤心.wav
/root/autodl-tmp/CosyVoice_dev/examples/libritts/cosyvoice2/data/esd-emo-grpo/valid/samp_1/0001_001054_伤心.wav	/root/autodl-tmp/CosyVoice_dev/examples/libritts/cosyvoice2/data/esd-emo-grpo/valid/receive/0001_001054_伤心.wav
/root/autodl-tmp/CosyVoice_dev/examples/libritts/cosyvoice2/data/esd-emo-grpo/valid/samp_1/0001_001055_伤心.wav	/root/autodl-tmp/CosyVoice_dev/examples/libritts/cosyvoice2/data/esd-emo-grpo/valid/receive/0001_001055_伤心.wav
/root/autodl-tmp/CosyVoice_dev/examples/libritts/cosyvoice2/data/esd-emo-grpo/valid/samp_1/0001_001056_伤心.wav	/root/autodl-tmp/CosyVoice_dev/examples/libritts/cosyvoice2/data/esd-emo-grpo/valid/receive/0001_001056_伤心.wav
/root/autodl-tmp/CosyVoice_dev/examples/libritts/cosyvoice2/data/esd-emo-grpo/valid/samp_1/0001_001057_伤心.wav	/root/autodl-tmp/CosyVoice_dev/examples/libritts/cosyvoice2/data/esd-emo-grpo/valid/receive/0001_001057_伤心.wav
/root/autodl-tmp/CosyVoice_dev/examples/libritts/cosyvoice2/data/esd-emo-grpo/valid/samp_1/0001_001058_伤心.wav	/root/autodl-tmp/CosyVoice_dev/examples/libritts/cosyvoice2/data/esd-emo-grpo/valid/receive/0001_001058_伤心.wav
/root/autodl-tmp/CosyVoice_dev/examples/libritts/cosyvoice2/data/esd-emo-grpo/valid/samp_1/0001_001059_伤心.wav	/root/autodl-tmp/CosyVoice_dev/examples/libritts/cosyvoice2/data/esd-emo-grpo/valid/receive/0001_001059_伤心.wav
/root/autodl-tmp/CosyVoice_dev/examples/libritts/cosyvoice2/data/esd-emo-grpo/valid/samp_1/0001_001060_伤心.wav	/root/autodl-tmp/CosyVoice_dev/examples/libritts/cosyvoice2/data/esd-emo-grpo/valid/receive/0001_001060_伤心.wav
/root/autodl-tmp/CosyVoice_dev/examples/libritts/cosyvoice2/data/esd-emo-grpo/valid/samp_1/0001_001061_伤心.wav	/root/autodl-tmp/CosyVoice_dev/examples/libritts/cosyvoice2/data/esd-emo-grpo/valid/receive/0001_001061_伤心.wav
/root/autodl-tmp/CosyVoice_dev/examples/libritts/cosyvoice2/data/esd-emo-grpo/valid/samp_1/0001_001062_伤心.wav	/root/autodl-tmp/CosyVoice_dev/examples/libritts/cosyvoice2/data/esd-emo-grpo/valid/receive/0001_001062_伤心.wav
/root/autodl-tmp/CosyVoice_dev/examples/libritts/cosyvoice2/data/esd-emo-grpo/valid/samp_1/0001_001063_伤心.wav	/root/autodl-tmp/CosyVoice_dev/examples/libritts/cosyvoice2/data/esd-emo-grpo/valid/receive/0001_001063_伤心.wav
/root/autodl-tmp/CosyVoice_dev/examples/libritts/cosyvoice2/data/esd-emo-grpo/valid/samp_1/0001_001064_伤心.wav	/root/autodl-tmp/CosyVoice_dev/examples/libritts/cosyvoice2/data/esd-emo-grpo/valid/receive/0001_001064_伤心.wav
/root/autodl-tmp/CosyVoice_dev/examples/libritts/cosyvoice2/data/esd-emo-grpo/valid/samp_1/0001_001065_伤心.wav	/root/autodl-tmp/CosyVoice_dev/examples/libritts/cosyvoice2/data/esd-emo-grpo/valid/receive/0001_001065_伤心.wav
/root/autodl-tmp/CosyVoice_dev/examples/libritts/cosyvoice2/data/esd-emo-grpo/valid/samp_1/0001_001066_伤心.wav	/root/autodl-tmp/CosyVoice_dev/examples/libritts/cosyvoice2/data/esd-emo-grpo/valid/receive/0001_001066_伤心.wav
/root/autodl-tmp/CosyVoice_dev/examples/libritts/cosyvoice2/data/esd-emo-grpo/valid/samp_1/0001_001067_伤心.wav	/root/autodl-tmp/CosyVoice_dev/examples/libritts/cosyvoice2/data/esd-emo-grpo/valid/receive/0001_001067_伤心.wav
/root/autodl-tmp/CosyVoice_dev/examples/libritts/cosyvoice2/data/esd-emo-grpo/valid/samp_1/0001_001068_伤心.wav	/root/autodl-tmp/CosyVoice_dev/examples/libritts/cosyvoice2/data/esd-emo-grpo/valid/receive/0001_001068_伤心.wav
/root/autodl-tmp/CosyVoice_dev/examples/libritts/cosyvoice2/data/esd-emo-grpo/valid/samp_1/0001_001069_伤心.wav	/root/autodl-tmp/CosyVoice_dev/examples/libritts/cosyvoice2/data/esd-emo-grpo/valid/receive/0001_001069_伤心.wav
/root/autodl-tmp/CosyVoice_dev/examples/libritts/cosyvoice2/data/esd-emo-grpo/valid/samp_1/0001_001070_伤心.wav	/root/autodl-tmp/CosyVoice_dev/examples/libritts/cosyvoice2/data/esd-emo-grpo/valid/receive/0001_001070_伤心.wav
/root/autodl-tmp/CosyVoice_dev/examples/libritts/cosyvoice2/data/esd-emo-grpo/valid/samp_1/0001_001401_惊喜.wav	/root/autodl-tmp/CosyVoice_dev/examples/libritts/cosyvoice2/data/esd-emo-grpo/valid/receive/0001_001401_惊喜.wav
/root/autodl-tmp/CosyVoice_dev/examples/libritts/cosyvoice2/data/esd-emo-grpo/valid/samp_1/0001_001402_惊喜.wav	/root/autodl-tmp/CosyVoice_dev/examples/libritts/cosyvoice2/data/esd-emo-grpo/valid/receive/0001_001402_惊喜.wav
/root/autodl-tmp/CosyVoice_dev/examples/libritts/cosyvoice2/data/esd-emo-grpo/valid/samp_1/0001_001403_惊喜.wav	/root/autodl-tmp/CosyVoice_dev/examples/libritts/cosyvoice2/data/esd-emo-grpo/valid/receive/0001_001403_惊喜.wav
/root/autodl-tmp/CosyVoice_dev/examples/libritts/cosyvoice2/data/esd-emo-grpo/valid/samp_1/0001_001404_惊喜.wav	/root/autodl-tmp/CosyVoice_dev/examples/libritts/cosyvoice2/data/esd-emo-grpo/valid/receive/0001_001404_惊喜.wav
/root/autodl-tmp/CosyVoice_dev/examples/libritts/cosyvoice2/data/esd-emo-grpo/valid/samp_1/0001_001405_惊喜.wav	/root/autodl-tmp/CosyVoice_dev/examples/libritts/cosyvoice2/data/esd-emo-grpo/valid/receive/0001_001405_惊喜.wav
/root/autodl-tmp/CosyVoice_dev/examples/libritts/cosyvoice2/data/esd-emo-grpo/valid/samp_1/0001_001406_惊喜.wav	/root/autodl-tmp/CosyVoice_dev/examples/libritts/cosyvoice2/data/esd-emo-grpo/valid/receive/0001_001406_惊喜.wav
/root/autodl-tmp/CosyVoice_dev/examples/libritts/cosyvoice2/data/esd-emo-grpo/valid/samp_1/0001_001407_惊喜.wav	/root/autodl-tmp/CosyVoice_dev/examples/libritts/cosyvoice2/data/esd-emo-grpo/valid/receive/0001_001407_惊喜.wav
/root/autodl-tmp/CosyVoice_dev/examples/libritts/cosyvoice2/data/esd-emo-grpo/valid/samp_1/0001_001408_惊喜.wav	/root/autodl-tmp/CosyVoice_dev/examples/libritts/cosyvoice2/data/esd-emo-grpo/valid/receive/0001_001408_惊喜.wav
/root/autodl-tmp/CosyVoice_dev/examples/libritts/cosyvoice2/data/esd-emo-grpo/valid/samp_1/0001_001409_惊喜.wav	/root/autodl-tmp/CosyVoice_dev/examples/libritts/cosyvoice2/data/esd-emo-grpo/valid/receive/0001_001409_惊喜.wav
/root/autodl-tmp/CosyVoice_dev/examples/libritts/cosyvoice2/data/esd-emo-grpo/valid/samp_1/0001_001410_惊喜.wav	/root/autodl-tmp/CosyVoice_dev/examples/libritts/cosyvoice2/data/esd-emo-grpo/valid/receive/0001_001410_惊喜.wav
/root/autodl-tmp/CosyVoice_dev/examples/libritts/cosyvoice2/data/esd-emo-grpo/valid/samp_1/0001_001411_惊喜.wav	/root/autodl-tmp/CosyVoice_dev/examples/libritts/cosyvoice2/data/esd-emo-grpo/valid/receive/0001_001411_惊喜.wav
/root/autodl-tmp/CosyVoice_dev/examples/libritts/cosyvoice2/data/esd-emo-grpo/valid/samp_1/0001_001412_惊喜.wav	/root/autodl-tmp/CosyVoice_dev/examples/libritts/cosyvoice2/data/esd-emo-grpo/valid/receive/0001_001412_惊喜.wav
/root/autodl-tmp/CosyVoice_dev/examples/libritts/cosyvoice2/data/esd-emo-grpo/valid/samp_1/0001_001413_惊喜.wav	/root/autodl-tmp/CosyVoice_dev/examples/libritts/cosyvoice2/data/esd-emo-grpo/valid/receive/0001_001413_惊喜.wav
/root/autodl-tmp/CosyVoice_dev/examples/libritts/cosyvoice2/data/esd-emo-grpo/valid/samp_1/0001_001414_惊喜.wav	/root/autodl-tmp/CosyVoice_dev/examples/libritts/cosyvoice2/data/esd-emo-grpo/valid/receive/0001_001414_惊喜.wav
/root/autodl-tmp/CosyVoice_dev/examples/libritts/cosyvoice2/data/esd-emo-grpo/valid/samp_1/0001_001415_惊喜.wav	/root/autodl-tmp/CosyVoice_dev/examples/libritts/cosyvoice2/data/esd-emo-grpo/valid/receive/0001_001415_惊喜.wav
/root/autodl-tmp/CosyVoice_dev/examples/libritts/cosyvoice2/data/esd-emo-grpo/valid/samp_1/0001_001416_惊喜.wav	/root/autodl-tmp/CosyVoice_dev/examples/libritts/cosyvoice2/data/esd-emo-grpo/valid/receive/0001_001416_惊喜.wav
/root/autodl-tmp/CosyVoice_dev/examples/libritts/cosyvoice2/data/esd-emo-grpo/valid/samp_1/0001_001417_惊喜.wav	/root/autodl-tmp/CosyVoice_dev/examples/libritts/cosyvoice2/data/esd-emo-grpo/valid/receive/0001_001417_惊喜.wav
/root/autodl-tmp/CosyVoice_dev/examples/libritts/cosyvoice2/data/esd-emo-grpo/valid/samp_1/0001_001418_惊喜.wav	/root/autodl-tmp/CosyVoice_dev/examples/libritts/cosyvoice2/data/esd-emo-grpo/valid/receive/0001_001418_惊喜.wav
/root/autodl-tmp/CosyVoice_dev/examples/libritts/cosyvoice2/data/esd-emo-grpo/valid/samp_1/0001_001419_惊喜.wav	/root/autodl-tmp/CosyVoice_dev/examples/libritts/cosyvoice2/data/esd-emo-grpo/valid/receive/0001_001419_惊喜.wav
/root/autodl-tmp/CosyVoice_dev/examples/libritts/cosyvoice2/data/esd-emo-grpo/valid/samp_1/0001_001420_惊喜.wav	/root/autodl-tmp/CosyVoice_dev/examples/libritts/cosyvoice2/data/esd-emo-grpo/valid/receive/0001_001420_惊喜.wav
/root/autodl-tmp/CosyVoice_dev/examples/libritts/cosyvoice2/data/esd-emo-grpo/valid/samp_1/0001_000001_冷静.wav	/root/autodl-tmp/CosyVoice_dev/examples/libritts/cosyvoice2/data/esd-emo-grpo/valid/receive/0001_000001_冷静.wav
/root/autodl-tmp/CosyVoice_dev/examples/libritts/cosyvoice2/data/esd-emo-grpo/valid/samp_1/0001_000002_冷静.wav	/root/autodl-tmp/CosyVoice_dev/examples/libritts/cosyvoice2/data/esd-emo-grpo/valid/receive/0001_000002_冷静.wav
/root/autodl-tmp/CosyVoice_dev/examples/libritts/cosyvoice2/data/esd-emo-grpo/valid/samp_1/0001_000003_冷静.wav	/root/autodl-tmp/CosyVoice_dev/examples/libritts/cosyvoice2/data/esd-emo-grpo/valid/receive/0001_000003_冷静.wav
/root/autodl-tmp/CosyVoice_dev/examples/libritts/cosyvoice2/data/esd-emo-grpo/valid/samp_1/0001_000004_冷静.wav	/root/autodl-tmp/CosyVoice_dev/examples/libritts/cosyvoice2/data/esd-emo-grpo/valid/receive/0001_000004_冷静.wav
/root/autodl-tmp/CosyVoice_dev/examples/libritts/cosyvoice2/data/esd-emo-grpo/valid/samp_1/0001_000005_冷静.wav	/root/autodl-tmp/CosyVoice_dev/examples/libritts/cosyvoice2/data/esd-emo-grpo/valid/receive/0001_000005_冷静.wav
/root/autodl-tmp/CosyVoice_dev/examples/libritts/cosyvoice2/data/esd-emo-grpo/valid/samp_1/0001_000006_冷静.wav	/root/autodl-tmp/CosyVoice_dev/examples/libritts/cosyvoice2/data/esd-emo-grpo/valid/receive/0001_000006_冷静.wav
/root/autodl-tmp/CosyVoice_dev/examples/libritts/cosyvoice2/data/esd-emo-grpo/valid/samp_1/0001_000007_冷静.wav	/root/autodl-tmp/CosyVoice_dev/examples/libritts/cosyvoice2/data/esd-emo-grpo/valid/receive/0001_000007_冷静.wav
/root/autodl-tmp/CosyVoice_dev/examples/libritts/cosyvoice2/data/esd-emo-grpo/valid/samp_1/0001_000008_冷静.wav	/root/autodl-tmp/CosyVoice_dev/examples/libritts/cosyvoice2/data/esd-emo-grpo/valid/receive/0001_000008_冷静.wav
/root/autodl-tmp/CosyVoice_dev/examples/libritts/cosyvoice2/data/esd-emo-grpo/valid/samp_1/0001_000009_冷静.wav	/root/autodl-tmp/CosyVoice_dev/examples/libritts/cosyvoice2/data/esd-emo-grpo/valid/receive/0001_000009_冷静.wav
/root/autodl-tmp/CosyVoice_dev/examples/libritts/cosyvoice2/data/esd-emo-grpo/valid/samp_1/0001_000010_冷静.wav	/root/autodl-tmp/CosyVoice_dev/examples/libritts/cosyvoice2/data/esd-emo-grpo/valid/receive/0001_000010_冷静.wav
/root/autodl-tmp/CosyVoice_dev/examples/libritts/cosyvoice2/data/esd-emo-grpo/valid/samp_1/0001_000011_冷静.wav	/root/autodl-tmp/CosyVoice_dev/examples/libritts/cosyvoice2/data/esd-emo-grpo/valid/receive/0001_000011_冷静.wav
/root/autodl-tmp/CosyVoice_dev/examples/libritts/cosyvoice2/data/esd-emo-grpo/valid/samp_1/0001_000012_冷静.wav	/root/autodl-tmp/CosyVoice_dev/examples/libritts/cosyvoice2/data/esd-emo-grpo/valid/receive/0001_000012_冷静.wav
/root/autodl-tmp/CosyVoice_dev/examples/libritts/cosyvoice2/data/esd-emo-grpo/valid/samp_1/0001_000013_冷静.wav	/root/autodl-tmp/CosyVoice_dev/examples/libritts/cosyvoice2/data/esd-emo-grpo/valid/receive/0001_000013_冷静.wav
/root/autodl-tmp/CosyVoice_dev/examples/libritts/cosyvoice2/data/esd-emo-grpo/valid/samp_1/0001_000014_冷静.wav	/root/autodl-tmp/CosyVoice_dev/examples/libritts/cosyvoice2/data/esd-emo-grpo/valid/receive/0001_000014_冷静.wav
/root/autodl-tmp/CosyVoice_dev/examples/libritts/cosyvoice2/data/esd-emo-grpo/valid/samp_1/0001_000015_冷静.wav	/root/autodl-tmp/CosyVoice_dev/examples/libritts/cosyvoice2/data/esd-emo-grpo/valid/receive/0001_000015_冷静.wav
/root/autodl-tmp/CosyVoice_dev/examples/libritts/cosyvoice2/data/esd-emo-grpo/valid/samp_1/0001_000016_冷静.wav	/root/autodl-tmp/CosyVoice_dev/examples/libritts/cosyvoice2/data/esd-emo-grpo/valid/receive/0001_000016_冷静.wav
/root/autodl-tmp/CosyVoice_dev/examples/libritts/cosyvoice2/data/esd-emo-grpo/valid/samp_1/0001_000017_冷静.wav	/root/autodl-tmp/CosyVoice_dev/examples/libritts/cosyvoice2/data/esd-emo-grpo/valid/receive/0001_000017_冷静.wav
/root/autodl-tmp/CosyVoice_dev/examples/libritts/cosyvoice2/data/esd-emo-grpo/valid/samp_1/0001_000018_冷静.wav	/root/autodl-tmp/CosyVoice_dev/examples/libritts/cosyvoice2/data/esd-emo-grpo/valid/receive/0001_000018_冷静.wav
/root/autodl-tmp/CosyVoice_dev/examples/libritts/cosyvoice2/data/esd-emo-grpo/valid/samp_1/0001_000019_冷静.wav	/root/autodl-tmp/CosyVoice_dev/examples/libritts/cosyvoice2/data/esd-emo-grpo/valid/receive/0001_000019_冷静.wav
/root/autodl-tmp/CosyVoice_dev/examples/libritts/cosyvoice2/data/esd-emo-grpo/valid/samp_1/0001_000020_冷静.wav	/root/autodl-tmp/CosyVoice_dev/examples/libritts/cosyvoice2/data/esd-emo-grpo/valid/receive/0001_000020_冷静.wav
/root/autodl-tmp/CosyVoice_dev/examples/libritts/cosyvoice2/data/esd-emo-grpo/valid/samp_1/0003_000013_冷静.wav	/root/autodl-tmp/CosyVoice_dev/examples/libritts/cosyvoice2/data/esd-emo-grpo/valid/receive/0003_000013_冷静.wav
/root/autodl-tmp/CosyVoice_dev/examples/libritts/cosyvoice2/data/esd-emo-grpo/valid/samp_1/0003_000014_冷静.wav	/root/autodl-tmp/CosyVoice_dev/examples/libritts/cosyvoice2/data/esd-emo-grpo/valid/receive/0003_000014_冷静.wav
/root/autodl-tmp/CosyVoice_dev/examples/libritts/cosyvoice2/data/esd-emo-grpo/valid/samp_1/0003_000015_冷静.wav	/root/autodl-tmp/CosyVoice_dev/examples/libritts/cosyvoice2/data/esd-emo-grpo/valid/receive/0003_000015_冷静.wav
/root/autodl-tmp/CosyVoice_dev/examples/libritts/cosyvoice2/data/esd-emo-grpo/valid/samp_1/0003_000016_冷静.wav	/root/autodl-tmp/CosyVoice_dev/examples/libritts/cosyvoice2/data/esd-emo-grpo/valid/receive/0003_000016_冷静.wav
/root/autodl-tmp/CosyVoice_dev/examples/libritts/cosyvoice2/data/esd-emo-grpo/valid/samp_1/0003_000017_冷静.wav	/root/autodl-tmp/CosyVoice_dev/examples/libritts/cosyvoice2/data/esd-emo-grpo/valid/receive/0003_000017_冷静.wav
/root/autodl-tmp/CosyVoice_dev/examples/libritts/cosyvoice2/data/esd-emo-grpo/valid/samp_1/0003_000018_冷静.wav	/root/autodl-tmp/CosyVoice_dev/examples/libritts/cosyvoice2/data/esd-emo-grpo/valid/receive/0003_000018_冷静.wav
/root/autodl-tmp/CosyVoice_dev/examples/libritts/cosyvoice2/data/esd-emo-grpo/valid/samp_1/0003_000019_冷静.wav	/root/autodl-tmp/CosyVoice_dev/examples/libritts/cosyvoice2/data/esd-emo-grpo/valid/receive/0003_000019_冷静.wav
/root/autodl-tmp/CosyVoice_dev/examples/libritts/cosyvoice2/data/esd-emo-grpo/valid/samp_1/0003_000020_冷静.wav	/root/autodl-tmp/CosyVoice_dev/examples/libritts/cosyvoice2/data/esd-emo-grpo/valid/receive/0003_000020_冷静.wav
/root/autodl-tmp/CosyVoice_dev/examples/libritts/cosyvoice2/data/esd-emo-grpo/valid/samp_1/0003_000351_生气.wav	/root/autodl-tmp/CosyVoice_dev/examples/libritts/cosyvoice2/data/esd-emo-grpo/valid/receive/0003_000351_生气.wav
/root/autodl-tmp/CosyVoice_dev/examples/libritts/cosyvoice2/data/esd-emo-grpo/valid/samp_1/0003_000352_生气.wav	/root/autodl-tmp/CosyVoice_dev/examples/libritts/cosyvoice2/data/esd-emo-grpo/valid/receive/0003_000352_生气.wav
/root/autodl-tmp/CosyVoice_dev/examples/libritts/cosyvoice2/data/esd-emo-grpo/valid/samp_1/0003_000353_生气.wav	/root/autodl-tmp/CosyVoice_dev/examples/libritts/cosyvoice2/data/esd-emo-grpo/valid/receive/0003_000353_生气.wav
/root/autodl-tmp/CosyVoice_dev/examples/libritts/cosyvoice2/data/esd-emo-grpo/valid/samp_1/0003_000354_生气.wav	/root/autodl-tmp/CosyVoice_dev/examples/libritts/cosyvoice2/data/esd-emo-grpo/valid/receive/0003_000354_生气.wav
/root/autodl-tmp/CosyVoice_dev/examples/libritts/cosyvoice2/data/esd-emo-grpo/valid/samp_1/0003_000355_生气.wav	/root/autodl-tmp/CosyVoice_dev/examples/libritts/cosyvoice2/data/esd-emo-grpo/valid/receive/0003_000355_生气.wav
/root/autodl-tmp/CosyVoice_dev/examples/libritts/cosyvoice2/data/esd-emo-grpo/valid/samp_1/0003_000356_生气.wav	/root/autodl-tmp/CosyVoice_dev/examples/libritts/cosyvoice2/data/esd-emo-grpo/valid/receive/0003_000356_生气.wav
/root/autodl-tmp/CosyVoice_dev/examples/libritts/cosyvoice2/data/esd-emo-grpo/valid/samp_1/0003_000357_生气.wav	/root/autodl-tmp/CosyVoice_dev/examples/libritts/cosyvoice2/data/esd-emo-grpo/valid/receive/0003_000357_生气.wav
/root/autodl-tmp/CosyVoice_dev/examples/libritts/cosyvoice2/data/esd-emo-grpo/valid/samp_1/0003_000358_生气.wav	/root/autodl-tmp/CosyVoice_dev/examples/libritts/cosyvoice2/data/esd-emo-grpo/valid/receive/0003_000358_生气.wav
/root/autodl-tmp/CosyVoice_dev/examples/libritts/cosyvoice2/data/esd-emo-grpo/valid/samp_1/0003_000359_生气.wav	/root/autodl-tmp/CosyVoice_dev/examples/libritts/cosyvoice2/data/esd-emo-grpo/valid/receive/0003_000359_生气.wav
/root/autodl-tmp/CosyVoice_dev/examples/libritts/cosyvoice2/data/esd-emo-grpo/valid/samp_1/0003_000360_生气.wav	/root/autodl-tmp/CosyVoice_dev/examples/libritts/cosyvoice2/data/esd-emo-grpo/valid/receive/0003_000360_生气.wav
/root/autodl-tmp/CosyVoice_dev/examples/libritts/cosyvoice2/data/esd-emo-grpo/valid/samp_1/0003_000361_生气.wav	/root/autodl-tmp/CosyVoice_dev/examples/libritts/cosyvoice2/data/esd-emo-grpo/valid/receive/0003_000361_生气.wav
/root/autodl-tmp/CosyVoice_dev/examples/libritts/cosyvoice2/data/esd-emo-grpo/valid/samp_1/0003_000362_生气.wav	/root/autodl-tmp/CosyVoice_dev/examples/libritts/cosyvoice2/data/esd-emo-grpo/valid/receive/0003_000362_生气.wav
/root/autodl-tmp/CosyVoice_dev/examples/libritts/cosyvoice2/data/esd-emo-grpo/valid/samp_1/0003_000363_生气.wav	/root/autodl-tmp/CosyVoice_dev/examples/libritts/cosyvoice2/data/esd-emo-grpo/valid/receive/0003_000363_生气.wav
/root/autodl-tmp/CosyVoice_dev/examples/libritts/cosyvoice2/data/esd-emo-grpo/valid/samp_1/0003_000364_生气.wav	/root/autodl-tmp/CosyVoice_dev/examples/libritts/cosyvoice2/data/esd-emo-grpo/valid/receive/0003_000364_生气.wav
/root/autodl-tmp/CosyVoice_dev/examples/libritts/cosyvoice2/data/esd-emo-grpo/valid/samp_1/0003_000365_生气.wav	/root/autodl-tmp/CosyVoice_dev/examples/libritts/cosyvoice2/data/esd-emo-grpo/valid/receive/0003_000365_生气.wav
/root/autodl-tmp/CosyVoice_dev/examples/libritts/cosyvoice2/data/esd-emo-grpo/valid/samp_1/0003_000366_生气.wav	/root/autodl-tmp/CosyVoice_dev/examples/libritts/cosyvoice2/data/esd-emo-grpo/valid/receive/0003_000366_生气.wav
/root/autodl-tmp/CosyVoice_dev/examples/libritts/cosyvoice2/data/esd-emo-grpo/valid/samp_1/0003_000367_生气.wav	/root/autodl-tmp/CosyVoice_dev/examples/libritts/cosyvoice2/data/esd-emo-grpo/valid/receive/0003_000367_生气.wav
/root/autodl-tmp/CosyVoice_dev/examples/libritts/cosyvoice2/data/esd-emo-grpo/valid/samp_1/0003_000368_生气.wav	/root/autodl-tmp/CosyVoice_dev/examples/libritts/cosyvoice2/data/esd-emo-grpo/valid/receive/0003_000368_生气.wav
/root/autodl-tmp/CosyVoice_dev/examples/libritts/cosyvoice2/data/esd-emo-grpo/valid/samp_1/0003_000369_生气.wav	/root/autodl-tmp/CosyVoice_dev/examples/libritts/cosyvoice2/data/esd-emo-grpo/valid/receive/0003_000369_生气.wav
/root/autodl-tmp/CosyVoice_dev/examples/libritts/cosyvoice2/data/esd-emo-grpo/valid/samp_1/0003_000370_生气.wav	/root/autodl-tmp/CosyVoice_dev/examples/libritts/cosyvoice2/data/esd-emo-grpo/valid/receive/0003_000370_生气.wav
/root/autodl-tmp/CosyVoice_dev/examples/libritts/cosyvoice2/data/esd-emo-grpo/valid/samp_1/0004_000701_快乐.wav	/root/autodl-tmp/CosyVoice_dev/examples/libritts/cosyvoice2/data/esd-emo-grpo/valid/receive/0004_000701_快乐.wav
/root/autodl-tmp/CosyVoice_dev/examples/libritts/cosyvoice2/data/esd-emo-grpo/valid/samp_1/0004_000702_快乐.wav	/root/autodl-tmp/CosyVoice_dev/examples/libritts/cosyvoice2/data/esd-emo-grpo/valid/receive/0004_000702_快乐.wav
/root/autodl-tmp/CosyVoice_dev/examples/libritts/cosyvoice2/data/esd-emo-grpo/valid/samp_1/0004_000703_快乐.wav	/root/autodl-tmp/CosyVoice_dev/examples/libritts/cosyvoice2/data/esd-emo-grpo/valid/receive/0004_000703_快乐.wav
/root/autodl-tmp/CosyVoice_dev/examples/libritts/cosyvoice2/data/esd-emo-grpo/valid/samp_1/0004_000704_快乐.wav	/root/autodl-tmp/CosyVoice_dev/examples/libritts/cosyvoice2/data/esd-emo-grpo/valid/receive/0004_000704_快乐.wav
/root/autodl-tmp/CosyVoice_dev/examples/libritts/cosyvoice2/data/esd-emo-grpo/valid/samp_1/0001_000351_生气.wav	/root/autodl-tmp/CosyVoice_dev/examples/libritts/cosyvoice2/data/esd-emo-grpo/valid/receive/0001_000351_生气.wav
/root/autodl-tmp/CosyVoice_dev/examples/libritts/cosyvoice2/data/esd-emo-grpo/valid/samp_1/0001_000352_生气.wav	/root/autodl-tmp/CosyVoice_dev/examples/libritts/cosyvoice2/data/esd-emo-grpo/valid/receive/0001_000352_生气.wav
/root/autodl-tmp/CosyVoice_dev/examples/libritts/cosyvoice2/data/esd-emo-grpo/valid/samp_1/0001_000353_生气.wav	/root/autodl-tmp/CosyVoice_dev/examples/libritts/cosyvoice2/data/esd-emo-grpo/valid/receive/0001_000353_生气.wav
/root/autodl-tmp/CosyVoice_dev/examples/libritts/cosyvoice2/data/esd-emo-grpo/valid/samp_1/0001_000354_生气.wav	/root/autodl-tmp/CosyVoice_dev/examples/libritts/cosyvoice2/data/esd-emo-grpo/valid/receive/0001_000354_生气.wav
/root/autodl-tmp/CosyVoice_dev/examples/libritts/cosyvoice2/data/esd-emo-grpo/valid/samp_1/0001_000355_生气.wav	/root/autodl-tmp/CosyVoice_dev/examples/libritts/cosyvoice2/data/esd-emo-grpo/valid/receive/0001_000355_生气.wav
/root/autodl-tmp/CosyVoice_dev/examples/libritts/cosyvoice2/data/esd-emo-grpo/valid/samp_1/0001_000356_生气.wav	/root/autodl-tmp/CosyVoice_dev/examples/libritts/cosyvoice2/data/esd-emo-grpo/valid/receive/0001_000356_生气.wav
/root/autodl-tmp/CosyVoice_dev/examples/libritts/cosyvoice2/data/esd-emo-grpo/valid/samp_1/0001_000357_生气.wav	/root/autodl-tmp/CosyVoice_dev/examples/libritts/cosyvoice2/data/esd-emo-grpo/valid/receive/0001_000357_生气.wav
/root/autodl-tmp/CosyVoice_dev/examples/libritts/cosyvoice2/data/esd-emo-grpo/valid/samp_1/0001_000358_生气.wav	/root/autodl-tmp/CosyVoice_dev/examples/libritts/cosyvoice2/data/esd-emo-grpo/valid/receive/0001_000358_生气.wav
/root/autodl-tmp/CosyVoice_dev/examples/libritts/cosyvoice2/data/esd-emo-grpo/valid/samp_1/0001_000359_生气.wav	/root/autodl-tmp/CosyVoice_dev/examples/libritts/cosyvoice2/data/esd-emo-grpo/valid/receive/0001_000359_生气.wav
/root/autodl-tmp/CosyVoice_dev/examples/libritts/cosyvoice2/data/esd-emo-grpo/valid/samp_1/0001_000360_生气.wav	/root/autodl-tmp/CosyVoice_dev/examples/libritts/cosyvoice2/data/esd-emo-grpo/valid/receive/0001_000360_生气.wav
/root/autodl-tmp/CosyVoice_dev/examples/libritts/cosyvoice2/data/esd-emo-grpo/valid/samp_1/0001_000361_生气.wav	/root/autodl-tmp/CosyVoice_dev/examples/libritts/cosyvoice2/data/esd-emo-grpo/valid/receive/0001_000361_生气.wav
/root/autodl-tmp/CosyVoice_dev/examples/libritts/cosyvoice2/data/esd-emo-grpo/valid/samp_1/0001_000362_生气.wav	/root/autodl-tmp/CosyVoice_dev/examples/libritts/cosyvoice2/data/esd-emo-grpo/valid/receive/0001_000362_生气.wav
/root/autodl-tmp/CosyVoice_dev/examples/libritts/cosyvoice2/data/esd-emo-grpo/valid/samp_1/0001_000363_生气.wav	/root/autodl-tmp/CosyVoice_dev/examples/libritts/cosyvoice2/data/esd-emo-grpo/valid/receive/0001_000363_生气.wav
/root/autodl-tmp/CosyVoice_dev/examples/libritts/cosyvoice2/data/esd-emo-grpo/valid/samp_1/0001_000364_生气.wav	/root/autodl-tmp/CosyVoice_dev/examples/libritts/cosyvoice2/data/esd-emo-grpo/valid/receive/0001_000364_生气.wav
/root/autodl-tmp/CosyVoice_dev/examples/libritts/cosyvoice2/data/esd-emo-grpo/valid/samp_1/0001_000365_生气.wav	/root/autodl-tmp/CosyVoice_dev/examples/libritts/cosyvoice2/data/esd-emo-grpo/valid/receive/0001_000365_生气.wav
/root/autodl-tmp/CosyVoice_dev/examples/libritts/cosyvoice2/data/esd-emo-grpo/valid/samp_1/0001_000366_生气.wav	/root/autodl-tmp/CosyVoice_dev/examples/libritts/cosyvoice2/data/esd-emo-grpo/valid/receive/0001_000366_生气.wav
/root/autodl-tmp/CosyVoice_dev/examples/libritts/cosyvoice2/data/esd-emo-grpo/valid/samp_1/0001_000367_生气.wav	/root/autodl-tmp/CosyVoice_dev/examples/libritts/cosyvoice2/data/esd-emo-grpo/valid/receive/0001_000367_生气.wav
/root/autodl-tmp/CosyVoice_dev/examples/libritts/cosyvoice2/data/esd-emo-grpo/valid/samp_1/0001_000368_生气.wav	/root/autodl-tmp/CosyVoice_dev/examples/libritts/cosyvoice2/data/esd-emo-grpo/valid/receive/0001_000368_生气.wav
/root/autodl-tmp/CosyVoice_dev/examples/libritts/cosyvoice2/data/esd-emo-grpo/valid/samp_1/0001_000369_生气.wav	/root/autodl-tmp/CosyVoice_dev/examples/libritts/cosyvoice2/data/esd-emo-grpo/valid/receive/0001_000369_生气.wav
/root/autodl-tmp/CosyVoice_dev/examples/libritts/cosyvoice2/data/esd-emo-grpo/valid/samp_1/0001_000370_生气.wav	/root/autodl-tmp/CosyVoice_dev/examples/libritts/cosyvoice2/data/esd-emo-grpo/valid/receive/0001_000370_生气.wav
/root/autodl-tmp/CosyVoice_dev/examples/libritts/cosyvoice2/data/esd-emo-grpo/valid/samp_1/0002_000701_快乐.wav	/root/autodl-tmp/CosyVoice_dev/examples/libritts/cosyvoice2/data/esd-emo-grpo/valid/receive/0002_000701_快乐.wav
/root/autodl-tmp/CosyVoice_dev/examples/libritts/cosyvoice2/data/esd-emo-grpo/valid/samp_1/0002_000702_快乐.wav	/root/autodl-tmp/CosyVoice_dev/examples/libritts/cosyvoice2/data/esd-emo-grpo/valid/receive/0002_000702_快乐.wav
/root/autodl-tmp/CosyVoice_dev/examples/libritts/cosyvoice2/data/esd-emo-grpo/valid/samp_1/0002_000703_快乐.wav	/root/autodl-tmp/CosyVoice_dev/examples/libritts/cosyvoice2/data/esd-emo-grpo/valid/receive/0002_000703_快乐.wav
/root/autodl-tmp/CosyVoice_dev/examples/libritts/cosyvoice2/data/esd-emo-grpo/valid/samp_1/0002_000704_快乐.wav	/root/autodl-tmp/CosyVoice_dev/examples/libritts/cosyvoice2/data/esd-emo-grpo/valid/receive/0002_000704_快乐.wav
/root/autodl-tmp/CosyVoice_dev/examples/libritts/cosyvoice2/data/esd-emo-grpo/valid/samp_1/0002_000705_快乐.wav	/root/autodl-tmp/CosyVoice_dev/examples/libritts/cosyvoice2/data/esd-emo-grpo/valid/receive/0002_000705_快乐.wav
/root/autodl-tmp/CosyVoice_dev/examples/libritts/cosyvoice2/data/esd-emo-grpo/valid/samp_1/0002_000706_快乐.wav	/root/autodl-tmp/CosyVoice_dev/examples/libritts/cosyvoice2/data/esd-emo-grpo/valid/receive/0002_000706_快乐.wav
/root/autodl-tmp/CosyVoice_dev/examples/libritts/cosyvoice2/data/esd-emo-grpo/valid/samp_1/0002_000707_快乐.wav	/root/autodl-tmp/CosyVoice_dev/examples/libritts/cosyvoice2/data/esd-emo-grpo/valid/receive/0002_000707_快乐.wav
/root/autodl-tmp/CosyVoice_dev/examples/libritts/cosyvoice2/data/esd-emo-grpo/valid/samp_1/0002_000708_快乐.wav	/root/autodl-tmp/CosyVoice_dev/examples/libritts/cosyvoice2/data/esd-emo-grpo/valid/receive/0002_000708_快乐.wav
/root/autodl-tmp/CosyVoice_dev/examples/libritts/cosyvoice2/data/esd-emo-grpo/valid/samp_1/0002_000709_快乐.wav	/root/autodl-tmp/CosyVoice_dev/examples/libritts/cosyvoice2/data/esd-emo-grpo/valid/receive/0002_000709_快乐.wav
/root/autodl-tmp/CosyVoice_dev/examples/libritts/cosyvoice2/data/esd-emo-grpo/valid/samp_1/0002_000710_快乐.wav	/root/autodl-tmp/CosyVoice_dev/examples/libritts/cosyvoice2/data/esd-emo-grpo/valid/receive/0002_000710_快乐.wav
/root/autodl-tmp/CosyVoice_dev/examples/libritts/cosyvoice2/data/esd-emo-grpo/valid/samp_1/0002_000711_快乐.wav	/root/autodl-tmp/CosyVoice_dev/examples/libritts/cosyvoice2/data/esd-emo-grpo/valid/receive/0002_000711_快乐.wav
/root/autodl-tmp/CosyVoice_dev/examples/libritts/cosyvoice2/data/esd-emo-grpo/valid/samp_1/0002_000712_快乐.wav	/root/autodl-tmp/CosyVoice_dev/examples/libritts/cosyvoice2/data/esd-emo-grpo/valid/receive/0002_000712_快乐.wav
/root/autodl-tmp/CosyVoice_dev/examples/libritts/cosyvoice2/data/esd-emo-grpo/valid/samp_1/0005_001063_伤心.wav	/root/autodl-tmp/CosyVoice_dev/examples/libritts/cosyvoice2/data/esd-emo-grpo/valid/receive/0005_001063_伤心.wav
/root/autodl-tmp/CosyVoice_dev/examples/libritts/cosyvoice2/data/esd-emo-grpo/valid/samp_1/0005_001064_伤心.wav	/root/autodl-tmp/CosyVoice_dev/examples/libritts/cosyvoice2/data/esd-emo-grpo/valid/receive/0005_001064_伤心.wav
/root/autodl-tmp/CosyVoice_dev/examples/libritts/cosyvoice2/data/esd-emo-grpo/valid/samp_1/0005_001065_伤心.wav	/root/autodl-tmp/CosyVoice_dev/examples/libritts/cosyvoice2/data/esd-emo-grpo/valid/receive/0005_001065_伤心.wav
/root/autodl-tmp/CosyVoice_dev/examples/libritts/cosyvoice2/data/esd-emo-grpo/valid/samp_1/0005_001066_伤心.wav	/root/autodl-tmp/CosyVoice_dev/examples/libritts/cosyvoice2/data/esd-emo-grpo/valid/receive/0005_001066_伤心.wav
/root/autodl-tmp/CosyVoice_dev/examples/libritts/cosyvoice2/data/esd-emo-grpo/valid/samp_1/0005_001067_伤心.wav	/root/autodl-tmp/CosyVoice_dev/examples/libritts/cosyvoice2/data/esd-emo-grpo/valid/receive/0005_001067_伤心.wav
/root/autodl-tmp/CosyVoice_dev/examples/libritts/cosyvoice2/data/esd-emo-grpo/valid/samp_1/0005_001068_伤心.wav	/root/autodl-tmp/CosyVoice_dev/examples/libritts/cosyvoice2/data/esd-emo-grpo/valid/receive/0005_001068_伤心.wav
/root/autodl-tmp/CosyVoice_dev/examples/libritts/cosyvoice2/data/esd-emo-grpo/valid/samp_1/0005_001069_伤心.wav	/root/autodl-tmp/CosyVoice_dev/examples/libritts/cosyvoice2/data/esd-emo-grpo/valid/receive/0005_001069_伤心.wav
/root/autodl-tmp/CosyVoice_dev/examples/libritts/cosyvoice2/data/esd-emo-grpo/valid/samp_1/0005_001070_伤心.wav	/root/autodl-tmp/CosyVoice_dev/examples/libritts/cosyvoice2/data/esd-emo-grpo/valid/receive/0005_001070_伤心.wav
/root/autodl-tmp/CosyVoice_dev/examples/libritts/cosyvoice2/data/esd-emo-grpo/valid/samp_1/0005_001401_惊喜.wav	/root/autodl-tmp/CosyVoice_dev/examples/libritts/cosyvoice2/data/esd-emo-grpo/valid/receive/0005_001401_惊喜.wav
/root/autodl-tmp/CosyVoice_dev/examples/libritts/cosyvoice2/data/esd-emo-grpo/valid/samp_1/0005_001402_惊喜.wav	/root/autodl-tmp/CosyVoice_dev/examples/libritts/cosyvoice2/data/esd-emo-grpo/valid/receive/0005_001402_惊喜.wav
/root/autodl-tmp/CosyVoice_dev/examples/libritts/cosyvoice2/data/esd-emo-grpo/valid/samp_1/0005_001403_惊喜.wav	/root/autodl-tmp/CosyVoice_dev/examples/libritts/cosyvoice2/data/esd-emo-grpo/valid/receive/0005_001403_惊喜.wav
/root/autodl-tmp/CosyVoice_dev/examples/libritts/cosyvoice2/data/esd-emo-grpo/valid/samp_1/0005_001404_惊喜.wav	/root/autodl-tmp/CosyVoice_dev/examples/libritts/cosyvoice2/data/esd-emo-grpo/valid/receive/0005_001404_惊喜.wav
/root/autodl-tmp/CosyVoice_dev/examples/libritts/cosyvoice2/data/esd-emo-grpo/valid/samp_1/0005_001405_惊喜.wav	/root/autodl-tmp/CosyVoice_dev/examples/libritts/cosyvoice2/data/esd-emo-grpo/valid/receive/0005_001405_惊喜.wav
/root/autodl-tmp/CosyVoice_dev/examples/libritts/cosyvoice2/data/esd-emo-grpo/valid/samp_1/0005_001406_惊喜.wav	/root/autodl-tmp/CosyVoice_dev/examples/libritts/cosyvoice2/data/esd-emo-grpo/valid/receive/0005_001406_惊喜.wav
/root/autodl-tmp/CosyVoice_dev/examples/libritts/cosyvoice2/data/esd-emo-grpo/valid/samp_1/0005_001407_惊喜.wav	/root/autodl-tmp/CosyVoice_dev/examples/libritts/cosyvoice2/data/esd-emo-grpo/valid/receive/0005_001407_惊喜.wav
/root/autodl-tmp/CosyVoice_dev/examples/libritts/cosyvoice2/data/esd-emo-grpo/valid/samp_1/0005_001408_惊喜.wav	/root/autodl-tmp/CosyVoice_dev/examples/libritts/cosyvoice2/data/esd-emo-grpo/valid/receive/0005_001408_惊喜.wav
/root/autodl-tmp/CosyVoice_dev/examples/libritts/cosyvoice2/data/esd-emo-grpo/valid/samp_1/0005_001409_惊喜.wav	/root/autodl-tmp/CosyVoice_dev/examples/libritts/cosyvoice2/data/esd-emo-grpo/valid/receive/0005_001409_惊喜.wav
/root/autodl-tmp/CosyVoice_dev/examples/libritts/cosyvoice2/data/esd-emo-grpo/valid/samp_1/0005_001410_惊喜.wav	/root/autodl-tmp/CosyVoice_dev/examples/libritts/cosyvoice2/data/esd-emo-grpo/valid/receive/0005_001410_惊喜.wav
/root/autodl-tmp/CosyVoice_dev/examples/libritts/cosyvoice2/data/esd-emo-grpo/valid/samp_1/0005_001411_惊喜.wav	/root/autodl-tmp/CosyVoice_dev/examples/libritts/cosyvoice2/data/esd-emo-grpo/valid/receive/0005_001411_惊喜.wav
/root/autodl-tmp/CosyVoice_dev/examples/libritts/cosyvoice2/data/esd-emo-grpo/valid/samp_1/0005_001412_惊喜.wav	/root/autodl-tmp/CosyVoice_dev/examples/libritts/cosyvoice2/data/esd-emo-grpo/valid/receive/0005_001412_惊喜.wav
/root/autodl-tmp/CosyVoice_dev/examples/libritts/cosyvoice2/data/esd-emo-grpo/valid/samp_1/0005_001413_惊喜.wav	/root/autodl-tmp/CosyVoice_dev/examples/libritts/cosyvoice2/data/esd-emo-grpo/valid/receive/0005_001413_惊喜.wav
/root/autodl-tmp/CosyVoice_dev/examples/libritts/cosyvoice2/data/esd-emo-grpo/valid/samp_1/0005_001414_惊喜.wav	/root/autodl-tmp/CosyVoice_dev/examples/libritts/cosyvoice2/data/esd-emo-grpo/valid/receive/0005_001414_惊喜.wav
/root/autodl-tmp/CosyVoice_dev/examples/libritts/cosyvoice2/data/esd-emo-grpo/valid/samp_1/0005_001415_惊喜.wav	/root/autodl-tmp/CosyVoice_dev/examples/libritts/cosyvoice2/data/esd-emo-grpo/valid/receive/0005_001415_惊喜.wav
/root/autodl-tmp/CosyVoice_dev/examples/libritts/cosyvoice2/data/esd-emo-grpo/valid/samp_1/0005_001416_惊喜.wav	/root/autodl-tmp/CosyVoice_dev/examples/libritts/cosyvoice2/data/esd-emo-grpo/valid/receive/0005_001416_惊喜.wav
/root/autodl-tmp/CosyVoice_dev/examples/libritts/cosyvoice2/data/esd-emo-grpo/valid/samp_1/0005_001417_惊喜.wav	/root/autodl-tmp/CosyVoice_dev/examples/libritts/cosyvoice2/data/esd-emo-grpo/valid/receive/0005_001417_惊喜.wav
/root/autodl-tmp/CosyVoice_dev/examples/libritts/cosyvoice2/data/esd-emo-grpo/valid/samp_1/0005_001418_惊喜.wav	/root/autodl-tmp/CosyVoice_dev/examples/libritts/cosyvoice2/data/esd-emo-grpo/valid/receive/0005_001418_惊喜.wav
/root/autodl-tmp/CosyVoice_dev/examples/libritts/cosyvoice2/data/esd-emo-grpo/valid/samp_1/0005_001419_惊喜.wav	/root/autodl-tmp/CosyVoice_dev/examples/libritts/cosyvoice2/data/esd-emo-grpo/valid/receive/0005_001419_惊喜.wav
/root/autodl-tmp/CosyVoice_dev/examples/libritts/cosyvoice2/data/esd-emo-grpo/valid/samp_1/0005_001420_惊喜.wav	/root/autodl-tmp/CosyVoice_dev/examples/libritts/cosyvoice2/data/esd-emo-grpo/valid/receive/0005_001420_惊喜.wav
/root/autodl-tmp/CosyVoice_dev/examples/libritts/cosyvoice2/data/esd-emo-grpo/valid/samp_1/0005_000001_冷静.wav	/root/autodl-tmp/CosyVoice_dev/examples/libritts/cosyvoice2/data/esd-emo-grpo/valid/receive/0005_000001_冷静.wav
/root/autodl-tmp/CosyVoice_dev/examples/libritts/cosyvoice2/data/esd-emo-grpo/valid/samp_1/0005_000002_冷静.wav	/root/autodl-tmp/CosyVoice_dev/examples/libritts/cosyvoice2/data/esd-emo-grpo/valid/receive/0005_000002_冷静.wav
/root/autodl-tmp/CosyVoice_dev/examples/libritts/cosyvoice2/data/esd-emo-grpo/valid/samp_1/0005_000003_冷静.wav	/root/autodl-tmp/CosyVoice_dev/examples/libritts/cosyvoice2/data/esd-emo-grpo/valid/receive/0005_000003_冷静.wav
/root/autodl-tmp/CosyVoice_dev/examples/libritts/cosyvoice2/data/esd-emo-grpo/valid/samp_1/0005_000004_冷静.wav	/root/autodl-tmp/CosyVoice_dev/examples/libritts/cosyvoice2/data/esd-emo-grpo/valid/receive/0005_000004_冷静.wav
/root/autodl-tmp/CosyVoice_dev/examples/libritts/cosyvoice2/data/esd-emo-grpo/valid/samp_1/0002_000017_冷静.wav	/root/autodl-tmp/CosyVoice_dev/examples/libritts/cosyvoice2/data/esd-emo-grpo/valid/receive/0002_000017_冷静.wav
/root/autodl-tmp/CosyVoice_dev/examples/libritts/cosyvoice2/data/esd-emo-grpo/valid/samp_1/0002_000018_冷静.wav	/root/autodl-tmp/CosyVoice_dev/examples/libritts/cosyvoice2/data/esd-emo-grpo/valid/receive/0002_000018_冷静.wav
/root/autodl-tmp/CosyVoice_dev/examples/libritts/cosyvoice2/data/esd-emo-grpo/valid/samp_1/0002_000019_冷静.wav	/root/autodl-tmp/CosyVoice_dev/examples/libritts/cosyvoice2/data/esd-emo-grpo/valid/receive/0002_000019_冷静.wav
/root/autodl-tmp/CosyVoice_dev/examples/libritts/cosyvoice2/data/esd-emo-grpo/valid/samp_1/0002_000020_冷静.wav	/root/autodl-tmp/CosyVoice_dev/examples/libritts/cosyvoice2/data/esd-emo-grpo/valid/receive/0002_000020_冷静.wav
/root/autodl-tmp/CosyVoice_dev/examples/libritts/cosyvoice2/data/esd-emo-grpo/valid/samp_1/0002_000351_生气.wav	/root/autodl-tmp/CosyVoice_dev/examples/libritts/cosyvoice2/data/esd-emo-grpo/valid/receive/0002_000351_生气.wav
/root/autodl-tmp/CosyVoice_dev/examples/libritts/cosyvoice2/data/esd-emo-grpo/valid/samp_1/0002_000352_生气.wav	/root/autodl-tmp/CosyVoice_dev/examples/libritts/cosyvoice2/data/esd-emo-grpo/valid/receive/0002_000352_生气.wav
/root/autodl-tmp/CosyVoice_dev/examples/libritts/cosyvoice2/data/esd-emo-grpo/valid/samp_1/0002_000353_生气.wav	/root/autodl-tmp/CosyVoice_dev/examples/libritts/cosyvoice2/data/esd-emo-grpo/valid/receive/0002_000353_生气.wav
/root/autodl-tmp/CosyVoice_dev/examples/libritts/cosyvoice2/data/esd-emo-grpo/valid/samp_1/0002_000354_生气.wav	/root/autodl-tmp/CosyVoice_dev/examples/libritts/cosyvoice2/data/esd-emo-grpo/valid/receive/0002_000354_生气.wav
/root/autodl-tmp/CosyVoice_dev/examples/libritts/cosyvoice2/data/esd-emo-grpo/valid/samp_1/0002_000355_生气.wav	/root/autodl-tmp/CosyVoice_dev/examples/libritts/cosyvoice2/data/esd-emo-grpo/valid/receive/0002_000355_生气.wav
/root/autodl-tmp/CosyVoice_dev/examples/libritts/cosyvoice2/data/esd-emo-grpo/valid/samp_1/0002_000356_生气.wav	/root/autodl-tmp/CosyVoice_dev/examples/libritts/cosyvoice2/data/esd-emo-grpo/valid/receive/0002_000356_生气.wav
/root/autodl-tmp/CosyVoice_dev/examples/libritts/cosyvoice2/data/esd-emo-grpo/valid/samp_1/0002_000357_生气.wav	/root/autodl-tmp/CosyVoice_dev/examples/libritts/cosyvoice2/data/esd-emo-grpo/valid/receive/0002_000357_生气.wav
/root/autodl-tmp/CosyVoice_dev/examples/libritts/cosyvoice2/data/esd-emo-grpo/valid/samp_1/0002_000358_生气.wav	/root/autodl-tmp/CosyVoice_dev/examples/libritts/cosyvoice2/data/esd-emo-grpo/valid/receive/0002_000358_生气.wav
/root/autodl-tmp/CosyVoice_dev/examples/libritts/cosyvoice2/data/esd-emo-grpo/valid/samp_1/0002_000359_生气.wav	/root/autodl-tmp/CosyVoice_dev/examples/libritts/cosyvoice2/data/esd-emo-grpo/valid/receive/0002_000359_生气.wav
/root/autodl-tmp/CosyVoice_dev/examples/libritts/cosyvoice2/data/esd-emo-grpo/valid/samp_1/0002_000360_生气.wav	/root/autodl-tmp/CosyVoice_dev/examples/libritts/cosyvoice2/data/esd-emo-grpo/valid/receive/0002_000360_生气.wav
/root/autodl-tmp/CosyVoice_dev/examples/libritts/cosyvoice2/data/esd-emo-grpo/valid/samp_1/0002_000361_生气.wav	/root/autodl-tmp/CosyVoice_dev/examples/libritts/cosyvoice2/data/esd-emo-grpo/valid/receive/0002_000361_生气.wav
/root/autodl-tmp/CosyVoice_dev/examples/libritts/cosyvoice2/data/esd-emo-grpo/valid/samp_1/0002_000362_生气.wav	/root/autodl-tmp/CosyVoice_dev/examples/libritts/cosyvoice2/data/esd-emo-grpo/valid/receive/0002_000362_生气.wav
/root/autodl-tmp/CosyVoice_dev/examples/libritts/cosyvoice2/data/esd-emo-grpo/valid/samp_1/0002_000363_生气.wav	/root/autodl-tmp/CosyVoice_dev/examples/libritts/cosyvoice2/data/esd-emo-grpo/valid/receive/0002_000363_生气.wav
/root/autodl-tmp/CosyVoice_dev/examples/libritts/cosyvoice2/data/esd-emo-grpo/valid/samp_1/0002_000364_生气.wav	/root/autodl-tmp/CosyVoice_dev/examples/libritts/cosyvoice2/data/esd-emo-grpo/valid/receive/0002_000364_生气.wav
/root/autodl-tmp/CosyVoice_dev/examples/libritts/cosyvoice2/data/esd-emo-grpo/valid/samp_1/0002_000365_生气.wav	/root/autodl-tmp/CosyVoice_dev/examples/libritts/cosyvoice2/data/esd-emo-grpo/valid/receive/0002_000365_生气.wav
/root/autodl-tmp/CosyVoice_dev/examples/libritts/cosyvoice2/data/esd-emo-grpo/valid/samp_1/0002_000366_生气.wav	/root/autodl-tmp/CosyVoice_dev/examples/libritts/cosyvoice2/data/esd-emo-grpo/valid/receive/0002_000366_生气.wav
/root/autodl-tmp/CosyVoice_dev/examples/libritts/cosyvoice2/data/esd-emo-grpo/valid/samp_1/0002_000367_生气.wav	/root/autodl-tmp/CosyVoice_dev/examples/libritts/cosyvoice2/data/esd-emo-grpo/valid/receive/0002_000367_生气.wav
/root/autodl-tmp/CosyVoice_dev/examples/libritts/cosyvoice2/data/esd-emo-grpo/valid/samp_1/0002_000368_生气.wav	/root/autodl-tmp/CosyVoice_dev/examples/libritts/cosyvoice2/data/esd-emo-grpo/valid/receive/0002_000368_生气.wav
/root/autodl-tmp/CosyVoice_dev/examples/libritts/cosyvoice2/data/esd-emo-grpo/valid/samp_1/0002_000369_生气.wav	/root/autodl-tmp/CosyVoice_dev/examples/libritts/cosyvoice2/data/esd-emo-grpo/valid/receive/0002_000369_生气.wav
/root/autodl-tmp/CosyVoice_dev/examples/libritts/cosyvoice2/data/esd-emo-grpo/valid/samp_1/0002_000370_生气.wav	/root/autodl-tmp/CosyVoice_dev/examples/libritts/cosyvoice2/data/esd-emo-grpo/valid/receive/0002_000370_生气.wav
/root/autodl-tmp/CosyVoice_dev/examples/libritts/cosyvoice2/data/esd-emo-grpo/valid/samp_1/0003_000701_快乐.wav	/root/autodl-tmp/CosyVoice_dev/examples/libritts/cosyvoice2/data/esd-emo-grpo/valid/receive/0003_000701_快乐.wav
/root/autodl-tmp/CosyVoice_dev/examples/libritts/cosyvoice2/data/esd-emo-grpo/valid/samp_1/0003_000702_快乐.wav	/root/autodl-tmp/CosyVoice_dev/examples/libritts/cosyvoice2/data/esd-emo-grpo/valid/receive/0003_000702_快乐.wav
/root/autodl-tmp/CosyVoice_dev/examples/libritts/cosyvoice2/data/esd-emo-grpo/valid/samp_1/0003_000703_快乐.wav	/root/autodl-tmp/CosyVoice_dev/examples/libritts/cosyvoice2/data/esd-emo-grpo/valid/receive/0003_000703_快乐.wav
/root/autodl-tmp/CosyVoice_dev/examples/libritts/cosyvoice2/data/esd-emo-grpo/valid/samp_1/0003_000704_快乐.wav	/root/autodl-tmp/CosyVoice_dev/examples/libritts/cosyvoice2/data/esd-emo-grpo/valid/receive/0003_000704_快乐.wav
/root/autodl-tmp/CosyVoice_dev/examples/libritts/cosyvoice2/data/esd-emo-grpo/valid/samp_1/0003_000705_快乐.wav	/root/autodl-tmp/CosyVoice_dev/examples/libritts/cosyvoice2/data/esd-emo-grpo/valid/receive/0003_000705_快乐.wav
/root/autodl-tmp/CosyVoice_dev/examples/libritts/cosyvoice2/data/esd-emo-grpo/valid/samp_1/0003_000706_快乐.wav	/root/autodl-tmp/CosyVoice_dev/examples/libritts/cosyvoice2/data/esd-emo-grpo/valid/receive/0003_000706_快乐.wav
/root/autodl-tmp/CosyVoice_dev/examples/libritts/cosyvoice2/data/esd-emo-grpo/valid/samp_1/0003_000707_快乐.wav	/root/autodl-tmp/CosyVoice_dev/examples/libritts/cosyvoice2/data/esd-emo-grpo/valid/receive/0003_000707_快乐.wav
/root/autodl-tmp/CosyVoice_dev/examples/libritts/cosyvoice2/data/esd-emo-grpo/valid/samp_1/0003_000708_快乐.wav	/root/autodl-tmp/CosyVoice_dev/examples/libritts/cosyvoice2/data/esd-emo-grpo/valid/receive/0003_000708_快乐.wav
/root/autodl-tmp/CosyVoice_dev/examples/libritts/cosyvoice2/data/esd-emo-grpo/valid/samp_1/0003_000709_快乐.wav	/root/autodl-tmp/CosyVoice_dev/examples/libritts/cosyvoice2/data/esd-emo-grpo/valid/receive/0003_000709_快乐.wav
/root/autodl-tmp/CosyVoice_dev/examples/libritts/cosyvoice2/data/esd-emo-grpo/valid/samp_1/0003_000710_快乐.wav	/root/autodl-tmp/CosyVoice_dev/examples/libritts/cosyvoice2/data/esd-emo-grpo/valid/receive/0003_000710_快乐.wav
/root/autodl-tmp/CosyVoice_dev/examples/libritts/cosyvoice2/data/esd-emo-grpo/valid/samp_1/0003_000711_快乐.wav	/root/autodl-tmp/CosyVoice_dev/examples/libritts/cosyvoice2/data/esd-emo-grpo/valid/receive/0003_000711_快乐.wav
/root/autodl-tmp/CosyVoice_dev/examples/libritts/cosyvoice2/data/esd-emo-grpo/valid/samp_1/0003_000712_快乐.wav	/root/autodl-tmp/CosyVoice_dev/examples/libritts/cosyvoice2/data/esd-emo-grpo/valid/receive/0003_000712_快乐.wav
/root/autodl-tmp/CosyVoice_dev/examples/libritts/cosyvoice2/data/esd-emo-grpo/valid/samp_1/0003_000713_快乐.wav	/root/autodl-tmp/CosyVoice_dev/examples/libritts/cosyvoice2/data/esd-emo-grpo/valid/receive/0003_000713_快乐.wav
/root/autodl-tmp/CosyVoice_dev/examples/libritts/cosyvoice2/data/esd-emo-grpo/valid/samp_1/0003_000714_快乐.wav	/root/autodl-tmp/CosyVoice_dev/examples/libritts/cosyvoice2/data/esd-emo-grpo/valid/receive/0003_000714_快乐.wav
/root/autodl-tmp/CosyVoice_dev/examples/libritts/cosyvoice2/data/esd-emo-grpo/valid/samp_1/0003_000715_快乐.wav	/root/autodl-tmp/CosyVoice_dev/examples/libritts/cosyvoice2/data/esd-emo-grpo/valid/receive/0003_000715_快乐.wav
/root/autodl-tmp/CosyVoice_dev/examples/libritts/cosyvoice2/data/esd-emo-grpo/valid/samp_1/0003_000716_快乐.wav	/root/autodl-tmp/CosyVoice_dev/examples/libritts/cosyvoice2/data/esd-emo-grpo/valid/receive/0003_000716_快乐.wav
/root/autodl-tmp/CosyVoice_dev/examples/libritts/cosyvoice2/data/esd-emo-grpo/valid/samp_1/0003_000717_快乐.wav	/root/autodl-tmp/CosyVoice_dev/examples/libritts/cosyvoice2/data/esd-emo-grpo/valid/receive/0003_000717_快乐.wav
/root/autodl-tmp/CosyVoice_dev/examples/libritts/cosyvoice2/data/esd-emo-grpo/valid/samp_1/0003_000718_快乐.wav	/root/autodl-tmp/CosyVoice_dev/examples/libritts/cosyvoice2/data/esd-emo-grpo/valid/receive/0003_000718_快乐.wav
/root/autodl-tmp/CosyVoice_dev/examples/libritts/cosyvoice2/data/esd-emo-grpo/valid/samp_1/0003_000719_快乐.wav	/root/autodl-tmp/CosyVoice_dev/examples/libritts/cosyvoice2/data/esd-emo-grpo/valid/receive/0003_000719_快乐.wav
/root/autodl-tmp/CosyVoice_dev/examples/libritts/cosyvoice2/data/esd-emo-grpo/valid/samp_1/0003_000720_快乐.wav	/root/autodl-tmp/CosyVoice_dev/examples/libritts/cosyvoice2/data/esd-emo-grpo/valid/receive/0003_000720_快乐.wav
/root/autodl-tmp/CosyVoice_dev/examples/libritts/cosyvoice2/data/esd-emo-grpo/valid/samp_1/0003_001051_伤心.wav	/root/autodl-tmp/CosyVoice_dev/examples/libritts/cosyvoice2/data/esd-emo-grpo/valid/receive/0003_001051_伤心.wav
/root/autodl-tmp/CosyVoice_dev/examples/libritts/cosyvoice2/data/esd-emo-grpo/valid/samp_1/0003_001052_伤心.wav	/root/autodl-tmp/CosyVoice_dev/examples/libritts/cosyvoice2/data/esd-emo-grpo/valid/receive/0003_001052_伤心.wav
/root/autodl-tmp/CosyVoice_dev/examples/libritts/cosyvoice2/data/esd-emo-grpo/valid/samp_1/0003_001053_伤心.wav	/root/autodl-tmp/CosyVoice_dev/examples/libritts/cosyvoice2/data/esd-emo-grpo/valid/receive/0003_001053_伤心.wav
/root/autodl-tmp/CosyVoice_dev/examples/libritts/cosyvoice2/data/esd-emo-grpo/valid/samp_1/0003_001054_伤心.wav	/root/autodl-tmp/CosyVoice_dev/examples/libritts/cosyvoice2/data/esd-emo-grpo/valid/receive/0003_001054_伤心.wav
/root/autodl-tmp/CosyVoice_dev/examples/libritts/cosyvoice2/data/esd-emo-grpo/valid/samp_1/0003_001055_伤心.wav	/root/autodl-tmp/CosyVoice_dev/examples/libritts/cosyvoice2/data/esd-emo-grpo/valid/receive/0003_001055_伤心.wav
/root/autodl-tmp/CosyVoice_dev/examples/libritts/cosyvoice2/data/esd-emo-grpo/valid/samp_1/0003_001056_伤心.wav	/root/autodl-tmp/CosyVoice_dev/examples/libritts/cosyvoice2/data/esd-emo-grpo/valid/receive/0003_001056_伤心.wav
/root/autodl-tmp/CosyVoice_dev/examples/libritts/cosyvoice2/data/esd-emo-grpo/valid/samp_1/0003_001057_伤心.wav	/root/autodl-tmp/CosyVoice_dev/examples/libritts/cosyvoice2/data/esd-emo-grpo/valid/receive/0003_001057_伤心.wav
/root/autodl-tmp/CosyVoice_dev/examples/libritts/cosyvoice2/data/esd-emo-grpo/valid/samp_1/0003_001058_伤心.wav	/root/autodl-tmp/CosyVoice_dev/examples/libritts/cosyvoice2/data/esd-emo-grpo/valid/receive/0003_001058_伤心.wav
/root/autodl-tmp/CosyVoice_dev/examples/libritts/cosyvoice2/data/esd-emo-grpo/valid/samp_1/0003_001059_伤心.wav	/root/autodl-tmp/CosyVoice_dev/examples/libritts/cosyvoice2/data/esd-emo-grpo/valid/receive/0003_001059_伤心.wav
/root/autodl-tmp/CosyVoice_dev/examples/libritts/cosyvoice2/data/esd-emo-grpo/valid/samp_1/0003_001060_伤心.wav	/root/autodl-tmp/CosyVoice_dev/examples/libritts/cosyvoice2/data/esd-emo-grpo/valid/receive/0003_001060_伤心.wav
/root/autodl-tmp/CosyVoice_dev/examples/libritts/cosyvoice2/data/esd-emo-grpo/valid/samp_1/0003_001061_伤心.wav	/root/autodl-tmp/CosyVoice_dev/examples/libritts/cosyvoice2/data/esd-emo-grpo/valid/receive/0003_001061_伤心.wav
/root/autodl-tmp/CosyVoice_dev/examples/libritts/cosyvoice2/data/esd-emo-grpo/valid/samp_1/0003_001062_伤心.wav	/root/autodl-tmp/CosyVoice_dev/examples/libritts/cosyvoice2/data/esd-emo-grpo/valid/receive/0003_001062_伤心.wav
/root/autodl-tmp/CosyVoice_dev/examples/libritts/cosyvoice2/data/esd-emo-grpo/valid/samp_1/0003_001063_伤心.wav	/root/autodl-tmp/CosyVoice_dev/examples/libritts/cosyvoice2/data/esd-emo-grpo/valid/receive/0003_001063_伤心.wav
/root/autodl-tmp/CosyVoice_dev/examples/libritts/cosyvoice2/data/esd-emo-grpo/valid/samp_1/0003_001064_伤心.wav	/root/autodl-tmp/CosyVoice_dev/examples/libritts/cosyvoice2/data/esd-emo-grpo/valid/receive/0003_001064_伤心.wav
/root/autodl-tmp/CosyVoice_dev/examples/libritts/cosyvoice2/data/esd-emo-grpo/valid/samp_1/0003_001065_伤心.wav	/root/autodl-tmp/CosyVoice_dev/examples/libritts/cosyvoice2/data/esd-emo-grpo/valid/receive/0003_001065_伤心.wav
/root/autodl-tmp/CosyVoice_dev/examples/libritts/cosyvoice2/data/esd-emo-grpo/valid/samp_1/0003_001066_伤心.wav	/root/autodl-tmp/CosyVoice_dev/examples/libritts/cosyvoice2/data/esd-emo-grpo/valid/receive/0003_001066_伤心.wav
/root/autodl-tmp/CosyVoice_dev/examples/libritts/cosyvoice2/data/esd-emo-grpo/valid/samp_1/0003_001067_伤心.wav	/root/autodl-tmp/CosyVoice_dev/examples/libritts/cosyvoice2/data/esd-emo-grpo/valid/receive/0003_001067_伤心.wav
/root/autodl-tmp/CosyVoice_dev/examples/libritts/cosyvoice2/data/esd-emo-grpo/valid/samp_1/0003_001068_伤心.wav	/root/autodl-tmp/CosyVoice_dev/examples/libritts/cosyvoice2/data/esd-emo-grpo/valid/receive/0003_001068_伤心.wav
/root/autodl-tmp/CosyVoice_dev/examples/libritts/cosyvoice2/data/esd-emo-grpo/valid/samp_1/0003_001069_伤心.wav	/root/autodl-tmp/CosyVoice_dev/examples/libritts/cosyvoice2/data/esd-emo-grpo/valid/receive/0003_001069_伤心.wav
/root/autodl-tmp/CosyVoice_dev/examples/libritts/cosyvoice2/data/esd-emo-grpo/valid/samp_1/0003_001070_伤心.wav	/root/autodl-tmp/CosyVoice_dev/examples/libritts/cosyvoice2/data/esd-emo-grpo/valid/receive/0003_001070_伤心.wav
/root/autodl-tmp/CosyVoice_dev/examples/libritts/cosyvoice2/data/esd-emo-grpo/valid/samp_1/0004_000705_快乐.wav	/root/autodl-tmp/CosyVoice_dev/examples/libritts/cosyvoice2/data/esd-emo-grpo/valid/receive/0004_000705_快乐.wav
/root/autodl-tmp/CosyVoice_dev/examples/libritts/cosyvoice2/data/esd-emo-grpo/valid/samp_1/0004_000706_快乐.wav	/root/autodl-tmp/CosyVoice_dev/examples/libritts/cosyvoice2/data/esd-emo-grpo/valid/receive/0004_000706_快乐.wav
/root/autodl-tmp/CosyVoice_dev/examples/libritts/cosyvoice2/data/esd-emo-grpo/valid/samp_1/0004_000707_快乐.wav	/root/autodl-tmp/CosyVoice_dev/examples/libritts/cosyvoice2/data/esd-emo-grpo/valid/receive/0004_000707_快乐.wav
/root/autodl-tmp/CosyVoice_dev/examples/libritts/cosyvoice2/data/esd-emo-grpo/valid/samp_1/0004_000708_快乐.wav	/root/autodl-tmp/CosyVoice_dev/examples/libritts/cosyvoice2/data/esd-emo-grpo/valid/receive/0004_000708_快乐.wav
/root/autodl-tmp/CosyVoice_dev/examples/libritts/cosyvoice2/data/esd-emo-grpo/valid/samp_1/0004_000709_快乐.wav	/root/autodl-tmp/CosyVoice_dev/examples/libritts/cosyvoice2/data/esd-emo-grpo/valid/receive/0004_000709_快乐.wav
/root/autodl-tmp/CosyVoice_dev/examples/libritts/cosyvoice2/data/esd-emo-grpo/valid/samp_1/0004_000710_快乐.wav	/root/autodl-tmp/CosyVoice_dev/examples/libritts/cosyvoice2/data/esd-emo-grpo/valid/receive/0004_000710_快乐.wav
/root/autodl-tmp/CosyVoice_dev/examples/libritts/cosyvoice2/data/esd-emo-grpo/valid/samp_1/0004_000711_快乐.wav	/root/autodl-tmp/CosyVoice_dev/examples/libritts/cosyvoice2/data/esd-emo-grpo/valid/receive/0004_000711_快乐.wav
/root/autodl-tmp/CosyVoice_dev/examples/libritts/cosyvoice2/data/esd-emo-grpo/valid/samp_1/0004_000712_快乐.wav	/root/autodl-tmp/CosyVoice_dev/examples/libritts/cosyvoice2/data/esd-emo-grpo/valid/receive/0004_000712_快乐.wav
/root/autodl-tmp/CosyVoice_dev/examples/libritts/cosyvoice2/data/esd-emo-grpo/valid/samp_1/0004_000713_快乐.wav	/root/autodl-tmp/CosyVoice_dev/examples/libritts/cosyvoice2/data/esd-emo-grpo/valid/receive/0004_000713_快乐.wav
/root/autodl-tmp/CosyVoice_dev/examples/libritts/cosyvoice2/data/esd-emo-grpo/valid/samp_1/0004_000714_快乐.wav	/root/autodl-tmp/CosyVoice_dev/examples/libritts/cosyvoice2/data/esd-emo-grpo/valid/receive/0004_000714_快乐.wav
/root/autodl-tmp/CosyVoice_dev/examples/libritts/cosyvoice2/data/esd-emo-grpo/valid/samp_1/0004_000715_快乐.wav	/root/autodl-tmp/CosyVoice_dev/examples/libritts/cosyvoice2/data/esd-emo-grpo/valid/receive/0004_000715_快乐.wav
/root/autodl-tmp/CosyVoice_dev/examples/libritts/cosyvoice2/data/esd-emo-grpo/valid/samp_1/0004_000716_快乐.wav	/root/autodl-tmp/CosyVoice_dev/examples/libritts/cosyvoice2/data/esd-emo-grpo/valid/receive/0004_000716_快乐.wav
/root/autodl-tmp/CosyVoice_dev/examples/libritts/cosyvoice2/data/esd-emo-grpo/valid/samp_1/0004_000717_快乐.wav	/root/autodl-tmp/CosyVoice_dev/examples/libritts/cosyvoice2/data/esd-emo-grpo/valid/receive/0004_000717_快乐.wav
/root/autodl-tmp/CosyVoice_dev/examples/libritts/cosyvoice2/data/esd-emo-grpo/valid/samp_1/0004_000718_快乐.wav	/root/autodl-tmp/CosyVoice_dev/examples/libritts/cosyvoice2/data/esd-emo-grpo/valid/receive/0004_000718_快乐.wav
/root/autodl-tmp/CosyVoice_dev/examples/libritts/cosyvoice2/data/esd-emo-grpo/valid/samp_1/0004_000719_快乐.wav	/root/autodl-tmp/CosyVoice_dev/examples/libritts/cosyvoice2/data/esd-emo-grpo/valid/receive/0004_000719_快乐.wav
/root/autodl-tmp/CosyVoice_dev/examples/libritts/cosyvoice2/data/esd-emo-grpo/valid/samp_1/0004_000720_快乐.wav	/root/autodl-tmp/CosyVoice_dev/examples/libritts/cosyvoice2/data/esd-emo-grpo/valid/receive/0004_000720_快乐.wav
/root/autodl-tmp/CosyVoice_dev/examples/libritts/cosyvoice2/data/esd-emo-grpo/valid/samp_1/0004_001051_伤心.wav	/root/autodl-tmp/CosyVoice_dev/examples/libritts/cosyvoice2/data/esd-emo-grpo/valid/receive/0004_001051_伤心.wav
/root/autodl-tmp/CosyVoice_dev/examples/libritts/cosyvoice2/data/esd-emo-grpo/valid/samp_1/0004_001052_伤心.wav	/root/autodl-tmp/CosyVoice_dev/examples/libritts/cosyvoice2/data/esd-emo-grpo/valid/receive/0004_001052_伤心.wav
/root/autodl-tmp/CosyVoice_dev/examples/libritts/cosyvoice2/data/esd-emo-grpo/valid/samp_1/0004_001053_伤心.wav	/root/autodl-tmp/CosyVoice_dev/examples/libritts/cosyvoice2/data/esd-emo-grpo/valid/receive/0004_001053_伤心.wav
/root/autodl-tmp/CosyVoice_dev/examples/libritts/cosyvoice2/data/esd-emo-grpo/valid/samp_1/0004_001054_伤心.wav	/root/autodl-tmp/CosyVoice_dev/examples/libritts/cosyvoice2/data/esd-emo-grpo/valid/receive/0004_001054_伤心.wav
/root/autodl-tmp/CosyVoice_dev/examples/libritts/cosyvoice2/data/esd-emo-grpo/valid/samp_1/0004_001055_伤心.wav	/root/autodl-tmp/CosyVoice_dev/examples/libritts/cosyvoice2/data/esd-emo-grpo/valid/receive/0004_001055_伤心.wav
/root/autodl-tmp/CosyVoice_dev/examples/libritts/cosyvoice2/data/esd-emo-grpo/valid/samp_1/0004_001056_伤心.wav	/root/autodl-tmp/CosyVoice_dev/examples/libritts/cosyvoice2/data/esd-emo-grpo/valid/receive/0004_001056_伤心.wav
/root/autodl-tmp/CosyVoice_dev/examples/libritts/cosyvoice2/data/esd-emo-grpo/valid/samp_1/0004_001057_伤心.wav	/root/autodl-tmp/CosyVoice_dev/examples/libritts/cosyvoice2/data/esd-emo-grpo/valid/receive/0004_001057_伤心.wav
/root/autodl-tmp/CosyVoice_dev/examples/libritts/cosyvoice2/data/esd-emo-grpo/valid/samp_1/0004_001058_伤心.wav	/root/autodl-tmp/CosyVoice_dev/examples/libritts/cosyvoice2/data/esd-emo-grpo/valid/receive/0004_001058_伤心.wav
/root/autodl-tmp/CosyVoice_dev/examples/libritts/cosyvoice2/data/esd-emo-grpo/valid/samp_1/0004_001059_伤心.wav	/root/autodl-tmp/CosyVoice_dev/examples/libritts/cosyvoice2/data/esd-emo-grpo/valid/receive/0004_001059_伤心.wav
/root/autodl-tmp/CosyVoice_dev/examples/libritts/cosyvoice2/data/esd-emo-grpo/valid/samp_1/0004_001060_伤心.wav	/root/autodl-tmp/CosyVoice_dev/examples/libritts/cosyvoice2/data/esd-emo-grpo/valid/receive/0004_001060_伤心.wav
/root/autodl-tmp/CosyVoice_dev/examples/libritts/cosyvoice2/data/esd-emo-grpo/valid/samp_1/0004_001061_伤心.wav	/root/autodl-tmp/CosyVoice_dev/examples/libritts/cosyvoice2/data/esd-emo-grpo/valid/receive/0004_001061_伤心.wav
/root/autodl-tmp/CosyVoice_dev/examples/libritts/cosyvoice2/data/esd-emo-grpo/valid/samp_1/0004_001062_伤心.wav	/root/autodl-tmp/CosyVoice_dev/examples/libritts/cosyvoice2/data/esd-emo-grpo/valid/receive/0004_001062_伤心.wav
/root/autodl-tmp/CosyVoice_dev/examples/libritts/cosyvoice2/data/esd-emo-grpo/valid/samp_1/0004_001063_伤心.wav	/root/autodl-tmp/CosyVoice_dev/examples/libritts/cosyvoice2/data/esd-emo-grpo/valid/receive/0004_001063_伤心.wav
/root/autodl-tmp/CosyVoice_dev/examples/libritts/cosyvoice2/data/esd-emo-grpo/valid/samp_1/0004_001064_伤心.wav	/root/autodl-tmp/CosyVoice_dev/examples/libritts/cosyvoice2/data/esd-emo-grpo/valid/receive/0004_001064_伤心.wav
/root/autodl-tmp/CosyVoice_dev/examples/libritts/cosyvoice2/data/esd-emo-grpo/valid/samp_1/0004_001065_伤心.wav	/root/autodl-tmp/CosyVoice_dev/examples/libritts/cosyvoice2/data/esd-emo-grpo/valid/receive/0004_001065_伤心.wav
/root/autodl-tmp/CosyVoice_dev/examples/libritts/cosyvoice2/data/esd-emo-grpo/valid/samp_1/0004_001066_伤心.wav	/root/autodl-tmp/CosyVoice_dev/examples/libritts/cosyvoice2/data/esd-emo-grpo/valid/receive/0004_001066_伤心.wav
/root/autodl-tmp/CosyVoice_dev/examples/libritts/cosyvoice2/data/esd-emo-grpo/valid/samp_1/0004_001067_伤心.wav	/root/autodl-tmp/CosyVoice_dev/examples/libritts/cosyvoice2/data/esd-emo-grpo/valid/receive/0004_001067_伤心.wav
/root/autodl-tmp/CosyVoice_dev/examples/libritts/cosyvoice2/data/esd-emo-grpo/valid/samp_1/0004_001068_伤心.wav	/root/autodl-tmp/CosyVoice_dev/examples/libritts/cosyvoice2/data/esd-emo-grpo/valid/receive/0004_001068_伤心.wav
/root/autodl-tmp/CosyVoice_dev/examples/libritts/cosyvoice2/data/esd-emo-grpo/valid/samp_1/0004_001069_伤心.wav	/root/autodl-tmp/CosyVoice_dev/examples/libritts/cosyvoice2/data/esd-emo-grpo/valid/receive/0004_001069_伤心.wav
/root/autodl-tmp/CosyVoice_dev/examples/libritts/cosyvoice2/data/esd-emo-grpo/valid/samp_1/0004_001070_伤心.wav	/root/autodl-tmp/CosyVoice_dev/examples/libritts/cosyvoice2/data/esd-emo-grpo/valid/receive/0004_001070_伤心.wav
/root/autodl-tmp/CosyVoice_dev/examples/libritts/cosyvoice2/data/esd-emo-grpo/valid/samp_1/0004_001401_惊喜.wav	/root/autodl-tmp/CosyVoice_dev/examples/libritts/cosyvoice2/data/esd-emo-grpo/valid/receive/0004_001401_惊喜.wav
/root/autodl-tmp/CosyVoice_dev/examples/libritts/cosyvoice2/data/esd-emo-grpo/valid/samp_1/0004_001402_惊喜.wav	/root/autodl-tmp/CosyVoice_dev/examples/libritts/cosyvoice2/data/esd-emo-grpo/valid/receive/0004_001402_惊喜.wav
/root/autodl-tmp/CosyVoice_dev/examples/libritts/cosyvoice2/data/esd-emo-grpo/valid/samp_1/0004_001403_惊喜.wav	/root/autodl-tmp/CosyVoice_dev/examples/libritts/cosyvoice2/data/esd-emo-grpo/valid/receive/0004_001403_惊喜.wav
/root/autodl-tmp/CosyVoice_dev/examples/libritts/cosyvoice2/data/esd-emo-grpo/valid/samp_1/0004_001404_惊喜.wav	/root/autodl-tmp/CosyVoice_dev/examples/libritts/cosyvoice2/data/esd-emo-grpo/valid/receive/0004_001404_惊喜.wav
/root/autodl-tmp/CosyVoice_dev/examples/libritts/cosyvoice2/data/esd-emo-grpo/valid/samp_1/0004_001405_惊喜.wav	/root/autodl-tmp/CosyVoice_dev/examples/libritts/cosyvoice2/data/esd-emo-grpo/valid/receive/0004_001405_惊喜.wav
/root/autodl-tmp/CosyVoice_dev/examples/libritts/cosyvoice2/data/esd-emo-grpo/valid/samp_1/0004_001406_惊喜.wav	/root/autodl-tmp/CosyVoice_dev/examples/libritts/cosyvoice2/data/esd-emo-grpo/valid/receive/0004_001406_惊喜.wav
/root/autodl-tmp/CosyVoice_dev/examples/libritts/cosyvoice2/data/esd-emo-grpo/valid/samp_1/0004_001407_惊喜.wav	/root/autodl-tmp/CosyVoice_dev/examples/libritts/cosyvoice2/data/esd-emo-grpo/valid/receive/0004_001407_惊喜.wav
/root/autodl-tmp/CosyVoice_dev/examples/libritts/cosyvoice2/data/esd-emo-grpo/valid/samp_1/0004_001408_惊喜.wav	/root/autodl-tmp/CosyVoice_dev/examples/libritts/cosyvoice2/data/esd-emo-grpo/valid/receive/0004_001408_惊喜.wav
/root/autodl-tmp/CosyVoice_dev/examples/libritts/cosyvoice2/data/esd-emo-grpo/valid/samp_1/0004_001409_惊喜.wav	/root/autodl-tmp/CosyVoice_dev/examples/libritts/cosyvoice2/data/esd-emo-grpo/valid/receive/0004_001409_惊喜.wav
/root/autodl-tmp/CosyVoice_dev/examples/libritts/cosyvoice2/data/esd-emo-grpo/valid/samp_1/0004_001410_惊喜.wav	/root/autodl-tmp/CosyVoice_dev/examples/libritts/cosyvoice2/data/esd-emo-grpo/valid/receive/0004_001410_惊喜.wav
/root/autodl-tmp/CosyVoice_dev/examples/libritts/cosyvoice2/data/esd-emo-grpo/valid/samp_1/0004_001411_惊喜.wav	/root/autodl-tmp/CosyVoice_dev/examples/libritts/cosyvoice2/data/esd-emo-grpo/valid/receive/0004_001411_惊喜.wav
/root/autodl-tmp/CosyVoice_dev/examples/libritts/cosyvoice2/data/esd-emo-grpo/valid/samp_1/0004_001412_惊喜.wav	/root/autodl-tmp/CosyVoice_dev/examples/libritts/cosyvoice2/data/esd-emo-grpo/valid/receive/0004_001412_惊喜.wav
/root/autodl-tmp/CosyVoice_dev/examples/libritts/cosyvoice2/data/esd-emo-grpo/valid/samp_1/0004_001413_惊喜.wav	/root/autodl-tmp/CosyVoice_dev/examples/libritts/cosyvoice2/data/esd-emo-grpo/valid/receive/0004_001413_惊喜.wav
/root/autodl-tmp/CosyVoice_dev/examples/libritts/cosyvoice2/data/esd-emo-grpo/valid/samp_1/0004_001414_惊喜.wav	/root/autodl-tmp/CosyVoice_dev/examples/libritts/cosyvoice2/data/esd-emo-grpo/valid/receive/0004_001414_惊喜.wav
/root/autodl-tmp/CosyVoice_dev/examples/libritts/cosyvoice2/data/esd-emo-grpo/valid/samp_1/0004_001415_惊喜.wav	/root/autodl-tmp/CosyVoice_dev/examples/libritts/cosyvoice2/data/esd-emo-grpo/valid/receive/0004_001415_惊喜.wav
/root/autodl-tmp/CosyVoice_dev/examples/libritts/cosyvoice2/data/esd-emo-grpo/valid/samp_1/0004_001416_惊喜.wav	/root/autodl-tmp/CosyVoice_dev/examples/libritts/cosyvoice2/data/esd-emo-grpo/valid/receive/0004_001416_惊喜.wav
/root/autodl-tmp/CosyVoice_dev/examples/libritts/cosyvoice2/data/esd-emo-grpo/valid/samp_1/0004_001417_惊喜.wav	/root/autodl-tmp/CosyVoice_dev/examples/libritts/cosyvoice2/data/esd-emo-grpo/valid/receive/0004_001417_惊喜.wav
/root/autodl-tmp/CosyVoice_dev/examples/libritts/cosyvoice2/data/esd-emo-grpo/valid/samp_1/0004_001418_惊喜.wav	/root/autodl-tmp/CosyVoice_dev/examples/libritts/cosyvoice2/data/esd-emo-grpo/valid/receive/0004_001418_惊喜.wav
/root/autodl-tmp/CosyVoice_dev/examples/libritts/cosyvoice2/data/esd-emo-grpo/valid/samp_1/0004_001419_惊喜.wav	/root/autodl-tmp/CosyVoice_dev/examples/libritts/cosyvoice2/data/esd-emo-grpo/valid/receive/0004_001419_惊喜.wav
/root/autodl-tmp/CosyVoice_dev/examples/libritts/cosyvoice2/data/esd-emo-grpo/valid/samp_1/0004_001420_惊喜.wav	/root/autodl-tmp/CosyVoice_dev/examples/libritts/cosyvoice2/data/esd-emo-grpo/valid/receive/0004_001420_惊喜.wav
/root/autodl-tmp/CosyVoice_dev/examples/libritts/cosyvoice2/data/esd-emo-grpo/valid/samp_1/0004_000001_冷静.wav	/root/autodl-tmp/CosyVoice_dev/examples/libritts/cosyvoice2/data/esd-emo-grpo/valid/receive/0004_000001_冷静.wav
/root/autodl-tmp/CosyVoice_dev/examples/libritts/cosyvoice2/data/esd-emo-grpo/valid/samp_1/0004_000002_冷静.wav	/root/autodl-tmp/CosyVoice_dev/examples/libritts/cosyvoice2/data/esd-emo-grpo/valid/receive/0004_000002_冷静.wav
/root/autodl-tmp/CosyVoice_dev/examples/libritts/cosyvoice2/data/esd-emo-grpo/valid/samp_1/0004_000003_冷静.wav	/root/autodl-tmp/CosyVoice_dev/examples/libritts/cosyvoice2/data/esd-emo-grpo/valid/receive/0004_000003_冷静.wav
/root/autodl-tmp/CosyVoice_dev/examples/libritts/cosyvoice2/data/esd-emo-grpo/valid/samp_1/0004_000004_冷静.wav	/root/autodl-tmp/CosyVoice_dev/examples/libritts/cosyvoice2/data/esd-emo-grpo/valid/receive/0004_000004_冷静.wav
/root/autodl-tmp/CosyVoice_dev/examples/libritts/cosyvoice2/data/esd-emo-grpo/valid/samp_1/0004_000005_冷静.wav	/root/autodl-tmp/CosyVoice_dev/examples/libritts/cosyvoice2/data/esd-emo-grpo/valid/receive/0004_000005_冷静.wav
/root/autodl-tmp/CosyVoice_dev/examples/libritts/cosyvoice2/data/esd-emo-grpo/valid/samp_1/0004_000006_冷静.wav	/root/autodl-tmp/CosyVoice_dev/examples/libritts/cosyvoice2/data/esd-emo-grpo/valid/receive/0004_000006_冷静.wav
/root/autodl-tmp/CosyVoice_dev/examples/libritts/cosyvoice2/data/esd-emo-grpo/valid/samp_1/0004_000007_冷静.wav	/root/autodl-tmp/CosyVoice_dev/examples/libritts/cosyvoice2/data/esd-emo-grpo/valid/receive/0004_000007_冷静.wav
/root/autodl-tmp/CosyVoice_dev/examples/libritts/cosyvoice2/data/esd-emo-grpo/valid/samp_1/0004_000008_冷静.wav	/root/autodl-tmp/CosyVoice_dev/examples/libritts/cosyvoice2/data/esd-emo-grpo/valid/receive/0004_000008_冷静.wav
/root/autodl-tmp/CosyVoice_dev/examples/libritts/cosyvoice2/data/esd-emo-grpo/valid/samp_1/0004_000009_冷静.wav	/root/autodl-tmp/CosyVoice_dev/examples/libritts/cosyvoice2/data/esd-emo-grpo/valid/receive/0004_000009_冷静.wav
/root/autodl-tmp/CosyVoice_dev/examples/libritts/cosyvoice2/data/esd-emo-grpo/valid/samp_1/0004_000010_冷静.wav	/root/autodl-tmp/CosyVoice_dev/examples/libritts/cosyvoice2/data/esd-emo-grpo/valid/receive/0004_000010_冷静.wav
/root/autodl-tmp/CosyVoice_dev/examples/libritts/cosyvoice2/data/esd-emo-grpo/valid/samp_1/0004_000011_冷静.wav	/root/autodl-tmp/CosyVoice_dev/examples/libritts/cosyvoice2/data/esd-emo-grpo/valid/receive/0004_000011_冷静.wav
/root/autodl-tmp/CosyVoice_dev/examples/libritts/cosyvoice2/data/esd-emo-grpo/valid/samp_1/0004_000012_冷静.wav	/root/autodl-tmp/CosyVoice_dev/examples/libritts/cosyvoice2/data/esd-emo-grpo/valid/receive/0004_000012_冷静.wav
/root/autodl-tmp/CosyVoice_dev/examples/libritts/cosyvoice2/data/esd-emo-grpo/valid/samp_1/0004_000013_冷静.wav	/root/autodl-tmp/CosyVoice_dev/examples/libritts/cosyvoice2/data/esd-emo-grpo/valid/receive/0004_000013_冷静.wav
/root/autodl-tmp/CosyVoice_dev/examples/libritts/cosyvoice2/data/esd-emo-grpo/valid/samp_1/0004_000014_冷静.wav	/root/autodl-tmp/CosyVoice_dev/examples/libritts/cosyvoice2/data/esd-emo-grpo/valid/receive/0004_000014_冷静.wav
/root/autodl-tmp/CosyVoice_dev/examples/libritts/cosyvoice2/data/esd-emo-grpo/valid/samp_1/0004_000015_冷静.wav	/root/autodl-tmp/CosyVoice_dev/examples/libritts/cosyvoice2/data/esd-emo-grpo/valid/receive/0004_000015_冷静.wav
/root/autodl-tmp/CosyVoice_dev/examples/libritts/cosyvoice2/data/esd-emo-grpo/valid/samp_1/0004_000016_冷静.wav	/root/autodl-tmp/CosyVoice_dev/examples/libritts/cosyvoice2/data/esd-emo-grpo/valid/receive/0004_000016_冷静.wav
/root/autodl-tmp/CosyVoice_dev/examples/libritts/cosyvoice2/data/esd-emo-grpo/valid/samp_1/0004_000017_冷静.wav	/root/autodl-tmp/CosyVoice_dev/examples/libritts/cosyvoice2/data/esd-emo-grpo/valid/receive/0004_000017_冷静.wav
/root/autodl-tmp/CosyVoice_dev/examples/libritts/cosyvoice2/data/esd-emo-grpo/valid/samp_1/0004_000018_冷静.wav	/root/autodl-tmp/CosyVoice_dev/examples/libritts/cosyvoice2/data/esd-emo-grpo/valid/receive/0004_000018_冷静.wav
/root/autodl-tmp/CosyVoice_dev/examples/libritts/cosyvoice2/data/esd-emo-grpo/valid/samp_1/0004_000019_冷静.wav	/root/autodl-tmp/CosyVoice_dev/examples/libritts/cosyvoice2/data/esd-emo-grpo/valid/receive/0004_000019_冷静.wav
/root/autodl-tmp/CosyVoice_dev/examples/libritts/cosyvoice2/data/esd-emo-grpo/valid/samp_1/0004_000020_冷静.wav	/root/autodl-tmp/CosyVoice_dev/examples/libritts/cosyvoice2/data/esd-emo-grpo/valid/receive/0004_000020_冷静.wav
/root/autodl-tmp/CosyVoice_dev/examples/libritts/cosyvoice2/data/esd-emo-grpo/valid/samp_1/0004_000351_生气.wav	/root/autodl-tmp/CosyVoice_dev/examples/libritts/cosyvoice2/data/esd-emo-grpo/valid/receive/0004_000351_生气.wav
/root/autodl-tmp/CosyVoice_dev/examples/libritts/cosyvoice2/data/esd-emo-grpo/valid/samp_1/0004_000352_生气.wav	/root/autodl-tmp/CosyVoice_dev/examples/libritts/cosyvoice2/data/esd-emo-grpo/valid/receive/0004_000352_生气.wav
/root/autodl-tmp/CosyVoice_dev/examples/libritts/cosyvoice2/data/esd-emo-grpo/valid/samp_1/0004_000353_生气.wav	/root/autodl-tmp/CosyVoice_dev/examples/libritts/cosyvoice2/data/esd-emo-grpo/valid/receive/0004_000353_生气.wav
/root/autodl-tmp/CosyVoice_dev/examples/libritts/cosyvoice2/data/esd-emo-grpo/valid/samp_1/0004_000354_生气.wav	/root/autodl-tmp/CosyVoice_dev/examples/libritts/cosyvoice2/data/esd-emo-grpo/valid/receive/0004_000354_生气.wav
/root/autodl-tmp/CosyVoice_dev/examples/libritts/cosyvoice2/data/esd-emo-grpo/valid/samp_1/0004_000355_生气.wav	/root/autodl-tmp/CosyVoice_dev/examples/libritts/cosyvoice2/data/esd-emo-grpo/valid/receive/0004_000355_生气.wav
/root/autodl-tmp/CosyVoice_dev/examples/libritts/cosyvoice2/data/esd-emo-grpo/valid/samp_1/0004_000356_生气.wav	/root/autodl-tmp/CosyVoice_dev/examples/libritts/cosyvoice2/data/esd-emo-grpo/valid/receive/0004_000356_生气.wav
/root/autodl-tmp/CosyVoice_dev/examples/libritts/cosyvoice2/data/esd-emo-grpo/valid/samp_1/0004_000357_生气.wav	/root/autodl-tmp/CosyVoice_dev/examples/libritts/cosyvoice2/data/esd-emo-grpo/valid/receive/0004_000357_生气.wav
/root/autodl-tmp/CosyVoice_dev/examples/libritts/cosyvoice2/data/esd-emo-grpo/valid/samp_1/0004_000358_生气.wav	/root/autodl-tmp/CosyVoice_dev/examples/libritts/cosyvoice2/data/esd-emo-grpo/valid/receive/0004_000358_生气.wav
/root/autodl-tmp/CosyVoice_dev/examples/libritts/cosyvoice2/data/esd-emo-grpo/valid/samp_1/0004_000359_生气.wav	/root/autodl-tmp/CosyVoice_dev/examples/libritts/cosyvoice2/data/esd-emo-grpo/valid/receive/0004_000359_生气.wav
/root/autodl-tmp/CosyVoice_dev/examples/libritts/cosyvoice2/data/esd-emo-grpo/valid/samp_1/0004_000360_生气.wav	/root/autodl-tmp/CosyVoice_dev/examples/libritts/cosyvoice2/data/esd-emo-grpo/valid/receive/0004_000360_生气.wav
/root/autodl-tmp/CosyVoice_dev/examples/libritts/cosyvoice2/data/esd-emo-grpo/valid/samp_1/0004_000361_生气.wav	/root/autodl-tmp/CosyVoice_dev/examples/libritts/cosyvoice2/data/esd-emo-grpo/valid/receive/0004_000361_生气.wav
/root/autodl-tmp/CosyVoice_dev/examples/libritts/cosyvoice2/data/esd-emo-grpo/valid/samp_1/0004_000362_生气.wav	/root/autodl-tmp/CosyVoice_dev/examples/libritts/cosyvoice2/data/esd-emo-grpo/valid/receive/0004_000362_生气.wav
/root/autodl-tmp/CosyVoice_dev/examples/libritts/cosyvoice2/data/esd-emo-grpo/valid/samp_1/0004_000363_生气.wav	/root/autodl-tmp/CosyVoice_dev/examples/libritts/cosyvoice2/data/esd-emo-grpo/valid/receive/0004_000363_生气.wav
/root/autodl-tmp/CosyVoice_dev/examples/libritts/cosyvoice2/data/esd-emo-grpo/valid/samp_1/0004_000364_生气.wav	/root/autodl-tmp/CosyVoice_dev/examples/libritts/cosyvoice2/data/esd-emo-grpo/valid/receive/0004_000364_生气.wav
/root/autodl-tmp/CosyVoice_dev/examples/libritts/cosyvoice2/data/esd-emo-grpo/valid/samp_1/0004_000365_生气.wav	/root/autodl-tmp/CosyVoice_dev/examples/libritts/cosyvoice2/data/esd-emo-grpo/valid/receive/0004_000365_生气.wav
/root/autodl-tmp/CosyVoice_dev/examples/libritts/cosyvoice2/data/esd-emo-grpo/valid/samp_1/0004_000366_生气.wav	/root/autodl-tmp/CosyVoice_dev/examples/libritts/cosyvoice2/data/esd-emo-grpo/valid/receive/0004_000366_生气.wav
/root/autodl-tmp/CosyVoice_dev/examples/libritts/cosyvoice2/data/esd-emo-grpo/valid/samp_1/0004_000367_生气.wav	/root/autodl-tmp/CosyVoice_dev/examples/libritts/cosyvoice2/data/esd-emo-grpo/valid/receive/0004_000367_生气.wav
/root/autodl-tmp/CosyVoice_dev/examples/libritts/cosyvoice2/data/esd-emo-grpo/valid/samp_1/0004_000368_生气.wav	/root/autodl-tmp/CosyVoice_dev/examples/libritts/cosyvoice2/data/esd-emo-grpo/valid/receive/0004_000368_生气.wav
/root/autodl-tmp/CosyVoice_dev/examples/libritts/cosyvoice2/data/esd-emo-grpo/valid/samp_1/0004_000369_生气.wav	/root/autodl-tmp/CosyVoice_dev/examples/libritts/cosyvoice2/data/esd-emo-grpo/valid/receive/0004_000369_生气.wav
/root/autodl-tmp/CosyVoice_dev/examples/libritts/cosyvoice2/data/esd-emo-grpo/valid/samp_1/0004_000370_生气.wav	/root/autodl-tmp/CosyVoice_dev/examples/libritts/cosyvoice2/data/esd-emo-grpo/valid/receive/0004_000370_生气.wav
/root/autodl-tmp/CosyVoice_dev/examples/libritts/cosyvoice2/data/esd-emo-grpo/valid/samp_1/0002_000713_快乐.wav	/root/autodl-tmp/CosyVoice_dev/examples/libritts/cosyvoice2/data/esd-emo-grpo/valid/receive/0002_000713_快乐.wav
/root/autodl-tmp/CosyVoice_dev/examples/libritts/cosyvoice2/data/esd-emo-grpo/valid/samp_1/0002_000714_快乐.wav	/root/autodl-tmp/CosyVoice_dev/examples/libritts/cosyvoice2/data/esd-emo-grpo/valid/receive/0002_000714_快乐.wav
/root/autodl-tmp/CosyVoice_dev/examples/libritts/cosyvoice2/data/esd-emo-grpo/valid/samp_1/0002_000715_快乐.wav	/root/autodl-tmp/CosyVoice_dev/examples/libritts/cosyvoice2/data/esd-emo-grpo/valid/receive/0002_000715_快乐.wav
/root/autodl-tmp/CosyVoice_dev/examples/libritts/cosyvoice2/data/esd-emo-grpo/valid/samp_1/0002_000716_快乐.wav	/root/autodl-tmp/CosyVoice_dev/examples/libritts/cosyvoice2/data/esd-emo-grpo/valid/receive/0002_000716_快乐.wav
/root/autodl-tmp/CosyVoice_dev/examples/libritts/cosyvoice2/data/esd-emo-grpo/valid/samp_1/0002_000717_快乐.wav	/root/autodl-tmp/CosyVoice_dev/examples/libritts/cosyvoice2/data/esd-emo-grpo/valid/receive/0002_000717_快乐.wav
/root/autodl-tmp/CosyVoice_dev/examples/libritts/cosyvoice2/data/esd-emo-grpo/valid/samp_1/0002_000718_快乐.wav	/root/autodl-tmp/CosyVoice_dev/examples/libritts/cosyvoice2/data/esd-emo-grpo/valid/receive/0002_000718_快乐.wav
/root/autodl-tmp/CosyVoice_dev/examples/libritts/cosyvoice2/data/esd-emo-grpo/valid/samp_1/0002_000719_快乐.wav	/root/autodl-tmp/CosyVoice_dev/examples/libritts/cosyvoice2/data/esd-emo-grpo/valid/receive/0002_000719_快乐.wav
/root/autodl-tmp/CosyVoice_dev/examples/libritts/cosyvoice2/data/esd-emo-grpo/valid/samp_1/0002_000720_快乐.wav	/root/autodl-tmp/CosyVoice_dev/examples/libritts/cosyvoice2/data/esd-emo-grpo/valid/receive/0002_000720_快乐.wav
/root/autodl-tmp/CosyVoice_dev/examples/libritts/cosyvoice2/data/esd-emo-grpo/valid/samp_1/0002_001051_伤心.wav	/root/autodl-tmp/CosyVoice_dev/examples/libritts/cosyvoice2/data/esd-emo-grpo/valid/receive/0002_001051_伤心.wav
/root/autodl-tmp/CosyVoice_dev/examples/libritts/cosyvoice2/data/esd-emo-grpo/valid/samp_1/0002_001052_伤心.wav	/root/autodl-tmp/CosyVoice_dev/examples/libritts/cosyvoice2/data/esd-emo-grpo/valid/receive/0002_001052_伤心.wav
/root/autodl-tmp/CosyVoice_dev/examples/libritts/cosyvoice2/data/esd-emo-grpo/valid/samp_1/0002_001053_伤心.wav	/root/autodl-tmp/CosyVoice_dev/examples/libritts/cosyvoice2/data/esd-emo-grpo/valid/receive/0002_001053_伤心.wav
/root/autodl-tmp/CosyVoice_dev/examples/libritts/cosyvoice2/data/esd-emo-grpo/valid/samp_1/0002_001054_伤心.wav	/root/autodl-tmp/CosyVoice_dev/examples/libritts/cosyvoice2/data/esd-emo-grpo/valid/receive/0002_001054_伤心.wav
/root/autodl-tmp/CosyVoice_dev/examples/libritts/cosyvoice2/data/esd-emo-grpo/valid/samp_1/0002_001055_伤心.wav	/root/autodl-tmp/CosyVoice_dev/examples/libritts/cosyvoice2/data/esd-emo-grpo/valid/receive/0002_001055_伤心.wav
/root/autodl-tmp/CosyVoice_dev/examples/libritts/cosyvoice2/data/esd-emo-grpo/valid/samp_1/0002_001056_伤心.wav	/root/autodl-tmp/CosyVoice_dev/examples/libritts/cosyvoice2/data/esd-emo-grpo/valid/receive/0002_001056_伤心.wav
/root/autodl-tmp/CosyVoice_dev/examples/libritts/cosyvoice2/data/esd-emo-grpo/valid/samp_1/0002_001057_伤心.wav	/root/autodl-tmp/CosyVoice_dev/examples/libritts/cosyvoice2/data/esd-emo-grpo/valid/receive/0002_001057_伤心.wav
/root/autodl-tmp/CosyVoice_dev/examples/libritts/cosyvoice2/data/esd-emo-grpo/valid/samp_1/0002_001058_伤心.wav	/root/autodl-tmp/CosyVoice_dev/examples/libritts/cosyvoice2/data/esd-emo-grpo/valid/receive/0002_001058_伤心.wav
/root/autodl-tmp/CosyVoice_dev/examples/libritts/cosyvoice2/data/esd-emo-grpo/valid/samp_1/0002_001059_伤心.wav	/root/autodl-tmp/CosyVoice_dev/examples/libritts/cosyvoice2/data/esd-emo-grpo/valid/receive/0002_001059_伤心.wav
/root/autodl-tmp/CosyVoice_dev/examples/libritts/cosyvoice2/data/esd-emo-grpo/valid/samp_1/0002_001060_伤心.wav	/root/autodl-tmp/CosyVoice_dev/examples/libritts/cosyvoice2/data/esd-emo-grpo/valid/receive/0002_001060_伤心.wav
/root/autodl-tmp/CosyVoice_dev/examples/libritts/cosyvoice2/data/esd-emo-grpo/valid/samp_1/0002_001061_伤心.wav	/root/autodl-tmp/CosyVoice_dev/examples/libritts/cosyvoice2/data/esd-emo-grpo/valid/receive/0002_001061_伤心.wav
/root/autodl-tmp/CosyVoice_dev/examples/libritts/cosyvoice2/data/esd-emo-grpo/valid/samp_1/0002_001062_伤心.wav	/root/autodl-tmp/CosyVoice_dev/examples/libritts/cosyvoice2/data/esd-emo-grpo/valid/receive/0002_001062_伤心.wav
/root/autodl-tmp/CosyVoice_dev/examples/libritts/cosyvoice2/data/esd-emo-grpo/valid/samp_1/0002_001063_伤心.wav	/root/autodl-tmp/CosyVoice_dev/examples/libritts/cosyvoice2/data/esd-emo-grpo/valid/receive/0002_001063_伤心.wav
/root/autodl-tmp/CosyVoice_dev/examples/libritts/cosyvoice2/data/esd-emo-grpo/valid/samp_1/0002_001064_伤心.wav	/root/autodl-tmp/CosyVoice_dev/examples/libritts/cosyvoice2/data/esd-emo-grpo/valid/receive/0002_001064_伤心.wav
/root/autodl-tmp/CosyVoice_dev/examples/libritts/cosyvoice2/data/esd-emo-grpo/valid/samp_1/0002_001065_伤心.wav	/root/autodl-tmp/CosyVoice_dev/examples/libritts/cosyvoice2/data/esd-emo-grpo/valid/receive/0002_001065_伤心.wav
/root/autodl-tmp/CosyVoice_dev/examples/libritts/cosyvoice2/data/esd-emo-grpo/valid/samp_1/0002_001066_伤心.wav	/root/autodl-tmp/CosyVoice_dev/examples/libritts/cosyvoice2/data/esd-emo-grpo/valid/receive/0002_001066_伤心.wav
/root/autodl-tmp/CosyVoice_dev/examples/libritts/cosyvoice2/data/esd-emo-grpo/valid/samp_1/0002_001067_伤心.wav	/root/autodl-tmp/CosyVoice_dev/examples/libritts/cosyvoice2/data/esd-emo-grpo/valid/receive/0002_001067_伤心.wav
/root/autodl-tmp/CosyVoice_dev/examples/libritts/cosyvoice2/data/esd-emo-grpo/valid/samp_1/0002_001068_伤心.wav	/root/autodl-tmp/CosyVoice_dev/examples/libritts/cosyvoice2/data/esd-emo-grpo/valid/receive/0002_001068_伤心.wav
/root/autodl-tmp/CosyVoice_dev/examples/libritts/cosyvoice2/data/esd-emo-grpo/valid/samp_1/0002_001069_伤心.wav	/root/autodl-tmp/CosyVoice_dev/examples/libritts/cosyvoice2/data/esd-emo-grpo/valid/receive/0002_001069_伤心.wav
/root/autodl-tmp/CosyVoice_dev/examples/libritts/cosyvoice2/data/esd-emo-grpo/valid/samp_1/0002_001070_伤心.wav	/root/autodl-tmp/CosyVoice_dev/examples/libritts/cosyvoice2/data/esd-emo-grpo/valid/receive/0002_001070_伤心.wav
/root/autodl-tmp/CosyVoice_dev/examples/libritts/cosyvoice2/data/esd-emo-grpo/valid/samp_1/0002_001401_惊喜.wav	/root/autodl-tmp/CosyVoice_dev/examples/libritts/cosyvoice2/data/esd-emo-grpo/valid/receive/0002_001401_惊喜.wav
/root/autodl-tmp/CosyVoice_dev/examples/libritts/cosyvoice2/data/esd-emo-grpo/valid/samp_1/0002_001402_惊喜.wav	/root/autodl-tmp/CosyVoice_dev/examples/libritts/cosyvoice2/data/esd-emo-grpo/valid/receive/0002_001402_惊喜.wav
/root/autodl-tmp/CosyVoice_dev/examples/libritts/cosyvoice2/data/esd-emo-grpo/valid/samp_1/0002_001403_惊喜.wav	/root/autodl-tmp/CosyVoice_dev/examples/libritts/cosyvoice2/data/esd-emo-grpo/valid/receive/0002_001403_惊喜.wav
/root/autodl-tmp/CosyVoice_dev/examples/libritts/cosyvoice2/data/esd-emo-grpo/valid/samp_1/0002_001404_惊喜.wav	/root/autodl-tmp/CosyVoice_dev/examples/libritts/cosyvoice2/data/esd-emo-grpo/valid/receive/0002_001404_惊喜.wav
/root/autodl-tmp/CosyVoice_dev/examples/libritts/cosyvoice2/data/esd-emo-grpo/valid/samp_1/0002_001405_惊喜.wav	/root/autodl-tmp/CosyVoice_dev/examples/libritts/cosyvoice2/data/esd-emo-grpo/valid/receive/0002_001405_惊喜.wav
/root/autodl-tmp/CosyVoice_dev/examples/libritts/cosyvoice2/data/esd-emo-grpo/valid/samp_1/0002_001406_惊喜.wav	/root/autodl-tmp/CosyVoice_dev/examples/libritts/cosyvoice2/data/esd-emo-grpo/valid/receive/0002_001406_惊喜.wav
/root/autodl-tmp/CosyVoice_dev/examples/libritts/cosyvoice2/data/esd-emo-grpo/valid/samp_1/0002_001407_惊喜.wav	/root/autodl-tmp/CosyVoice_dev/examples/libritts/cosyvoice2/data/esd-emo-grpo/valid/receive/0002_001407_惊喜.wav
/root/autodl-tmp/CosyVoice_dev/examples/libritts/cosyvoice2/data/esd-emo-grpo/valid/samp_1/0002_001408_惊喜.wav	/root/autodl-tmp/CosyVoice_dev/examples/libritts/cosyvoice2/data/esd-emo-grpo/valid/receive/0002_001408_惊喜.wav
/root/autodl-tmp/CosyVoice_dev/examples/libritts/cosyvoice2/data/esd-emo-grpo/valid/samp_1/0002_001409_惊喜.wav	/root/autodl-tmp/CosyVoice_dev/examples/libritts/cosyvoice2/data/esd-emo-grpo/valid/receive/0002_001409_惊喜.wav
/root/autodl-tmp/CosyVoice_dev/examples/libritts/cosyvoice2/data/esd-emo-grpo/valid/samp_1/0002_001410_惊喜.wav	/root/autodl-tmp/CosyVoice_dev/examples/libritts/cosyvoice2/data/esd-emo-grpo/valid/receive/0002_001410_惊喜.wav
/root/autodl-tmp/CosyVoice_dev/examples/libritts/cosyvoice2/data/esd-emo-grpo/valid/samp_1/0002_001411_惊喜.wav	/root/autodl-tmp/CosyVoice_dev/examples/libritts/cosyvoice2/data/esd-emo-grpo/valid/receive/0002_001411_惊喜.wav
/root/autodl-tmp/CosyVoice_dev/examples/libritts/cosyvoice2/data/esd-emo-grpo/valid/samp_1/0002_001412_惊喜.wav	/root/autodl-tmp/CosyVoice_dev/examples/libritts/cosyvoice2/data/esd-emo-grpo/valid/receive/0002_001412_惊喜.wav
/root/autodl-tmp/CosyVoice_dev/examples/libritts/cosyvoice2/data/esd-emo-grpo/valid/samp_1/0002_001413_惊喜.wav	/root/autodl-tmp/CosyVoice_dev/examples/libritts/cosyvoice2/data/esd-emo-grpo/valid/receive/0002_001413_惊喜.wav
/root/autodl-tmp/CosyVoice_dev/examples/libritts/cosyvoice2/data/esd-emo-grpo/valid/samp_1/0002_001414_惊喜.wav	/root/autodl-tmp/CosyVoice_dev/examples/libritts/cosyvoice2/data/esd-emo-grpo/valid/receive/0002_001414_惊喜.wav
/root/autodl-tmp/CosyVoice_dev/examples/libritts/cosyvoice2/data/esd-emo-grpo/valid/samp_1/0002_001415_惊喜.wav	/root/autodl-tmp/CosyVoice_dev/examples/libritts/cosyvoice2/data/esd-emo-grpo/valid/receive/0002_001415_惊喜.wav
/root/autodl-tmp/CosyVoice_dev/examples/libritts/cosyvoice2/data/esd-emo-grpo/valid/samp_1/0002_001416_惊喜.wav	/root/autodl-tmp/CosyVoice_dev/examples/libritts/cosyvoice2/data/esd-emo-grpo/valid/receive/0002_001416_惊喜.wav
/root/autodl-tmp/CosyVoice_dev/examples/libritts/cosyvoice2/data/esd-emo-grpo/valid/samp_1/0002_001417_惊喜.wav	/root/autodl-tmp/CosyVoice_dev/examples/libritts/cosyvoice2/data/esd-emo-grpo/valid/receive/0002_001417_惊喜.wav
/root/autodl-tmp/CosyVoice_dev/examples/libritts/cosyvoice2/data/esd-emo-grpo/valid/samp_1/0002_001418_惊喜.wav	/root/autodl-tmp/CosyVoice_dev/examples/libritts/cosyvoice2/data/esd-emo-grpo/valid/receive/0002_001418_惊喜.wav
/root/autodl-tmp/CosyVoice_dev/examples/libritts/cosyvoice2/data/esd-emo-grpo/valid/samp_1/0002_001419_惊喜.wav	/root/autodl-tmp/CosyVoice_dev/examples/libritts/cosyvoice2/data/esd-emo-grpo/valid/receive/0002_001419_惊喜.wav
/root/autodl-tmp/CosyVoice_dev/examples/libritts/cosyvoice2/data/esd-emo-grpo/valid/samp_1/0002_001420_惊喜.wav	/root/autodl-tmp/CosyVoice_dev/examples/libritts/cosyvoice2/data/esd-emo-grpo/valid/receive/0002_001420_惊喜.wav
/root/autodl-tmp/CosyVoice_dev/examples/libritts/cosyvoice2/data/esd-emo-grpo/valid/samp_1/0002_000001_冷静.wav	/root/autodl-tmp/CosyVoice_dev/examples/libritts/cosyvoice2/data/esd-emo-grpo/valid/receive/0002_000001_冷静.wav
/root/autodl-tmp/CosyVoice_dev/examples/libritts/cosyvoice2/data/esd-emo-grpo/valid/samp_1/0002_000002_冷静.wav	/root/autodl-tmp/CosyVoice_dev/examples/libritts/cosyvoice2/data/esd-emo-grpo/valid/receive/0002_000002_冷静.wav
/root/autodl-tmp/CosyVoice_dev/examples/libritts/cosyvoice2/data/esd-emo-grpo/valid/samp_1/0002_000003_冷静.wav	/root/autodl-tmp/CosyVoice_dev/examples/libritts/cosyvoice2/data/esd-emo-grpo/valid/receive/0002_000003_冷静.wav
/root/autodl-tmp/CosyVoice_dev/examples/libritts/cosyvoice2/data/esd-emo-grpo/valid/samp_1/0002_000004_冷静.wav	/root/autodl-tmp/CosyVoice_dev/examples/libritts/cosyvoice2/data/esd-emo-grpo/valid/receive/0002_000004_冷静.wav
/root/autodl-tmp/CosyVoice_dev/examples/libritts/cosyvoice2/data/esd-emo-grpo/valid/samp_1/0002_000005_冷静.wav	/root/autodl-tmp/CosyVoice_dev/examples/libritts/cosyvoice2/data/esd-emo-grpo/valid/receive/0002_000005_冷静.wav
/root/autodl-tmp/CosyVoice_dev/examples/libritts/cosyvoice2/data/esd-emo-grpo/valid/samp_1/0002_000006_冷静.wav	/root/autodl-tmp/CosyVoice_dev/examples/libritts/cosyvoice2/data/esd-emo-grpo/valid/receive/0002_000006_冷静.wav
/root/autodl-tmp/CosyVoice_dev/examples/libritts/cosyvoice2/data/esd-emo-grpo/valid/samp_1/0002_000007_冷静.wav	/root/autodl-tmp/CosyVoice_dev/examples/libritts/cosyvoice2/data/esd-emo-grpo/valid/receive/0002_000007_冷静.wav
/root/autodl-tmp/CosyVoice_dev/examples/libritts/cosyvoice2/data/esd-emo-grpo/valid/samp_1/0002_000008_冷静.wav	/root/autodl-tmp/CosyVoice_dev/examples/libritts/cosyvoice2/data/esd-emo-grpo/valid/receive/0002_000008_冷静.wav
/root/autodl-tmp/CosyVoice_dev/examples/libritts/cosyvoice2/data/esd-emo-grpo/valid/samp_1/0002_000009_冷静.wav	/root/autodl-tmp/CosyVoice_dev/examples/libritts/cosyvoice2/data/esd-emo-grpo/valid/receive/0002_000009_冷静.wav
/root/autodl-tmp/CosyVoice_dev/examples/libritts/cosyvoice2/data/esd-emo-grpo/valid/samp_1/0002_000010_冷静.wav	/root/autodl-tmp/CosyVoice_dev/examples/libritts/cosyvoice2/data/esd-emo-grpo/valid/receive/0002_000010_冷静.wav
/root/autodl-tmp/CosyVoice_dev/examples/libritts/cosyvoice2/data/esd-emo-grpo/valid/samp_1/0002_000011_冷静.wav	/root/autodl-tmp/CosyVoice_dev/examples/libritts/cosyvoice2/data/esd-emo-grpo/valid/receive/0002_000011_冷静.wav
/root/autodl-tmp/CosyVoice_dev/examples/libritts/cosyvoice2/data/esd-emo-grpo/valid/samp_1/0002_000012_冷静.wav	/root/autodl-tmp/CosyVoice_dev/examples/libritts/cosyvoice2/data/esd-emo-grpo/valid/receive/0002_000012_冷静.wav
/root/autodl-tmp/CosyVoice_dev/examples/libritts/cosyvoice2/data/esd-emo-grpo/valid/samp_1/0002_000013_冷静.wav	/root/autodl-tmp/CosyVoice_dev/examples/libritts/cosyvoice2/data/esd-emo-grpo/valid/receive/0002_000013_冷静.wav
/root/autodl-tmp/CosyVoice_dev/examples/libritts/cosyvoice2/data/esd-emo-grpo/valid/samp_1/0002_000014_冷静.wav	/root/autodl-tmp/CosyVoice_dev/examples/libritts/cosyvoice2/data/esd-emo-grpo/valid/receive/0002_000014_冷静.wav
/root/autodl-tmp/CosyVoice_dev/examples/libritts/cosyvoice2/data/esd-emo-grpo/valid/samp_1/0002_000015_冷静.wav	/root/autodl-tmp/CosyVoice_dev/examples/libritts/cosyvoice2/data/esd-emo-grpo/valid/receive/0002_000015_冷静.wav
/root/autodl-tmp/CosyVoice_dev/examples/libritts/cosyvoice2/data/esd-emo-grpo/valid/samp_1/0002_000016_冷静.wav	/root/autodl-tmp/CosyVoice_dev/examples/libritts/cosyvoice2/data/esd-emo-grpo/valid/receive/0002_000016_冷静.wav
/root/autodl-tmp/CosyVoice_dev/examples/libritts/cosyvoice2/data/esd-emo-grpo/valid/samp_1/0003_001401_惊喜.wav	/root/autodl-tmp/CosyVoice_dev/examples/libritts/cosyvoice2/data/esd-emo-grpo/valid/receive/0003_001401_惊喜.wav
/root/autodl-tmp/CosyVoice_dev/examples/libritts/cosyvoice2/data/esd-emo-grpo/valid/samp_1/0003_001402_惊喜.wav	/root/autodl-tmp/CosyVoice_dev/examples/libritts/cosyvoice2/data/esd-emo-grpo/valid/receive/0003_001402_惊喜.wav
/root/autodl-tmp/CosyVoice_dev/examples/libritts/cosyvoice2/data/esd-emo-grpo/valid/samp_1/0003_001403_惊喜.wav	/root/autodl-tmp/CosyVoice_dev/examples/libritts/cosyvoice2/data/esd-emo-grpo/valid/receive/0003_001403_惊喜.wav
/root/autodl-tmp/CosyVoice_dev/examples/libritts/cosyvoice2/data/esd-emo-grpo/valid/samp_1/0003_001404_惊喜.wav	/root/autodl-tmp/CosyVoice_dev/examples/libritts/cosyvoice2/data/esd-emo-grpo/valid/receive/0003_001404_惊喜.wav
/root/autodl-tmp/CosyVoice_dev/examples/libritts/cosyvoice2/data/esd-emo-grpo/valid/samp_1/0003_001405_惊喜.wav	/root/autodl-tmp/CosyVoice_dev/examples/libritts/cosyvoice2/data/esd-emo-grpo/valid/receive/0003_001405_惊喜.wav
/root/autodl-tmp/CosyVoice_dev/examples/libritts/cosyvoice2/data/esd-emo-grpo/valid/samp_1/0003_001406_惊喜.wav	/root/autodl-tmp/CosyVoice_dev/examples/libritts/cosyvoice2/data/esd-emo-grpo/valid/receive/0003_001406_惊喜.wav
/root/autodl-tmp/CosyVoice_dev/examples/libritts/cosyvoice2/data/esd-emo-grpo/valid/samp_1/0003_001407_惊喜.wav	/root/autodl-tmp/CosyVoice_dev/examples/libritts/cosyvoice2/data/esd-emo-grpo/valid/receive/0003_001407_惊喜.wav
/root/autodl-tmp/CosyVoice_dev/examples/libritts/cosyvoice2/data/esd-emo-grpo/valid/samp_1/0003_001408_惊喜.wav	/root/autodl-tmp/CosyVoice_dev/examples/libritts/cosyvoice2/data/esd-emo-grpo/valid/receive/0003_001408_惊喜.wav
/root/autodl-tmp/CosyVoice_dev/examples/libritts/cosyvoice2/data/esd-emo-grpo/valid/samp_1/0003_001409_惊喜.wav	/root/autodl-tmp/CosyVoice_dev/examples/libritts/cosyvoice2/data/esd-emo-grpo/valid/receive/0003_001409_惊喜.wav
/root/autodl-tmp/CosyVoice_dev/examples/libritts/cosyvoice2/data/esd-emo-grpo/valid/samp_1/0003_001410_惊喜.wav	/root/autodl-tmp/CosyVoice_dev/examples/libritts/cosyvoice2/data/esd-emo-grpo/valid/receive/0003_001410_惊喜.wav
/root/autodl-tmp/CosyVoice_dev/examples/libritts/cosyvoice2/data/esd-emo-grpo/valid/samp_1/0003_001411_惊喜.wav	/root/autodl-tmp/CosyVoice_dev/examples/libritts/cosyvoice2/data/esd-emo-grpo/valid/receive/0003_001411_惊喜.wav
/root/autodl-tmp/CosyVoice_dev/examples/libritts/cosyvoice2/data/esd-emo-grpo/valid/samp_1/0003_001412_惊喜.wav	/root/autodl-tmp/CosyVoice_dev/examples/libritts/cosyvoice2/data/esd-emo-grpo/valid/receive/0003_001412_惊喜.wav
/root/autodl-tmp/CosyVoice_dev/examples/libritts/cosyvoice2/data/esd-emo-grpo/valid/samp_1/0003_001413_惊喜.wav	/root/autodl-tmp/CosyVoice_dev/examples/libritts/cosyvoice2/data/esd-emo-grpo/valid/receive/0003_001413_惊喜.wav
/root/autodl-tmp/CosyVoice_dev/examples/libritts/cosyvoice2/data/esd-emo-grpo/valid/samp_1/0003_001414_惊喜.wav	/root/autodl-tmp/CosyVoice_dev/examples/libritts/cosyvoice2/data/esd-emo-grpo/valid/receive/0003_001414_惊喜.wav
/root/autodl-tmp/CosyVoice_dev/examples/libritts/cosyvoice2/data/esd-emo-grpo/valid/samp_1/0003_001415_惊喜.wav	/root/autodl-tmp/CosyVoice_dev/examples/libritts/cosyvoice2/data/esd-emo-grpo/valid/receive/0003_001415_惊喜.wav
/root/autodl-tmp/CosyVoice_dev/examples/libritts/cosyvoice2/data/esd-emo-grpo/valid/samp_1/0003_001416_惊喜.wav	/root/autodl-tmp/CosyVoice_dev/examples/libritts/cosyvoice2/data/esd-emo-grpo/valid/receive/0003_001416_惊喜.wav
/root/autodl-tmp/CosyVoice_dev/examples/libritts/cosyvoice2/data/esd-emo-grpo/valid/samp_1/0003_001417_惊喜.wav	/root/autodl-tmp/CosyVoice_dev/examples/libritts/cosyvoice2/data/esd-emo-grpo/valid/receive/0003_001417_惊喜.wav
/root/autodl-tmp/CosyVoice_dev/examples/libritts/cosyvoice2/data/esd-emo-grpo/valid/samp_1/0003_001418_惊喜.wav	/root/autodl-tmp/CosyVoice_dev/examples/libritts/cosyvoice2/data/esd-emo-grpo/valid/receive/0003_001418_惊喜.wav
/root/autodl-tmp/CosyVoice_dev/examples/libritts/cosyvoice2/data/esd-emo-grpo/valid/samp_1/0003_001419_惊喜.wav	/root/autodl-tmp/CosyVoice_dev/examples/libritts/cosyvoice2/data/esd-emo-grpo/valid/receive/0003_001419_惊喜.wav
/root/autodl-tmp/CosyVoice_dev/examples/libritts/cosyvoice2/data/esd-emo-grpo/valid/samp_1/0003_001420_惊喜.wav	/root/autodl-tmp/CosyVoice_dev/examples/libritts/cosyvoice2/data/esd-emo-grpo/valid/receive/0003_001420_惊喜.wav
/root/autodl-tmp/CosyVoice_dev/examples/libritts/cosyvoice2/data/esd-emo-grpo/valid/samp_1/0003_000001_冷静.wav	/root/autodl-tmp/CosyVoice_dev/examples/libritts/cosyvoice2/data/esd-emo-grpo/valid/receive/0003_000001_冷静.wav
/root/autodl-tmp/CosyVoice_dev/examples/libritts/cosyvoice2/data/esd-emo-grpo/valid/samp_1/0003_000002_冷静.wav	/root/autodl-tmp/CosyVoice_dev/examples/libritts/cosyvoice2/data/esd-emo-grpo/valid/receive/0003_000002_冷静.wav
/root/autodl-tmp/CosyVoice_dev/examples/libritts/cosyvoice2/data/esd-emo-grpo/valid/samp_1/0003_000003_冷静.wav	/root/autodl-tmp/CosyVoice_dev/examples/libritts/cosyvoice2/data/esd-emo-grpo/valid/receive/0003_000003_冷静.wav
/root/autodl-tmp/CosyVoice_dev/examples/libritts/cosyvoice2/data/esd-emo-grpo/valid/samp_1/0003_000004_冷静.wav	/root/autodl-tmp/CosyVoice_dev/examples/libritts/cosyvoice2/data/esd-emo-grpo/valid/receive/0003_000004_冷静.wav
/root/autodl-tmp/CosyVoice_dev/examples/libritts/cosyvoice2/data/esd-emo-grpo/valid/samp_1/0003_000005_冷静.wav	/root/autodl-tmp/CosyVoice_dev/examples/libritts/cosyvoice2/data/esd-emo-grpo/valid/receive/0003_000005_冷静.wav
/root/autodl-tmp/CosyVoice_dev/examples/libritts/cosyvoice2/data/esd-emo-grpo/valid/samp_1/0003_000006_冷静.wav	/root/autodl-tmp/CosyVoice_dev/examples/libritts/cosyvoice2/data/esd-emo-grpo/valid/receive/0003_000006_冷静.wav
/root/autodl-tmp/CosyVoice_dev/examples/libritts/cosyvoice2/data/esd-emo-grpo/valid/samp_1/0003_000007_冷静.wav	/root/autodl-tmp/CosyVoice_dev/examples/libritts/cosyvoice2/data/esd-emo-grpo/valid/receive/0003_000007_冷静.wav
/root/autodl-tmp/CosyVoice_dev/examples/libritts/cosyvoice2/data/esd-emo-grpo/valid/samp_1/0003_000008_冷静.wav	/root/autodl-tmp/CosyVoice_dev/examples/libritts/cosyvoice2/data/esd-emo-grpo/valid/receive/0003_000008_冷静.wav
/root/autodl-tmp/CosyVoice_dev/examples/libritts/cosyvoice2/data/esd-emo-grpo/valid/samp_1/0003_000009_冷静.wav	/root/autodl-tmp/CosyVoice_dev/examples/libritts/cosyvoice2/data/esd-emo-grpo/valid/receive/0003_000009_冷静.wav
/root/autodl-tmp/CosyVoice_dev/examples/libritts/cosyvoice2/data/esd-emo-grpo/valid/samp_1/0003_000010_冷静.wav	/root/autodl-tmp/CosyVoice_dev/examples/libritts/cosyvoice2/data/esd-emo-grpo/valid/receive/0003_000010_冷静.wav
/root/autodl-tmp/CosyVoice_dev/examples/libritts/cosyvoice2/data/esd-emo-grpo/valid/samp_1/0003_000011_冷静.wav	/root/autodl-tmp/CosyVoice_dev/examples/libritts/cosyvoice2/data/esd-emo-grpo/valid/receive/0003_000011_冷静.wav
/root/autodl-tmp/CosyVoice_dev/examples/libritts/cosyvoice2/data/esd-emo-grpo/valid/samp_1/0003_000012_冷静.wav	/root/autodl-tmp/CosyVoice_dev/examples/libritts/cosyvoice2/data/esd-emo-grpo/valid/receive/0003_000012_冷静.wav
/root/autodl-tmp/CosyVoice_dev/examples/libritts/cosyvoice2/data/esd-emo-grpo/valid/samp_1/0005_000005_冷静.wav	/root/autodl-tmp/CosyVoice_dev/examples/libritts/cosyvoice2/data/esd-emo-grpo/valid/receive/0005_000005_冷静.wav
/root/autodl-tmp/CosyVoice_dev/examples/libritts/cosyvoice2/data/esd-emo-grpo/valid/samp_1/0005_000006_冷静.wav	/root/autodl-tmp/CosyVoice_dev/examples/libritts/cosyvoice2/data/esd-emo-grpo/valid/receive/0005_000006_冷静.wav
/root/autodl-tmp/CosyVoice_dev/examples/libritts/cosyvoice2/data/esd-emo-grpo/valid/samp_1/0005_000007_冷静.wav	/root/autodl-tmp/CosyVoice_dev/examples/libritts/cosyvoice2/data/esd-emo-grpo/valid/receive/0005_000007_冷静.wav
/root/autodl-tmp/CosyVoice_dev/examples/libritts/cosyvoice2/data/esd-emo-grpo/valid/samp_1/0005_000008_冷静.wav	/root/autodl-tmp/CosyVoice_dev/examples/libritts/cosyvoice2/data/esd-emo-grpo/valid/receive/0005_000008_冷静.wav
/root/autodl-tmp/CosyVoice_dev/examples/libritts/cosyvoice2/data/esd-emo-grpo/valid/samp_1/0005_000009_冷静.wav	/root/autodl-tmp/CosyVoice_dev/examples/libritts/cosyvoice2/data/esd-emo-grpo/valid/receive/0005_000009_冷静.wav
/root/autodl-tmp/CosyVoice_dev/examples/libritts/cosyvoice2/data/esd-emo-grpo/valid/samp_1/0005_000010_冷静.wav	/root/autodl-tmp/CosyVoice_dev/examples/libritts/cosyvoice2/data/esd-emo-grpo/valid/receive/0005_000010_冷静.wav
/root/autodl-tmp/CosyVoice_dev/examples/libritts/cosyvoice2/data/esd-emo-grpo/valid/samp_1/0005_000011_冷静.wav	/root/autodl-tmp/CosyVoice_dev/examples/libritts/cosyvoice2/data/esd-emo-grpo/valid/receive/0005_000011_冷静.wav
/root/autodl-tmp/CosyVoice_dev/examples/libritts/cosyvoice2/data/esd-emo-grpo/valid/samp_1/0005_000012_冷静.wav	/root/autodl-tmp/CosyVoice_dev/examples/libritts/cosyvoice2/data/esd-emo-grpo/valid/receive/0005_000012_冷静.wav
/root/autodl-tmp/CosyVoice_dev/examples/libritts/cosyvoice2/data/esd-emo-grpo/valid/samp_1/0005_000013_冷静.wav	/root/autodl-tmp/CosyVoice_dev/examples/libritts/cosyvoice2/data/esd-emo-grpo/valid/receive/0005_000013_冷静.wav
/root/autodl-tmp/CosyVoice_dev/examples/libritts/cosyvoice2/data/esd-emo-grpo/valid/samp_1/0005_000014_冷静.wav	/root/autodl-tmp/CosyVoice_dev/examples/libritts/cosyvoice2/data/esd-emo-grpo/valid/receive/0005_000014_冷静.wav
/root/autodl-tmp/CosyVoice_dev/examples/libritts/cosyvoice2/data/esd-emo-grpo/valid/samp_1/0005_000015_冷静.wav	/root/autodl-tmp/CosyVoice_dev/examples/libritts/cosyvoice2/data/esd-emo-grpo/valid/receive/0005_000015_冷静.wav
/root/autodl-tmp/CosyVoice_dev/examples/libritts/cosyvoice2/data/esd-emo-grpo/valid/samp_1/0005_000016_冷静.wav	/root/autodl-tmp/CosyVoice_dev/examples/libritts/cosyvoice2/data/esd-emo-grpo/valid/receive/0005_000016_冷静.wav
/root/autodl-tmp/CosyVoice_dev/examples/libritts/cosyvoice2/data/esd-emo-grpo/valid/samp_1/0005_000017_冷静.wav	/root/autodl-tmp/CosyVoice_dev/examples/libritts/cosyvoice2/data/esd-emo-grpo/valid/receive/0005_000017_冷静.wav
/root/autodl-tmp/CosyVoice_dev/examples/libritts/cosyvoice2/data/esd-emo-grpo/valid/samp_1/0005_000018_冷静.wav	/root/autodl-tmp/CosyVoice_dev/examples/libritts/cosyvoice2/data/esd-emo-grpo/valid/receive/0005_000018_冷静.wav
/root/autodl-tmp/CosyVoice_dev/examples/libritts/cosyvoice2/data/esd-emo-grpo/valid/samp_1/0005_000019_冷静.wav	/root/autodl-tmp/CosyVoice_dev/examples/libritts/cosyvoice2/data/esd-emo-grpo/valid/receive/0005_000019_冷静.wav
/root/autodl-tmp/CosyVoice_dev/examples/libritts/cosyvoice2/data/esd-emo-grpo/valid/samp_1/0005_000020_冷静.wav	/root/autodl-tmp/CosyVoice_dev/examples/libritts/cosyvoice2/data/esd-emo-grpo/valid/receive/0005_000020_冷静.wav
/root/autodl-tmp/CosyVoice_dev/examples/libritts/cosyvoice2/data/esd-emo-grpo/valid/samp_1/0005_000351_生气.wav	/root/autodl-tmp/CosyVoice_dev/examples/libritts/cosyvoice2/data/esd-emo-grpo/valid/receive/0005_000351_生气.wav
/root/autodl-tmp/CosyVoice_dev/examples/libritts/cosyvoice2/data/esd-emo-grpo/valid/samp_1/0005_000352_生气.wav	/root/autodl-tmp/CosyVoice_dev/examples/libritts/cosyvoice2/data/esd-emo-grpo/valid/receive/0005_000352_生气.wav
/root/autodl-tmp/CosyVoice_dev/examples/libritts/cosyvoice2/data/esd-emo-grpo/valid/samp_1/0005_000353_生气.wav	/root/autodl-tmp/CosyVoice_dev/examples/libritts/cosyvoice2/data/esd-emo-grpo/valid/receive/0005_000353_生气.wav
/root/autodl-tmp/CosyVoice_dev/examples/libritts/cosyvoice2/data/esd-emo-grpo/valid/samp_1/0005_000354_生气.wav	/root/autodl-tmp/CosyVoice_dev/examples/libritts/cosyvoice2/data/esd-emo-grpo/valid/receive/0005_000354_生气.wav
/root/autodl-tmp/CosyVoice_dev/examples/libritts/cosyvoice2/data/esd-emo-grpo/valid/samp_1/0005_000355_生气.wav	/root/autodl-tmp/CosyVoice_dev/examples/libritts/cosyvoice2/data/esd-emo-grpo/valid/receive/0005_000355_生气.wav
/root/autodl-tmp/CosyVoice_dev/examples/libritts/cosyvoice2/data/esd-emo-grpo/valid/samp_1/0005_000356_生气.wav	/root/autodl-tmp/CosyVoice_dev/examples/libritts/cosyvoice2/data/esd-emo-grpo/valid/receive/0005_000356_生气.wav
/root/autodl-tmp/CosyVoice_dev/examples/libritts/cosyvoice2/data/esd-emo-grpo/valid/samp_1/0005_000357_生气.wav	/root/autodl-tmp/CosyVoice_dev/examples/libritts/cosyvoice2/data/esd-emo-grpo/valid/receive/0005_000357_生气.wav
/root/autodl-tmp/CosyVoice_dev/examples/libritts/cosyvoice2/data/esd-emo-grpo/valid/samp_1/0005_000358_生气.wav	/root/autodl-tmp/CosyVoice_dev/examples/libritts/cosyvoice2/data/esd-emo-grpo/valid/receive/0005_000358_生气.wav
/root/autodl-tmp/CosyVoice_dev/examples/libritts/cosyvoice2/data/esd-emo-grpo/valid/samp_1/0005_000359_生气.wav	/root/autodl-tmp/CosyVoice_dev/examples/libritts/cosyvoice2/data/esd-emo-grpo/valid/receive/0005_000359_生气.wav
/root/autodl-tmp/CosyVoice_dev/examples/libritts/cosyvoice2/data/esd-emo-grpo/valid/samp_1/0005_000360_生气.wav	/root/autodl-tmp/CosyVoice_dev/examples/libritts/cosyvoice2/data/esd-emo-grpo/valid/receive/0005_000360_生气.wav
/root/autodl-tmp/CosyVoice_dev/examples/libritts/cosyvoice2/data/esd-emo-grpo/valid/samp_1/0005_000361_生气.wav	/root/autodl-tmp/CosyVoice_dev/examples/libritts/cosyvoice2/data/esd-emo-grpo/valid/receive/0005_000361_生气.wav
/root/autodl-tmp/CosyVoice_dev/examples/libritts/cosyvoice2/data/esd-emo-grpo/valid/samp_1/0005_000362_生气.wav	/root/autodl-tmp/CosyVoice_dev/examples/libritts/cosyvoice2/data/esd-emo-grpo/valid/receive/0005_000362_生气.wav
/root/autodl-tmp/CosyVoice_dev/examples/libritts/cosyvoice2/data/esd-emo-grpo/valid/samp_1/0005_000363_生气.wav	/root/autodl-tmp/CosyVoice_dev/examples/libritts/cosyvoice2/data/esd-emo-grpo/valid/receive/0005_000363_生气.wav
/root/autodl-tmp/CosyVoice_dev/examples/libritts/cosyvoice2/data/esd-emo-grpo/valid/samp_1/0005_000364_生气.wav	/root/autodl-tmp/CosyVoice_dev/examples/libritts/cosyvoice2/data/esd-emo-grpo/valid/receive/0005_000364_生气.wav
/root/autodl-tmp/CosyVoice_dev/examples/libritts/cosyvoice2/data/esd-emo-grpo/valid/samp_1/0005_000365_生气.wav	/root/autodl-tmp/CosyVoice_dev/examples/libritts/cosyvoice2/data/esd-emo-grpo/valid/receive/0005_000365_生气.wav
/root/autodl-tmp/CosyVoice_dev/examples/libritts/cosyvoice2/data/esd-emo-grpo/valid/samp_1/0005_000366_生气.wav	/root/autodl-tmp/CosyVoice_dev/examples/libritts/cosyvoice2/data/esd-emo-grpo/valid/receive/0005_000366_生气.wav
/root/autodl-tmp/CosyVoice_dev/examples/libritts/cosyvoice2/data/esd-emo-grpo/valid/samp_1/0005_000367_生气.wav	/root/autodl-tmp/CosyVoice_dev/examples/libritts/cosyvoice2/data/esd-emo-grpo/valid/receive/0005_000367_生气.wav
/root/autodl-tmp/CosyVoice_dev/examples/libritts/cosyvoice2/data/esd-emo-grpo/valid/samp_1/0005_000368_生气.wav	/root/autodl-tmp/CosyVoice_dev/examples/libritts/cosyvoice2/data/esd-emo-grpo/valid/receive/0005_000368_生气.wav
/root/autodl-tmp/CosyVoice_dev/examples/libritts/cosyvoice2/data/esd-emo-grpo/valid/samp_1/0005_000369_生气.wav	/root/autodl-tmp/CosyVoice_dev/examples/libritts/cosyvoice2/data/esd-emo-grpo/valid/receive/0005_000369_生气.wav
/root/autodl-tmp/CosyVoice_dev/examples/libritts/cosyvoice2/data/esd-emo-grpo/valid/samp_1/0005_000370_生气.wav	/root/autodl-tmp/CosyVoice_dev/examples/libritts/cosyvoice2/data/esd-emo-grpo/valid/receive/0005_000370_生气.wav
/root/autodl-tmp/CosyVoice_dev/examples/libritts/cosyvoice2/data/esd-emo-grpo/valid/samp_1/0006_000701_快乐.wav	/root/autodl-tmp/CosyVoice_dev/examples/libritts/cosyvoice2/data/esd-emo-grpo/valid/receive/0006_000701_快乐.wav
/root/autodl-tmp/CosyVoice_dev/examples/libritts/cosyvoice2/data/esd-emo-grpo/valid/samp_1/0006_000702_快乐.wav	/root/autodl-tmp/CosyVoice_dev/examples/libritts/cosyvoice2/data/esd-emo-grpo/valid/receive/0006_000702_快乐.wav
/root/autodl-tmp/CosyVoice_dev/examples/libritts/cosyvoice2/data/esd-emo-grpo/valid/samp_1/0006_000703_快乐.wav	/root/autodl-tmp/CosyVoice_dev/examples/libritts/cosyvoice2/data/esd-emo-grpo/valid/receive/0006_000703_快乐.wav
/root/autodl-tmp/CosyVoice_dev/examples/libritts/cosyvoice2/data/esd-emo-grpo/valid/samp_1/0006_000704_快乐.wav	/root/autodl-tmp/CosyVoice_dev/examples/libritts/cosyvoice2/data/esd-emo-grpo/valid/receive/0006_000704_快乐.wav
/root/autodl-tmp/CosyVoice_dev/examples/libritts/cosyvoice2/data/esd-emo-grpo/valid/samp_1/0006_000705_快乐.wav	/root/autodl-tmp/CosyVoice_dev/examples/libritts/cosyvoice2/data/esd-emo-grpo/valid/receive/0006_000705_快乐.wav
/root/autodl-tmp/CosyVoice_dev/examples/libritts/cosyvoice2/data/esd-emo-grpo/valid/samp_1/0006_000706_快乐.wav	/root/autodl-tmp/CosyVoice_dev/examples/libritts/cosyvoice2/data/esd-emo-grpo/valid/receive/0006_000706_快乐.wav
/root/autodl-tmp/CosyVoice_dev/examples/libritts/cosyvoice2/data/esd-emo-grpo/valid/samp_1/0006_000707_快乐.wav	/root/autodl-tmp/CosyVoice_dev/examples/libritts/cosyvoice2/data/esd-emo-grpo/valid/receive/0006_000707_快乐.wav
/root/autodl-tmp/CosyVoice_dev/examples/libritts/cosyvoice2/data/esd-emo-grpo/valid/samp_1/0006_000708_快乐.wav	/root/autodl-tmp/CosyVoice_dev/examples/libritts/cosyvoice2/data/esd-emo-grpo/valid/receive/0006_000708_快乐.wav
/root/autodl-tmp/CosyVoice_dev/examples/libritts/cosyvoice2/data/esd-emo-grpo/valid/samp_1/0006_000709_快乐.wav	/root/autodl-tmp/CosyVoice_dev/examples/libritts/cosyvoice2/data/esd-emo-grpo/valid/receive/0006_000709_快乐.wav
/root/autodl-tmp/CosyVoice_dev/examples/libritts/cosyvoice2/data/esd-emo-grpo/valid/samp_1/0006_000710_快乐.wav	/root/autodl-tmp/CosyVoice_dev/examples/libritts/cosyvoice2/data/esd-emo-grpo/valid/receive/0006_000710_快乐.wav
/root/autodl-tmp/CosyVoice_dev/examples/libritts/cosyvoice2/data/esd-emo-grpo/valid/samp_1/0006_000711_快乐.wav	/root/autodl-tmp/CosyVoice_dev/examples/libritts/cosyvoice2/data/esd-emo-grpo/valid/receive/0006_000711_快乐.wav
/root/autodl-tmp/CosyVoice_dev/examples/libritts/cosyvoice2/data/esd-emo-grpo/valid/samp_1/0006_000712_快乐.wav	/root/autodl-tmp/CosyVoice_dev/examples/libritts/cosyvoice2/data/esd-emo-grpo/valid/receive/0006_000712_快乐.wav
/root/autodl-tmp/CosyVoice_dev/examples/libritts/cosyvoice2/data/esd-emo-grpo/valid/samp_1/0006_000713_快乐.wav	/root/autodl-tmp/CosyVoice_dev/examples/libritts/cosyvoice2/data/esd-emo-grpo/valid/receive/0006_000713_快乐.wav
/root/autodl-tmp/CosyVoice_dev/examples/libritts/cosyvoice2/data/esd-emo-grpo/valid/samp_1/0006_000714_快乐.wav	/root/autodl-tmp/CosyVoice_dev/examples/libritts/cosyvoice2/data/esd-emo-grpo/valid/receive/0006_000714_快乐.wav
/root/autodl-tmp/CosyVoice_dev/examples/libritts/cosyvoice2/data/esd-emo-grpo/valid/samp_1/0006_000715_快乐.wav	/root/autodl-tmp/CosyVoice_dev/examples/libritts/cosyvoice2/data/esd-emo-grpo/valid/receive/0006_000715_快乐.wav
/root/autodl-tmp/CosyVoice_dev/examples/libritts/cosyvoice2/data/esd-emo-grpo/valid/samp_1/0006_000716_快乐.wav	/root/autodl-tmp/CosyVoice_dev/examples/libritts/cosyvoice2/data/esd-emo-grpo/valid/receive/0006_000716_快乐.wav
/root/autodl-tmp/CosyVoice_dev/examples/libritts/cosyvoice2/data/esd-emo-grpo/valid/samp_1/0006_000717_快乐.wav	/root/autodl-tmp/CosyVoice_dev/examples/libritts/cosyvoice2/data/esd-emo-grpo/valid/receive/0006_000717_快乐.wav
/root/autodl-tmp/CosyVoice_dev/examples/libritts/cosyvoice2/data/esd-emo-grpo/valid/samp_1/0006_000718_快乐.wav	/root/autodl-tmp/CosyVoice_dev/examples/libritts/cosyvoice2/data/esd-emo-grpo/valid/receive/0006_000718_快乐.wav
/root/autodl-tmp/CosyVoice_dev/examples/libritts/cosyvoice2/data/esd-emo-grpo/valid/samp_1/0006_000719_快乐.wav	/root/autodl-tmp/CosyVoice_dev/examples/libritts/cosyvoice2/data/esd-emo-grpo/valid/receive/0006_000719_快乐.wav
/root/autodl-tmp/CosyVoice_dev/examples/libritts/cosyvoice2/data/esd-emo-grpo/valid/samp_1/0006_000720_快乐.wav	/root/autodl-tmp/CosyVoice_dev/examples/libritts/cosyvoice2/data/esd-emo-grpo/valid/receive/0006_000720_快乐.wav
/root/autodl-tmp/CosyVoice_dev/examples/libritts/cosyvoice2/data/esd-emo-grpo/valid/samp_1/0006_001051_伤心.wav	/root/autodl-tmp/CosyVoice_dev/examples/libritts/cosyvoice2/data/esd-emo-grpo/valid/receive/0006_001051_伤心.wav
/root/autodl-tmp/CosyVoice_dev/examples/libritts/cosyvoice2/data/esd-emo-grpo/valid/samp_1/0006_001052_伤心.wav	/root/autodl-tmp/CosyVoice_dev/examples/libritts/cosyvoice2/data/esd-emo-grpo/valid/receive/0006_001052_伤心.wav
/root/autodl-tmp/CosyVoice_dev/examples/libritts/cosyvoice2/data/esd-emo-grpo/valid/samp_1/0006_001053_伤心.wav	/root/autodl-tmp/CosyVoice_dev/examples/libritts/cosyvoice2/data/esd-emo-grpo/valid/receive/0006_001053_伤心.wav
/root/autodl-tmp/CosyVoice_dev/examples/libritts/cosyvoice2/data/esd-emo-grpo/valid/samp_1/0006_001054_伤心.wav	/root/autodl-tmp/CosyVoice_dev/examples/libritts/cosyvoice2/data/esd-emo-grpo/valid/receive/0006_001054_伤心.wav
/root/autodl-tmp/CosyVoice_dev/examples/libritts/cosyvoice2/data/esd-emo-grpo/valid/samp_1/0006_001055_伤心.wav	/root/autodl-tmp/CosyVoice_dev/examples/libritts/cosyvoice2/data/esd-emo-grpo/valid/receive/0006_001055_伤心.wav
/root/autodl-tmp/CosyVoice_dev/examples/libritts/cosyvoice2/data/esd-emo-grpo/valid/samp_1/0006_001056_伤心.wav	/root/autodl-tmp/CosyVoice_dev/examples/libritts/cosyvoice2/data/esd-emo-grpo/valid/receive/0006_001056_伤心.wav
/root/autodl-tmp/CosyVoice_dev/examples/libritts/cosyvoice2/data/esd-emo-grpo/valid/samp_1/0006_001057_伤心.wav	/root/autodl-tmp/CosyVoice_dev/examples/libritts/cosyvoice2/data/esd-emo-grpo/valid/receive/0006_001057_伤心.wav
/root/autodl-tmp/CosyVoice_dev/examples/libritts/cosyvoice2/data/esd-emo-grpo/valid/samp_1/0006_001058_伤心.wav	/root/autodl-tmp/CosyVoice_dev/examples/libritts/cosyvoice2/data/esd-emo-grpo/valid/receive/0006_001058_伤心.wav
/root/autodl-tmp/CosyVoice_dev/examples/libritts/cosyvoice2/data/esd-emo-grpo/valid/samp_1/0005_000701_快乐.wav	/root/autodl-tmp/CosyVoice_dev/examples/libritts/cosyvoice2/data/esd-emo-grpo/valid/receive/0005_000701_快乐.wav
/root/autodl-tmp/CosyVoice_dev/examples/libritts/cosyvoice2/data/esd-emo-grpo/valid/samp_1/0005_000702_快乐.wav	/root/autodl-tmp/CosyVoice_dev/examples/libritts/cosyvoice2/data/esd-emo-grpo/valid/receive/0005_000702_快乐.wav
/root/autodl-tmp/CosyVoice_dev/examples/libritts/cosyvoice2/data/esd-emo-grpo/valid/samp_1/0005_000703_快乐.wav	/root/autodl-tmp/CosyVoice_dev/examples/libritts/cosyvoice2/data/esd-emo-grpo/valid/receive/0005_000703_快乐.wav
/root/autodl-tmp/CosyVoice_dev/examples/libritts/cosyvoice2/data/esd-emo-grpo/valid/samp_1/0005_000704_快乐.wav	/root/autodl-tmp/CosyVoice_dev/examples/libritts/cosyvoice2/data/esd-emo-grpo/valid/receive/0005_000704_快乐.wav
/root/autodl-tmp/CosyVoice_dev/examples/libritts/cosyvoice2/data/esd-emo-grpo/valid/samp_1/0005_000705_快乐.wav	/root/autodl-tmp/CosyVoice_dev/examples/libritts/cosyvoice2/data/esd-emo-grpo/valid/receive/0005_000705_快乐.wav
/root/autodl-tmp/CosyVoice_dev/examples/libritts/cosyvoice2/data/esd-emo-grpo/valid/samp_1/0005_000706_快乐.wav	/root/autodl-tmp/CosyVoice_dev/examples/libritts/cosyvoice2/data/esd-emo-grpo/valid/receive/0005_000706_快乐.wav
/root/autodl-tmp/CosyVoice_dev/examples/libritts/cosyvoice2/data/esd-emo-grpo/valid/samp_1/0005_000707_快乐.wav	/root/autodl-tmp/CosyVoice_dev/examples/libritts/cosyvoice2/data/esd-emo-grpo/valid/receive/0005_000707_快乐.wav
/root/autodl-tmp/CosyVoice_dev/examples/libritts/cosyvoice2/data/esd-emo-grpo/valid/samp_1/0005_000708_快乐.wav	/root/autodl-tmp/CosyVoice_dev/examples/libritts/cosyvoice2/data/esd-emo-grpo/valid/receive/0005_000708_快乐.wav
/root/autodl-tmp/CosyVoice_dev/examples/libritts/cosyvoice2/data/esd-emo-grpo/valid/samp_1/0005_000709_快乐.wav	/root/autodl-tmp/CosyVoice_dev/examples/libritts/cosyvoice2/data/esd-emo-grpo/valid/receive/0005_000709_快乐.wav
/root/autodl-tmp/CosyVoice_dev/examples/libritts/cosyvoice2/data/esd-emo-grpo/valid/samp_1/0005_000710_快乐.wav	/root/autodl-tmp/CosyVoice_dev/examples/libritts/cosyvoice2/data/esd-emo-grpo/valid/receive/0005_000710_快乐.wav
/root/autodl-tmp/CosyVoice_dev/examples/libritts/cosyvoice2/data/esd-emo-grpo/valid/samp_1/0005_000711_快乐.wav	/root/autodl-tmp/CosyVoice_dev/examples/libritts/cosyvoice2/data/esd-emo-grpo/valid/receive/0005_000711_快乐.wav
/root/autodl-tmp/CosyVoice_dev/examples/libritts/cosyvoice2/data/esd-emo-grpo/valid/samp_1/0005_000712_快乐.wav	/root/autodl-tmp/CosyVoice_dev/examples/libritts/cosyvoice2/data/esd-emo-grpo/valid/receive/0005_000712_快乐.wav
/root/autodl-tmp/CosyVoice_dev/examples/libritts/cosyvoice2/data/esd-emo-grpo/valid/samp_1/0005_000713_快乐.wav	/root/autodl-tmp/CosyVoice_dev/examples/libritts/cosyvoice2/data/esd-emo-grpo/valid/receive/0005_000713_快乐.wav
/root/autodl-tmp/CosyVoice_dev/examples/libritts/cosyvoice2/data/esd-emo-grpo/valid/samp_1/0005_000714_快乐.wav	/root/autodl-tmp/CosyVoice_dev/examples/libritts/cosyvoice2/data/esd-emo-grpo/valid/receive/0005_000714_快乐.wav
/root/autodl-tmp/CosyVoice_dev/examples/libritts/cosyvoice2/data/esd-emo-grpo/valid/samp_1/0005_000715_快乐.wav	/root/autodl-tmp/CosyVoice_dev/examples/libritts/cosyvoice2/data/esd-emo-grpo/valid/receive/0005_000715_快乐.wav
/root/autodl-tmp/CosyVoice_dev/examples/libritts/cosyvoice2/data/esd-emo-grpo/valid/samp_1/0005_000716_快乐.wav	/root/autodl-tmp/CosyVoice_dev/examples/libritts/cosyvoice2/data/esd-emo-grpo/valid/receive/0005_000716_快乐.wav
/root/autodl-tmp/CosyVoice_dev/examples/libritts/cosyvoice2/data/esd-emo-grpo/valid/samp_1/0005_000717_快乐.wav	/root/autodl-tmp/CosyVoice_dev/examples/libritts/cosyvoice2/data/esd-emo-grpo/valid/receive/0005_000717_快乐.wav
/root/autodl-tmp/CosyVoice_dev/examples/libritts/cosyvoice2/data/esd-emo-grpo/valid/samp_1/0005_000718_快乐.wav	/root/autodl-tmp/CosyVoice_dev/examples/libritts/cosyvoice2/data/esd-emo-grpo/valid/receive/0005_000718_快乐.wav
/root/autodl-tmp/CosyVoice_dev/examples/libritts/cosyvoice2/data/esd-emo-grpo/valid/samp_1/0005_000719_快乐.wav	/root/autodl-tmp/CosyVoice_dev/examples/libritts/cosyvoice2/data/esd-emo-grpo/valid/receive/0005_000719_快乐.wav
/root/autodl-tmp/CosyVoice_dev/examples/libritts/cosyvoice2/data/esd-emo-grpo/valid/samp_1/0005_000720_快乐.wav	/root/autodl-tmp/CosyVoice_dev/examples/libritts/cosyvoice2/data/esd-emo-grpo/valid/receive/0005_000720_快乐.wav
/root/autodl-tmp/CosyVoice_dev/examples/libritts/cosyvoice2/data/esd-emo-grpo/valid/samp_1/0005_001051_伤心.wav	/root/autodl-tmp/CosyVoice_dev/examples/libritts/cosyvoice2/data/esd-emo-grpo/valid/receive/0005_001051_伤心.wav
/root/autodl-tmp/CosyVoice_dev/examples/libritts/cosyvoice2/data/esd-emo-grpo/valid/samp_1/0005_001052_伤心.wav	/root/autodl-tmp/CosyVoice_dev/examples/libritts/cosyvoice2/data/esd-emo-grpo/valid/receive/0005_001052_伤心.wav
/root/autodl-tmp/CosyVoice_dev/examples/libritts/cosyvoice2/data/esd-emo-grpo/valid/samp_1/0005_001053_伤心.wav	/root/autodl-tmp/CosyVoice_dev/examples/libritts/cosyvoice2/data/esd-emo-grpo/valid/receive/0005_001053_伤心.wav
/root/autodl-tmp/CosyVoice_dev/examples/libritts/cosyvoice2/data/esd-emo-grpo/valid/samp_1/0005_001054_伤心.wav	/root/autodl-tmp/CosyVoice_dev/examples/libritts/cosyvoice2/data/esd-emo-grpo/valid/receive/0005_001054_伤心.wav
/root/autodl-tmp/CosyVoice_dev/examples/libritts/cosyvoice2/data/esd-emo-grpo/valid/samp_1/0005_001055_伤心.wav	/root/autodl-tmp/CosyVoice_dev/examples/libritts/cosyvoice2/data/esd-emo-grpo/valid/receive/0005_001055_伤心.wav
/root/autodl-tmp/CosyVoice_dev/examples/libritts/cosyvoice2/data/esd-emo-grpo/valid/samp_1/0005_001056_伤心.wav	/root/autodl-tmp/CosyVoice_dev/examples/libritts/cosyvoice2/data/esd-emo-grpo/valid/receive/0005_001056_伤心.wav
/root/autodl-tmp/CosyVoice_dev/examples/libritts/cosyvoice2/data/esd-emo-grpo/valid/samp_1/0005_001057_伤心.wav	/root/autodl-tmp/CosyVoice_dev/examples/libritts/cosyvoice2/data/esd-emo-grpo/valid/receive/0005_001057_伤心.wav
/root/autodl-tmp/CosyVoice_dev/examples/libritts/cosyvoice2/data/esd-emo-grpo/valid/samp_1/0005_001058_伤心.wav	/root/autodl-tmp/CosyVoice_dev/examples/libritts/cosyvoice2/data/esd-emo-grpo/valid/receive/0005_001058_伤心.wav
/root/autodl-tmp/CosyVoice_dev/examples/libritts/cosyvoice2/data/esd-emo-grpo/valid/samp_1/0005_001059_伤心.wav	/root/autodl-tmp/CosyVoice_dev/examples/libritts/cosyvoice2/data/esd-emo-grpo/valid/receive/0005_001059_伤心.wav
/root/autodl-tmp/CosyVoice_dev/examples/libritts/cosyvoice2/data/esd-emo-grpo/valid/samp_1/0005_001060_伤心.wav	/root/autodl-tmp/CosyVoice_dev/examples/libritts/cosyvoice2/data/esd-emo-grpo/valid/receive/0005_001060_伤心.wav
/root/autodl-tmp/CosyVoice_dev/examples/libritts/cosyvoice2/data/esd-emo-grpo/valid/samp_1/0005_001061_伤心.wav	/root/autodl-tmp/CosyVoice_dev/examples/libritts/cosyvoice2/data/esd-emo-grpo/valid/receive/0005_001061_伤心.wav
/root/autodl-tmp/CosyVoice_dev/examples/libritts/cosyvoice2/data/esd-emo-grpo/valid/samp_1/0005_001062_伤心.wav	/root/autodl-tmp/CosyVoice_dev/examples/libritts/cosyvoice2/data/esd-emo-grpo/valid/receive/0005_001062_伤心.wav
/root/autodl-tmp/CosyVoice_dev/examples/libritts/cosyvoice2/data/esd-emo-grpo/valid/samp_1/0006_001059_伤心.wav	/root/autodl-tmp/CosyVoice_dev/examples/libritts/cosyvoice2/data/esd-emo-grpo/valid/receive/0006_001059_伤心.wav
/root/autodl-tmp/CosyVoice_dev/examples/libritts/cosyvoice2/data/esd-emo-grpo/valid/samp_1/0006_001060_伤心.wav	/root/autodl-tmp/CosyVoice_dev/examples/libritts/cosyvoice2/data/esd-emo-grpo/valid/receive/0006_001060_伤心.wav
/root/autodl-tmp/CosyVoice_dev/examples/libritts/cosyvoice2/data/esd-emo-grpo/valid/samp_1/0006_001061_伤心.wav	/root/autodl-tmp/CosyVoice_dev/examples/libritts/cosyvoice2/data/esd-emo-grpo/valid/receive/0006_001061_伤心.wav
/root/autodl-tmp/CosyVoice_dev/examples/libritts/cosyvoice2/data/esd-emo-grpo/valid/samp_1/0006_001062_伤心.wav	/root/autodl-tmp/CosyVoice_dev/examples/libritts/cosyvoice2/data/esd-emo-grpo/valid/receive/0006_001062_伤心.wav
/root/autodl-tmp/CosyVoice_dev/examples/libritts/cosyvoice2/data/esd-emo-grpo/valid/samp_1/0006_001063_伤心.wav	/root/autodl-tmp/CosyVoice_dev/examples/libritts/cosyvoice2/data/esd-emo-grpo/valid/receive/0006_001063_伤心.wav
/root/autodl-tmp/CosyVoice_dev/examples/libritts/cosyvoice2/data/esd-emo-grpo/valid/samp_1/0006_001064_伤心.wav	/root/autodl-tmp/CosyVoice_dev/examples/libritts/cosyvoice2/data/esd-emo-grpo/valid/receive/0006_001064_伤心.wav
/root/autodl-tmp/CosyVoice_dev/examples/libritts/cosyvoice2/data/esd-emo-grpo/valid/samp_1/0006_001065_伤心.wav	/root/autodl-tmp/CosyVoice_dev/examples/libritts/cosyvoice2/data/esd-emo-grpo/valid/receive/0006_001065_伤心.wav
/root/autodl-tmp/CosyVoice_dev/examples/libritts/cosyvoice2/data/esd-emo-grpo/valid/samp_1/0006_001066_伤心.wav	/root/autodl-tmp/CosyVoice_dev/examples/libritts/cosyvoice2/data/esd-emo-grpo/valid/receive/0006_001066_伤心.wav
/root/autodl-tmp/CosyVoice_dev/examples/libritts/cosyvoice2/data/esd-emo-grpo/valid/samp_1/0006_001067_伤心.wav	/root/autodl-tmp/CosyVoice_dev/examples/libritts/cosyvoice2/data/esd-emo-grpo/valid/receive/0006_001067_伤心.wav
/root/autodl-tmp/CosyVoice_dev/examples/libritts/cosyvoice2/data/esd-emo-grpo/valid/samp_1/0006_001068_伤心.wav	/root/autodl-tmp/CosyVoice_dev/examples/libritts/cosyvoice2/data/esd-emo-grpo/valid/receive/0006_001068_伤心.wav
/root/autodl-tmp/CosyVoice_dev/examples/libritts/cosyvoice2/data/esd-emo-grpo/valid/samp_1/0006_001069_伤心.wav	/root/autodl-tmp/CosyVoice_dev/examples/libritts/cosyvoice2/data/esd-emo-grpo/valid/receive/0006_001069_伤心.wav
/root/autodl-tmp/CosyVoice_dev/examples/libritts/cosyvoice2/data/esd-emo-grpo/valid/samp_1/0006_001070_伤心.wav	/root/autodl-tmp/CosyVoice_dev/examples/libritts/cosyvoice2/data/esd-emo-grpo/valid/receive/0006_001070_伤心.wav
/root/autodl-tmp/CosyVoice_dev/examples/libritts/cosyvoice2/data/esd-emo-grpo/valid/samp_1/0006_001401_惊喜.wav	/root/autodl-tmp/CosyVoice_dev/examples/libritts/cosyvoice2/data/esd-emo-grpo/valid/receive/0006_001401_惊喜.wav
/root/autodl-tmp/CosyVoice_dev/examples/libritts/cosyvoice2/data/esd-emo-grpo/valid/samp_1/0006_001402_惊喜.wav	/root/autodl-tmp/CosyVoice_dev/examples/libritts/cosyvoice2/data/esd-emo-grpo/valid/receive/0006_001402_惊喜.wav
/root/autodl-tmp/CosyVoice_dev/examples/libritts/cosyvoice2/data/esd-emo-grpo/valid/samp_1/0006_001403_惊喜.wav	/root/autodl-tmp/CosyVoice_dev/examples/libritts/cosyvoice2/data/esd-emo-grpo/valid/receive/0006_001403_惊喜.wav
/root/autodl-tmp/CosyVoice_dev/examples/libritts/cosyvoice2/data/esd-emo-grpo/valid/samp_1/0006_001404_惊喜.wav	/root/autodl-tmp/CosyVoice_dev/examples/libritts/cosyvoice2/data/esd-emo-grpo/valid/receive/0006_001404_惊喜.wav
/root/autodl-tmp/CosyVoice_dev/examples/libritts/cosyvoice2/data/esd-emo-grpo/valid/samp_1/0006_001405_惊喜.wav	/root/autodl-tmp/CosyVoice_dev/examples/libritts/cosyvoice2/data/esd-emo-grpo/valid/receive/0006_001405_惊喜.wav
/root/autodl-tmp/CosyVoice_dev/examples/libritts/cosyvoice2/data/esd-emo-grpo/valid/samp_1/0006_001406_惊喜.wav	/root/autodl-tmp/CosyVoice_dev/examples/libritts/cosyvoice2/data/esd-emo-grpo/valid/receive/0006_001406_惊喜.wav
/root/autodl-tmp/CosyVoice_dev/examples/libritts/cosyvoice2/data/esd-emo-grpo/valid/samp_1/0006_001407_惊喜.wav	/root/autodl-tmp/CosyVoice_dev/examples/libritts/cosyvoice2/data/esd-emo-grpo/valid/receive/0006_001407_惊喜.wav
/root/autodl-tmp/CosyVoice_dev/examples/libritts/cosyvoice2/data/esd-emo-grpo/valid/samp_1/0006_001408_惊喜.wav	/root/autodl-tmp/CosyVoice_dev/examples/libritts/cosyvoice2/data/esd-emo-grpo/valid/receive/0006_001408_惊喜.wav
/root/autodl-tmp/CosyVoice_dev/examples/libritts/cosyvoice2/data/esd-emo-grpo/valid/samp_1/0006_001409_惊喜.wav	/root/autodl-tmp/CosyVoice_dev/examples/libritts/cosyvoice2/data/esd-emo-grpo/valid/receive/0006_001409_惊喜.wav
/root/autodl-tmp/CosyVoice_dev/examples/libritts/cosyvoice2/data/esd-emo-grpo/valid/samp_1/0006_001410_惊喜.wav	/root/autodl-tmp/CosyVoice_dev/examples/libritts/cosyvoice2/data/esd-emo-grpo/valid/receive/0006_001410_惊喜.wav
/root/autodl-tmp/CosyVoice_dev/examples/libritts/cosyvoice2/data/esd-emo-grpo/valid/samp_1/0006_001411_惊喜.wav	/root/autodl-tmp/CosyVoice_dev/examples/libritts/cosyvoice2/data/esd-emo-grpo/valid/receive/0006_001411_惊喜.wav
/root/autodl-tmp/CosyVoice_dev/examples/libritts/cosyvoice2/data/esd-emo-grpo/valid/samp_1/0006_001412_惊喜.wav	/root/autodl-tmp/CosyVoice_dev/examples/libritts/cosyvoice2/data/esd-emo-grpo/valid/receive/0006_001412_惊喜.wav
/root/autodl-tmp/CosyVoice_dev/examples/libritts/cosyvoice2/data/esd-emo-grpo/valid/samp_1/0006_001413_惊喜.wav	/root/autodl-tmp/CosyVoice_dev/examples/libritts/cosyvoice2/data/esd-emo-grpo/valid/receive/0006_001413_惊喜.wav
/root/autodl-tmp/CosyVoice_dev/examples/libritts/cosyvoice2/data/esd-emo-grpo/valid/samp_1/0006_001414_惊喜.wav	/root/autodl-tmp/CosyVoice_dev/examples/libritts/cosyvoice2/data/esd-emo-grpo/valid/receive/0006_001414_惊喜.wav
/root/autodl-tmp/CosyVoice_dev/examples/libritts/cosyvoice2/data/esd-emo-grpo/valid/samp_1/0006_001415_惊喜.wav	/root/autodl-tmp/CosyVoice_dev/examples/libritts/cosyvoice2/data/esd-emo-grpo/valid/receive/0006_001415_惊喜.wav
/root/autodl-tmp/CosyVoice_dev/examples/libritts/cosyvoice2/data/esd-emo-grpo/valid/samp_1/0006_001416_惊喜.wav	/root/autodl-tmp/CosyVoice_dev/examples/libritts/cosyvoice2/data/esd-emo-grpo/valid/receive/0006_001416_惊喜.wav
/root/autodl-tmp/CosyVoice_dev/examples/libritts/cosyvoice2/data/esd-emo-grpo/valid/samp_1/0006_001417_惊喜.wav	/root/autodl-tmp/CosyVoice_dev/examples/libritts/cosyvoice2/data/esd-emo-grpo/valid/receive/0006_001417_惊喜.wav
/root/autodl-tmp/CosyVoice_dev/examples/libritts/cosyvoice2/data/esd-emo-grpo/valid/samp_1/0006_001418_惊喜.wav	/root/autodl-tmp/CosyVoice_dev/examples/libritts/cosyvoice2/data/esd-emo-grpo/valid/receive/0006_001418_惊喜.wav
/root/autodl-tmp/CosyVoice_dev/examples/libritts/cosyvoice2/data/esd-emo-grpo/valid/samp_1/0006_001419_惊喜.wav	/root/autodl-tmp/CosyVoice_dev/examples/libritts/cosyvoice2/data/esd-emo-grpo/valid/receive/0006_001419_惊喜.wav
/root/autodl-tmp/CosyVoice_dev/examples/libritts/cosyvoice2/data/esd-emo-grpo/valid/samp_1/0006_001420_惊喜.wav	/root/autodl-tmp/CosyVoice_dev/examples/libritts/cosyvoice2/data/esd-emo-grpo/valid/receive/0006_001420_惊喜.wav
/root/autodl-tmp/CosyVoice_dev/examples/libritts/cosyvoice2/data/esd-emo-grpo/valid/samp_1/0006_000001_冷静.wav	/root/autodl-tmp/CosyVoice_dev/examples/libritts/cosyvoice2/data/esd-emo-grpo/valid/receive/0006_000001_冷静.wav
/root/autodl-tmp/CosyVoice_dev/examples/libritts/cosyvoice2/data/esd-emo-grpo/valid/samp_1/0006_000002_冷静.wav	/root/autodl-tmp/CosyVoice_dev/examples/libritts/cosyvoice2/data/esd-emo-grpo/valid/receive/0006_000002_冷静.wav
/root/autodl-tmp/CosyVoice_dev/examples/libritts/cosyvoice2/data/esd-emo-grpo/valid/samp_1/0006_000003_冷静.wav	/root/autodl-tmp/CosyVoice_dev/examples/libritts/cosyvoice2/data/esd-emo-grpo/valid/receive/0006_000003_冷静.wav
/root/autodl-tmp/CosyVoice_dev/examples/libritts/cosyvoice2/data/esd-emo-grpo/valid/samp_1/0006_000004_冷静.wav	/root/autodl-tmp/CosyVoice_dev/examples/libritts/cosyvoice2/data/esd-emo-grpo/valid/receive/0006_000004_冷静.wav
/root/autodl-tmp/CosyVoice_dev/examples/libritts/cosyvoice2/data/esd-emo-grpo/valid/samp_1/0006_000005_冷静.wav	/root/autodl-tmp/CosyVoice_dev/examples/libritts/cosyvoice2/data/esd-emo-grpo/valid/receive/0006_000005_冷静.wav
/root/autodl-tmp/CosyVoice_dev/examples/libritts/cosyvoice2/data/esd-emo-grpo/valid/samp_1/0006_000006_冷静.wav	/root/autodl-tmp/CosyVoice_dev/examples/libritts/cosyvoice2/data/esd-emo-grpo/valid/receive/0006_000006_冷静.wav
/root/autodl-tmp/CosyVoice_dev/examples/libritts/cosyvoice2/data/esd-emo-grpo/valid/samp_1/0006_000007_冷静.wav	/root/autodl-tmp/CosyVoice_dev/examples/libritts/cosyvoice2/data/esd-emo-grpo/valid/receive/0006_000007_冷静.wav
/root/autodl-tmp/CosyVoice_dev/examples/libritts/cosyvoice2/data/esd-emo-grpo/valid/samp_1/0006_000008_冷静.wav	/root/autodl-tmp/CosyVoice_dev/examples/libritts/cosyvoice2/data/esd-emo-grpo/valid/receive/0006_000008_冷静.wav
/root/autodl-tmp/CosyVoice_dev/examples/libritts/cosyvoice2/data/esd-emo-grpo/valid/samp_1/0006_000009_冷静.wav	/root/autodl-tmp/CosyVoice_dev/examples/libritts/cosyvoice2/data/esd-emo-grpo/valid/receive/0006_000009_冷静.wav
/root/autodl-tmp/CosyVoice_dev/examples/libritts/cosyvoice2/data/esd-emo-grpo/valid/samp_1/0006_000010_冷静.wav	/root/autodl-tmp/CosyVoice_dev/examples/libritts/cosyvoice2/data/esd-emo-grpo/valid/receive/0006_000010_冷静.wav
/root/autodl-tmp/CosyVoice_dev/examples/libritts/cosyvoice2/data/esd-emo-grpo/valid/samp_1/0006_000011_冷静.wav	/root/autodl-tmp/CosyVoice_dev/examples/libritts/cosyvoice2/data/esd-emo-grpo/valid/receive/0006_000011_冷静.wav
/root/autodl-tmp/CosyVoice_dev/examples/libritts/cosyvoice2/data/esd-emo-grpo/valid/samp_1/0006_000012_冷静.wav	/root/autodl-tmp/CosyVoice_dev/examples/libritts/cosyvoice2/data/esd-emo-grpo/valid/receive/0006_000012_冷静.wav
/root/autodl-tmp/CosyVoice_dev/examples/libritts/cosyvoice2/data/esd-emo-grpo/valid/samp_1/0006_000013_冷静.wav	/root/autodl-tmp/CosyVoice_dev/examples/libritts/cosyvoice2/data/esd-emo-grpo/valid/receive/0006_000013_冷静.wav
/root/autodl-tmp/CosyVoice_dev/examples/libritts/cosyvoice2/data/esd-emo-grpo/valid/samp_1/0006_000014_冷静.wav	/root/autodl-tmp/CosyVoice_dev/examples/libritts/cosyvoice2/data/esd-emo-grpo/valid/receive/0006_000014_冷静.wav
/root/autodl-tmp/CosyVoice_dev/examples/libritts/cosyvoice2/data/esd-emo-grpo/valid/samp_1/0006_000015_冷静.wav	/root/autodl-tmp/CosyVoice_dev/examples/libritts/cosyvoice2/data/esd-emo-grpo/valid/receive/0006_000015_冷静.wav
/root/autodl-tmp/CosyVoice_dev/examples/libritts/cosyvoice2/data/esd-emo-grpo/valid/samp_1/0006_000016_冷静.wav	/root/autodl-tmp/CosyVoice_dev/examples/libritts/cosyvoice2/data/esd-emo-grpo/valid/receive/0006_000016_冷静.wav
/root/autodl-tmp/CosyVoice_dev/examples/libritts/cosyvoice2/data/esd-emo-grpo/valid/samp_1/0006_000017_冷静.wav	/root/autodl-tmp/CosyVoice_dev/examples/libritts/cosyvoice2/data/esd-emo-grpo/valid/receive/0006_000017_冷静.wav
/root/autodl-tmp/CosyVoice_dev/examples/libritts/cosyvoice2/data/esd-emo-grpo/valid/samp_1/0006_000018_冷静.wav	/root/autodl-tmp/CosyVoice_dev/examples/libritts/cosyvoice2/data/esd-emo-grpo/valid/receive/0006_000018_冷静.wav
/root/autodl-tmp/CosyVoice_dev/examples/libritts/cosyvoice2/data/esd-emo-grpo/valid/samp_1/0006_000019_冷静.wav	/root/autodl-tmp/CosyVoice_dev/examples/libritts/cosyvoice2/data/esd-emo-grpo/valid/receive/0006_000019_冷静.wav
/root/autodl-tmp/CosyVoice_dev/examples/libritts/cosyvoice2/data/esd-emo-grpo/valid/samp_1/0006_000020_冷静.wav	/root/autodl-tmp/CosyVoice_dev/examples/libritts/cosyvoice2/data/esd-emo-grpo/valid/receive/0006_000020_冷静.wav
/root/autodl-tmp/CosyVoice_dev/examples/libritts/cosyvoice2/data/esd-emo-grpo/valid/samp_1/0006_000351_生气.wav	/root/autodl-tmp/CosyVoice_dev/examples/libritts/cosyvoice2/data/esd-emo-grpo/valid/receive/0006_000351_生气.wav
/root/autodl-tmp/CosyVoice_dev/examples/libritts/cosyvoice2/data/esd-emo-grpo/valid/samp_1/0006_000352_生气.wav	/root/autodl-tmp/CosyVoice_dev/examples/libritts/cosyvoice2/data/esd-emo-grpo/valid/receive/0006_000352_生气.wav
/root/autodl-tmp/CosyVoice_dev/examples/libritts/cosyvoice2/data/esd-emo-grpo/valid/samp_1/0006_000353_生气.wav	/root/autodl-tmp/CosyVoice_dev/examples/libritts/cosyvoice2/data/esd-emo-grpo/valid/receive/0006_000353_生气.wav
/root/autodl-tmp/CosyVoice_dev/examples/libritts/cosyvoice2/data/esd-emo-grpo/valid/samp_1/0006_000354_生气.wav	/root/autodl-tmp/CosyVoice_dev/examples/libritts/cosyvoice2/data/esd-emo-grpo/valid/receive/0006_000354_生气.wav
/root/autodl-tmp/CosyVoice_dev/examples/libritts/cosyvoice2/data/esd-emo-grpo/valid/samp_1/0006_000355_生气.wav	/root/autodl-tmp/CosyVoice_dev/examples/libritts/cosyvoice2/data/esd-emo-grpo/valid/receive/0006_000355_生气.wav
/root/autodl-tmp/CosyVoice_dev/examples/libritts/cosyvoice2/data/esd-emo-grpo/valid/samp_1/0006_000356_生气.wav	/root/autodl-tmp/CosyVoice_dev/examples/libritts/cosyvoice2/data/esd-emo-grpo/valid/receive/0006_000356_生气.wav
/root/autodl-tmp/CosyVoice_dev/examples/libritts/cosyvoice2/data/esd-emo-grpo/valid/samp_1/0006_000357_生气.wav	/root/autodl-tmp/CosyVoice_dev/examples/libritts/cosyvoice2/data/esd-emo-grpo/valid/receive/0006_000357_生气.wav
/root/autodl-tmp/CosyVoice_dev/examples/libritts/cosyvoice2/data/esd-emo-grpo/valid/samp_1/0006_000358_生气.wav	/root/autodl-tmp/CosyVoice_dev/examples/libritts/cosyvoice2/data/esd-emo-grpo/valid/receive/0006_000358_生气.wav
/root/autodl-tmp/CosyVoice_dev/examples/libritts/cosyvoice2/data/esd-emo-grpo/valid/samp_1/0006_000359_生气.wav	/root/autodl-tmp/CosyVoice_dev/examples/libritts/cosyvoice2/data/esd-emo-grpo/valid/receive/0006_000359_生气.wav
/root/autodl-tmp/CosyVoice_dev/examples/libritts/cosyvoice2/data/esd-emo-grpo/valid/samp_1/0006_000360_生气.wav	/root/autodl-tmp/CosyVoice_dev/examples/libritts/cosyvoice2/data/esd-emo-grpo/valid/receive/0006_000360_生气.wav
/root/autodl-tmp/CosyVoice_dev/examples/libritts/cosyvoice2/data/esd-emo-grpo/valid/samp_1/0006_000361_生气.wav	/root/autodl-tmp/CosyVoice_dev/examples/libritts/cosyvoice2/data/esd-emo-grpo/valid/receive/0006_000361_生气.wav
/root/autodl-tmp/CosyVoice_dev/examples/libritts/cosyvoice2/data/esd-emo-grpo/valid/samp_1/0006_000362_生气.wav	/root/autodl-tmp/CosyVoice_dev/examples/libritts/cosyvoice2/data/esd-emo-grpo/valid/receive/0006_000362_生气.wav
/root/autodl-tmp/CosyVoice_dev/examples/libritts/cosyvoice2/data/esd-emo-grpo/valid/samp_1/0006_000363_生气.wav	/root/autodl-tmp/CosyVoice_dev/examples/libritts/cosyvoice2/data/esd-emo-grpo/valid/receive/0006_000363_生气.wav
/root/autodl-tmp/CosyVoice_dev/examples/libritts/cosyvoice2/data/esd-emo-grpo/valid/samp_1/0006_000364_生气.wav	/root/autodl-tmp/CosyVoice_dev/examples/libritts/cosyvoice2/data/esd-emo-grpo/valid/receive/0006_000364_生气.wav
/root/autodl-tmp/CosyVoice_dev/examples/libritts/cosyvoice2/data/esd-emo-grpo/valid/samp_1/0006_000365_生气.wav	/root/autodl-tmp/CosyVoice_dev/examples/libritts/cosyvoice2/data/esd-emo-grpo/valid/receive/0006_000365_生气.wav
/root/autodl-tmp/CosyVoice_dev/examples/libritts/cosyvoice2/data/esd-emo-grpo/valid/samp_1/0006_000366_生气.wav	/root/autodl-tmp/CosyVoice_dev/examples/libritts/cosyvoice2/data/esd-emo-grpo/valid/receive/0006_000366_生气.wav
/root/autodl-tmp/CosyVoice_dev/examples/libritts/cosyvoice2/data/esd-emo-grpo/valid/samp_1/0006_000367_生气.wav	/root/autodl-tmp/CosyVoice_dev/examples/libritts/cosyvoice2/data/esd-emo-grpo/valid/receive/0006_000367_生气.wav
/root/autodl-tmp/CosyVoice_dev/examples/libritts/cosyvoice2/data/esd-emo-grpo/valid/samp_1/0006_000368_生气.wav	/root/autodl-tmp/CosyVoice_dev/examples/libritts/cosyvoice2/data/esd-emo-grpo/valid/receive/0006_000368_生气.wav
/root/autodl-tmp/CosyVoice_dev/examples/libritts/cosyvoice2/data/esd-emo-grpo/valid/samp_1/0006_000369_生气.wav	/root/autodl-tmp/CosyVoice_dev/examples/libritts/cosyvoice2/data/esd-emo-grpo/valid/receive/0006_000369_生气.wav
/root/autodl-tmp/CosyVoice_dev/examples/libritts/cosyvoice2/data/esd-emo-grpo/valid/samp_1/0006_000370_生气.wav	/root/autodl-tmp/CosyVoice_dev/examples/libritts/cosyvoice2/data/esd-emo-grpo/valid/receive/0006_000370_生气.wav
/root/autodl-tmp/CosyVoice_dev/examples/libritts/cosyvoice2/data/esd-emo-grpo/valid/samp_1/0007_000701_快乐.wav	/root/autodl-tmp/CosyVoice_dev/examples/libritts/cosyvoice2/data/esd-emo-grpo/valid/receive/0007_000701_快乐.wav
/root/autodl-tmp/CosyVoice_dev/examples/libritts/cosyvoice2/data/esd-emo-grpo/valid/samp_1/0007_000702_快乐.wav	/root/autodl-tmp/CosyVoice_dev/examples/libritts/cosyvoice2/data/esd-emo-grpo/valid/receive/0007_000702_快乐.wav
/root/autodl-tmp/CosyVoice_dev/examples/libritts/cosyvoice2/data/esd-emo-grpo/valid/samp_1/0007_000703_快乐.wav	/root/autodl-tmp/CosyVoice_dev/examples/libritts/cosyvoice2/data/esd-emo-grpo/valid/receive/0007_000703_快乐.wav
/root/autodl-tmp/CosyVoice_dev/examples/libritts/cosyvoice2/data/esd-emo-grpo/valid/samp_1/0007_000704_快乐.wav	/root/autodl-tmp/CosyVoice_dev/examples/libritts/cosyvoice2/data/esd-emo-grpo/valid/receive/0007_000704_快乐.wav
/root/autodl-tmp/CosyVoice_dev/examples/libritts/cosyvoice2/data/esd-emo-grpo/valid/samp_1/0007_000705_快乐.wav	/root/autodl-tmp/CosyVoice_dev/examples/libritts/cosyvoice2/data/esd-emo-grpo/valid/receive/0007_000705_快乐.wav
/root/autodl-tmp/CosyVoice_dev/examples/libritts/cosyvoice2/data/esd-emo-grpo/valid/samp_1/0007_000706_快乐.wav	/root/autodl-tmp/CosyVoice_dev/examples/libritts/cosyvoice2/data/esd-emo-grpo/valid/receive/0007_000706_快乐.wav
/root/autodl-tmp/CosyVoice_dev/examples/libritts/cosyvoice2/data/esd-emo-grpo/valid/samp_1/0007_000707_快乐.wav	/root/autodl-tmp/CosyVoice_dev/examples/libritts/cosyvoice2/data/esd-emo-grpo/valid/receive/0007_000707_快乐.wav
/root/autodl-tmp/CosyVoice_dev/examples/libritts/cosyvoice2/data/esd-emo-grpo/valid/samp_1/0007_000708_快乐.wav	/root/autodl-tmp/CosyVoice_dev/examples/libritts/cosyvoice2/data/esd-emo-grpo/valid/receive/0007_000708_快乐.wav
/root/autodl-tmp/CosyVoice_dev/examples/libritts/cosyvoice2/data/esd-emo-grpo/valid/samp_1/0007_000709_快乐.wav	/root/autodl-tmp/CosyVoice_dev/examples/libritts/cosyvoice2/data/esd-emo-grpo/valid/receive/0007_000709_快乐.wav
/root/autodl-tmp/CosyVoice_dev/examples/libritts/cosyvoice2/data/esd-emo-grpo/valid/samp_1/0007_000710_快乐.wav	/root/autodl-tmp/CosyVoice_dev/examples/libritts/cosyvoice2/data/esd-emo-grpo/valid/receive/0007_000710_快乐.wav
/root/autodl-tmp/CosyVoice_dev/examples/libritts/cosyvoice2/data/esd-emo-grpo/valid/samp_1/0007_000711_快乐.wav	/root/autodl-tmp/CosyVoice_dev/examples/libritts/cosyvoice2/data/esd-emo-grpo/valid/receive/0007_000711_快乐.wav
/root/autodl-tmp/CosyVoice_dev/examples/libritts/cosyvoice2/data/esd-emo-grpo/valid/samp_1/0007_000712_快乐.wav	/root/autodl-tmp/CosyVoice_dev/examples/libritts/cosyvoice2/data/esd-emo-grpo/valid/receive/0007_000712_快乐.wav
/root/autodl-tmp/CosyVoice_dev/examples/libritts/cosyvoice2/data/esd-emo-grpo/valid/samp_1/0007_000713_快乐.wav	/root/autodl-tmp/CosyVoice_dev/examples/libritts/cosyvoice2/data/esd-emo-grpo/valid/receive/0007_000713_快乐.wav
/root/autodl-tmp/CosyVoice_dev/examples/libritts/cosyvoice2/data/esd-emo-grpo/valid/samp_1/0007_000714_快乐.wav	/root/autodl-tmp/CosyVoice_dev/examples/libritts/cosyvoice2/data/esd-emo-grpo/valid/receive/0007_000714_快乐.wav
/root/autodl-tmp/CosyVoice_dev/examples/libritts/cosyvoice2/data/esd-emo-grpo/valid/samp_1/0007_000715_快乐.wav	/root/autodl-tmp/CosyVoice_dev/examples/libritts/cosyvoice2/data/esd-emo-grpo/valid/receive/0007_000715_快乐.wav
/root/autodl-tmp/CosyVoice_dev/examples/libritts/cosyvoice2/data/esd-emo-grpo/valid/samp_1/0007_000716_快乐.wav	/root/autodl-tmp/CosyVoice_dev/examples/libritts/cosyvoice2/data/esd-emo-grpo/valid/receive/0007_000716_快乐.wav
/root/autodl-tmp/CosyVoice_dev/examples/libritts/cosyvoice2/data/esd-emo-grpo/valid/samp_1/0007_000717_快乐.wav	/root/autodl-tmp/CosyVoice_dev/examples/libritts/cosyvoice2/data/esd-emo-grpo/valid/receive/0007_000717_快乐.wav
/root/autodl-tmp/CosyVoice_dev/examples/libritts/cosyvoice2/data/esd-emo-grpo/valid/samp_1/0007_000718_快乐.wav	/root/autodl-tmp/CosyVoice_dev/examples/libritts/cosyvoice2/data/esd-emo-grpo/valid/receive/0007_000718_快乐.wav
/root/autodl-tmp/CosyVoice_dev/examples/libritts/cosyvoice2/data/esd-emo-grpo/valid/samp_1/0007_000719_快乐.wav	/root/autodl-tmp/CosyVoice_dev/examples/libritts/cosyvoice2/data/esd-emo-grpo/valid/receive/0007_000719_快乐.wav
/root/autodl-tmp/CosyVoice_dev/examples/libritts/cosyvoice2/data/esd-emo-grpo/valid/samp_1/0007_000720_快乐.wav	/root/autodl-tmp/CosyVoice_dev/examples/libritts/cosyvoice2/data/esd-emo-grpo/valid/receive/0007_000720_快乐.wav
/root/autodl-tmp/CosyVoice_dev/examples/libritts/cosyvoice2/data/esd-emo-grpo/valid/samp_1/0007_001051_伤心.wav	/root/autodl-tmp/CosyVoice_dev/examples/libritts/cosyvoice2/data/esd-emo-grpo/valid/receive/0007_001051_伤心.wav
/root/autodl-tmp/CosyVoice_dev/examples/libritts/cosyvoice2/data/esd-emo-grpo/valid/samp_1/0007_001052_伤心.wav	/root/autodl-tmp/CosyVoice_dev/examples/libritts/cosyvoice2/data/esd-emo-grpo/valid/receive/0007_001052_伤心.wav
/root/autodl-tmp/CosyVoice_dev/examples/libritts/cosyvoice2/data/esd-emo-grpo/valid/samp_1/0007_001053_伤心.wav	/root/autodl-tmp/CosyVoice_dev/examples/libritts/cosyvoice2/data/esd-emo-grpo/valid/receive/0007_001053_伤心.wav
/root/autodl-tmp/CosyVoice_dev/examples/libritts/cosyvoice2/data/esd-emo-grpo/valid/samp_1/0007_001054_伤心.wav	/root/autodl-tmp/CosyVoice_dev/examples/libritts/cosyvoice2/data/esd-emo-grpo/valid/receive/0007_001054_伤心.wav
/root/autodl-tmp/CosyVoice_dev/examples/libritts/cosyvoice2/data/esd-emo-grpo/valid/samp_1/0007_001055_伤心.wav	/root/autodl-tmp/CosyVoice_dev/examples/libritts/cosyvoice2/data/esd-emo-grpo/valid/receive/0007_001055_伤心.wav
/root/autodl-tmp/CosyVoice_dev/examples/libritts/cosyvoice2/data/esd-emo-grpo/valid/samp_1/0007_001056_伤心.wav	/root/autodl-tmp/CosyVoice_dev/examples/libritts/cosyvoice2/data/esd-emo-grpo/valid/receive/0007_001056_伤心.wav
/root/autodl-tmp/CosyVoice_dev/examples/libritts/cosyvoice2/data/esd-emo-grpo/valid/samp_1/0007_001057_伤心.wav	/root/autodl-tmp/CosyVoice_dev/examples/libritts/cosyvoice2/data/esd-emo-grpo/valid/receive/0007_001057_伤心.wav
/root/autodl-tmp/CosyVoice_dev/examples/libritts/cosyvoice2/data/esd-emo-grpo/valid/samp_1/0007_001058_伤心.wav	/root/autodl-tmp/CosyVoice_dev/examples/libritts/cosyvoice2/data/esd-emo-grpo/valid/receive/0007_001058_伤心.wav
/root/autodl-tmp/CosyVoice_dev/examples/libritts/cosyvoice2/data/esd-emo-grpo/valid/samp_1/0007_001059_伤心.wav	/root/autodl-tmp/CosyVoice_dev/examples/libritts/cosyvoice2/data/esd-emo-grpo/valid/receive/0007_001059_伤心.wav
/root/autodl-tmp/CosyVoice_dev/examples/libritts/cosyvoice2/data/esd-emo-grpo/valid/samp_1/0007_001060_伤心.wav	/root/autodl-tmp/CosyVoice_dev/examples/libritts/cosyvoice2/data/esd-emo-grpo/valid/receive/0007_001060_伤心.wav
/root/autodl-tmp/CosyVoice_dev/examples/libritts/cosyvoice2/data/esd-emo-grpo/valid/samp_1/0007_001061_伤心.wav	/root/autodl-tmp/CosyVoice_dev/examples/libritts/cosyvoice2/data/esd-emo-grpo/valid/receive/0007_001061_伤心.wav
/root/autodl-tmp/CosyVoice_dev/examples/libritts/cosyvoice2/data/esd-emo-grpo/valid/samp_1/0007_001062_伤心.wav	/root/autodl-tmp/CosyVoice_dev/examples/libritts/cosyvoice2/data/esd-emo-grpo/valid/receive/0007_001062_伤心.wav
/root/autodl-tmp/CosyVoice_dev/examples/libritts/cosyvoice2/data/esd-emo-grpo/valid/samp_1/0007_001063_伤心.wav	/root/autodl-tmp/CosyVoice_dev/examples/libritts/cosyvoice2/data/esd-emo-grpo/valid/receive/0007_001063_伤心.wav
/root/autodl-tmp/CosyVoice_dev/examples/libritts/cosyvoice2/data/esd-emo-grpo/valid/samp_1/0007_001064_伤心.wav	/root/autodl-tmp/CosyVoice_dev/examples/libritts/cosyvoice2/data/esd-emo-grpo/valid/receive/0007_001064_伤心.wav
/root/autodl-tmp/CosyVoice_dev/examples/libritts/cosyvoice2/data/esd-emo-grpo/valid/samp_1/0007_001065_伤心.wav	/root/autodl-tmp/CosyVoice_dev/examples/libritts/cosyvoice2/data/esd-emo-grpo/valid/receive/0007_001065_伤心.wav
/root/autodl-tmp/CosyVoice_dev/examples/libritts/cosyvoice2/data/esd-emo-grpo/valid/samp_1/0007_001066_伤心.wav	/root/autodl-tmp/CosyVoice_dev/examples/libritts/cosyvoice2/data/esd-emo-grpo/valid/receive/0007_001066_伤心.wav
/root/autodl-tmp/CosyVoice_dev/examples/libritts/cosyvoice2/data/esd-emo-grpo/valid/samp_1/0007_001067_伤心.wav	/root/autodl-tmp/CosyVoice_dev/examples/libritts/cosyvoice2/data/esd-emo-grpo/valid/receive/0007_001067_伤心.wav
/root/autodl-tmp/CosyVoice_dev/examples/libritts/cosyvoice2/data/esd-emo-grpo/valid/samp_1/0007_001068_伤心.wav	/root/autodl-tmp/CosyVoice_dev/examples/libritts/cosyvoice2/data/esd-emo-grpo/valid/receive/0007_001068_伤心.wav
/root/autodl-tmp/CosyVoice_dev/examples/libritts/cosyvoice2/data/esd-emo-grpo/valid/samp_1/0007_001069_伤心.wav	/root/autodl-tmp/CosyVoice_dev/examples/libritts/cosyvoice2/data/esd-emo-grpo/valid/receive/0007_001069_伤心.wav
/root/autodl-tmp/CosyVoice_dev/examples/libritts/cosyvoice2/data/esd-emo-grpo/valid/samp_1/0007_001070_伤心.wav	/root/autodl-tmp/CosyVoice_dev/examples/libritts/cosyvoice2/data/esd-emo-grpo/valid/receive/0007_001070_伤心.wav
/root/autodl-tmp/CosyVoice_dev/examples/libritts/cosyvoice2/data/esd-emo-grpo/valid/samp_1/0007_001401_惊喜.wav	/root/autodl-tmp/CosyVoice_dev/examples/libritts/cosyvoice2/data/esd-emo-grpo/valid/receive/0007_001401_惊喜.wav
/root/autodl-tmp/CosyVoice_dev/examples/libritts/cosyvoice2/data/esd-emo-grpo/valid/samp_1/0007_001402_惊喜.wav	/root/autodl-tmp/CosyVoice_dev/examples/libritts/cosyvoice2/data/esd-emo-grpo/valid/receive/0007_001402_惊喜.wav
/root/autodl-tmp/CosyVoice_dev/examples/libritts/cosyvoice2/data/esd-emo-grpo/valid/samp_1/0007_001403_惊喜.wav	/root/autodl-tmp/CosyVoice_dev/examples/libritts/cosyvoice2/data/esd-emo-grpo/valid/receive/0007_001403_惊喜.wav
/root/autodl-tmp/CosyVoice_dev/examples/libritts/cosyvoice2/data/esd-emo-grpo/valid/samp_1/0007_001404_惊喜.wav	/root/autodl-tmp/CosyVoice_dev/examples/libritts/cosyvoice2/data/esd-emo-grpo/valid/receive/0007_001404_惊喜.wav
/root/autodl-tmp/CosyVoice_dev/examples/libritts/cosyvoice2/data/esd-emo-grpo/valid/samp_1/0007_001405_惊喜.wav	/root/autodl-tmp/CosyVoice_dev/examples/libritts/cosyvoice2/data/esd-emo-grpo/valid/receive/0007_001405_惊喜.wav
/root/autodl-tmp/CosyVoice_dev/examples/libritts/cosyvoice2/data/esd-emo-grpo/valid/samp_1/0007_001406_惊喜.wav	/root/autodl-tmp/CosyVoice_dev/examples/libritts/cosyvoice2/data/esd-emo-grpo/valid/receive/0007_001406_惊喜.wav
/root/autodl-tmp/CosyVoice_dev/examples/libritts/cosyvoice2/data/esd-emo-grpo/valid/samp_1/0007_001407_惊喜.wav	/root/autodl-tmp/CosyVoice_dev/examples/libritts/cosyvoice2/data/esd-emo-grpo/valid/receive/0007_001407_惊喜.wav
/root/autodl-tmp/CosyVoice_dev/examples/libritts/cosyvoice2/data/esd-emo-grpo/valid/samp_1/0007_001408_惊喜.wav	/root/autodl-tmp/CosyVoice_dev/examples/libritts/cosyvoice2/data/esd-emo-grpo/valid/receive/0007_001408_惊喜.wav
/root/autodl-tmp/CosyVoice_dev/examples/libritts/cosyvoice2/data/esd-emo-grpo/valid/samp_1/0007_001409_惊喜.wav	/root/autodl-tmp/CosyVoice_dev/examples/libritts/cosyvoice2/data/esd-emo-grpo/valid/receive/0007_001409_惊喜.wav
/root/autodl-tmp/CosyVoice_dev/examples/libritts/cosyvoice2/data/esd-emo-grpo/valid/samp_1/0007_001410_惊喜.wav	/root/autodl-tmp/CosyVoice_dev/examples/libritts/cosyvoice2/data/esd-emo-grpo/valid/receive/0007_001410_惊喜.wav
/root/autodl-tmp/CosyVoice_dev/examples/libritts/cosyvoice2/data/esd-emo-grpo/valid/samp_1/0007_001411_惊喜.wav	/root/autodl-tmp/CosyVoice_dev/examples/libritts/cosyvoice2/data/esd-emo-grpo/valid/receive/0007_001411_惊喜.wav
/root/autodl-tmp/CosyVoice_dev/examples/libritts/cosyvoice2/data/esd-emo-grpo/valid/samp_1/0007_001412_惊喜.wav	/root/autodl-tmp/CosyVoice_dev/examples/libritts/cosyvoice2/data/esd-emo-grpo/valid/receive/0007_001412_惊喜.wav
/root/autodl-tmp/CosyVoice_dev/examples/libritts/cosyvoice2/data/esd-emo-grpo/valid/samp_1/0007_001413_惊喜.wav	/root/autodl-tmp/CosyVoice_dev/examples/libritts/cosyvoice2/data/esd-emo-grpo/valid/receive/0007_001413_惊喜.wav
/root/autodl-tmp/CosyVoice_dev/examples/libritts/cosyvoice2/data/esd-emo-grpo/valid/samp_1/0007_001414_惊喜.wav	/root/autodl-tmp/CosyVoice_dev/examples/libritts/cosyvoice2/data/esd-emo-grpo/valid/receive/0007_001414_惊喜.wav
/root/autodl-tmp/CosyVoice_dev/examples/libritts/cosyvoice2/data/esd-emo-grpo/valid/samp_1/0007_001415_惊喜.wav	/root/autodl-tmp/CosyVoice_dev/examples/libritts/cosyvoice2/data/esd-emo-grpo/valid/receive/0007_001415_惊喜.wav
/root/autodl-tmp/CosyVoice_dev/examples/libritts/cosyvoice2/data/esd-emo-grpo/valid/samp_1/0007_001416_惊喜.wav	/root/autodl-tmp/CosyVoice_dev/examples/libritts/cosyvoice2/data/esd-emo-grpo/valid/receive/0007_001416_惊喜.wav
/root/autodl-tmp/CosyVoice_dev/examples/libritts/cosyvoice2/data/esd-emo-grpo/valid/samp_1/0007_001417_惊喜.wav	/root/autodl-tmp/CosyVoice_dev/examples/libritts/cosyvoice2/data/esd-emo-grpo/valid/receive/0007_001417_惊喜.wav
/root/autodl-tmp/CosyVoice_dev/examples/libritts/cosyvoice2/data/esd-emo-grpo/valid/samp_1/0007_001418_惊喜.wav	/root/autodl-tmp/CosyVoice_dev/examples/libritts/cosyvoice2/data/esd-emo-grpo/valid/receive/0007_001418_惊喜.wav
/root/autodl-tmp/CosyVoice_dev/examples/libritts/cosyvoice2/data/esd-emo-grpo/valid/samp_1/0007_001419_惊喜.wav	/root/autodl-tmp/CosyVoice_dev/examples/libritts/cosyvoice2/data/esd-emo-grpo/valid/receive/0007_001419_惊喜.wav
/root/autodl-tmp/CosyVoice_dev/examples/libritts/cosyvoice2/data/esd-emo-grpo/valid/samp_1/0007_001420_惊喜.wav	/root/autodl-tmp/CosyVoice_dev/examples/libritts/cosyvoice2/data/esd-emo-grpo/valid/receive/0007_001420_惊喜.wav
/root/autodl-tmp/CosyVoice_dev/examples/libritts/cosyvoice2/data/esd-emo-grpo/valid/samp_1/0007_000001_冷静.wav	/root/autodl-tmp/CosyVoice_dev/examples/libritts/cosyvoice2/data/esd-emo-grpo/valid/receive/0007_000001_冷静.wav
/root/autodl-tmp/CosyVoice_dev/examples/libritts/cosyvoice2/data/esd-emo-grpo/valid/samp_1/0007_000002_冷静.wav	/root/autodl-tmp/CosyVoice_dev/examples/libritts/cosyvoice2/data/esd-emo-grpo/valid/receive/0007_000002_冷静.wav
/root/autodl-tmp/CosyVoice_dev/examples/libritts/cosyvoice2/data/esd-emo-grpo/valid/samp_1/0007_000003_冷静.wav	/root/autodl-tmp/CosyVoice_dev/examples/libritts/cosyvoice2/data/esd-emo-grpo/valid/receive/0007_000003_冷静.wav
/root/autodl-tmp/CosyVoice_dev/examples/libritts/cosyvoice2/data/esd-emo-grpo/valid/samp_1/0007_000004_冷静.wav	/root/autodl-tmp/CosyVoice_dev/examples/libritts/cosyvoice2/data/esd-emo-grpo/valid/receive/0007_000004_冷静.wav
/root/autodl-tmp/CosyVoice_dev/examples/libritts/cosyvoice2/data/esd-emo-grpo/valid/samp_1/0007_000005_冷静.wav	/root/autodl-tmp/CosyVoice_dev/examples/libritts/cosyvoice2/data/esd-emo-grpo/valid/receive/0007_000005_冷静.wav
/root/autodl-tmp/CosyVoice_dev/examples/libritts/cosyvoice2/data/esd-emo-grpo/valid/samp_1/0007_000006_冷静.wav	/root/autodl-tmp/CosyVoice_dev/examples/libritts/cosyvoice2/data/esd-emo-grpo/valid/receive/0007_000006_冷静.wav
/root/autodl-tmp/CosyVoice_dev/examples/libritts/cosyvoice2/data/esd-emo-grpo/valid/samp_1/0007_000007_冷静.wav	/root/autodl-tmp/CosyVoice_dev/examples/libritts/cosyvoice2/data/esd-emo-grpo/valid/receive/0007_000007_冷静.wav
/root/autodl-tmp/CosyVoice_dev/examples/libritts/cosyvoice2/data/esd-emo-grpo/valid/samp_1/0007_000008_冷静.wav	/root/autodl-tmp/CosyVoice_dev/examples/libritts/cosyvoice2/data/esd-emo-grpo/valid/receive/0007_000008_冷静.wav
/root/autodl-tmp/CosyVoice_dev/examples/libritts/cosyvoice2/data/esd-emo-grpo/valid/samp_1/0007_000009_冷静.wav	/root/autodl-tmp/CosyVoice_dev/examples/libritts/cosyvoice2/data/esd-emo-grpo/valid/receive/0007_000009_冷静.wav
/root/autodl-tmp/CosyVoice_dev/examples/libritts/cosyvoice2/data/esd-emo-grpo/valid/samp_1/0007_000010_冷静.wav	/root/autodl-tmp/CosyVoice_dev/examples/libritts/cosyvoice2/data/esd-emo-grpo/valid/receive/0007_000010_冷静.wav
/root/autodl-tmp/CosyVoice_dev/examples/libritts/cosyvoice2/data/esd-emo-grpo/valid/samp_1/0007_000011_冷静.wav	/root/autodl-tmp/CosyVoice_dev/examples/libritts/cosyvoice2/data/esd-emo-grpo/valid/receive/0007_000011_冷静.wav
/root/autodl-tmp/CosyVoice_dev/examples/libritts/cosyvoice2/data/esd-emo-grpo/valid/samp_1/0007_000012_冷静.wav	/root/autodl-tmp/CosyVoice_dev/examples/libritts/cosyvoice2/data/esd-emo-grpo/valid/receive/0007_000012_冷静.wav
/root/autodl-tmp/CosyVoice_dev/examples/libritts/cosyvoice2/data/esd-emo-grpo/valid/samp_1/0007_000013_冷静.wav	/root/autodl-tmp/CosyVoice_dev/examples/libritts/cosyvoice2/data/esd-emo-grpo/valid/receive/0007_000013_冷静.wav
/root/autodl-tmp/CosyVoice_dev/examples/libritts/cosyvoice2/data/esd-emo-grpo/valid/samp_1/0007_000014_冷静.wav	/root/autodl-tmp/CosyVoice_dev/examples/libritts/cosyvoice2/data/esd-emo-grpo/valid/receive/0007_000014_冷静.wav
/root/autodl-tmp/CosyVoice_dev/examples/libritts/cosyvoice2/data/esd-emo-grpo/valid/samp_1/0007_000015_冷静.wav	/root/autodl-tmp/CosyVoice_dev/examples/libritts/cosyvoice2/data/esd-emo-grpo/valid/receive/0007_000015_冷静.wav
/root/autodl-tmp/CosyVoice_dev/examples/libritts/cosyvoice2/data/esd-emo-grpo/valid/samp_1/0007_000016_冷静.wav	/root/autodl-tmp/CosyVoice_dev/examples/libritts/cosyvoice2/data/esd-emo-grpo/valid/receive/0007_000016_冷静.wav
/root/autodl-tmp/CosyVoice_dev/examples/libritts/cosyvoice2/data/esd-emo-grpo/valid/samp_1/0007_000017_冷静.wav	/root/autodl-tmp/CosyVoice_dev/examples/libritts/cosyvoice2/data/esd-emo-grpo/valid/receive/0007_000017_冷静.wav
/root/autodl-tmp/CosyVoice_dev/examples/libritts/cosyvoice2/data/esd-emo-grpo/valid/samp_1/0007_000018_冷静.wav	/root/autodl-tmp/CosyVoice_dev/examples/libritts/cosyvoice2/data/esd-emo-grpo/valid/receive/0007_000018_冷静.wav
/root/autodl-tmp/CosyVoice_dev/examples/libritts/cosyvoice2/data/esd-emo-grpo/valid/samp_1/0007_000019_冷静.wav	/root/autodl-tmp/CosyVoice_dev/examples/libritts/cosyvoice2/data/esd-emo-grpo/valid/receive/0007_000019_冷静.wav
/root/autodl-tmp/CosyVoice_dev/examples/libritts/cosyvoice2/data/esd-emo-grpo/valid/samp_1/0007_000020_冷静.wav	/root/autodl-tmp/CosyVoice_dev/examples/libritts/cosyvoice2/data/esd-emo-grpo/valid/receive/0007_000020_冷静.wav
/root/autodl-tmp/CosyVoice_dev/examples/libritts/cosyvoice2/data/esd-emo-grpo/valid/samp_1/0007_000351_生气.wav	/root/autodl-tmp/CosyVoice_dev/examples/libritts/cosyvoice2/data/esd-emo-grpo/valid/receive/0007_000351_生气.wav
/root/autodl-tmp/CosyVoice_dev/examples/libritts/cosyvoice2/data/esd-emo-grpo/valid/samp_1/0007_000352_生气.wav	/root/autodl-tmp/CosyVoice_dev/examples/libritts/cosyvoice2/data/esd-emo-grpo/valid/receive/0007_000352_生气.wav
/root/autodl-tmp/CosyVoice_dev/examples/libritts/cosyvoice2/data/esd-emo-grpo/valid/samp_1/0007_000353_生气.wav	/root/autodl-tmp/CosyVoice_dev/examples/libritts/cosyvoice2/data/esd-emo-grpo/valid/receive/0007_000353_生气.wav
/root/autodl-tmp/CosyVoice_dev/examples/libritts/cosyvoice2/data/esd-emo-grpo/valid/samp_1/0007_000354_生气.wav	/root/autodl-tmp/CosyVoice_dev/examples/libritts/cosyvoice2/data/esd-emo-grpo/valid/receive/0007_000354_生气.wav
/root/autodl-tmp/CosyVoice_dev/examples/libritts/cosyvoice2/data/esd-emo-grpo/valid/samp_1/0007_000355_生气.wav	/root/autodl-tmp/CosyVoice_dev/examples/libritts/cosyvoice2/data/esd-emo-grpo/valid/receive/0007_000355_生气.wav
/root/autodl-tmp/CosyVoice_dev/examples/libritts/cosyvoice2/data/esd-emo-grpo/valid/samp_1/0007_000356_生气.wav	/root/autodl-tmp/CosyVoice_dev/examples/libritts/cosyvoice2/data/esd-emo-grpo/valid/receive/0007_000356_生气.wav
/root/autodl-tmp/CosyVoice_dev/examples/libritts/cosyvoice2/data/esd-emo-grpo/valid/samp_1/0007_000357_生气.wav	/root/autodl-tmp/CosyVoice_dev/examples/libritts/cosyvoice2/data/esd-emo-grpo/valid/receive/0007_000357_生气.wav
/root/autodl-tmp/CosyVoice_dev/examples/libritts/cosyvoice2/data/esd-emo-grpo/valid/samp_1/0007_000358_生气.wav	/root/autodl-tmp/CosyVoice_dev/examples/libritts/cosyvoice2/data/esd-emo-grpo/valid/receive/0007_000358_生气.wav
/root/autodl-tmp/CosyVoice_dev/examples/libritts/cosyvoice2/data/esd-emo-grpo/valid/samp_1/0007_000359_生气.wav	/root/autodl-tmp/CosyVoice_dev/examples/libritts/cosyvoice2/data/esd-emo-grpo/valid/receive/0007_000359_生气.wav
/root/autodl-tmp/CosyVoice_dev/examples/libritts/cosyvoice2/data/esd-emo-grpo/valid/samp_1/0007_000360_生气.wav	/root/autodl-tmp/CosyVoice_dev/examples/libritts/cosyvoice2/data/esd-emo-grpo/valid/receive/0007_000360_生气.wav
/root/autodl-tmp/CosyVoice_dev/examples/libritts/cosyvoice2/data/esd-emo-grpo/valid/samp_1/0007_000361_生气.wav	/root/autodl-tmp/CosyVoice_dev/examples/libritts/cosyvoice2/data/esd-emo-grpo/valid/receive/0007_000361_生气.wav
/root/autodl-tmp/CosyVoice_dev/examples/libritts/cosyvoice2/data/esd-emo-grpo/valid/samp_1/0007_000362_生气.wav	/root/autodl-tmp/CosyVoice_dev/examples/libritts/cosyvoice2/data/esd-emo-grpo/valid/receive/0007_000362_生气.wav
/root/autodl-tmp/CosyVoice_dev/examples/libritts/cosyvoice2/data/esd-emo-grpo/valid/samp_1/0007_000363_生气.wav	/root/autodl-tmp/CosyVoice_dev/examples/libritts/cosyvoice2/data/esd-emo-grpo/valid/receive/0007_000363_生气.wav
/root/autodl-tmp/CosyVoice_dev/examples/libritts/cosyvoice2/data/esd-emo-grpo/valid/samp_1/0007_000364_生气.wav	/root/autodl-tmp/CosyVoice_dev/examples/libritts/cosyvoice2/data/esd-emo-grpo/valid/receive/0007_000364_生气.wav
/root/autodl-tmp/CosyVoice_dev/examples/libritts/cosyvoice2/data/esd-emo-grpo/valid/samp_1/0007_000365_生气.wav	/root/autodl-tmp/CosyVoice_dev/examples/libritts/cosyvoice2/data/esd-emo-grpo/valid/receive/0007_000365_生气.wav
/root/autodl-tmp/CosyVoice_dev/examples/libritts/cosyvoice2/data/esd-emo-grpo/valid/samp_1/0007_000366_生气.wav	/root/autodl-tmp/CosyVoice_dev/examples/libritts/cosyvoice2/data/esd-emo-grpo/valid/receive/0007_000366_生气.wav
/root/autodl-tmp/CosyVoice_dev/examples/libritts/cosyvoice2/data/esd-emo-grpo/valid/samp_1/0007_000367_生气.wav	/root/autodl-tmp/CosyVoice_dev/examples/libritts/cosyvoice2/data/esd-emo-grpo/valid/receive/0007_000367_生气.wav
/root/autodl-tmp/CosyVoice_dev/examples/libritts/cosyvoice2/data/esd-emo-grpo/valid/samp_1/0007_000368_生气.wav	/root/autodl-tmp/CosyVoice_dev/examples/libritts/cosyvoice2/data/esd-emo-grpo/valid/receive/0007_000368_生气.wav
/root/autodl-tmp/CosyVoice_dev/examples/libritts/cosyvoice2/data/esd-emo-grpo/valid/samp_1/0007_000369_生气.wav	/root/autodl-tmp/CosyVoice_dev/examples/libritts/cosyvoice2/data/esd-emo-grpo/valid/receive/0007_000369_生气.wav
/root/autodl-tmp/CosyVoice_dev/examples/libritts/cosyvoice2/data/esd-emo-grpo/valid/samp_1/0007_000370_生气.wav	/root/autodl-tmp/CosyVoice_dev/examples/libritts/cosyvoice2/data/esd-emo-grpo/valid/receive/0007_000370_生气.wav
/root/autodl-tmp/CosyVoice_dev/examples/libritts/cosyvoice2/data/esd-emo-grpo/valid/samp_1/0008_000701_快乐.wav	/root/autodl-tmp/CosyVoice_dev/examples/libritts/cosyvoice2/data/esd-emo-grpo/valid/receive/0008_000701_快乐.wav
/root/autodl-tmp/CosyVoice_dev/examples/libritts/cosyvoice2/data/esd-emo-grpo/valid/samp_1/0008_000702_快乐.wav	/root/autodl-tmp/CosyVoice_dev/examples/libritts/cosyvoice2/data/esd-emo-grpo/valid/receive/0008_000702_快乐.wav
/root/autodl-tmp/CosyVoice_dev/examples/libritts/cosyvoice2/data/esd-emo-grpo/valid/samp_1/0008_000703_快乐.wav	/root/autodl-tmp/CosyVoice_dev/examples/libritts/cosyvoice2/data/esd-emo-grpo/valid/receive/0008_000703_快乐.wav
/root/autodl-tmp/CosyVoice_dev/examples/libritts/cosyvoice2/data/esd-emo-grpo/valid/samp_1/0008_000704_快乐.wav	/root/autodl-tmp/CosyVoice_dev/examples/libritts/cosyvoice2/data/esd-emo-grpo/valid/receive/0008_000704_快乐.wav
/root/autodl-tmp/CosyVoice_dev/examples/libritts/cosyvoice2/data/esd-emo-grpo/valid/samp_1/0008_000705_快乐.wav	/root/autodl-tmp/CosyVoice_dev/examples/libritts/cosyvoice2/data/esd-emo-grpo/valid/receive/0008_000705_快乐.wav
/root/autodl-tmp/CosyVoice_dev/examples/libritts/cosyvoice2/data/esd-emo-grpo/valid/samp_1/0008_000706_快乐.wav	/root/autodl-tmp/CosyVoice_dev/examples/libritts/cosyvoice2/data/esd-emo-grpo/valid/receive/0008_000706_快乐.wav
/root/autodl-tmp/CosyVoice_dev/examples/libritts/cosyvoice2/data/esd-emo-grpo/valid/samp_1/0008_000707_快乐.wav	/root/autodl-tmp/CosyVoice_dev/examples/libritts/cosyvoice2/data/esd-emo-grpo/valid/receive/0008_000707_快乐.wav
/root/autodl-tmp/CosyVoice_dev/examples/libritts/cosyvoice2/data/esd-emo-grpo/valid/samp_1/0008_000708_快乐.wav	/root/autodl-tmp/CosyVoice_dev/examples/libritts/cosyvoice2/data/esd-emo-grpo/valid/receive/0008_000708_快乐.wav
/root/autodl-tmp/CosyVoice_dev/examples/libritts/cosyvoice2/data/esd-emo-grpo/valid/samp_1/0008_000709_快乐.wav	/root/autodl-tmp/CosyVoice_dev/examples/libritts/cosyvoice2/data/esd-emo-grpo/valid/receive/0008_000709_快乐.wav
/root/autodl-tmp/CosyVoice_dev/examples/libritts/cosyvoice2/data/esd-emo-grpo/valid/samp_1/0008_000710_快乐.wav	/root/autodl-tmp/CosyVoice_dev/examples/libritts/cosyvoice2/data/esd-emo-grpo/valid/receive/0008_000710_快乐.wav
/root/autodl-tmp/CosyVoice_dev/examples/libritts/cosyvoice2/data/esd-emo-grpo/valid/samp_1/0008_000711_快乐.wav	/root/autodl-tmp/CosyVoice_dev/examples/libritts/cosyvoice2/data/esd-emo-grpo/valid/receive/0008_000711_快乐.wav
/root/autodl-tmp/CosyVoice_dev/examples/libritts/cosyvoice2/data/esd-emo-grpo/valid/samp_1/0008_000712_快乐.wav	/root/autodl-tmp/CosyVoice_dev/examples/libritts/cosyvoice2/data/esd-emo-grpo/valid/receive/0008_000712_快乐.wav
/root/autodl-tmp/CosyVoice_dev/examples/libritts/cosyvoice2/data/esd-emo-grpo/valid/samp_1/0008_000713_快乐.wav	/root/autodl-tmp/CosyVoice_dev/examples/libritts/cosyvoice2/data/esd-emo-grpo/valid/receive/0008_000713_快乐.wav
/root/autodl-tmp/CosyVoice_dev/examples/libritts/cosyvoice2/data/esd-emo-grpo/valid/samp_1/0008_000714_快乐.wav	/root/autodl-tmp/CosyVoice_dev/examples/libritts/cosyvoice2/data/esd-emo-grpo/valid/receive/0008_000714_快乐.wav
/root/autodl-tmp/CosyVoice_dev/examples/libritts/cosyvoice2/data/esd-emo-grpo/valid/samp_1/0008_000715_快乐.wav	/root/autodl-tmp/CosyVoice_dev/examples/libritts/cosyvoice2/data/esd-emo-grpo/valid/receive/0008_000715_快乐.wav
/root/autodl-tmp/CosyVoice_dev/examples/libritts/cosyvoice2/data/esd-emo-grpo/valid/samp_1/0008_000716_快乐.wav	/root/autodl-tmp/CosyVoice_dev/examples/libritts/cosyvoice2/data/esd-emo-grpo/valid/receive/0008_000716_快乐.wav
/root/autodl-tmp/CosyVoice_dev/examples/libritts/cosyvoice2/data/esd-emo-grpo/valid/samp_1/0008_000717_快乐.wav	/root/autodl-tmp/CosyVoice_dev/examples/libritts/cosyvoice2/data/esd-emo-grpo/valid/receive/0008_000717_快乐.wav
/root/autodl-tmp/CosyVoice_dev/examples/libritts/cosyvoice2/data/esd-emo-grpo/valid/samp_1/0008_000718_快乐.wav	/root/autodl-tmp/CosyVoice_dev/examples/libritts/cosyvoice2/data/esd-emo-grpo/valid/receive/0008_000718_快乐.wav
/root/autodl-tmp/CosyVoice_dev/examples/libritts/cosyvoice2/data/esd-emo-grpo/valid/samp_1/0008_000719_快乐.wav	/root/autodl-tmp/CosyVoice_dev/examples/libritts/cosyvoice2/data/esd-emo-grpo/valid/receive/0008_000719_快乐.wav
/root/autodl-tmp/CosyVoice_dev/examples/libritts/cosyvoice2/data/esd-emo-grpo/valid/samp_1/0008_000720_快乐.wav	/root/autodl-tmp/CosyVoice_dev/examples/libritts/cosyvoice2/data/esd-emo-grpo/valid/receive/0008_000720_快乐.wav
/root/autodl-tmp/CosyVoice_dev/examples/libritts/cosyvoice2/data/esd-emo-grpo/valid/samp_1/0008_001051_伤心.wav	/root/autodl-tmp/CosyVoice_dev/examples/libritts/cosyvoice2/data/esd-emo-grpo/valid/receive/0008_001051_伤心.wav
/root/autodl-tmp/CosyVoice_dev/examples/libritts/cosyvoice2/data/esd-emo-grpo/valid/samp_1/0008_001052_伤心.wav	/root/autodl-tmp/CosyVoice_dev/examples/libritts/cosyvoice2/data/esd-emo-grpo/valid/receive/0008_001052_伤心.wav
/root/autodl-tmp/CosyVoice_dev/examples/libritts/cosyvoice2/data/esd-emo-grpo/valid/samp_1/0008_001053_伤心.wav	/root/autodl-tmp/CosyVoice_dev/examples/libritts/cosyvoice2/data/esd-emo-grpo/valid/receive/0008_001053_伤心.wav
/root/autodl-tmp/CosyVoice_dev/examples/libritts/cosyvoice2/data/esd-emo-grpo/valid/samp_1/0008_001054_伤心.wav	/root/autodl-tmp/CosyVoice_dev/examples/libritts/cosyvoice2/data/esd-emo-grpo/valid/receive/0008_001054_伤心.wav
/root/autodl-tmp/CosyVoice_dev/examples/libritts/cosyvoice2/data/esd-emo-grpo/valid/samp_1/0008_001055_伤心.wav	/root/autodl-tmp/CosyVoice_dev/examples/libritts/cosyvoice2/data/esd-emo-grpo/valid/receive/0008_001055_伤心.wav
/root/autodl-tmp/CosyVoice_dev/examples/libritts/cosyvoice2/data/esd-emo-grpo/valid/samp_1/0008_001056_伤心.wav	/root/autodl-tmp/CosyVoice_dev/examples/libritts/cosyvoice2/data/esd-emo-grpo/valid/receive/0008_001056_伤心.wav
/root/autodl-tmp/CosyVoice_dev/examples/libritts/cosyvoice2/data/esd-emo-grpo/valid/samp_1/0008_001057_伤心.wav	/root/autodl-tmp/CosyVoice_dev/examples/libritts/cosyvoice2/data/esd-emo-grpo/valid/receive/0008_001057_伤心.wav
/root/autodl-tmp/CosyVoice_dev/examples/libritts/cosyvoice2/data/esd-emo-grpo/valid/samp_1/0008_001058_伤心.wav	/root/autodl-tmp/CosyVoice_dev/examples/libritts/cosyvoice2/data/esd-emo-grpo/valid/receive/0008_001058_伤心.wav
/root/autodl-tmp/CosyVoice_dev/examples/libritts/cosyvoice2/data/esd-emo-grpo/valid/samp_1/0008_001059_伤心.wav	/root/autodl-tmp/CosyVoice_dev/examples/libritts/cosyvoice2/data/esd-emo-grpo/valid/receive/0008_001059_伤心.wav
/root/autodl-tmp/CosyVoice_dev/examples/libritts/cosyvoice2/data/esd-emo-grpo/valid/samp_1/0008_001060_伤心.wav	/root/autodl-tmp/CosyVoice_dev/examples/libritts/cosyvoice2/data/esd-emo-grpo/valid/receive/0008_001060_伤心.wav
/root/autodl-tmp/CosyVoice_dev/examples/libritts/cosyvoice2/data/esd-emo-grpo/valid/samp_1/0008_001061_伤心.wav	/root/autodl-tmp/CosyVoice_dev/examples/libritts/cosyvoice2/data/esd-emo-grpo/valid/receive/0008_001061_伤心.wav
/root/autodl-tmp/CosyVoice_dev/examples/libritts/cosyvoice2/data/esd-emo-grpo/valid/samp_1/0008_001062_伤心.wav	/root/autodl-tmp/CosyVoice_dev/examples/libritts/cosyvoice2/data/esd-emo-grpo/valid/receive/0008_001062_伤心.wav
/root/autodl-tmp/CosyVoice_dev/examples/libritts/cosyvoice2/data/esd-emo-grpo/valid/samp_1/0008_001063_伤心.wav	/root/autodl-tmp/CosyVoice_dev/examples/libritts/cosyvoice2/data/esd-emo-grpo/valid/receive/0008_001063_伤心.wav
/root/autodl-tmp/CosyVoice_dev/examples/libritts/cosyvoice2/data/esd-emo-grpo/valid/samp_1/0008_001064_伤心.wav	/root/autodl-tmp/CosyVoice_dev/examples/libritts/cosyvoice2/data/esd-emo-grpo/valid/receive/0008_001064_伤心.wav
/root/autodl-tmp/CosyVoice_dev/examples/libritts/cosyvoice2/data/esd-emo-grpo/valid/samp_1/0008_001065_伤心.wav	/root/autodl-tmp/CosyVoice_dev/examples/libritts/cosyvoice2/data/esd-emo-grpo/valid/receive/0008_001065_伤心.wav
/root/autodl-tmp/CosyVoice_dev/examples/libritts/cosyvoice2/data/esd-emo-grpo/valid/samp_1/0008_001066_伤心.wav	/root/autodl-tmp/CosyVoice_dev/examples/libritts/cosyvoice2/data/esd-emo-grpo/valid/receive/0008_001066_伤心.wav
/root/autodl-tmp/CosyVoice_dev/examples/libritts/cosyvoice2/data/esd-emo-grpo/valid/samp_1/0008_001067_伤心.wav	/root/autodl-tmp/CosyVoice_dev/examples/libritts/cosyvoice2/data/esd-emo-grpo/valid/receive/0008_001067_伤心.wav
/root/autodl-tmp/CosyVoice_dev/examples/libritts/cosyvoice2/data/esd-emo-grpo/valid/samp_1/0008_001068_伤心.wav	/root/autodl-tmp/CosyVoice_dev/examples/libritts/cosyvoice2/data/esd-emo-grpo/valid/receive/0008_001068_伤心.wav
/root/autodl-tmp/CosyVoice_dev/examples/libritts/cosyvoice2/data/esd-emo-grpo/valid/samp_1/0008_001069_伤心.wav	/root/autodl-tmp/CosyVoice_dev/examples/libritts/cosyvoice2/data/esd-emo-grpo/valid/receive/0008_001069_伤心.wav
/root/autodl-tmp/CosyVoice_dev/examples/libritts/cosyvoice2/data/esd-emo-grpo/valid/samp_1/0008_001070_伤心.wav	/root/autodl-tmp/CosyVoice_dev/examples/libritts/cosyvoice2/data/esd-emo-grpo/valid/receive/0008_001070_伤心.wav
/root/autodl-tmp/CosyVoice_dev/examples/libritts/cosyvoice2/data/esd-emo-grpo/valid/samp_1/0008_001401_惊喜.wav	/root/autodl-tmp/CosyVoice_dev/examples/libritts/cosyvoice2/data/esd-emo-grpo/valid/receive/0008_001401_惊喜.wav
/root/autodl-tmp/CosyVoice_dev/examples/libritts/cosyvoice2/data/esd-emo-grpo/valid/samp_1/0008_001402_惊喜.wav	/root/autodl-tmp/CosyVoice_dev/examples/libritts/cosyvoice2/data/esd-emo-grpo/valid/receive/0008_001402_惊喜.wav
/root/autodl-tmp/CosyVoice_dev/examples/libritts/cosyvoice2/data/esd-emo-grpo/valid/samp_1/0008_001403_惊喜.wav	/root/autodl-tmp/CosyVoice_dev/examples/libritts/cosyvoice2/data/esd-emo-grpo/valid/receive/0008_001403_惊喜.wav
/root/autodl-tmp/CosyVoice_dev/examples/libritts/cosyvoice2/data/esd-emo-grpo/valid/samp_1/0008_001404_惊喜.wav	/root/autodl-tmp/CosyVoice_dev/examples/libritts/cosyvoice2/data/esd-emo-grpo/valid/receive/0008_001404_惊喜.wav
/root/autodl-tmp/CosyVoice_dev/examples/libritts/cosyvoice2/data/esd-emo-grpo/valid/samp_1/0008_001405_惊喜.wav	/root/autodl-tmp/CosyVoice_dev/examples/libritts/cosyvoice2/data/esd-emo-grpo/valid/receive/0008_001405_惊喜.wav
/root/autodl-tmp/CosyVoice_dev/examples/libritts/cosyvoice2/data/esd-emo-grpo/valid/samp_1/0008_001406_惊喜.wav	/root/autodl-tmp/CosyVoice_dev/examples/libritts/cosyvoice2/data/esd-emo-grpo/valid/receive/0008_001406_惊喜.wav
/root/autodl-tmp/CosyVoice_dev/examples/libritts/cosyvoice2/data/esd-emo-grpo/valid/samp_1/0008_001407_惊喜.wav	/root/autodl-tmp/CosyVoice_dev/examples/libritts/cosyvoice2/data/esd-emo-grpo/valid/receive/0008_001407_惊喜.wav
/root/autodl-tmp/CosyVoice_dev/examples/libritts/cosyvoice2/data/esd-emo-grpo/valid/samp_1/0008_001408_惊喜.wav	/root/autodl-tmp/CosyVoice_dev/examples/libritts/cosyvoice2/data/esd-emo-grpo/valid/receive/0008_001408_惊喜.wav
/root/autodl-tmp/CosyVoice_dev/examples/libritts/cosyvoice2/data/esd-emo-grpo/valid/samp_1/0008_001409_惊喜.wav	/root/autodl-tmp/CosyVoice_dev/examples/libritts/cosyvoice2/data/esd-emo-grpo/valid/receive/0008_001409_惊喜.wav
/root/autodl-tmp/CosyVoice_dev/examples/libritts/cosyvoice2/data/esd-emo-grpo/valid/samp_1/0008_001410_惊喜.wav	/root/autodl-tmp/CosyVoice_dev/examples/libritts/cosyvoice2/data/esd-emo-grpo/valid/receive/0008_001410_惊喜.wav
/root/autodl-tmp/CosyVoice_dev/examples/libritts/cosyvoice2/data/esd-emo-grpo/valid/samp_1/0008_001411_惊喜.wav	/root/autodl-tmp/CosyVoice_dev/examples/libritts/cosyvoice2/data/esd-emo-grpo/valid/receive/0008_001411_惊喜.wav
/root/autodl-tmp/CosyVoice_dev/examples/libritts/cosyvoice2/data/esd-emo-grpo/valid/samp_1/0008_001412_惊喜.wav	/root/autodl-tmp/CosyVoice_dev/examples/libritts/cosyvoice2/data/esd-emo-grpo/valid/receive/0008_001412_惊喜.wav
/root/autodl-tmp/CosyVoice_dev/examples/libritts/cosyvoice2/data/esd-emo-grpo/valid/samp_1/0008_001413_惊喜.wav	/root/autodl-tmp/CosyVoice_dev/examples/libritts/cosyvoice2/data/esd-emo-grpo/valid/receive/0008_001413_惊喜.wav
/root/autodl-tmp/CosyVoice_dev/examples/libritts/cosyvoice2/data/esd-emo-grpo/valid/samp_1/0008_001414_惊喜.wav	/root/autodl-tmp/CosyVoice_dev/examples/libritts/cosyvoice2/data/esd-emo-grpo/valid/receive/0008_001414_惊喜.wav
/root/autodl-tmp/CosyVoice_dev/examples/libritts/cosyvoice2/data/esd-emo-grpo/valid/samp_1/0008_001415_惊喜.wav	/root/autodl-tmp/CosyVoice_dev/examples/libritts/cosyvoice2/data/esd-emo-grpo/valid/receive/0008_001415_惊喜.wav
/root/autodl-tmp/CosyVoice_dev/examples/libritts/cosyvoice2/data/esd-emo-grpo/valid/samp_1/0008_001416_惊喜.wav	/root/autodl-tmp/CosyVoice_dev/examples/libritts/cosyvoice2/data/esd-emo-grpo/valid/receive/0008_001416_惊喜.wav
/root/autodl-tmp/CosyVoice_dev/examples/libritts/cosyvoice2/data/esd-emo-grpo/valid/samp_1/0008_001417_惊喜.wav	/root/autodl-tmp/CosyVoice_dev/examples/libritts/cosyvoice2/data/esd-emo-grpo/valid/receive/0008_001417_惊喜.wav
/root/autodl-tmp/CosyVoice_dev/examples/libritts/cosyvoice2/data/esd-emo-grpo/valid/samp_1/0008_001418_惊喜.wav	/root/autodl-tmp/CosyVoice_dev/examples/libritts/cosyvoice2/data/esd-emo-grpo/valid/receive/0008_001418_惊喜.wav
/root/autodl-tmp/CosyVoice_dev/examples/libritts/cosyvoice2/data/esd-emo-grpo/valid/samp_1/0008_001419_惊喜.wav	/root/autodl-tmp/CosyVoice_dev/examples/libritts/cosyvoice2/data/esd-emo-grpo/valid/receive/0008_001419_惊喜.wav
/root/autodl-tmp/CosyVoice_dev/examples/libritts/cosyvoice2/data/esd-emo-grpo/valid/samp_1/0008_001420_惊喜.wav	/root/autodl-tmp/CosyVoice_dev/examples/libritts/cosyvoice2/data/esd-emo-grpo/valid/receive/0008_001420_惊喜.wav
/root/autodl-tmp/CosyVoice_dev/examples/libritts/cosyvoice2/data/esd-emo-grpo/valid/samp_1/0008_000001_冷静.wav	/root/autodl-tmp/CosyVoice_dev/examples/libritts/cosyvoice2/data/esd-emo-grpo/valid/receive/0008_000001_冷静.wav
/root/autodl-tmp/CosyVoice_dev/examples/libritts/cosyvoice2/data/esd-emo-grpo/valid/samp_1/0008_000002_冷静.wav	/root/autodl-tmp/CosyVoice_dev/examples/libritts/cosyvoice2/data/esd-emo-grpo/valid/receive/0008_000002_冷静.wav
/root/autodl-tmp/CosyVoice_dev/examples/libritts/cosyvoice2/data/esd-emo-grpo/valid/samp_1/0008_000003_冷静.wav	/root/autodl-tmp/CosyVoice_dev/examples/libritts/cosyvoice2/data/esd-emo-grpo/valid/receive/0008_000003_冷静.wav
/root/autodl-tmp/CosyVoice_dev/examples/libritts/cosyvoice2/data/esd-emo-grpo/valid/samp_1/0008_000004_冷静.wav	/root/autodl-tmp/CosyVoice_dev/examples/libritts/cosyvoice2/data/esd-emo-grpo/valid/receive/0008_000004_冷静.wav
/root/autodl-tmp/CosyVoice_dev/examples/libritts/cosyvoice2/data/esd-emo-grpo/valid/samp_1/0008_000005_冷静.wav	/root/autodl-tmp/CosyVoice_dev/examples/libritts/cosyvoice2/data/esd-emo-grpo/valid/receive/0008_000005_冷静.wav
/root/autodl-tmp/CosyVoice_dev/examples/libritts/cosyvoice2/data/esd-emo-grpo/valid/samp_1/0008_000006_冷静.wav	/root/autodl-tmp/CosyVoice_dev/examples/libritts/cosyvoice2/data/esd-emo-grpo/valid/receive/0008_000006_冷静.wav
/root/autodl-tmp/CosyVoice_dev/examples/libritts/cosyvoice2/data/esd-emo-grpo/valid/samp_1/0008_000007_冷静.wav	/root/autodl-tmp/CosyVoice_dev/examples/libritts/cosyvoice2/data/esd-emo-grpo/valid/receive/0008_000007_冷静.wav
/root/autodl-tmp/CosyVoice_dev/examples/libritts/cosyvoice2/data/esd-emo-grpo/valid/samp_1/0008_000008_冷静.wav	/root/autodl-tmp/CosyVoice_dev/examples/libritts/cosyvoice2/data/esd-emo-grpo/valid/receive/0008_000008_冷静.wav
/root/autodl-tmp/CosyVoice_dev/examples/libritts/cosyvoice2/data/esd-emo-grpo/valid/samp_1/0008_000009_冷静.wav	/root/autodl-tmp/CosyVoice_dev/examples/libritts/cosyvoice2/data/esd-emo-grpo/valid/receive/0008_000009_冷静.wav
/root/autodl-tmp/CosyVoice_dev/examples/libritts/cosyvoice2/data/esd-emo-grpo/valid/samp_1/0008_000010_冷静.wav	/root/autodl-tmp/CosyVoice_dev/examples/libritts/cosyvoice2/data/esd-emo-grpo/valid/receive/0008_000010_冷静.wav
/root/autodl-tmp/CosyVoice_dev/examples/libritts/cosyvoice2/data/esd-emo-grpo/valid/samp_1/0008_000011_冷静.wav	/root/autodl-tmp/CosyVoice_dev/examples/libritts/cosyvoice2/data/esd-emo-grpo/valid/receive/0008_000011_冷静.wav
/root/autodl-tmp/CosyVoice_dev/examples/libritts/cosyvoice2/data/esd-emo-grpo/valid/samp_1/0008_000012_冷静.wav	/root/autodl-tmp/CosyVoice_dev/examples/libritts/cosyvoice2/data/esd-emo-grpo/valid/receive/0008_000012_冷静.wav
/root/autodl-tmp/CosyVoice_dev/examples/libritts/cosyvoice2/data/esd-emo-grpo/valid/samp_1/0008_000013_冷静.wav	/root/autodl-tmp/CosyVoice_dev/examples/libritts/cosyvoice2/data/esd-emo-grpo/valid/receive/0008_000013_冷静.wav
/root/autodl-tmp/CosyVoice_dev/examples/libritts/cosyvoice2/data/esd-emo-grpo/valid/samp_1/0008_000014_冷静.wav	/root/autodl-tmp/CosyVoice_dev/examples/libritts/cosyvoice2/data/esd-emo-grpo/valid/receive/0008_000014_冷静.wav
/root/autodl-tmp/CosyVoice_dev/examples/libritts/cosyvoice2/data/esd-emo-grpo/valid/samp_1/0008_000015_冷静.wav	/root/autodl-tmp/CosyVoice_dev/examples/libritts/cosyvoice2/data/esd-emo-grpo/valid/receive/0008_000015_冷静.wav
/root/autodl-tmp/CosyVoice_dev/examples/libritts/cosyvoice2/data/esd-emo-grpo/valid/samp_1/0008_000016_冷静.wav	/root/autodl-tmp/CosyVoice_dev/examples/libritts/cosyvoice2/data/esd-emo-grpo/valid/receive/0008_000016_冷静.wav
/root/autodl-tmp/CosyVoice_dev/examples/libritts/cosyvoice2/data/esd-emo-grpo/valid/samp_1/0008_000017_冷静.wav	/root/autodl-tmp/CosyVoice_dev/examples/libritts/cosyvoice2/data/esd-emo-grpo/valid/receive/0008_000017_冷静.wav
/root/autodl-tmp/CosyVoice_dev/examples/libritts/cosyvoice2/data/esd-emo-grpo/valid/samp_1/0008_000018_冷静.wav	/root/autodl-tmp/CosyVoice_dev/examples/libritts/cosyvoice2/data/esd-emo-grpo/valid/receive/0008_000018_冷静.wav
/root/autodl-tmp/CosyVoice_dev/examples/libritts/cosyvoice2/data/esd-emo-grpo/valid/samp_1/0008_000019_冷静.wav	/root/autodl-tmp/CosyVoice_dev/examples/libritts/cosyvoice2/data/esd-emo-grpo/valid/receive/0008_000019_冷静.wav
/root/autodl-tmp/CosyVoice_dev/examples/libritts/cosyvoice2/data/esd-emo-grpo/valid/samp_1/0008_000020_冷静.wav	/root/autodl-tmp/CosyVoice_dev/examples/libritts/cosyvoice2/data/esd-emo-grpo/valid/receive/0008_000020_冷静.wav
/root/autodl-tmp/CosyVoice_dev/examples/libritts/cosyvoice2/data/esd-emo-grpo/valid/samp_1/0008_000351_生气.wav	/root/autodl-tmp/CosyVoice_dev/examples/libritts/cosyvoice2/data/esd-emo-grpo/valid/receive/0008_000351_生气.wav
/root/autodl-tmp/CosyVoice_dev/examples/libritts/cosyvoice2/data/esd-emo-grpo/valid/samp_1/0008_000352_生气.wav	/root/autodl-tmp/CosyVoice_dev/examples/libritts/cosyvoice2/data/esd-emo-grpo/valid/receive/0008_000352_生气.wav
/root/autodl-tmp/CosyVoice_dev/examples/libritts/cosyvoice2/data/esd-emo-grpo/valid/samp_1/0008_000353_生气.wav	/root/autodl-tmp/CosyVoice_dev/examples/libritts/cosyvoice2/data/esd-emo-grpo/valid/receive/0008_000353_生气.wav
/root/autodl-tmp/CosyVoice_dev/examples/libritts/cosyvoice2/data/esd-emo-grpo/valid/samp_1/0008_000354_生气.wav	/root/autodl-tmp/CosyVoice_dev/examples/libritts/cosyvoice2/data/esd-emo-grpo/valid/receive/0008_000354_生气.wav
/root/autodl-tmp/CosyVoice_dev/examples/libritts/cosyvoice2/data/esd-emo-grpo/valid/samp_1/0008_000355_生气.wav	/root/autodl-tmp/CosyVoice_dev/examples/libritts/cosyvoice2/data/esd-emo-grpo/valid/receive/0008_000355_生气.wav
/root/autodl-tmp/CosyVoice_dev/examples/libritts/cosyvoice2/data/esd-emo-grpo/valid/samp_1/0008_000356_生气.wav	/root/autodl-tmp/CosyVoice_dev/examples/libritts/cosyvoice2/data/esd-emo-grpo/valid/receive/0008_000356_生气.wav
/root/autodl-tmp/CosyVoice_dev/examples/libritts/cosyvoice2/data/esd-emo-grpo/valid/samp_1/0008_000357_生气.wav	/root/autodl-tmp/CosyVoice_dev/examples/libritts/cosyvoice2/data/esd-emo-grpo/valid/receive/0008_000357_生气.wav
/root/autodl-tmp/CosyVoice_dev/examples/libritts/cosyvoice2/data/esd-emo-grpo/valid/samp_1/0008_000358_生气.wav	/root/autodl-tmp/CosyVoice_dev/examples/libritts/cosyvoice2/data/esd-emo-grpo/valid/receive/0008_000358_生气.wav
/root/autodl-tmp/CosyVoice_dev/examples/libritts/cosyvoice2/data/esd-emo-grpo/valid/samp_1/0008_000359_生气.wav	/root/autodl-tmp/CosyVoice_dev/examples/libritts/cosyvoice2/data/esd-emo-grpo/valid/receive/0008_000359_生气.wav
/root/autodl-tmp/CosyVoice_dev/examples/libritts/cosyvoice2/data/esd-emo-grpo/valid/samp_1/0008_000360_生气.wav	/root/autodl-tmp/CosyVoice_dev/examples/libritts/cosyvoice2/data/esd-emo-grpo/valid/receive/0008_000360_生气.wav
/root/autodl-tmp/CosyVoice_dev/examples/libritts/cosyvoice2/data/esd-emo-grpo/valid/samp_1/0008_000361_生气.wav	/root/autodl-tmp/CosyVoice_dev/examples/libritts/cosyvoice2/data/esd-emo-grpo/valid/receive/0008_000361_生气.wav
/root/autodl-tmp/CosyVoice_dev/examples/libritts/cosyvoice2/data/esd-emo-grpo/valid/samp_1/0008_000362_生气.wav	/root/autodl-tmp/CosyVoice_dev/examples/libritts/cosyvoice2/data/esd-emo-grpo/valid/receive/0008_000362_生气.wav
/root/autodl-tmp/CosyVoice_dev/examples/libritts/cosyvoice2/data/esd-emo-grpo/valid/samp_1/0008_000363_生气.wav	/root/autodl-tmp/CosyVoice_dev/examples/libritts/cosyvoice2/data/esd-emo-grpo/valid/receive/0008_000363_生气.wav
/root/autodl-tmp/CosyVoice_dev/examples/libritts/cosyvoice2/data/esd-emo-grpo/valid/samp_1/0008_000364_生气.wav	/root/autodl-tmp/CosyVoice_dev/examples/libritts/cosyvoice2/data/esd-emo-grpo/valid/receive/0008_000364_生气.wav
/root/autodl-tmp/CosyVoice_dev/examples/libritts/cosyvoice2/data/esd-emo-grpo/valid/samp_1/0008_000365_生气.wav	/root/autodl-tmp/CosyVoice_dev/examples/libritts/cosyvoice2/data/esd-emo-grpo/valid/receive/0008_000365_生气.wav
/root/autodl-tmp/CosyVoice_dev/examples/libritts/cosyvoice2/data/esd-emo-grpo/valid/samp_1/0008_000366_生气.wav	/root/autodl-tmp/CosyVoice_dev/examples/libritts/cosyvoice2/data/esd-emo-grpo/valid/receive/0008_000366_生气.wav
/root/autodl-tmp/CosyVoice_dev/examples/libritts/cosyvoice2/data/esd-emo-grpo/valid/samp_1/0008_000367_生气.wav	/root/autodl-tmp/CosyVoice_dev/examples/libritts/cosyvoice2/data/esd-emo-grpo/valid/receive/0008_000367_生气.wav
/root/autodl-tmp/CosyVoice_dev/examples/libritts/cosyvoice2/data/esd-emo-grpo/valid/samp_1/0008_000368_生气.wav	/root/autodl-tmp/CosyVoice_dev/examples/libritts/cosyvoice2/data/esd-emo-grpo/valid/receive/0008_000368_生气.wav
/root/autodl-tmp/CosyVoice_dev/examples/libritts/cosyvoice2/data/esd-emo-grpo/valid/samp_1/0008_000369_生气.wav	/root/autodl-tmp/CosyVoice_dev/examples/libritts/cosyvoice2/data/esd-emo-grpo/valid/receive/0008_000369_生气.wav
/root/autodl-tmp/CosyVoice_dev/examples/libritts/cosyvoice2/data/esd-emo-grpo/valid/samp_1/0008_000370_生气.wav	/root/autodl-tmp/CosyVoice_dev/examples/libritts/cosyvoice2/data/esd-emo-grpo/valid/receive/0008_000370_生气.wav
/root/autodl-tmp/CosyVoice_dev/examples/libritts/cosyvoice2/data/esd-emo-grpo/valid/samp_1/0009_000701_快乐.wav	/root/autodl-tmp/CosyVoice_dev/examples/libritts/cosyvoice2/data/esd-emo-grpo/valid/receive/0009_000701_快乐.wav
/root/autodl-tmp/CosyVoice_dev/examples/libritts/cosyvoice2/data/esd-emo-grpo/valid/samp_1/0009_000702_快乐.wav	/root/autodl-tmp/CosyVoice_dev/examples/libritts/cosyvoice2/data/esd-emo-grpo/valid/receive/0009_000702_快乐.wav
/root/autodl-tmp/CosyVoice_dev/examples/libritts/cosyvoice2/data/esd-emo-grpo/valid/samp_1/0009_000703_快乐.wav	/root/autodl-tmp/CosyVoice_dev/examples/libritts/cosyvoice2/data/esd-emo-grpo/valid/receive/0009_000703_快乐.wav
/root/autodl-tmp/CosyVoice_dev/examples/libritts/cosyvoice2/data/esd-emo-grpo/valid/samp_1/0009_000704_快乐.wav	/root/autodl-tmp/CosyVoice_dev/examples/libritts/cosyvoice2/data/esd-emo-grpo/valid/receive/0009_000704_快乐.wav
/root/autodl-tmp/CosyVoice_dev/examples/libritts/cosyvoice2/data/esd-emo-grpo/valid/samp_1/0009_000705_快乐.wav	/root/autodl-tmp/CosyVoice_dev/examples/libritts/cosyvoice2/data/esd-emo-grpo/valid/receive/0009_000705_快乐.wav
/root/autodl-tmp/CosyVoice_dev/examples/libritts/cosyvoice2/data/esd-emo-grpo/valid/samp_1/0009_000706_快乐.wav	/root/autodl-tmp/CosyVoice_dev/examples/libritts/cosyvoice2/data/esd-emo-grpo/valid/receive/0009_000706_快乐.wav
/root/autodl-tmp/CosyVoice_dev/examples/libritts/cosyvoice2/data/esd-emo-grpo/valid/samp_1/0009_000707_快乐.wav	/root/autodl-tmp/CosyVoice_dev/examples/libritts/cosyvoice2/data/esd-emo-grpo/valid/receive/0009_000707_快乐.wav
/root/autodl-tmp/CosyVoice_dev/examples/libritts/cosyvoice2/data/esd-emo-grpo/valid/samp_1/0009_000708_快乐.wav	/root/autodl-tmp/CosyVoice_dev/examples/libritts/cosyvoice2/data/esd-emo-grpo/valid/receive/0009_000708_快乐.wav
/root/autodl-tmp/CosyVoice_dev/examples/libritts/cosyvoice2/data/esd-emo-grpo/valid/samp_1/0009_000709_快乐.wav	/root/autodl-tmp/CosyVoice_dev/examples/libritts/cosyvoice2/data/esd-emo-grpo/valid/receive/0009_000709_快乐.wav
/root/autodl-tmp/CosyVoice_dev/examples/libritts/cosyvoice2/data/esd-emo-grpo/valid/samp_1/0009_000710_快乐.wav	/root/autodl-tmp/CosyVoice_dev/examples/libritts/cosyvoice2/data/esd-emo-grpo/valid/receive/0009_000710_快乐.wav
/root/autodl-tmp/CosyVoice_dev/examples/libritts/cosyvoice2/data/esd-emo-grpo/valid/samp_1/0009_000711_快乐.wav	/root/autodl-tmp/CosyVoice_dev/examples/libritts/cosyvoice2/data/esd-emo-grpo/valid/receive/0009_000711_快乐.wav
/root/autodl-tmp/CosyVoice_dev/examples/libritts/cosyvoice2/data/esd-emo-grpo/valid/samp_1/0009_000712_快乐.wav	/root/autodl-tmp/CosyVoice_dev/examples/libritts/cosyvoice2/data/esd-emo-grpo/valid/receive/0009_000712_快乐.wav
/root/autodl-tmp/CosyVoice_dev/examples/libritts/cosyvoice2/data/esd-emo-grpo/valid/samp_1/0009_000713_快乐.wav	/root/autodl-tmp/CosyVoice_dev/examples/libritts/cosyvoice2/data/esd-emo-grpo/valid/receive/0009_000713_快乐.wav
/root/autodl-tmp/CosyVoice_dev/examples/libritts/cosyvoice2/data/esd-emo-grpo/valid/samp_1/0009_000714_快乐.wav	/root/autodl-tmp/CosyVoice_dev/examples/libritts/cosyvoice2/data/esd-emo-grpo/valid/receive/0009_000714_快乐.wav
/root/autodl-tmp/CosyVoice_dev/examples/libritts/cosyvoice2/data/esd-emo-grpo/valid/samp_1/0009_000715_快乐.wav	/root/autodl-tmp/CosyVoice_dev/examples/libritts/cosyvoice2/data/esd-emo-grpo/valid/receive/0009_000715_快乐.wav
/root/autodl-tmp/CosyVoice_dev/examples/libritts/cosyvoice2/data/esd-emo-grpo/valid/samp_1/0009_000716_快乐.wav	/root/autodl-tmp/CosyVoice_dev/examples/libritts/cosyvoice2/data/esd-emo-grpo/valid/receive/0009_000716_快乐.wav
/root/autodl-tmp/CosyVoice_dev/examples/libritts/cosyvoice2/data/esd-emo-grpo/valid/samp_1/0009_000717_快乐.wav	/root/autodl-tmp/CosyVoice_dev/examples/libritts/cosyvoice2/data/esd-emo-grpo/valid/receive/0009_000717_快乐.wav
/root/autodl-tmp/CosyVoice_dev/examples/libritts/cosyvoice2/data/esd-emo-grpo/valid/samp_1/0009_000718_快乐.wav	/root/autodl-tmp/CosyVoice_dev/examples/libritts/cosyvoice2/data/esd-emo-grpo/valid/receive/0009_000718_快乐.wav
/root/autodl-tmp/CosyVoice_dev/examples/libritts/cosyvoice2/data/esd-emo-grpo/valid/samp_1/0009_000719_快乐.wav	/root/autodl-tmp/CosyVoice_dev/examples/libritts/cosyvoice2/data/esd-emo-grpo/valid/receive/0009_000719_快乐.wav
/root/autodl-tmp/CosyVoice_dev/examples/libritts/cosyvoice2/data/esd-emo-grpo/valid/samp_1/0009_000720_快乐.wav	/root/autodl-tmp/CosyVoice_dev/examples/libritts/cosyvoice2/data/esd-emo-grpo/valid/receive/0009_000720_快乐.wav
/root/autodl-tmp/CosyVoice_dev/examples/libritts/cosyvoice2/data/esd-emo-grpo/valid/samp_1/0009_001051_伤心.wav	/root/autodl-tmp/CosyVoice_dev/examples/libritts/cosyvoice2/data/esd-emo-grpo/valid/receive/0009_001051_伤心.wav
/root/autodl-tmp/CosyVoice_dev/examples/libritts/cosyvoice2/data/esd-emo-grpo/valid/samp_1/0009_001052_伤心.wav	/root/autodl-tmp/CosyVoice_dev/examples/libritts/cosyvoice2/data/esd-emo-grpo/valid/receive/0009_001052_伤心.wav
/root/autodl-tmp/CosyVoice_dev/examples/libritts/cosyvoice2/data/esd-emo-grpo/valid/samp_1/0009_001053_伤心.wav	/root/autodl-tmp/CosyVoice_dev/examples/libritts/cosyvoice2/data/esd-emo-grpo/valid/receive/0009_001053_伤心.wav
/root/autodl-tmp/CosyVoice_dev/examples/libritts/cosyvoice2/data/esd-emo-grpo/valid/samp_1/0009_001054_伤心.wav	/root/autodl-tmp/CosyVoice_dev/examples/libritts/cosyvoice2/data/esd-emo-grpo/valid/receive/0009_001054_伤心.wav
/root/autodl-tmp/CosyVoice_dev/examples/libritts/cosyvoice2/data/esd-emo-grpo/valid/samp_1/0009_001055_伤心.wav	/root/autodl-tmp/CosyVoice_dev/examples/libritts/cosyvoice2/data/esd-emo-grpo/valid/receive/0009_001055_伤心.wav
/root/autodl-tmp/CosyVoice_dev/examples/libritts/cosyvoice2/data/esd-emo-grpo/valid/samp_1/0009_001056_伤心.wav	/root/autodl-tmp/CosyVoice_dev/examples/libritts/cosyvoice2/data/esd-emo-grpo/valid/receive/0009_001056_伤心.wav
/root/autodl-tmp/CosyVoice_dev/examples/libritts/cosyvoice2/data/esd-emo-grpo/valid/samp_1/0009_001057_伤心.wav	/root/autodl-tmp/CosyVoice_dev/examples/libritts/cosyvoice2/data/esd-emo-grpo/valid/receive/0009_001057_伤心.wav
/root/autodl-tmp/CosyVoice_dev/examples/libritts/cosyvoice2/data/esd-emo-grpo/valid/samp_1/0009_001058_伤心.wav	/root/autodl-tmp/CosyVoice_dev/examples/libritts/cosyvoice2/data/esd-emo-grpo/valid/receive/0009_001058_伤心.wav
/root/autodl-tmp/CosyVoice_dev/examples/libritts/cosyvoice2/data/esd-emo-grpo/valid/samp_1/0009_001059_伤心.wav	/root/autodl-tmp/CosyVoice_dev/examples/libritts/cosyvoice2/data/esd-emo-grpo/valid/receive/0009_001059_伤心.wav
/root/autodl-tmp/CosyVoice_dev/examples/libritts/cosyvoice2/data/esd-emo-grpo/valid/samp_1/0009_001060_伤心.wav	/root/autodl-tmp/CosyVoice_dev/examples/libritts/cosyvoice2/data/esd-emo-grpo/valid/receive/0009_001060_伤心.wav
/root/autodl-tmp/CosyVoice_dev/examples/libritts/cosyvoice2/data/esd-emo-grpo/valid/samp_1/0009_001061_伤心.wav	/root/autodl-tmp/CosyVoice_dev/examples/libritts/cosyvoice2/data/esd-emo-grpo/valid/receive/0009_001061_伤心.wav
/root/autodl-tmp/CosyVoice_dev/examples/libritts/cosyvoice2/data/esd-emo-grpo/valid/samp_1/0009_001062_伤心.wav	/root/autodl-tmp/CosyVoice_dev/examples/libritts/cosyvoice2/data/esd-emo-grpo/valid/receive/0009_001062_伤心.wav
/root/autodl-tmp/CosyVoice_dev/examples/libritts/cosyvoice2/data/esd-emo-grpo/valid/samp_1/0009_001063_伤心.wav	/root/autodl-tmp/CosyVoice_dev/examples/libritts/cosyvoice2/data/esd-emo-grpo/valid/receive/0009_001063_伤心.wav
/root/autodl-tmp/CosyVoice_dev/examples/libritts/cosyvoice2/data/esd-emo-grpo/valid/samp_1/0009_001064_伤心.wav	/root/autodl-tmp/CosyVoice_dev/examples/libritts/cosyvoice2/data/esd-emo-grpo/valid/receive/0009_001064_伤心.wav
/root/autodl-tmp/CosyVoice_dev/examples/libritts/cosyvoice2/data/esd-emo-grpo/valid/samp_1/0009_001065_伤心.wav	/root/autodl-tmp/CosyVoice_dev/examples/libritts/cosyvoice2/data/esd-emo-grpo/valid/receive/0009_001065_伤心.wav
/root/autodl-tmp/CosyVoice_dev/examples/libritts/cosyvoice2/data/esd-emo-grpo/valid/samp_1/0009_001066_伤心.wav	/root/autodl-tmp/CosyVoice_dev/examples/libritts/cosyvoice2/data/esd-emo-grpo/valid/receive/0009_001066_伤心.wav
/root/autodl-tmp/CosyVoice_dev/examples/libritts/cosyvoice2/data/esd-emo-grpo/valid/samp_1/0009_001067_伤心.wav	/root/autodl-tmp/CosyVoice_dev/examples/libritts/cosyvoice2/data/esd-emo-grpo/valid/receive/0009_001067_伤心.wav
/root/autodl-tmp/CosyVoice_dev/examples/libritts/cosyvoice2/data/esd-emo-grpo/valid/samp_1/0009_001068_伤心.wav	/root/autodl-tmp/CosyVoice_dev/examples/libritts/cosyvoice2/data/esd-emo-grpo/valid/receive/0009_001068_伤心.wav
/root/autodl-tmp/CosyVoice_dev/examples/libritts/cosyvoice2/data/esd-emo-grpo/valid/samp_1/0009_001069_伤心.wav	/root/autodl-tmp/CosyVoice_dev/examples/libritts/cosyvoice2/data/esd-emo-grpo/valid/receive/0009_001069_伤心.wav
/root/autodl-tmp/CosyVoice_dev/examples/libritts/cosyvoice2/data/esd-emo-grpo/valid/samp_1/0009_001070_伤心.wav	/root/autodl-tmp/CosyVoice_dev/examples/libritts/cosyvoice2/data/esd-emo-grpo/valid/receive/0009_001070_伤心.wav
/root/autodl-tmp/CosyVoice_dev/examples/libritts/cosyvoice2/data/esd-emo-grpo/valid/samp_1/0009_001401_惊喜.wav	/root/autodl-tmp/CosyVoice_dev/examples/libritts/cosyvoice2/data/esd-emo-grpo/valid/receive/0009_001401_惊喜.wav
/root/autodl-tmp/CosyVoice_dev/examples/libritts/cosyvoice2/data/esd-emo-grpo/valid/samp_1/0009_001402_惊喜.wav	/root/autodl-tmp/CosyVoice_dev/examples/libritts/cosyvoice2/data/esd-emo-grpo/valid/receive/0009_001402_惊喜.wav
/root/autodl-tmp/CosyVoice_dev/examples/libritts/cosyvoice2/data/esd-emo-grpo/valid/samp_1/0009_001403_惊喜.wav	/root/autodl-tmp/CosyVoice_dev/examples/libritts/cosyvoice2/data/esd-emo-grpo/valid/receive/0009_001403_惊喜.wav
/root/autodl-tmp/CosyVoice_dev/examples/libritts/cosyvoice2/data/esd-emo-grpo/valid/samp_1/0009_001404_惊喜.wav	/root/autodl-tmp/CosyVoice_dev/examples/libritts/cosyvoice2/data/esd-emo-grpo/valid/receive/0009_001404_惊喜.wav
/root/autodl-tmp/CosyVoice_dev/examples/libritts/cosyvoice2/data/esd-emo-grpo/valid/samp_1/0009_001405_惊喜.wav	/root/autodl-tmp/CosyVoice_dev/examples/libritts/cosyvoice2/data/esd-emo-grpo/valid/receive/0009_001405_惊喜.wav
/root/autodl-tmp/CosyVoice_dev/examples/libritts/cosyvoice2/data/esd-emo-grpo/valid/samp_1/0009_001406_惊喜.wav	/root/autodl-tmp/CosyVoice_dev/examples/libritts/cosyvoice2/data/esd-emo-grpo/valid/receive/0009_001406_惊喜.wav
/root/autodl-tmp/CosyVoice_dev/examples/libritts/cosyvoice2/data/esd-emo-grpo/valid/samp_1/0009_001407_惊喜.wav	/root/autodl-tmp/CosyVoice_dev/examples/libritts/cosyvoice2/data/esd-emo-grpo/valid/receive/0009_001407_惊喜.wav
/root/autodl-tmp/CosyVoice_dev/examples/libritts/cosyvoice2/data/esd-emo-grpo/valid/samp_1/0009_001408_惊喜.wav	/root/autodl-tmp/CosyVoice_dev/examples/libritts/cosyvoice2/data/esd-emo-grpo/valid/receive/0009_001408_惊喜.wav
/root/autodl-tmp/CosyVoice_dev/examples/libritts/cosyvoice2/data/esd-emo-grpo/valid/samp_1/0009_001409_惊喜.wav	/root/autodl-tmp/CosyVoice_dev/examples/libritts/cosyvoice2/data/esd-emo-grpo/valid/receive/0009_001409_惊喜.wav
/root/autodl-tmp/CosyVoice_dev/examples/libritts/cosyvoice2/data/esd-emo-grpo/valid/samp_1/0009_001410_惊喜.wav	/root/autodl-tmp/CosyVoice_dev/examples/libritts/cosyvoice2/data/esd-emo-grpo/valid/receive/0009_001410_惊喜.wav
/root/autodl-tmp/CosyVoice_dev/examples/libritts/cosyvoice2/data/esd-emo-grpo/valid/samp_1/0009_001411_惊喜.wav	/root/autodl-tmp/CosyVoice_dev/examples/libritts/cosyvoice2/data/esd-emo-grpo/valid/receive/0009_001411_惊喜.wav
/root/autodl-tmp/CosyVoice_dev/examples/libritts/cosyvoice2/data/esd-emo-grpo/valid/samp_1/0009_001412_惊喜.wav	/root/autodl-tmp/CosyVoice_dev/examples/libritts/cosyvoice2/data/esd-emo-grpo/valid/receive/0009_001412_惊喜.wav
/root/autodl-tmp/CosyVoice_dev/examples/libritts/cosyvoice2/data/esd-emo-grpo/valid/samp_1/0009_001413_惊喜.wav	/root/autodl-tmp/CosyVoice_dev/examples/libritts/cosyvoice2/data/esd-emo-grpo/valid/receive/0009_001413_惊喜.wav
/root/autodl-tmp/CosyVoice_dev/examples/libritts/cosyvoice2/data/esd-emo-grpo/valid/samp_1/0009_001414_惊喜.wav	/root/autodl-tmp/CosyVoice_dev/examples/libritts/cosyvoice2/data/esd-emo-grpo/valid/receive/0009_001414_惊喜.wav
/root/autodl-tmp/CosyVoice_dev/examples/libritts/cosyvoice2/data/esd-emo-grpo/valid/samp_1/0009_001415_惊喜.wav	/root/autodl-tmp/CosyVoice_dev/examples/libritts/cosyvoice2/data/esd-emo-grpo/valid/receive/0009_001415_惊喜.wav
/root/autodl-tmp/CosyVoice_dev/examples/libritts/cosyvoice2/data/esd-emo-grpo/valid/samp_1/0009_001416_惊喜.wav	/root/autodl-tmp/CosyVoice_dev/examples/libritts/cosyvoice2/data/esd-emo-grpo/valid/receive/0009_001416_惊喜.wav
/root/autodl-tmp/CosyVoice_dev/examples/libritts/cosyvoice2/data/esd-emo-grpo/valid/samp_1/0009_001417_惊喜.wav	/root/autodl-tmp/CosyVoice_dev/examples/libritts/cosyvoice2/data/esd-emo-grpo/valid/receive/0009_001417_惊喜.wav
/root/autodl-tmp/CosyVoice_dev/examples/libritts/cosyvoice2/data/esd-emo-grpo/valid/samp_1/0009_001418_惊喜.wav	/root/autodl-tmp/CosyVoice_dev/examples/libritts/cosyvoice2/data/esd-emo-grpo/valid/receive/0009_001418_惊喜.wav
/root/autodl-tmp/CosyVoice_dev/examples/libritts/cosyvoice2/data/esd-emo-grpo/valid/samp_1/0009_001419_惊喜.wav	/root/autodl-tmp/CosyVoice_dev/examples/libritts/cosyvoice2/data/esd-emo-grpo/valid/receive/0009_001419_惊喜.wav
/root/autodl-tmp/CosyVoice_dev/examples/libritts/cosyvoice2/data/esd-emo-grpo/valid/samp_1/0009_001420_惊喜.wav	/root/autodl-tmp/CosyVoice_dev/examples/libritts/cosyvoice2/data/esd-emo-grpo/valid/receive/0009_001420_惊喜.wav
/root/autodl-tmp/CosyVoice_dev/examples/libritts/cosyvoice2/data/esd-emo-grpo/valid/samp_1/0009_000001_冷静.wav	/root/autodl-tmp/CosyVoice_dev/examples/libritts/cosyvoice2/data/esd-emo-grpo/valid/receive/0009_000001_冷静.wav
/root/autodl-tmp/CosyVoice_dev/examples/libritts/cosyvoice2/data/esd-emo-grpo/valid/samp_1/0009_000002_冷静.wav	/root/autodl-tmp/CosyVoice_dev/examples/libritts/cosyvoice2/data/esd-emo-grpo/valid/receive/0009_000002_冷静.wav
/root/autodl-tmp/CosyVoice_dev/examples/libritts/cosyvoice2/data/esd-emo-grpo/valid/samp_1/0009_000003_冷静.wav	/root/autodl-tmp/CosyVoice_dev/examples/libritts/cosyvoice2/data/esd-emo-grpo/valid/receive/0009_000003_冷静.wav
/root/autodl-tmp/CosyVoice_dev/examples/libritts/cosyvoice2/data/esd-emo-grpo/valid/samp_1/0009_000004_冷静.wav	/root/autodl-tmp/CosyVoice_dev/examples/libritts/cosyvoice2/data/esd-emo-grpo/valid/receive/0009_000004_冷静.wav
/root/autodl-tmp/CosyVoice_dev/examples/libritts/cosyvoice2/data/esd-emo-grpo/valid/samp_1/0009_000005_冷静.wav	/root/autodl-tmp/CosyVoice_dev/examples/libritts/cosyvoice2/data/esd-emo-grpo/valid/receive/0009_000005_冷静.wav
/root/autodl-tmp/CosyVoice_dev/examples/libritts/cosyvoice2/data/esd-emo-grpo/valid/samp_1/0009_000006_冷静.wav	/root/autodl-tmp/CosyVoice_dev/examples/libritts/cosyvoice2/data/esd-emo-grpo/valid/receive/0009_000006_冷静.wav
/root/autodl-tmp/CosyVoice_dev/examples/libritts/cosyvoice2/data/esd-emo-grpo/valid/samp_1/0009_000007_冷静.wav	/root/autodl-tmp/CosyVoice_dev/examples/libritts/cosyvoice2/data/esd-emo-grpo/valid/receive/0009_000007_冷静.wav
/root/autodl-tmp/CosyVoice_dev/examples/libritts/cosyvoice2/data/esd-emo-grpo/valid/samp_1/0009_000008_冷静.wav	/root/autodl-tmp/CosyVoice_dev/examples/libritts/cosyvoice2/data/esd-emo-grpo/valid/receive/0009_000008_冷静.wav
/root/autodl-tmp/CosyVoice_dev/examples/libritts/cosyvoice2/data/esd-emo-grpo/valid/samp_1/0009_000009_冷静.wav	/root/autodl-tmp/CosyVoice_dev/examples/libritts/cosyvoice2/data/esd-emo-grpo/valid/receive/0009_000009_冷静.wav
/root/autodl-tmp/CosyVoice_dev/examples/libritts/cosyvoice2/data/esd-emo-grpo/valid/samp_1/0009_000010_冷静.wav	/root/autodl-tmp/CosyVoice_dev/examples/libritts/cosyvoice2/data/esd-emo-grpo/valid/receive/0009_000010_冷静.wav
/root/autodl-tmp/CosyVoice_dev/examples/libritts/cosyvoice2/data/esd-emo-grpo/valid/samp_1/0009_000011_冷静.wav	/root/autodl-tmp/CosyVoice_dev/examples/libritts/cosyvoice2/data/esd-emo-grpo/valid/receive/0009_000011_冷静.wav
/root/autodl-tmp/CosyVoice_dev/examples/libritts/cosyvoice2/data/esd-emo-grpo/valid/samp_1/0009_000012_冷静.wav	/root/autodl-tmp/CosyVoice_dev/examples/libritts/cosyvoice2/data/esd-emo-grpo/valid/receive/0009_000012_冷静.wav
/root/autodl-tmp/CosyVoice_dev/examples/libritts/cosyvoice2/data/esd-emo-grpo/valid/samp_1/0009_000013_冷静.wav	/root/autodl-tmp/CosyVoice_dev/examples/libritts/cosyvoice2/data/esd-emo-grpo/valid/receive/0009_000013_冷静.wav
/root/autodl-tmp/CosyVoice_dev/examples/libritts/cosyvoice2/data/esd-emo-grpo/valid/samp_1/0009_000014_冷静.wav	/root/autodl-tmp/CosyVoice_dev/examples/libritts/cosyvoice2/data/esd-emo-grpo/valid/receive/0009_000014_冷静.wav
/root/autodl-tmp/CosyVoice_dev/examples/libritts/cosyvoice2/data/esd-emo-grpo/valid/samp_1/0009_000015_冷静.wav	/root/autodl-tmp/CosyVoice_dev/examples/libritts/cosyvoice2/data/esd-emo-grpo/valid/receive/0009_000015_冷静.wav
/root/autodl-tmp/CosyVoice_dev/examples/libritts/cosyvoice2/data/esd-emo-grpo/valid/samp_1/0009_000016_冷静.wav	/root/autodl-tmp/CosyVoice_dev/examples/libritts/cosyvoice2/data/esd-emo-grpo/valid/receive/0009_000016_冷静.wav
/root/autodl-tmp/CosyVoice_dev/examples/libritts/cosyvoice2/data/esd-emo-grpo/valid/samp_1/0009_000017_冷静.wav	/root/autodl-tmp/CosyVoice_dev/examples/libritts/cosyvoice2/data/esd-emo-grpo/valid/receive/0009_000017_冷静.wav
/root/autodl-tmp/CosyVoice_dev/examples/libritts/cosyvoice2/data/esd-emo-grpo/valid/samp_1/0009_000018_冷静.wav	/root/autodl-tmp/CosyVoice_dev/examples/libritts/cosyvoice2/data/esd-emo-grpo/valid/receive/0009_000018_冷静.wav
/root/autodl-tmp/CosyVoice_dev/examples/libritts/cosyvoice2/data/esd-emo-grpo/valid/samp_1/0009_000019_冷静.wav	/root/autodl-tmp/CosyVoice_dev/examples/libritts/cosyvoice2/data/esd-emo-grpo/valid/receive/0009_000019_冷静.wav
/root/autodl-tmp/CosyVoice_dev/examples/libritts/cosyvoice2/data/esd-emo-grpo/valid/samp_1/0009_000020_冷静.wav	/root/autodl-tmp/CosyVoice_dev/examples/libritts/cosyvoice2/data/esd-emo-grpo/valid/receive/0009_000020_冷静.wav
/root/autodl-tmp/CosyVoice_dev/examples/libritts/cosyvoice2/data/esd-emo-grpo/valid/samp_1/0009_000351_生气.wav	/root/autodl-tmp/CosyVoice_dev/examples/libritts/cosyvoice2/data/esd-emo-grpo/valid/receive/0009_000351_生气.wav
/root/autodl-tmp/CosyVoice_dev/examples/libritts/cosyvoice2/data/esd-emo-grpo/valid/samp_1/0009_000352_生气.wav	/root/autodl-tmp/CosyVoice_dev/examples/libritts/cosyvoice2/data/esd-emo-grpo/valid/receive/0009_000352_生气.wav
/root/autodl-tmp/CosyVoice_dev/examples/libritts/cosyvoice2/data/esd-emo-grpo/valid/samp_1/0009_000353_生气.wav	/root/autodl-tmp/CosyVoice_dev/examples/libritts/cosyvoice2/data/esd-emo-grpo/valid/receive/0009_000353_生气.wav
/root/autodl-tmp/CosyVoice_dev/examples/libritts/cosyvoice2/data/esd-emo-grpo/valid/samp_1/0009_000354_生气.wav	/root/autodl-tmp/CosyVoice_dev/examples/libritts/cosyvoice2/data/esd-emo-grpo/valid/receive/0009_000354_生气.wav
/root/autodl-tmp/CosyVoice_dev/examples/libritts/cosyvoice2/data/esd-emo-grpo/valid/samp_1/0009_000355_生气.wav	/root/autodl-tmp/CosyVoice_dev/examples/libritts/cosyvoice2/data/esd-emo-grpo/valid/receive/0009_000355_生气.wav
/root/autodl-tmp/CosyVoice_dev/examples/libritts/cosyvoice2/data/esd-emo-grpo/valid/samp_1/0009_000356_生气.wav	/root/autodl-tmp/CosyVoice_dev/examples/libritts/cosyvoice2/data/esd-emo-grpo/valid/receive/0009_000356_生气.wav
/root/autodl-tmp/CosyVoice_dev/examples/libritts/cosyvoice2/data/esd-emo-grpo/valid/samp_1/0009_000357_生气.wav	/root/autodl-tmp/CosyVoice_dev/examples/libritts/cosyvoice2/data/esd-emo-grpo/valid/receive/0009_000357_生气.wav
/root/autodl-tmp/CosyVoice_dev/examples/libritts/cosyvoice2/data/esd-emo-grpo/valid/samp_1/0009_000358_生气.wav	/root/autodl-tmp/CosyVoice_dev/examples/libritts/cosyvoice2/data/esd-emo-grpo/valid/receive/0009_000358_生气.wav
/root/autodl-tmp/CosyVoice_dev/examples/libritts/cosyvoice2/data/esd-emo-grpo/valid/samp_1/0009_000359_生气.wav	/root/autodl-tmp/CosyVoice_dev/examples/libritts/cosyvoice2/data/esd-emo-grpo/valid/receive/0009_000359_生气.wav
/root/autodl-tmp/CosyVoice_dev/examples/libritts/cosyvoice2/data/esd-emo-grpo/valid/samp_1/0009_000360_生气.wav	/root/autodl-tmp/CosyVoice_dev/examples/libritts/cosyvoice2/data/esd-emo-grpo/valid/receive/0009_000360_生气.wav
/root/autodl-tmp/CosyVoice_dev/examples/libritts/cosyvoice2/data/esd-emo-grpo/valid/samp_1/0009_000361_生气.wav	/root/autodl-tmp/CosyVoice_dev/examples/libritts/cosyvoice2/data/esd-emo-grpo/valid/receive/0009_000361_生气.wav
/root/autodl-tmp/CosyVoice_dev/examples/libritts/cosyvoice2/data/esd-emo-grpo/valid/samp_1/0009_000362_生气.wav	/root/autodl-tmp/CosyVoice_dev/examples/libritts/cosyvoice2/data/esd-emo-grpo/valid/receive/0009_000362_生气.wav
/root/autodl-tmp/CosyVoice_dev/examples/libritts/cosyvoice2/data/esd-emo-grpo/valid/samp_1/0009_000363_生气.wav	/root/autodl-tmp/CosyVoice_dev/examples/libritts/cosyvoice2/data/esd-emo-grpo/valid/receive/0009_000363_生气.wav
/root/autodl-tmp/CosyVoice_dev/examples/libritts/cosyvoice2/data/esd-emo-grpo/valid/samp_1/0009_000364_生气.wav	/root/autodl-tmp/CosyVoice_dev/examples/libritts/cosyvoice2/data/esd-emo-grpo/valid/receive/0009_000364_生气.wav
/root/autodl-tmp/CosyVoice_dev/examples/libritts/cosyvoice2/data/esd-emo-grpo/valid/samp_1/0009_000365_生气.wav	/root/autodl-tmp/CosyVoice_dev/examples/libritts/cosyvoice2/data/esd-emo-grpo/valid/receive/0009_000365_生气.wav
/root/autodl-tmp/CosyVoice_dev/examples/libritts/cosyvoice2/data/esd-emo-grpo/valid/samp_1/0009_000366_生气.wav	/root/autodl-tmp/CosyVoice_dev/examples/libritts/cosyvoice2/data/esd-emo-grpo/valid/receive/0009_000366_生气.wav
/root/autodl-tmp/CosyVoice_dev/examples/libritts/cosyvoice2/data/esd-emo-grpo/valid/samp_1/0009_000367_生气.wav	/root/autodl-tmp/CosyVoice_dev/examples/libritts/cosyvoice2/data/esd-emo-grpo/valid/receive/0009_000367_生气.wav
/root/autodl-tmp/CosyVoice_dev/examples/libritts/cosyvoice2/data/esd-emo-grpo/valid/samp_1/0009_000368_生气.wav	/root/autodl-tmp/CosyVoice_dev/examples/libritts/cosyvoice2/data/esd-emo-grpo/valid/receive/0009_000368_生气.wav
/root/autodl-tmp/CosyVoice_dev/examples/libritts/cosyvoice2/data/esd-emo-grpo/valid/samp_1/0009_000369_生气.wav	/root/autodl-tmp/CosyVoice_dev/examples/libritts/cosyvoice2/data/esd-emo-grpo/valid/receive/0009_000369_生气.wav
/root/autodl-tmp/CosyVoice_dev/examples/libritts/cosyvoice2/data/esd-emo-grpo/valid/samp_1/0009_000370_生气.wav	/root/autodl-tmp/CosyVoice_dev/examples/libritts/cosyvoice2/data/esd-emo-grpo/valid/receive/0009_000370_生气.wav
/root/autodl-tmp/CosyVoice_dev/examples/libritts/cosyvoice2/data/esd-emo-grpo/valid/samp_1/0010_000701_快乐.wav	/root/autodl-tmp/CosyVoice_dev/examples/libritts/cosyvoice2/data/esd-emo-grpo/valid/receive/0010_000701_快乐.wav
/root/autodl-tmp/CosyVoice_dev/examples/libritts/cosyvoice2/data/esd-emo-grpo/valid/samp_1/0010_000702_快乐.wav	/root/autodl-tmp/CosyVoice_dev/examples/libritts/cosyvoice2/data/esd-emo-grpo/valid/receive/0010_000702_快乐.wav
/root/autodl-tmp/CosyVoice_dev/examples/libritts/cosyvoice2/data/esd-emo-grpo/valid/samp_1/0010_000703_快乐.wav	/root/autodl-tmp/CosyVoice_dev/examples/libritts/cosyvoice2/data/esd-emo-grpo/valid/receive/0010_000703_快乐.wav
/root/autodl-tmp/CosyVoice_dev/examples/libritts/cosyvoice2/data/esd-emo-grpo/valid/samp_1/0010_000704_快乐.wav	/root/autodl-tmp/CosyVoice_dev/examples/libritts/cosyvoice2/data/esd-emo-grpo/valid/receive/0010_000704_快乐.wav
/root/autodl-tmp/CosyVoice_dev/examples/libritts/cosyvoice2/data/esd-emo-grpo/valid/samp_1/0010_000705_快乐.wav	/root/autodl-tmp/CosyVoice_dev/examples/libritts/cosyvoice2/data/esd-emo-grpo/valid/receive/0010_000705_快乐.wav
/root/autodl-tmp/CosyVoice_dev/examples/libritts/cosyvoice2/data/esd-emo-grpo/valid/samp_1/0010_000706_快乐.wav	/root/autodl-tmp/CosyVoice_dev/examples/libritts/cosyvoice2/data/esd-emo-grpo/valid/receive/0010_000706_快乐.wav
/root/autodl-tmp/CosyVoice_dev/examples/libritts/cosyvoice2/data/esd-emo-grpo/valid/samp_1/0010_000707_快乐.wav	/root/autodl-tmp/CosyVoice_dev/examples/libritts/cosyvoice2/data/esd-emo-grpo/valid/receive/0010_000707_快乐.wav
/root/autodl-tmp/CosyVoice_dev/examples/libritts/cosyvoice2/data/esd-emo-grpo/valid/samp_1/0010_000708_快乐.wav	/root/autodl-tmp/CosyVoice_dev/examples/libritts/cosyvoice2/data/esd-emo-grpo/valid/receive/0010_000708_快乐.wav
/root/autodl-tmp/CosyVoice_dev/examples/libritts/cosyvoice2/data/esd-emo-grpo/valid/samp_1/0010_000709_快乐.wav	/root/autodl-tmp/CosyVoice_dev/examples/libritts/cosyvoice2/data/esd-emo-grpo/valid/receive/0010_000709_快乐.wav
/root/autodl-tmp/CosyVoice_dev/examples/libritts/cosyvoice2/data/esd-emo-grpo/valid/samp_1/0010_000710_快乐.wav	/root/autodl-tmp/CosyVoice_dev/examples/libritts/cosyvoice2/data/esd-emo-grpo/valid/receive/0010_000710_快乐.wav
/root/autodl-tmp/CosyVoice_dev/examples/libritts/cosyvoice2/data/esd-emo-grpo/valid/samp_1/0010_000711_快乐.wav	/root/autodl-tmp/CosyVoice_dev/examples/libritts/cosyvoice2/data/esd-emo-grpo/valid/receive/0010_000711_快乐.wav
/root/autodl-tmp/CosyVoice_dev/examples/libritts/cosyvoice2/data/esd-emo-grpo/valid/samp_1/0010_000712_快乐.wav	/root/autodl-tmp/CosyVoice_dev/examples/libritts/cosyvoice2/data/esd-emo-grpo/valid/receive/0010_000712_快乐.wav
/root/autodl-tmp/CosyVoice_dev/examples/libritts/cosyvoice2/data/esd-emo-grpo/valid/samp_1/0010_000713_快乐.wav	/root/autodl-tmp/CosyVoice_dev/examples/libritts/cosyvoice2/data/esd-emo-grpo/valid/receive/0010_000713_快乐.wav
/root/autodl-tmp/CosyVoice_dev/examples/libritts/cosyvoice2/data/esd-emo-grpo/valid/samp_1/0010_000714_快乐.wav	/root/autodl-tmp/CosyVoice_dev/examples/libritts/cosyvoice2/data/esd-emo-grpo/valid/receive/0010_000714_快乐.wav
/root/autodl-tmp/CosyVoice_dev/examples/libritts/cosyvoice2/data/esd-emo-grpo/valid/samp_1/0010_000715_快乐.wav	/root/autodl-tmp/CosyVoice_dev/examples/libritts/cosyvoice2/data/esd-emo-grpo/valid/receive/0010_000715_快乐.wav
/root/autodl-tmp/CosyVoice_dev/examples/libritts/cosyvoice2/data/esd-emo-grpo/valid/samp_1/0010_000716_快乐.wav	/root/autodl-tmp/CosyVoice_dev/examples/libritts/cosyvoice2/data/esd-emo-grpo/valid/receive/0010_000716_快乐.wav
/root/autodl-tmp/CosyVoice_dev/examples/libritts/cosyvoice2/data/esd-emo-grpo/valid/samp_1/0010_000717_快乐.wav	/root/autodl-tmp/CosyVoice_dev/examples/libritts/cosyvoice2/data/esd-emo-grpo/valid/receive/0010_000717_快乐.wav
/root/autodl-tmp/CosyVoice_dev/examples/libritts/cosyvoice2/data/esd-emo-grpo/valid/samp_1/0010_000718_快乐.wav	/root/autodl-tmp/CosyVoice_dev/examples/libritts/cosyvoice2/data/esd-emo-grpo/valid/receive/0010_000718_快乐.wav
/root/autodl-tmp/CosyVoice_dev/examples/libritts/cosyvoice2/data/esd-emo-grpo/valid/samp_1/0010_000719_快乐.wav	/root/autodl-tmp/CosyVoice_dev/examples/libritts/cosyvoice2/data/esd-emo-grpo/valid/receive/0010_000719_快乐.wav
/root/autodl-tmp/CosyVoice_dev/examples/libritts/cosyvoice2/data/esd-emo-grpo/valid/samp_1/0010_000720_快乐.wav	/root/autodl-tmp/CosyVoice_dev/examples/libritts/cosyvoice2/data/esd-emo-grpo/valid/receive/0010_000720_快乐.wav
/root/autodl-tmp/CosyVoice_dev/examples/libritts/cosyvoice2/data/esd-emo-grpo/valid/samp_1/0010_001051_伤心.wav	/root/autodl-tmp/CosyVoice_dev/examples/libritts/cosyvoice2/data/esd-emo-grpo/valid/receive/0010_001051_伤心.wav
/root/autodl-tmp/CosyVoice_dev/examples/libritts/cosyvoice2/data/esd-emo-grpo/valid/samp_1/0010_001052_伤心.wav	/root/autodl-tmp/CosyVoice_dev/examples/libritts/cosyvoice2/data/esd-emo-grpo/valid/receive/0010_001052_伤心.wav
/root/autodl-tmp/CosyVoice_dev/examples/libritts/cosyvoice2/data/esd-emo-grpo/valid/samp_1/0010_001053_伤心.wav	/root/autodl-tmp/CosyVoice_dev/examples/libritts/cosyvoice2/data/esd-emo-grpo/valid/receive/0010_001053_伤心.wav
/root/autodl-tmp/CosyVoice_dev/examples/libritts/cosyvoice2/data/esd-emo-grpo/valid/samp_1/0010_001054_伤心.wav	/root/autodl-tmp/CosyVoice_dev/examples/libritts/cosyvoice2/data/esd-emo-grpo/valid/receive/0010_001054_伤心.wav
/root/autodl-tmp/CosyVoice_dev/examples/libritts/cosyvoice2/data/esd-emo-grpo/valid/samp_1/0010_001055_伤心.wav	/root/autodl-tmp/CosyVoice_dev/examples/libritts/cosyvoice2/data/esd-emo-grpo/valid/receive/0010_001055_伤心.wav
/root/autodl-tmp/CosyVoice_dev/examples/libritts/cosyvoice2/data/esd-emo-grpo/valid/samp_1/0010_001056_伤心.wav	/root/autodl-tmp/CosyVoice_dev/examples/libritts/cosyvoice2/data/esd-emo-grpo/valid/receive/0010_001056_伤心.wav
/root/autodl-tmp/CosyVoice_dev/examples/libritts/cosyvoice2/data/esd-emo-grpo/valid/samp_1/0010_001057_伤心.wav	/root/autodl-tmp/CosyVoice_dev/examples/libritts/cosyvoice2/data/esd-emo-grpo/valid/receive/0010_001057_伤心.wav
/root/autodl-tmp/CosyVoice_dev/examples/libritts/cosyvoice2/data/esd-emo-grpo/valid/samp_1/0010_001058_伤心.wav	/root/autodl-tmp/CosyVoice_dev/examples/libritts/cosyvoice2/data/esd-emo-grpo/valid/receive/0010_001058_伤心.wav
/root/autodl-tmp/CosyVoice_dev/examples/libritts/cosyvoice2/data/esd-emo-grpo/valid/samp_1/0010_001059_伤心.wav	/root/autodl-tmp/CosyVoice_dev/examples/libritts/cosyvoice2/data/esd-emo-grpo/valid/receive/0010_001059_伤心.wav
/root/autodl-tmp/CosyVoice_dev/examples/libritts/cosyvoice2/data/esd-emo-grpo/valid/samp_1/0010_001060_伤心.wav	/root/autodl-tmp/CosyVoice_dev/examples/libritts/cosyvoice2/data/esd-emo-grpo/valid/receive/0010_001060_伤心.wav
/root/autodl-tmp/CosyVoice_dev/examples/libritts/cosyvoice2/data/esd-emo-grpo/valid/samp_1/0010_001061_伤心.wav	/root/autodl-tmp/CosyVoice_dev/examples/libritts/cosyvoice2/data/esd-emo-grpo/valid/receive/0010_001061_伤心.wav
/root/autodl-tmp/CosyVoice_dev/examples/libritts/cosyvoice2/data/esd-emo-grpo/valid/samp_1/0010_001062_伤心.wav	/root/autodl-tmp/CosyVoice_dev/examples/libritts/cosyvoice2/data/esd-emo-grpo/valid/receive/0010_001062_伤心.wav
/root/autodl-tmp/CosyVoice_dev/examples/libritts/cosyvoice2/data/esd-emo-grpo/valid/samp_1/0010_001063_伤心.wav	/root/autodl-tmp/CosyVoice_dev/examples/libritts/cosyvoice2/data/esd-emo-grpo/valid/receive/0010_001063_伤心.wav
/root/autodl-tmp/CosyVoice_dev/examples/libritts/cosyvoice2/data/esd-emo-grpo/valid/samp_1/0010_001064_伤心.wav	/root/autodl-tmp/CosyVoice_dev/examples/libritts/cosyvoice2/data/esd-emo-grpo/valid/receive/0010_001064_伤心.wav
/root/autodl-tmp/CosyVoice_dev/examples/libritts/cosyvoice2/data/esd-emo-grpo/valid/samp_1/0010_001065_伤心.wav	/root/autodl-tmp/CosyVoice_dev/examples/libritts/cosyvoice2/data/esd-emo-grpo/valid/receive/0010_001065_伤心.wav
/root/autodl-tmp/CosyVoice_dev/examples/libritts/cosyvoice2/data/esd-emo-grpo/valid/samp_1/0010_001066_伤心.wav	/root/autodl-tmp/CosyVoice_dev/examples/libritts/cosyvoice2/data/esd-emo-grpo/valid/receive/0010_001066_伤心.wav
/root/autodl-tmp/CosyVoice_dev/examples/libritts/cosyvoice2/data/esd-emo-grpo/valid/samp_1/0010_001067_伤心.wav	/root/autodl-tmp/CosyVoice_dev/examples/libritts/cosyvoice2/data/esd-emo-grpo/valid/receive/0010_001067_伤心.wav
/root/autodl-tmp/CosyVoice_dev/examples/libritts/cosyvoice2/data/esd-emo-grpo/valid/samp_1/0010_001068_伤心.wav	/root/autodl-tmp/CosyVoice_dev/examples/libritts/cosyvoice2/data/esd-emo-grpo/valid/receive/0010_001068_伤心.wav
/root/autodl-tmp/CosyVoice_dev/examples/libritts/cosyvoice2/data/esd-emo-grpo/valid/samp_1/0010_001069_伤心.wav	/root/autodl-tmp/CosyVoice_dev/examples/libritts/cosyvoice2/data/esd-emo-grpo/valid/receive/0010_001069_伤心.wav
/root/autodl-tmp/CosyVoice_dev/examples/libritts/cosyvoice2/data/esd-emo-grpo/valid/samp_1/0010_001070_伤心.wav	/root/autodl-tmp/CosyVoice_dev/examples/libritts/cosyvoice2/data/esd-emo-grpo/valid/receive/0010_001070_伤心.wav
/root/autodl-tmp/CosyVoice_dev/examples/libritts/cosyvoice2/data/esd-emo-grpo/valid/samp_1/0010_001401_惊喜.wav	/root/autodl-tmp/CosyVoice_dev/examples/libritts/cosyvoice2/data/esd-emo-grpo/valid/receive/0010_001401_惊喜.wav
/root/autodl-tmp/CosyVoice_dev/examples/libritts/cosyvoice2/data/esd-emo-grpo/valid/samp_1/0010_001402_惊喜.wav	/root/autodl-tmp/CosyVoice_dev/examples/libritts/cosyvoice2/data/esd-emo-grpo/valid/receive/0010_001402_惊喜.wav
/root/autodl-tmp/CosyVoice_dev/examples/libritts/cosyvoice2/data/esd-emo-grpo/valid/samp_1/0010_001403_惊喜.wav	/root/autodl-tmp/CosyVoice_dev/examples/libritts/cosyvoice2/data/esd-emo-grpo/valid/receive/0010_001403_惊喜.wav
/root/autodl-tmp/CosyVoice_dev/examples/libritts/cosyvoice2/data/esd-emo-grpo/valid/samp_1/0010_001404_惊喜.wav	/root/autodl-tmp/CosyVoice_dev/examples/libritts/cosyvoice2/data/esd-emo-grpo/valid/receive/0010_001404_惊喜.wav
/root/autodl-tmp/CosyVoice_dev/examples/libritts/cosyvoice2/data/esd-emo-grpo/valid/samp_1/0010_001405_惊喜.wav	/root/autodl-tmp/CosyVoice_dev/examples/libritts/cosyvoice2/data/esd-emo-grpo/valid/receive/0010_001405_惊喜.wav
/root/autodl-tmp/CosyVoice_dev/examples/libritts/cosyvoice2/data/esd-emo-grpo/valid/samp_1/0010_001406_惊喜.wav	/root/autodl-tmp/CosyVoice_dev/examples/libritts/cosyvoice2/data/esd-emo-grpo/valid/receive/0010_001406_惊喜.wav
/root/autodl-tmp/CosyVoice_dev/examples/libritts/cosyvoice2/data/esd-emo-grpo/valid/samp_1/0010_001407_惊喜.wav	/root/autodl-tmp/CosyVoice_dev/examples/libritts/cosyvoice2/data/esd-emo-grpo/valid/receive/0010_001407_惊喜.wav
/root/autodl-tmp/CosyVoice_dev/examples/libritts/cosyvoice2/data/esd-emo-grpo/valid/samp_1/0010_001408_惊喜.wav	/root/autodl-tmp/CosyVoice_dev/examples/libritts/cosyvoice2/data/esd-emo-grpo/valid/receive/0010_001408_惊喜.wav
/root/autodl-tmp/CosyVoice_dev/examples/libritts/cosyvoice2/data/esd-emo-grpo/valid/samp_1/0010_001409_惊喜.wav	/root/autodl-tmp/CosyVoice_dev/examples/libritts/cosyvoice2/data/esd-emo-grpo/valid/receive/0010_001409_惊喜.wav
/root/autodl-tmp/CosyVoice_dev/examples/libritts/cosyvoice2/data/esd-emo-grpo/valid/samp_1/0010_001410_惊喜.wav	/root/autodl-tmp/CosyVoice_dev/examples/libritts/cosyvoice2/data/esd-emo-grpo/valid/receive/0010_001410_惊喜.wav
/root/autodl-tmp/CosyVoice_dev/examples/libritts/cosyvoice2/data/esd-emo-grpo/valid/samp_1/0010_001411_惊喜.wav	/root/autodl-tmp/CosyVoice_dev/examples/libritts/cosyvoice2/data/esd-emo-grpo/valid/receive/0010_001411_惊喜.wav
/root/autodl-tmp/CosyVoice_dev/examples/libritts/cosyvoice2/data/esd-emo-grpo/valid/samp_1/0010_001412_惊喜.wav	/root/autodl-tmp/CosyVoice_dev/examples/libritts/cosyvoice2/data/esd-emo-grpo/valid/receive/0010_001412_惊喜.wav
/root/autodl-tmp/CosyVoice_dev/examples/libritts/cosyvoice2/data/esd-emo-grpo/valid/samp_1/0010_001413_惊喜.wav	/root/autodl-tmp/CosyVoice_dev/examples/libritts/cosyvoice2/data/esd-emo-grpo/valid/receive/0010_001413_惊喜.wav
/root/autodl-tmp/CosyVoice_dev/examples/libritts/cosyvoice2/data/esd-emo-grpo/valid/samp_1/0010_001414_惊喜.wav	/root/autodl-tmp/CosyVoice_dev/examples/libritts/cosyvoice2/data/esd-emo-grpo/valid/receive/0010_001414_惊喜.wav
/root/autodl-tmp/CosyVoice_dev/examples/libritts/cosyvoice2/data/esd-emo-grpo/valid/samp_1/0010_001415_惊喜.wav	/root/autodl-tmp/CosyVoice_dev/examples/libritts/cosyvoice2/data/esd-emo-grpo/valid/receive/0010_001415_惊喜.wav
/root/autodl-tmp/CosyVoice_dev/examples/libritts/cosyvoice2/data/esd-emo-grpo/valid/samp_1/0010_001416_惊喜.wav	/root/autodl-tmp/CosyVoice_dev/examples/libritts/cosyvoice2/data/esd-emo-grpo/valid/receive/0010_001416_惊喜.wav
/root/autodl-tmp/CosyVoice_dev/examples/libritts/cosyvoice2/data/esd-emo-grpo/valid/samp_1/0010_001417_惊喜.wav	/root/autodl-tmp/CosyVoice_dev/examples/libritts/cosyvoice2/data/esd-emo-grpo/valid/receive/0010_001417_惊喜.wav
/root/autodl-tmp/CosyVoice_dev/examples/libritts/cosyvoice2/data/esd-emo-grpo/valid/samp_1/0010_001418_惊喜.wav	/root/autodl-tmp/CosyVoice_dev/examples/libritts/cosyvoice2/data/esd-emo-grpo/valid/receive/0010_001418_惊喜.wav
/root/autodl-tmp/CosyVoice_dev/examples/libritts/cosyvoice2/data/esd-emo-grpo/valid/samp_1/0010_001419_惊喜.wav	/root/autodl-tmp/CosyVoice_dev/examples/libritts/cosyvoice2/data/esd-emo-grpo/valid/receive/0010_001419_惊喜.wav
/root/autodl-tmp/CosyVoice_dev/examples/libritts/cosyvoice2/data/esd-emo-grpo/valid/samp_1/0010_001420_惊喜.wav	/root/autodl-tmp/CosyVoice_dev/examples/libritts/cosyvoice2/data/esd-emo-grpo/valid/receive/0010_001420_惊喜.wav
/root/autodl-tmp/CosyVoice_dev/examples/libritts/cosyvoice2/data/esd-emo-grpo/valid/samp_1/0010_000001_冷静.wav	/root/autodl-tmp/CosyVoice_dev/examples/libritts/cosyvoice2/data/esd-emo-grpo/valid/receive/0010_000001_冷静.wav
/root/autodl-tmp/CosyVoice_dev/examples/libritts/cosyvoice2/data/esd-emo-grpo/valid/samp_1/0010_000002_冷静.wav	/root/autodl-tmp/CosyVoice_dev/examples/libritts/cosyvoice2/data/esd-emo-grpo/valid/receive/0010_000002_冷静.wav
/root/autodl-tmp/CosyVoice_dev/examples/libritts/cosyvoice2/data/esd-emo-grpo/valid/samp_1/0010_000003_冷静.wav	/root/autodl-tmp/CosyVoice_dev/examples/libritts/cosyvoice2/data/esd-emo-grpo/valid/receive/0010_000003_冷静.wav
/root/autodl-tmp/CosyVoice_dev/examples/libritts/cosyvoice2/data/esd-emo-grpo/valid/samp_1/0010_000004_冷静.wav	/root/autodl-tmp/CosyVoice_dev/examples/libritts/cosyvoice2/data/esd-emo-grpo/valid/receive/0010_000004_冷静.wav
/root/autodl-tmp/CosyVoice_dev/examples/libritts/cosyvoice2/data/esd-emo-grpo/valid/samp_1/0010_000005_冷静.wav	/root/autodl-tmp/CosyVoice_dev/examples/libritts/cosyvoice2/data/esd-emo-grpo/valid/receive/0010_000005_冷静.wav
/root/autodl-tmp/CosyVoice_dev/examples/libritts/cosyvoice2/data/esd-emo-grpo/valid/samp_1/0010_000006_冷静.wav	/root/autodl-tmp/CosyVoice_dev/examples/libritts/cosyvoice2/data/esd-emo-grpo/valid/receive/0010_000006_冷静.wav
/root/autodl-tmp/CosyVoice_dev/examples/libritts/cosyvoice2/data/esd-emo-grpo/valid/samp_1/0010_000007_冷静.wav	/root/autodl-tmp/CosyVoice_dev/examples/libritts/cosyvoice2/data/esd-emo-grpo/valid/receive/0010_000007_冷静.wav
/root/autodl-tmp/CosyVoice_dev/examples/libritts/cosyvoice2/data/esd-emo-grpo/valid/samp_1/0010_000008_冷静.wav	/root/autodl-tmp/CosyVoice_dev/examples/libritts/cosyvoice2/data/esd-emo-grpo/valid/receive/0010_000008_冷静.wav
/root/autodl-tmp/CosyVoice_dev/examples/libritts/cosyvoice2/data/esd-emo-grpo/valid/samp_1/0010_000009_冷静.wav	/root/autodl-tmp/CosyVoice_dev/examples/libritts/cosyvoice2/data/esd-emo-grpo/valid/receive/0010_000009_冷静.wav
/root/autodl-tmp/CosyVoice_dev/examples/libritts/cosyvoice2/data/esd-emo-grpo/valid/samp_1/0010_000010_冷静.wav	/root/autodl-tmp/CosyVoice_dev/examples/libritts/cosyvoice2/data/esd-emo-grpo/valid/receive/0010_000010_冷静.wav
/root/autodl-tmp/CosyVoice_dev/examples/libritts/cosyvoice2/data/esd-emo-grpo/valid/samp_1/0010_000011_冷静.wav	/root/autodl-tmp/CosyVoice_dev/examples/libritts/cosyvoice2/data/esd-emo-grpo/valid/receive/0010_000011_冷静.wav
/root/autodl-tmp/CosyVoice_dev/examples/libritts/cosyvoice2/data/esd-emo-grpo/valid/samp_1/0010_000012_冷静.wav	/root/autodl-tmp/CosyVoice_dev/examples/libritts/cosyvoice2/data/esd-emo-grpo/valid/receive/0010_000012_冷静.wav
/root/autodl-tmp/CosyVoice_dev/examples/libritts/cosyvoice2/data/esd-emo-grpo/valid/samp_1/0010_000013_冷静.wav	/root/autodl-tmp/CosyVoice_dev/examples/libritts/cosyvoice2/data/esd-emo-grpo/valid/receive/0010_000013_冷静.wav
/root/autodl-tmp/CosyVoice_dev/examples/libritts/cosyvoice2/data/esd-emo-grpo/valid/samp_1/0010_000014_冷静.wav	/root/autodl-tmp/CosyVoice_dev/examples/libritts/cosyvoice2/data/esd-emo-grpo/valid/receive/0010_000014_冷静.wav
/root/autodl-tmp/CosyVoice_dev/examples/libritts/cosyvoice2/data/esd-emo-grpo/valid/samp_1/0010_000015_冷静.wav	/root/autodl-tmp/CosyVoice_dev/examples/libritts/cosyvoice2/data/esd-emo-grpo/valid/receive/0010_000015_冷静.wav
/root/autodl-tmp/CosyVoice_dev/examples/libritts/cosyvoice2/data/esd-emo-grpo/valid/samp_1/0010_000016_冷静.wav	/root/autodl-tmp/CosyVoice_dev/examples/libritts/cosyvoice2/data/esd-emo-grpo/valid/receive/0010_000016_冷静.wav
/root/autodl-tmp/CosyVoice_dev/examples/libritts/cosyvoice2/data/esd-emo-grpo/valid/samp_1/0010_000017_冷静.wav	/root/autodl-tmp/CosyVoice_dev/examples/libritts/cosyvoice2/data/esd-emo-grpo/valid/receive/0010_000017_冷静.wav
/root/autodl-tmp/CosyVoice_dev/examples/libritts/cosyvoice2/data/esd-emo-grpo/valid/samp_1/0010_000018_冷静.wav	/root/autodl-tmp/CosyVoice_dev/examples/libritts/cosyvoice2/data/esd-emo-grpo/valid/receive/0010_000018_冷静.wav
/root/autodl-tmp/CosyVoice_dev/examples/libritts/cosyvoice2/data/esd-emo-grpo/valid/samp_1/0010_000019_冷静.wav	/root/autodl-tmp/CosyVoice_dev/examples/libritts/cosyvoice2/data/esd-emo-grpo/valid/receive/0010_000019_冷静.wav
/root/autodl-tmp/CosyVoice_dev/examples/libritts/cosyvoice2/data/esd-emo-grpo/valid/samp_1/0010_000020_冷静.wav	/root/autodl-tmp/CosyVoice_dev/examples/libritts/cosyvoice2/data/esd-emo-grpo/valid/receive/0010_000020_冷静.wav
/root/autodl-tmp/CosyVoice_dev/examples/libritts/cosyvoice2/data/esd-emo-grpo/valid/samp_1/0010_000351_生气.wav	/root/autodl-tmp/CosyVoice_dev/examples/libritts/cosyvoice2/data/esd-emo-grpo/valid/receive/0010_000351_生气.wav
/root/autodl-tmp/CosyVoice_dev/examples/libritts/cosyvoice2/data/esd-emo-grpo/valid/samp_1/0010_000352_生气.wav	/root/autodl-tmp/CosyVoice_dev/examples/libritts/cosyvoice2/data/esd-emo-grpo/valid/receive/0010_000352_生气.wav
/root/autodl-tmp/CosyVoice_dev/examples/libritts/cosyvoice2/data/esd-emo-grpo/valid/samp_1/0010_000353_生气.wav	/root/autodl-tmp/CosyVoice_dev/examples/libritts/cosyvoice2/data/esd-emo-grpo/valid/receive/0010_000353_生气.wav
/root/autodl-tmp/CosyVoice_dev/examples/libritts/cosyvoice2/data/esd-emo-grpo/valid/samp_1/0010_000354_生气.wav	/root/autodl-tmp/CosyVoice_dev/examples/libritts/cosyvoice2/data/esd-emo-grpo/valid/receive/0010_000354_生气.wav
/root/autodl-tmp/CosyVoice_dev/examples/libritts/cosyvoice2/data/esd-emo-grpo/valid/samp_1/0010_000355_生气.wav	/root/autodl-tmp/CosyVoice_dev/examples/libritts/cosyvoice2/data/esd-emo-grpo/valid/receive/0010_000355_生气.wav
/root/autodl-tmp/CosyVoice_dev/examples/libritts/cosyvoice2/data/esd-emo-grpo/valid/samp_1/0010_000356_生气.wav	/root/autodl-tmp/CosyVoice_dev/examples/libritts/cosyvoice2/data/esd-emo-grpo/valid/receive/0010_000356_生气.wav
/root/autodl-tmp/CosyVoice_dev/examples/libritts/cosyvoice2/data/esd-emo-grpo/valid/samp_1/0010_000357_生气.wav	/root/autodl-tmp/CosyVoice_dev/examples/libritts/cosyvoice2/data/esd-emo-grpo/valid/receive/0010_000357_生气.wav
/root/autodl-tmp/CosyVoice_dev/examples/libritts/cosyvoice2/data/esd-emo-grpo/valid/samp_1/0010_000358_生气.wav	/root/autodl-tmp/CosyVoice_dev/examples/libritts/cosyvoice2/data/esd-emo-grpo/valid/receive/0010_000358_生气.wav
/root/autodl-tmp/CosyVoice_dev/examples/libritts/cosyvoice2/data/esd-emo-grpo/valid/samp_1/0010_000359_生气.wav	/root/autodl-tmp/CosyVoice_dev/examples/libritts/cosyvoice2/data/esd-emo-grpo/valid/receive/0010_000359_生气.wav
/root/autodl-tmp/CosyVoice_dev/examples/libritts/cosyvoice2/data/esd-emo-grpo/valid/samp_1/0010_000360_生气.wav	/root/autodl-tmp/CosyVoice_dev/examples/libritts/cosyvoice2/data/esd-emo-grpo/valid/receive/0010_000360_生气.wav
/root/autodl-tmp/CosyVoice_dev/examples/libritts/cosyvoice2/data/esd-emo-grpo/valid/samp_1/0010_000361_生气.wav	/root/autodl-tmp/CosyVoice_dev/examples/libritts/cosyvoice2/data/esd-emo-grpo/valid/receive/0010_000361_生气.wav
/root/autodl-tmp/CosyVoice_dev/examples/libritts/cosyvoice2/data/esd-emo-grpo/valid/samp_1/0010_000362_生气.wav	/root/autodl-tmp/CosyVoice_dev/examples/libritts/cosyvoice2/data/esd-emo-grpo/valid/receive/0010_000362_生气.wav
/root/autodl-tmp/CosyVoice_dev/examples/libritts/cosyvoice2/data/esd-emo-grpo/valid/samp_1/0010_000363_生气.wav	/root/autodl-tmp/CosyVoice_dev/examples/libritts/cosyvoice2/data/esd-emo-grpo/valid/receive/0010_000363_生气.wav
/root/autodl-tmp/CosyVoice_dev/examples/libritts/cosyvoice2/data/esd-emo-grpo/valid/samp_1/0010_000364_生气.wav	/root/autodl-tmp/CosyVoice_dev/examples/libritts/cosyvoice2/data/esd-emo-grpo/valid/receive/0010_000364_生气.wav
/root/autodl-tmp/CosyVoice_dev/examples/libritts/cosyvoice2/data/esd-emo-grpo/valid/samp_1/0010_000365_生气.wav	/root/autodl-tmp/CosyVoice_dev/examples/libritts/cosyvoice2/data/esd-emo-grpo/valid/receive/0010_000365_生气.wav
/root/autodl-tmp/CosyVoice_dev/examples/libritts/cosyvoice2/data/esd-emo-grpo/valid/samp_1/0010_000366_生气.wav	/root/autodl-tmp/CosyVoice_dev/examples/libritts/cosyvoice2/data/esd-emo-grpo/valid/receive/0010_000366_生气.wav
/root/autodl-tmp/CosyVoice_dev/examples/libritts/cosyvoice2/data/esd-emo-grpo/valid/samp_1/0010_000367_生气.wav	/root/autodl-tmp/CosyVoice_dev/examples/libritts/cosyvoice2/data/esd-emo-grpo/valid/receive/0010_000367_生气.wav
/root/autodl-tmp/CosyVoice_dev/examples/libritts/cosyvoice2/data/esd-emo-grpo/valid/samp_1/0010_000368_生气.wav	/root/autodl-tmp/CosyVoice_dev/examples/libritts/cosyvoice2/data/esd-emo-grpo/valid/receive/0010_000368_生气.wav
/root/autodl-tmp/CosyVoice_dev/examples/libritts/cosyvoice2/data/esd-emo-grpo/valid/samp_1/0010_000369_生气.wav	/root/autodl-tmp/CosyVoice_dev/examples/libritts/cosyvoice2/data/esd-emo-grpo/valid/receive/0010_000369_生气.wav
/root/autodl-tmp/CosyVoice_dev/examples/libritts/cosyvoice2/data/esd-emo-grpo/valid/samp_1/0010_000370_生气.wav	/root/autodl-tmp/CosyVoice_dev/examples/libritts/cosyvoice2/data/esd-emo-grpo/valid/receive/0010_000370_生气.wav
/root/autodl-tmp/CosyVoice_dev/examples/libritts/cosyvoice2/data/esd-emo-grpo/valid/samp_2/0001_000701_快乐.wav	/root/autodl-tmp/CosyVoice_dev/examples/libritts/cosyvoice2/data/esd-emo-grpo/valid/receive/0001_000701_快乐.wav
/root/autodl-tmp/CosyVoice_dev/examples/libritts/cosyvoice2/data/esd-emo-grpo/valid/samp_2/0001_000702_快乐.wav	/root/autodl-tmp/CosyVoice_dev/examples/libritts/cosyvoice2/data/esd-emo-grpo/valid/receive/0001_000702_快乐.wav
/root/autodl-tmp/CosyVoice_dev/examples/libritts/cosyvoice2/data/esd-emo-grpo/valid/samp_2/0001_000703_快乐.wav	/root/autodl-tmp/CosyVoice_dev/examples/libritts/cosyvoice2/data/esd-emo-grpo/valid/receive/0001_000703_快乐.wav
/root/autodl-tmp/CosyVoice_dev/examples/libritts/cosyvoice2/data/esd-emo-grpo/valid/samp_2/0001_000704_快乐.wav	/root/autodl-tmp/CosyVoice_dev/examples/libritts/cosyvoice2/data/esd-emo-grpo/valid/receive/0001_000704_快乐.wav
/root/autodl-tmp/CosyVoice_dev/examples/libritts/cosyvoice2/data/esd-emo-grpo/valid/samp_2/0001_000705_快乐.wav	/root/autodl-tmp/CosyVoice_dev/examples/libritts/cosyvoice2/data/esd-emo-grpo/valid/receive/0001_000705_快乐.wav
/root/autodl-tmp/CosyVoice_dev/examples/libritts/cosyvoice2/data/esd-emo-grpo/valid/samp_2/0001_000706_快乐.wav	/root/autodl-tmp/CosyVoice_dev/examples/libritts/cosyvoice2/data/esd-emo-grpo/valid/receive/0001_000706_快乐.wav
/root/autodl-tmp/CosyVoice_dev/examples/libritts/cosyvoice2/data/esd-emo-grpo/valid/samp_2/0001_000707_快乐.wav	/root/autodl-tmp/CosyVoice_dev/examples/libritts/cosyvoice2/data/esd-emo-grpo/valid/receive/0001_000707_快乐.wav
/root/autodl-tmp/CosyVoice_dev/examples/libritts/cosyvoice2/data/esd-emo-grpo/valid/samp_2/0001_000708_快乐.wav	/root/autodl-tmp/CosyVoice_dev/examples/libritts/cosyvoice2/data/esd-emo-grpo/valid/receive/0001_000708_快乐.wav
/root/autodl-tmp/CosyVoice_dev/examples/libritts/cosyvoice2/data/esd-emo-grpo/valid/samp_2/0001_000709_快乐.wav	/root/autodl-tmp/CosyVoice_dev/examples/libritts/cosyvoice2/data/esd-emo-grpo/valid/receive/0001_000709_快乐.wav
/root/autodl-tmp/CosyVoice_dev/examples/libritts/cosyvoice2/data/esd-emo-grpo/valid/samp_2/0001_000710_快乐.wav	/root/autodl-tmp/CosyVoice_dev/examples/libritts/cosyvoice2/data/esd-emo-grpo/valid/receive/0001_000710_快乐.wav
/root/autodl-tmp/CosyVoice_dev/examples/libritts/cosyvoice2/data/esd-emo-grpo/valid/samp_2/0001_000711_快乐.wav	/root/autodl-tmp/CosyVoice_dev/examples/libritts/cosyvoice2/data/esd-emo-grpo/valid/receive/0001_000711_快乐.wav
/root/autodl-tmp/CosyVoice_dev/examples/libritts/cosyvoice2/data/esd-emo-grpo/valid/samp_2/0001_000712_快乐.wav	/root/autodl-tmp/CosyVoice_dev/examples/libritts/cosyvoice2/data/esd-emo-grpo/valid/receive/0001_000712_快乐.wav
/root/autodl-tmp/CosyVoice_dev/examples/libritts/cosyvoice2/data/esd-emo-grpo/valid/samp_2/0001_000713_快乐.wav	/root/autodl-tmp/CosyVoice_dev/examples/libritts/cosyvoice2/data/esd-emo-grpo/valid/receive/0001_000713_快乐.wav
/root/autodl-tmp/CosyVoice_dev/examples/libritts/cosyvoice2/data/esd-emo-grpo/valid/samp_2/0001_000714_快乐.wav	/root/autodl-tmp/CosyVoice_dev/examples/libritts/cosyvoice2/data/esd-emo-grpo/valid/receive/0001_000714_快乐.wav
/root/autodl-tmp/CosyVoice_dev/examples/libritts/cosyvoice2/data/esd-emo-grpo/valid/samp_2/0001_000715_快乐.wav	/root/autodl-tmp/CosyVoice_dev/examples/libritts/cosyvoice2/data/esd-emo-grpo/valid/receive/0001_000715_快乐.wav
/root/autodl-tmp/CosyVoice_dev/examples/libritts/cosyvoice2/data/esd-emo-grpo/valid/samp_2/0001_000716_快乐.wav	/root/autodl-tmp/CosyVoice_dev/examples/libritts/cosyvoice2/data/esd-emo-grpo/valid/receive/0001_000716_快乐.wav
/root/autodl-tmp/CosyVoice_dev/examples/libritts/cosyvoice2/data/esd-emo-grpo/valid/samp_2/0001_000717_快乐.wav	/root/autodl-tmp/CosyVoice_dev/examples/libritts/cosyvoice2/data/esd-emo-grpo/valid/receive/0001_000717_快乐.wav
/root/autodl-tmp/CosyVoice_dev/examples/libritts/cosyvoice2/data/esd-emo-grpo/valid/samp_2/0001_000718_快乐.wav	/root/autodl-tmp/CosyVoice_dev/examples/libritts/cosyvoice2/data/esd-emo-grpo/valid/receive/0001_000718_快乐.wav
/root/autodl-tmp/CosyVoice_dev/examples/libritts/cosyvoice2/data/esd-emo-grpo/valid/samp_2/0001_000719_快乐.wav	/root/autodl-tmp/CosyVoice_dev/examples/libritts/cosyvoice2/data/esd-emo-grpo/valid/receive/0001_000719_快乐.wav
/root/autodl-tmp/CosyVoice_dev/examples/libritts/cosyvoice2/data/esd-emo-grpo/valid/samp_2/0001_000720_快乐.wav	/root/autodl-tmp/CosyVoice_dev/examples/libritts/cosyvoice2/data/esd-emo-grpo/valid/receive/0001_000720_快乐.wav
/root/autodl-tmp/CosyVoice_dev/examples/libritts/cosyvoice2/data/esd-emo-grpo/valid/samp_2/0001_001051_伤心.wav	/root/autodl-tmp/CosyVoice_dev/examples/libritts/cosyvoice2/data/esd-emo-grpo/valid/receive/0001_001051_伤心.wav
/root/autodl-tmp/CosyVoice_dev/examples/libritts/cosyvoice2/data/esd-emo-grpo/valid/samp_2/0001_001052_伤心.wav	/root/autodl-tmp/CosyVoice_dev/examples/libritts/cosyvoice2/data/esd-emo-grpo/valid/receive/0001_001052_伤心.wav
/root/autodl-tmp/CosyVoice_dev/examples/libritts/cosyvoice2/data/esd-emo-grpo/valid/samp_2/0001_001053_伤心.wav	/root/autodl-tmp/CosyVoice_dev/examples/libritts/cosyvoice2/data/esd-emo-grpo/valid/receive/0001_001053_伤心.wav
/root/autodl-tmp/CosyVoice_dev/examples/libritts/cosyvoice2/data/esd-emo-grpo/valid/samp_2/0001_001054_伤心.wav	/root/autodl-tmp/CosyVoice_dev/examples/libritts/cosyvoice2/data/esd-emo-grpo/valid/receive/0001_001054_伤心.wav
/root/autodl-tmp/CosyVoice_dev/examples/libritts/cosyvoice2/data/esd-emo-grpo/valid/samp_2/0001_001055_伤心.wav	/root/autodl-tmp/CosyVoice_dev/examples/libritts/cosyvoice2/data/esd-emo-grpo/valid/receive/0001_001055_伤心.wav
/root/autodl-tmp/CosyVoice_dev/examples/libritts/cosyvoice2/data/esd-emo-grpo/valid/samp_2/0001_001056_伤心.wav	/root/autodl-tmp/CosyVoice_dev/examples/libritts/cosyvoice2/data/esd-emo-grpo/valid/receive/0001_001056_伤心.wav
/root/autodl-tmp/CosyVoice_dev/examples/libritts/cosyvoice2/data/esd-emo-grpo/valid/samp_2/0001_001057_伤心.wav	/root/autodl-tmp/CosyVoice_dev/examples/libritts/cosyvoice2/data/esd-emo-grpo/valid/receive/0001_001057_伤心.wav
/root/autodl-tmp/CosyVoice_dev/examples/libritts/cosyvoice2/data/esd-emo-grpo/valid/samp_2/0001_001058_伤心.wav	/root/autodl-tmp/CosyVoice_dev/examples/libritts/cosyvoice2/data/esd-emo-grpo/valid/receive/0001_001058_伤心.wav
/root/autodl-tmp/CosyVoice_dev/examples/libritts/cosyvoice2/data/esd-emo-grpo/valid/samp_2/0001_001059_伤心.wav	/root/autodl-tmp/CosyVoice_dev/examples/libritts/cosyvoice2/data/esd-emo-grpo/valid/receive/0001_001059_伤心.wav
/root/autodl-tmp/CosyVoice_dev/examples/libritts/cosyvoice2/data/esd-emo-grpo/valid/samp_2/0001_001060_伤心.wav	/root/autodl-tmp/CosyVoice_dev/examples/libritts/cosyvoice2/data/esd-emo-grpo/valid/receive/0001_001060_伤心.wav
/root/autodl-tmp/CosyVoice_dev/examples/libritts/cosyvoice2/data/esd-emo-grpo/valid/samp_2/0001_001061_伤心.wav	/root/autodl-tmp/CosyVoice_dev/examples/libritts/cosyvoice2/data/esd-emo-grpo/valid/receive/0001_001061_伤心.wav
/root/autodl-tmp/CosyVoice_dev/examples/libritts/cosyvoice2/data/esd-emo-grpo/valid/samp_2/0001_001062_伤心.wav	/root/autodl-tmp/CosyVoice_dev/examples/libritts/cosyvoice2/data/esd-emo-grpo/valid/receive/0001_001062_伤心.wav
/root/autodl-tmp/CosyVoice_dev/examples/libritts/cosyvoice2/data/esd-emo-grpo/valid/samp_2/0001_001063_伤心.wav	/root/autodl-tmp/CosyVoice_dev/examples/libritts/cosyvoice2/data/esd-emo-grpo/valid/receive/0001_001063_伤心.wav
/root/autodl-tmp/CosyVoice_dev/examples/libritts/cosyvoice2/data/esd-emo-grpo/valid/samp_2/0001_001064_伤心.wav	/root/autodl-tmp/CosyVoice_dev/examples/libritts/cosyvoice2/data/esd-emo-grpo/valid/receive/0001_001064_伤心.wav
/root/autodl-tmp/CosyVoice_dev/examples/libritts/cosyvoice2/data/esd-emo-grpo/valid/samp_2/0001_001065_伤心.wav	/root/autodl-tmp/CosyVoice_dev/examples/libritts/cosyvoice2/data/esd-emo-grpo/valid/receive/0001_001065_伤心.wav
/root/autodl-tmp/CosyVoice_dev/examples/libritts/cosyvoice2/data/esd-emo-grpo/valid/samp_2/0001_001066_伤心.wav	/root/autodl-tmp/CosyVoice_dev/examples/libritts/cosyvoice2/data/esd-emo-grpo/valid/receive/0001_001066_伤心.wav
/root/autodl-tmp/CosyVoice_dev/examples/libritts/cosyvoice2/data/esd-emo-grpo/valid/samp_2/0001_001067_伤心.wav	/root/autodl-tmp/CosyVoice_dev/examples/libritts/cosyvoice2/data/esd-emo-grpo/valid/receive/0001_001067_伤心.wav
/root/autodl-tmp/CosyVoice_dev/examples/libritts/cosyvoice2/data/esd-emo-grpo/valid/samp_2/0001_001068_伤心.wav	/root/autodl-tmp/CosyVoice_dev/examples/libritts/cosyvoice2/data/esd-emo-grpo/valid/receive/0001_001068_伤心.wav
/root/autodl-tmp/CosyVoice_dev/examples/libritts/cosyvoice2/data/esd-emo-grpo/valid/samp_2/0001_001069_伤心.wav	/root/autodl-tmp/CosyVoice_dev/examples/libritts/cosyvoice2/data/esd-emo-grpo/valid/receive/0001_001069_伤心.wav
/root/autodl-tmp/CosyVoice_dev/examples/libritts/cosyvoice2/data/esd-emo-grpo/valid/samp_2/0001_001070_伤心.wav	/root/autodl-tmp/CosyVoice_dev/examples/libritts/cosyvoice2/data/esd-emo-grpo/valid/receive/0001_001070_伤心.wav
/root/autodl-tmp/CosyVoice_dev/examples/libritts/cosyvoice2/data/esd-emo-grpo/valid/samp_2/0001_001401_惊喜.wav	/root/autodl-tmp/CosyVoice_dev/examples/libritts/cosyvoice2/data/esd-emo-grpo/valid/receive/0001_001401_惊喜.wav
/root/autodl-tmp/CosyVoice_dev/examples/libritts/cosyvoice2/data/esd-emo-grpo/valid/samp_2/0001_001402_惊喜.wav	/root/autodl-tmp/CosyVoice_dev/examples/libritts/cosyvoice2/data/esd-emo-grpo/valid/receive/0001_001402_惊喜.wav
/root/autodl-tmp/CosyVoice_dev/examples/libritts/cosyvoice2/data/esd-emo-grpo/valid/samp_2/0001_001403_惊喜.wav	/root/autodl-tmp/CosyVoice_dev/examples/libritts/cosyvoice2/data/esd-emo-grpo/valid/receive/0001_001403_惊喜.wav
/root/autodl-tmp/CosyVoice_dev/examples/libritts/cosyvoice2/data/esd-emo-grpo/valid/samp_2/0001_001404_惊喜.wav	/root/autodl-tmp/CosyVoice_dev/examples/libritts/cosyvoice2/data/esd-emo-grpo/valid/receive/0001_001404_惊喜.wav
/root/autodl-tmp/CosyVoice_dev/examples/libritts/cosyvoice2/data/esd-emo-grpo/valid/samp_2/0001_001405_惊喜.wav	/root/autodl-tmp/CosyVoice_dev/examples/libritts/cosyvoice2/data/esd-emo-grpo/valid/receive/0001_001405_惊喜.wav
/root/autodl-tmp/CosyVoice_dev/examples/libritts/cosyvoice2/data/esd-emo-grpo/valid/samp_2/0001_001406_惊喜.wav	/root/autodl-tmp/CosyVoice_dev/examples/libritts/cosyvoice2/data/esd-emo-grpo/valid/receive/0001_001406_惊喜.wav
/root/autodl-tmp/CosyVoice_dev/examples/libritts/cosyvoice2/data/esd-emo-grpo/valid/samp_2/0001_001407_惊喜.wav	/root/autodl-tmp/CosyVoice_dev/examples/libritts/cosyvoice2/data/esd-emo-grpo/valid/receive/0001_001407_惊喜.wav
/root/autodl-tmp/CosyVoice_dev/examples/libritts/cosyvoice2/data/esd-emo-grpo/valid/samp_2/0001_001408_惊喜.wav	/root/autodl-tmp/CosyVoice_dev/examples/libritts/cosyvoice2/data/esd-emo-grpo/valid/receive/0001_001408_惊喜.wav
/root/autodl-tmp/CosyVoice_dev/examples/libritts/cosyvoice2/data/esd-emo-grpo/valid/samp_2/0001_001409_惊喜.wav	/root/autodl-tmp/CosyVoice_dev/examples/libritts/cosyvoice2/data/esd-emo-grpo/valid/receive/0001_001409_惊喜.wav
/root/autodl-tmp/CosyVoice_dev/examples/libritts/cosyvoice2/data/esd-emo-grpo/valid/samp_2/0001_001410_惊喜.wav	/root/autodl-tmp/CosyVoice_dev/examples/libritts/cosyvoice2/data/esd-emo-grpo/valid/receive/0001_001410_惊喜.wav
/root/autodl-tmp/CosyVoice_dev/examples/libritts/cosyvoice2/data/esd-emo-grpo/valid/samp_2/0001_001411_惊喜.wav	/root/autodl-tmp/CosyVoice_dev/examples/libritts/cosyvoice2/data/esd-emo-grpo/valid/receive/0001_001411_惊喜.wav
/root/autodl-tmp/CosyVoice_dev/examples/libritts/cosyvoice2/data/esd-emo-grpo/valid/samp_2/0001_001412_惊喜.wav	/root/autodl-tmp/CosyVoice_dev/examples/libritts/cosyvoice2/data/esd-emo-grpo/valid/receive/0001_001412_惊喜.wav
/root/autodl-tmp/CosyVoice_dev/examples/libritts/cosyvoice2/data/esd-emo-grpo/valid/samp_2/0001_001413_惊喜.wav	/root/autodl-tmp/CosyVoice_dev/examples/libritts/cosyvoice2/data/esd-emo-grpo/valid/receive/0001_001413_惊喜.wav
/root/autodl-tmp/CosyVoice_dev/examples/libritts/cosyvoice2/data/esd-emo-grpo/valid/samp_2/0001_001414_惊喜.wav	/root/autodl-tmp/CosyVoice_dev/examples/libritts/cosyvoice2/data/esd-emo-grpo/valid/receive/0001_001414_惊喜.wav
/root/autodl-tmp/CosyVoice_dev/examples/libritts/cosyvoice2/data/esd-emo-grpo/valid/samp_2/0001_001415_惊喜.wav	/root/autodl-tmp/CosyVoice_dev/examples/libritts/cosyvoice2/data/esd-emo-grpo/valid/receive/0001_001415_惊喜.wav
/root/autodl-tmp/CosyVoice_dev/examples/libritts/cosyvoice2/data/esd-emo-grpo/valid/samp_2/0001_001416_惊喜.wav	/root/autodl-tmp/CosyVoice_dev/examples/libritts/cosyvoice2/data/esd-emo-grpo/valid/receive/0001_001416_惊喜.wav
/root/autodl-tmp/CosyVoice_dev/examples/libritts/cosyvoice2/data/esd-emo-grpo/valid/samp_2/0001_001417_惊喜.wav	/root/autodl-tmp/CosyVoice_dev/examples/libritts/cosyvoice2/data/esd-emo-grpo/valid/receive/0001_001417_惊喜.wav
/root/autodl-tmp/CosyVoice_dev/examples/libritts/cosyvoice2/data/esd-emo-grpo/valid/samp_2/0001_001418_惊喜.wav	/root/autodl-tmp/CosyVoice_dev/examples/libritts/cosyvoice2/data/esd-emo-grpo/valid/receive/0001_001418_惊喜.wav
/root/autodl-tmp/CosyVoice_dev/examples/libritts/cosyvoice2/data/esd-emo-grpo/valid/samp_2/0001_001419_惊喜.wav	/root/autodl-tmp/CosyVoice_dev/examples/libritts/cosyvoice2/data/esd-emo-grpo/valid/receive/0001_001419_惊喜.wav
/root/autodl-tmp/CosyVoice_dev/examples/libritts/cosyvoice2/data/esd-emo-grpo/valid/samp_2/0001_001420_惊喜.wav	/root/autodl-tmp/CosyVoice_dev/examples/libritts/cosyvoice2/data/esd-emo-grpo/valid/receive/0001_001420_惊喜.wav
/root/autodl-tmp/CosyVoice_dev/examples/libritts/cosyvoice2/data/esd-emo-grpo/valid/samp_2/0001_000001_冷静.wav	/root/autodl-tmp/CosyVoice_dev/examples/libritts/cosyvoice2/data/esd-emo-grpo/valid/receive/0001_000001_冷静.wav
/root/autodl-tmp/CosyVoice_dev/examples/libritts/cosyvoice2/data/esd-emo-grpo/valid/samp_2/0001_000002_冷静.wav	/root/autodl-tmp/CosyVoice_dev/examples/libritts/cosyvoice2/data/esd-emo-grpo/valid/receive/0001_000002_冷静.wav
/root/autodl-tmp/CosyVoice_dev/examples/libritts/cosyvoice2/data/esd-emo-grpo/valid/samp_2/0001_000003_冷静.wav	/root/autodl-tmp/CosyVoice_dev/examples/libritts/cosyvoice2/data/esd-emo-grpo/valid/receive/0001_000003_冷静.wav
/root/autodl-tmp/CosyVoice_dev/examples/libritts/cosyvoice2/data/esd-emo-grpo/valid/samp_2/0001_000004_冷静.wav	/root/autodl-tmp/CosyVoice_dev/examples/libritts/cosyvoice2/data/esd-emo-grpo/valid/receive/0001_000004_冷静.wav
/root/autodl-tmp/CosyVoice_dev/examples/libritts/cosyvoice2/data/esd-emo-grpo/valid/samp_2/0001_000005_冷静.wav	/root/autodl-tmp/CosyVoice_dev/examples/libritts/cosyvoice2/data/esd-emo-grpo/valid/receive/0001_000005_冷静.wav
/root/autodl-tmp/CosyVoice_dev/examples/libritts/cosyvoice2/data/esd-emo-grpo/valid/samp_2/0001_000006_冷静.wav	/root/autodl-tmp/CosyVoice_dev/examples/libritts/cosyvoice2/data/esd-emo-grpo/valid/receive/0001_000006_冷静.wav
/root/autodl-tmp/CosyVoice_dev/examples/libritts/cosyvoice2/data/esd-emo-grpo/valid/samp_2/0001_000007_冷静.wav	/root/autodl-tmp/CosyVoice_dev/examples/libritts/cosyvoice2/data/esd-emo-grpo/valid/receive/0001_000007_冷静.wav
/root/autodl-tmp/CosyVoice_dev/examples/libritts/cosyvoice2/data/esd-emo-grpo/valid/samp_2/0001_000008_冷静.wav	/root/autodl-tmp/CosyVoice_dev/examples/libritts/cosyvoice2/data/esd-emo-grpo/valid/receive/0001_000008_冷静.wav
/root/autodl-tmp/CosyVoice_dev/examples/libritts/cosyvoice2/data/esd-emo-grpo/valid/samp_2/0001_000009_冷静.wav	/root/autodl-tmp/CosyVoice_dev/examples/libritts/cosyvoice2/data/esd-emo-grpo/valid/receive/0001_000009_冷静.wav
/root/autodl-tmp/CosyVoice_dev/examples/libritts/cosyvoice2/data/esd-emo-grpo/valid/samp_2/0001_000010_冷静.wav	/root/autodl-tmp/CosyVoice_dev/examples/libritts/cosyvoice2/data/esd-emo-grpo/valid/receive/0001_000010_冷静.wav
/root/autodl-tmp/CosyVoice_dev/examples/libritts/cosyvoice2/data/esd-emo-grpo/valid/samp_2/0001_000011_冷静.wav	/root/autodl-tmp/CosyVoice_dev/examples/libritts/cosyvoice2/data/esd-emo-grpo/valid/receive/0001_000011_冷静.wav
/root/autodl-tmp/CosyVoice_dev/examples/libritts/cosyvoice2/data/esd-emo-grpo/valid/samp_2/0001_000012_冷静.wav	/root/autodl-tmp/CosyVoice_dev/examples/libritts/cosyvoice2/data/esd-emo-grpo/valid/receive/0001_000012_冷静.wav
/root/autodl-tmp/CosyVoice_dev/examples/libritts/cosyvoice2/data/esd-emo-grpo/valid/samp_2/0001_000013_冷静.wav	/root/autodl-tmp/CosyVoice_dev/examples/libritts/cosyvoice2/data/esd-emo-grpo/valid/receive/0001_000013_冷静.wav
/root/autodl-tmp/CosyVoice_dev/examples/libritts/cosyvoice2/data/esd-emo-grpo/valid/samp_2/0001_000014_冷静.wav	/root/autodl-tmp/CosyVoice_dev/examples/libritts/cosyvoice2/data/esd-emo-grpo/valid/receive/0001_000014_冷静.wav
/root/autodl-tmp/CosyVoice_dev/examples/libritts/cosyvoice2/data/esd-emo-grpo/valid/samp_2/0001_000015_冷静.wav	/root/autodl-tmp/CosyVoice_dev/examples/libritts/cosyvoice2/data/esd-emo-grpo/valid/receive/0001_000015_冷静.wav
/root/autodl-tmp/CosyVoice_dev/examples/libritts/cosyvoice2/data/esd-emo-grpo/valid/samp_2/0001_000016_冷静.wav	/root/autodl-tmp/CosyVoice_dev/examples/libritts/cosyvoice2/data/esd-emo-grpo/valid/receive/0001_000016_冷静.wav
/root/autodl-tmp/CosyVoice_dev/examples/libritts/cosyvoice2/data/esd-emo-grpo/valid/samp_2/0001_000017_冷静.wav	/root/autodl-tmp/CosyVoice_dev/examples/libritts/cosyvoice2/data/esd-emo-grpo/valid/receive/0001_000017_冷静.wav
/root/autodl-tmp/CosyVoice_dev/examples/libritts/cosyvoice2/data/esd-emo-grpo/valid/samp_2/0001_000018_冷静.wav	/root/autodl-tmp/CosyVoice_dev/examples/libritts/cosyvoice2/data/esd-emo-grpo/valid/receive/0001_000018_冷静.wav
/root/autodl-tmp/CosyVoice_dev/examples/libritts/cosyvoice2/data/esd-emo-grpo/valid/samp_2/0001_000019_冷静.wav	/root/autodl-tmp/CosyVoice_dev/examples/libritts/cosyvoice2/data/esd-emo-grpo/valid/receive/0001_000019_冷静.wav
/root/autodl-tmp/CosyVoice_dev/examples/libritts/cosyvoice2/data/esd-emo-grpo/valid/samp_2/0001_000020_冷静.wav	/root/autodl-tmp/CosyVoice_dev/examples/libritts/cosyvoice2/data/esd-emo-grpo/valid/receive/0001_000020_冷静.wav
/root/autodl-tmp/CosyVoice_dev/examples/libritts/cosyvoice2/data/esd-emo-grpo/valid/samp_2/0003_000013_冷静.wav	/root/autodl-tmp/CosyVoice_dev/examples/libritts/cosyvoice2/data/esd-emo-grpo/valid/receive/0003_000013_冷静.wav
/root/autodl-tmp/CosyVoice_dev/examples/libritts/cosyvoice2/data/esd-emo-grpo/valid/samp_2/0003_000014_冷静.wav	/root/autodl-tmp/CosyVoice_dev/examples/libritts/cosyvoice2/data/esd-emo-grpo/valid/receive/0003_000014_冷静.wav
/root/autodl-tmp/CosyVoice_dev/examples/libritts/cosyvoice2/data/esd-emo-grpo/valid/samp_2/0003_000015_冷静.wav	/root/autodl-tmp/CosyVoice_dev/examples/libritts/cosyvoice2/data/esd-emo-grpo/valid/receive/0003_000015_冷静.wav
/root/autodl-tmp/CosyVoice_dev/examples/libritts/cosyvoice2/data/esd-emo-grpo/valid/samp_2/0003_000016_冷静.wav	/root/autodl-tmp/CosyVoice_dev/examples/libritts/cosyvoice2/data/esd-emo-grpo/valid/receive/0003_000016_冷静.wav
/root/autodl-tmp/CosyVoice_dev/examples/libritts/cosyvoice2/data/esd-emo-grpo/valid/samp_2/0003_000017_冷静.wav	/root/autodl-tmp/CosyVoice_dev/examples/libritts/cosyvoice2/data/esd-emo-grpo/valid/receive/0003_000017_冷静.wav
/root/autodl-tmp/CosyVoice_dev/examples/libritts/cosyvoice2/data/esd-emo-grpo/valid/samp_2/0003_000018_冷静.wav	/root/autodl-tmp/CosyVoice_dev/examples/libritts/cosyvoice2/data/esd-emo-grpo/valid/receive/0003_000018_冷静.wav
/root/autodl-tmp/CosyVoice_dev/examples/libritts/cosyvoice2/data/esd-emo-grpo/valid/samp_2/0003_000019_冷静.wav	/root/autodl-tmp/CosyVoice_dev/examples/libritts/cosyvoice2/data/esd-emo-grpo/valid/receive/0003_000019_冷静.wav
/root/autodl-tmp/CosyVoice_dev/examples/libritts/cosyvoice2/data/esd-emo-grpo/valid/samp_2/0003_000020_冷静.wav	/root/autodl-tmp/CosyVoice_dev/examples/libritts/cosyvoice2/data/esd-emo-grpo/valid/receive/0003_000020_冷静.wav
/root/autodl-tmp/CosyVoice_dev/examples/libritts/cosyvoice2/data/esd-emo-grpo/valid/samp_2/0003_000351_生气.wav	/root/autodl-tmp/CosyVoice_dev/examples/libritts/cosyvoice2/data/esd-emo-grpo/valid/receive/0003_000351_生气.wav
/root/autodl-tmp/CosyVoice_dev/examples/libritts/cosyvoice2/data/esd-emo-grpo/valid/samp_2/0003_000352_生气.wav	/root/autodl-tmp/CosyVoice_dev/examples/libritts/cosyvoice2/data/esd-emo-grpo/valid/receive/0003_000352_生气.wav
/root/autodl-tmp/CosyVoice_dev/examples/libritts/cosyvoice2/data/esd-emo-grpo/valid/samp_2/0003_000353_生气.wav	/root/autodl-tmp/CosyVoice_dev/examples/libritts/cosyvoice2/data/esd-emo-grpo/valid/receive/0003_000353_生气.wav
/root/autodl-tmp/CosyVoice_dev/examples/libritts/cosyvoice2/data/esd-emo-grpo/valid/samp_2/0003_000354_生气.wav	/root/autodl-tmp/CosyVoice_dev/examples/libritts/cosyvoice2/data/esd-emo-grpo/valid/receive/0003_000354_生气.wav
/root/autodl-tmp/CosyVoice_dev/examples/libritts/cosyvoice2/data/esd-emo-grpo/valid/samp_2/0003_000355_生气.wav	/root/autodl-tmp/CosyVoice_dev/examples/libritts/cosyvoice2/data/esd-emo-grpo/valid/receive/0003_000355_生气.wav
/root/autodl-tmp/CosyVoice_dev/examples/libritts/cosyvoice2/data/esd-emo-grpo/valid/samp_2/0003_000356_生气.wav	/root/autodl-tmp/CosyVoice_dev/examples/libritts/cosyvoice2/data/esd-emo-grpo/valid/receive/0003_000356_生气.wav
/root/autodl-tmp/CosyVoice_dev/examples/libritts/cosyvoice2/data/esd-emo-grpo/valid/samp_2/0003_000357_生气.wav	/root/autodl-tmp/CosyVoice_dev/examples/libritts/cosyvoice2/data/esd-emo-grpo/valid/receive/0003_000357_生气.wav
/root/autodl-tmp/CosyVoice_dev/examples/libritts/cosyvoice2/data/esd-emo-grpo/valid/samp_2/0003_000358_生气.wav	/root/autodl-tmp/CosyVoice_dev/examples/libritts/cosyvoice2/data/esd-emo-grpo/valid/receive/0003_000358_生气.wav
/root/autodl-tmp/CosyVoice_dev/examples/libritts/cosyvoice2/data/esd-emo-grpo/valid/samp_2/0003_000359_生气.wav	/root/autodl-tmp/CosyVoice_dev/examples/libritts/cosyvoice2/data/esd-emo-grpo/valid/receive/0003_000359_生气.wav
/root/autodl-tmp/CosyVoice_dev/examples/libritts/cosyvoice2/data/esd-emo-grpo/valid/samp_2/0003_000360_生气.wav	/root/autodl-tmp/CosyVoice_dev/examples/libritts/cosyvoice2/data/esd-emo-grpo/valid/receive/0003_000360_生气.wav
/root/autodl-tmp/CosyVoice_dev/examples/libritts/cosyvoice2/data/esd-emo-grpo/valid/samp_2/0003_000361_生气.wav	/root/autodl-tmp/CosyVoice_dev/examples/libritts/cosyvoice2/data/esd-emo-grpo/valid/receive/0003_000361_生气.wav
/root/autodl-tmp/CosyVoice_dev/examples/libritts/cosyvoice2/data/esd-emo-grpo/valid/samp_2/0003_000362_生气.wav	/root/autodl-tmp/CosyVoice_dev/examples/libritts/cosyvoice2/data/esd-emo-grpo/valid/receive/0003_000362_生气.wav
/root/autodl-tmp/CosyVoice_dev/examples/libritts/cosyvoice2/data/esd-emo-grpo/valid/samp_2/0003_000363_生气.wav	/root/autodl-tmp/CosyVoice_dev/examples/libritts/cosyvoice2/data/esd-emo-grpo/valid/receive/0003_000363_生气.wav
/root/autodl-tmp/CosyVoice_dev/examples/libritts/cosyvoice2/data/esd-emo-grpo/valid/samp_2/0003_000364_生气.wav	/root/autodl-tmp/CosyVoice_dev/examples/libritts/cosyvoice2/data/esd-emo-grpo/valid/receive/0003_000364_生气.wav
/root/autodl-tmp/CosyVoice_dev/examples/libritts/cosyvoice2/data/esd-emo-grpo/valid/samp_2/0003_000365_生气.wav	/root/autodl-tmp/CosyVoice_dev/examples/libritts/cosyvoice2/data/esd-emo-grpo/valid/receive/0003_000365_生气.wav
/root/autodl-tmp/CosyVoice_dev/examples/libritts/cosyvoice2/data/esd-emo-grpo/valid/samp_2/0003_000366_生气.wav	/root/autodl-tmp/CosyVoice_dev/examples/libritts/cosyvoice2/data/esd-emo-grpo/valid/receive/0003_000366_生气.wav
/root/autodl-tmp/CosyVoice_dev/examples/libritts/cosyvoice2/data/esd-emo-grpo/valid/samp_2/0003_000367_生气.wav	/root/autodl-tmp/CosyVoice_dev/examples/libritts/cosyvoice2/data/esd-emo-grpo/valid/receive/0003_000367_生气.wav
/root/autodl-tmp/CosyVoice_dev/examples/libritts/cosyvoice2/data/esd-emo-grpo/valid/samp_2/0003_000368_生气.wav	/root/autodl-tmp/CosyVoice_dev/examples/libritts/cosyvoice2/data/esd-emo-grpo/valid/receive/0003_000368_生气.wav
/root/autodl-tmp/CosyVoice_dev/examples/libritts/cosyvoice2/data/esd-emo-grpo/valid/samp_2/0003_000369_生气.wav	/root/autodl-tmp/CosyVoice_dev/examples/libritts/cosyvoice2/data/esd-emo-grpo/valid/receive/0003_000369_生气.wav
/root/autodl-tmp/CosyVoice_dev/examples/libritts/cosyvoice2/data/esd-emo-grpo/valid/samp_2/0003_000370_生气.wav	/root/autodl-tmp/CosyVoice_dev/examples/libritts/cosyvoice2/data/esd-emo-grpo/valid/receive/0003_000370_生气.wav
/root/autodl-tmp/CosyVoice_dev/examples/libritts/cosyvoice2/data/esd-emo-grpo/valid/samp_2/0004_000701_快乐.wav	/root/autodl-tmp/CosyVoice_dev/examples/libritts/cosyvoice2/data/esd-emo-grpo/valid/receive/0004_000701_快乐.wav
/root/autodl-tmp/CosyVoice_dev/examples/libritts/cosyvoice2/data/esd-emo-grpo/valid/samp_2/0004_000702_快乐.wav	/root/autodl-tmp/CosyVoice_dev/examples/libritts/cosyvoice2/data/esd-emo-grpo/valid/receive/0004_000702_快乐.wav
/root/autodl-tmp/CosyVoice_dev/examples/libritts/cosyvoice2/data/esd-emo-grpo/valid/samp_2/0004_000703_快乐.wav	/root/autodl-tmp/CosyVoice_dev/examples/libritts/cosyvoice2/data/esd-emo-grpo/valid/receive/0004_000703_快乐.wav
/root/autodl-tmp/CosyVoice_dev/examples/libritts/cosyvoice2/data/esd-emo-grpo/valid/samp_2/0004_000704_快乐.wav	/root/autodl-tmp/CosyVoice_dev/examples/libritts/cosyvoice2/data/esd-emo-grpo/valid/receive/0004_000704_快乐.wav
/root/autodl-tmp/CosyVoice_dev/examples/libritts/cosyvoice2/data/esd-emo-grpo/valid/samp_2/0001_000351_生气.wav	/root/autodl-tmp/CosyVoice_dev/examples/libritts/cosyvoice2/data/esd-emo-grpo/valid/receive/0001_000351_生气.wav
/root/autodl-tmp/CosyVoice_dev/examples/libritts/cosyvoice2/data/esd-emo-grpo/valid/samp_2/0001_000352_生气.wav	/root/autodl-tmp/CosyVoice_dev/examples/libritts/cosyvoice2/data/esd-emo-grpo/valid/receive/0001_000352_生气.wav
/root/autodl-tmp/CosyVoice_dev/examples/libritts/cosyvoice2/data/esd-emo-grpo/valid/samp_2/0001_000353_生气.wav	/root/autodl-tmp/CosyVoice_dev/examples/libritts/cosyvoice2/data/esd-emo-grpo/valid/receive/0001_000353_生气.wav
/root/autodl-tmp/CosyVoice_dev/examples/libritts/cosyvoice2/data/esd-emo-grpo/valid/samp_2/0001_000354_生气.wav	/root/autodl-tmp/CosyVoice_dev/examples/libritts/cosyvoice2/data/esd-emo-grpo/valid/receive/0001_000354_生气.wav
/root/autodl-tmp/CosyVoice_dev/examples/libritts/cosyvoice2/data/esd-emo-grpo/valid/samp_2/0001_000355_生气.wav	/root/autodl-tmp/CosyVoice_dev/examples/libritts/cosyvoice2/data/esd-emo-grpo/valid/receive/0001_000355_生气.wav
/root/autodl-tmp/CosyVoice_dev/examples/libritts/cosyvoice2/data/esd-emo-grpo/valid/samp_2/0001_000356_生气.wav	/root/autodl-tmp/CosyVoice_dev/examples/libritts/cosyvoice2/data/esd-emo-grpo/valid/receive/0001_000356_生气.wav
/root/autodl-tmp/CosyVoice_dev/examples/libritts/cosyvoice2/data/esd-emo-grpo/valid/samp_2/0001_000357_生气.wav	/root/autodl-tmp/CosyVoice_dev/examples/libritts/cosyvoice2/data/esd-emo-grpo/valid/receive/0001_000357_生气.wav
/root/autodl-tmp/CosyVoice_dev/examples/libritts/cosyvoice2/data/esd-emo-grpo/valid/samp_2/0001_000358_生气.wav	/root/autodl-tmp/CosyVoice_dev/examples/libritts/cosyvoice2/data/esd-emo-grpo/valid/receive/0001_000358_生气.wav
/root/autodl-tmp/CosyVoice_dev/examples/libritts/cosyvoice2/data/esd-emo-grpo/valid/samp_2/0001_000359_生气.wav	/root/autodl-tmp/CosyVoice_dev/examples/libritts/cosyvoice2/data/esd-emo-grpo/valid/receive/0001_000359_生气.wav
/root/autodl-tmp/CosyVoice_dev/examples/libritts/cosyvoice2/data/esd-emo-grpo/valid/samp_2/0001_000360_生气.wav	/root/autodl-tmp/CosyVoice_dev/examples/libritts/cosyvoice2/data/esd-emo-grpo/valid/receive/0001_000360_生气.wav
/root/autodl-tmp/CosyVoice_dev/examples/libritts/cosyvoice2/data/esd-emo-grpo/valid/samp_2/0001_000361_生气.wav	/root/autodl-tmp/CosyVoice_dev/examples/libritts/cosyvoice2/data/esd-emo-grpo/valid/receive/0001_000361_生气.wav
/root/autodl-tmp/CosyVoice_dev/examples/libritts/cosyvoice2/data/esd-emo-grpo/valid/samp_2/0001_000362_生气.wav	/root/autodl-tmp/CosyVoice_dev/examples/libritts/cosyvoice2/data/esd-emo-grpo/valid/receive/0001_000362_生气.wav
/root/autodl-tmp/CosyVoice_dev/examples/libritts/cosyvoice2/data/esd-emo-grpo/valid/samp_2/0001_000363_生气.wav	/root/autodl-tmp/CosyVoice_dev/examples/libritts/cosyvoice2/data/esd-emo-grpo/valid/receive/0001_000363_生气.wav
/root/autodl-tmp/CosyVoice_dev/examples/libritts/cosyvoice2/data/esd-emo-grpo/valid/samp_2/0001_000364_生气.wav	/root/autodl-tmp/CosyVoice_dev/examples/libritts/cosyvoice2/data/esd-emo-grpo/valid/receive/0001_000364_生气.wav
/root/autodl-tmp/CosyVoice_dev/examples/libritts/cosyvoice2/data/esd-emo-grpo/valid/samp_2/0001_000365_生气.wav	/root/autodl-tmp/CosyVoice_dev/examples/libritts/cosyvoice2/data/esd-emo-grpo/valid/receive/0001_000365_生气.wav
/root/autodl-tmp/CosyVoice_dev/examples/libritts/cosyvoice2/data/esd-emo-grpo/valid/samp_2/0001_000366_生气.wav	/root/autodl-tmp/CosyVoice_dev/examples/libritts/cosyvoice2/data/esd-emo-grpo/valid/receive/0001_000366_生气.wav
/root/autodl-tmp/CosyVoice_dev/examples/libritts/cosyvoice2/data/esd-emo-grpo/valid/samp_2/0001_000367_生气.wav	/root/autodl-tmp/CosyVoice_dev/examples/libritts/cosyvoice2/data/esd-emo-grpo/valid/receive/0001_000367_生气.wav
/root/autodl-tmp/CosyVoice_dev/examples/libritts/cosyvoice2/data/esd-emo-grpo/valid/samp_2/0001_000368_生气.wav	/root/autodl-tmp/CosyVoice_dev/examples/libritts/cosyvoice2/data/esd-emo-grpo/valid/receive/0001_000368_生气.wav
/root/autodl-tmp/CosyVoice_dev/examples/libritts/cosyvoice2/data/esd-emo-grpo/valid/samp_2/0001_000369_生气.wav	/root/autodl-tmp/CosyVoice_dev/examples/libritts/cosyvoice2/data/esd-emo-grpo/valid/receive/0001_000369_生气.wav
/root/autodl-tmp/CosyVoice_dev/examples/libritts/cosyvoice2/data/esd-emo-grpo/valid/samp_2/0001_000370_生气.wav	/root/autodl-tmp/CosyVoice_dev/examples/libritts/cosyvoice2/data/esd-emo-grpo/valid/receive/0001_000370_生气.wav
/root/autodl-tmp/CosyVoice_dev/examples/libritts/cosyvoice2/data/esd-emo-grpo/valid/samp_2/0002_000701_快乐.wav	/root/autodl-tmp/CosyVoice_dev/examples/libritts/cosyvoice2/data/esd-emo-grpo/valid/receive/0002_000701_快乐.wav
/root/autodl-tmp/CosyVoice_dev/examples/libritts/cosyvoice2/data/esd-emo-grpo/valid/samp_2/0002_000702_快乐.wav	/root/autodl-tmp/CosyVoice_dev/examples/libritts/cosyvoice2/data/esd-emo-grpo/valid/receive/0002_000702_快乐.wav
/root/autodl-tmp/CosyVoice_dev/examples/libritts/cosyvoice2/data/esd-emo-grpo/valid/samp_2/0002_000703_快乐.wav	/root/autodl-tmp/CosyVoice_dev/examples/libritts/cosyvoice2/data/esd-emo-grpo/valid/receive/0002_000703_快乐.wav
/root/autodl-tmp/CosyVoice_dev/examples/libritts/cosyvoice2/data/esd-emo-grpo/valid/samp_2/0002_000704_快乐.wav	/root/autodl-tmp/CosyVoice_dev/examples/libritts/cosyvoice2/data/esd-emo-grpo/valid/receive/0002_000704_快乐.wav
/root/autodl-tmp/CosyVoice_dev/examples/libritts/cosyvoice2/data/esd-emo-grpo/valid/samp_2/0002_000705_快乐.wav	/root/autodl-tmp/CosyVoice_dev/examples/libritts/cosyvoice2/data/esd-emo-grpo/valid/receive/0002_000705_快乐.wav
/root/autodl-tmp/CosyVoice_dev/examples/libritts/cosyvoice2/data/esd-emo-grpo/valid/samp_2/0002_000706_快乐.wav	/root/autodl-tmp/CosyVoice_dev/examples/libritts/cosyvoice2/data/esd-emo-grpo/valid/receive/0002_000706_快乐.wav
/root/autodl-tmp/CosyVoice_dev/examples/libritts/cosyvoice2/data/esd-emo-grpo/valid/samp_2/0002_000707_快乐.wav	/root/autodl-tmp/CosyVoice_dev/examples/libritts/cosyvoice2/data/esd-emo-grpo/valid/receive/0002_000707_快乐.wav
/root/autodl-tmp/CosyVoice_dev/examples/libritts/cosyvoice2/data/esd-emo-grpo/valid/samp_2/0002_000708_快乐.wav	/root/autodl-tmp/CosyVoice_dev/examples/libritts/cosyvoice2/data/esd-emo-grpo/valid/receive/0002_000708_快乐.wav
/root/autodl-tmp/CosyVoice_dev/examples/libritts/cosyvoice2/data/esd-emo-grpo/valid/samp_2/0002_000709_快乐.wav	/root/autodl-tmp/CosyVoice_dev/examples/libritts/cosyvoice2/data/esd-emo-grpo/valid/receive/0002_000709_快乐.wav
/root/autodl-tmp/CosyVoice_dev/examples/libritts/cosyvoice2/data/esd-emo-grpo/valid/samp_2/0002_000710_快乐.wav	/root/autodl-tmp/CosyVoice_dev/examples/libritts/cosyvoice2/data/esd-emo-grpo/valid/receive/0002_000710_快乐.wav
/root/autodl-tmp/CosyVoice_dev/examples/libritts/cosyvoice2/data/esd-emo-grpo/valid/samp_2/0002_000711_快乐.wav	/root/autodl-tmp/CosyVoice_dev/examples/libritts/cosyvoice2/data/esd-emo-grpo/valid/receive/0002_000711_快乐.wav
/root/autodl-tmp/CosyVoice_dev/examples/libritts/cosyvoice2/data/esd-emo-grpo/valid/samp_2/0002_000712_快乐.wav	/root/autodl-tmp/CosyVoice_dev/examples/libritts/cosyvoice2/data/esd-emo-grpo/valid/receive/0002_000712_快乐.wav
/root/autodl-tmp/CosyVoice_dev/examples/libritts/cosyvoice2/data/esd-emo-grpo/valid/samp_2/0005_001063_伤心.wav	/root/autodl-tmp/CosyVoice_dev/examples/libritts/cosyvoice2/data/esd-emo-grpo/valid/receive/0005_001063_伤心.wav
/root/autodl-tmp/CosyVoice_dev/examples/libritts/cosyvoice2/data/esd-emo-grpo/valid/samp_2/0005_001064_伤心.wav	/root/autodl-tmp/CosyVoice_dev/examples/libritts/cosyvoice2/data/esd-emo-grpo/valid/receive/0005_001064_伤心.wav
/root/autodl-tmp/CosyVoice_dev/examples/libritts/cosyvoice2/data/esd-emo-grpo/valid/samp_2/0005_001065_伤心.wav	/root/autodl-tmp/CosyVoice_dev/examples/libritts/cosyvoice2/data/esd-emo-grpo/valid/receive/0005_001065_伤心.wav
/root/autodl-tmp/CosyVoice_dev/examples/libritts/cosyvoice2/data/esd-emo-grpo/valid/samp_2/0005_001066_伤心.wav	/root/autodl-tmp/CosyVoice_dev/examples/libritts/cosyvoice2/data/esd-emo-grpo/valid/receive/0005_001066_伤心.wav
/root/autodl-tmp/CosyVoice_dev/examples/libritts/cosyvoice2/data/esd-emo-grpo/valid/samp_2/0005_001067_伤心.wav	/root/autodl-tmp/CosyVoice_dev/examples/libritts/cosyvoice2/data/esd-emo-grpo/valid/receive/0005_001067_伤心.wav
/root/autodl-tmp/CosyVoice_dev/examples/libritts/cosyvoice2/data/esd-emo-grpo/valid/samp_2/0005_001068_伤心.wav	/root/autodl-tmp/CosyVoice_dev/examples/libritts/cosyvoice2/data/esd-emo-grpo/valid/receive/0005_001068_伤心.wav
/root/autodl-tmp/CosyVoice_dev/examples/libritts/cosyvoice2/data/esd-emo-grpo/valid/samp_2/0005_001069_伤心.wav	/root/autodl-tmp/CosyVoice_dev/examples/libritts/cosyvoice2/data/esd-emo-grpo/valid/receive/0005_001069_伤心.wav
/root/autodl-tmp/CosyVoice_dev/examples/libritts/cosyvoice2/data/esd-emo-grpo/valid/samp_2/0005_001070_伤心.wav	/root/autodl-tmp/CosyVoice_dev/examples/libritts/cosyvoice2/data/esd-emo-grpo/valid/receive/0005_001070_伤心.wav
/root/autodl-tmp/CosyVoice_dev/examples/libritts/cosyvoice2/data/esd-emo-grpo/valid/samp_2/0005_001401_惊喜.wav	/root/autodl-tmp/CosyVoice_dev/examples/libritts/cosyvoice2/data/esd-emo-grpo/valid/receive/0005_001401_惊喜.wav
/root/autodl-tmp/CosyVoice_dev/examples/libritts/cosyvoice2/data/esd-emo-grpo/valid/samp_2/0005_001402_惊喜.wav	/root/autodl-tmp/CosyVoice_dev/examples/libritts/cosyvoice2/data/esd-emo-grpo/valid/receive/0005_001402_惊喜.wav
/root/autodl-tmp/CosyVoice_dev/examples/libritts/cosyvoice2/data/esd-emo-grpo/valid/samp_2/0005_001403_惊喜.wav	/root/autodl-tmp/CosyVoice_dev/examples/libritts/cosyvoice2/data/esd-emo-grpo/valid/receive/0005_001403_惊喜.wav
/root/autodl-tmp/CosyVoice_dev/examples/libritts/cosyvoice2/data/esd-emo-grpo/valid/samp_2/0005_001404_惊喜.wav	/root/autodl-tmp/CosyVoice_dev/examples/libritts/cosyvoice2/data/esd-emo-grpo/valid/receive/0005_001404_惊喜.wav
/root/autodl-tmp/CosyVoice_dev/examples/libritts/cosyvoice2/data/esd-emo-grpo/valid/samp_2/0005_001405_惊喜.wav	/root/autodl-tmp/CosyVoice_dev/examples/libritts/cosyvoice2/data/esd-emo-grpo/valid/receive/0005_001405_惊喜.wav
/root/autodl-tmp/CosyVoice_dev/examples/libritts/cosyvoice2/data/esd-emo-grpo/valid/samp_2/0005_001406_惊喜.wav	/root/autodl-tmp/CosyVoice_dev/examples/libritts/cosyvoice2/data/esd-emo-grpo/valid/receive/0005_001406_惊喜.wav
/root/autodl-tmp/CosyVoice_dev/examples/libritts/cosyvoice2/data/esd-emo-grpo/valid/samp_2/0005_001407_惊喜.wav	/root/autodl-tmp/CosyVoice_dev/examples/libritts/cosyvoice2/data/esd-emo-grpo/valid/receive/0005_001407_惊喜.wav
/root/autodl-tmp/CosyVoice_dev/examples/libritts/cosyvoice2/data/esd-emo-grpo/valid/samp_2/0005_001408_惊喜.wav	/root/autodl-tmp/CosyVoice_dev/examples/libritts/cosyvoice2/data/esd-emo-grpo/valid/receive/0005_001408_惊喜.wav
/root/autodl-tmp/CosyVoice_dev/examples/libritts/cosyvoice2/data/esd-emo-grpo/valid/samp_2/0005_001409_惊喜.wav	/root/autodl-tmp/CosyVoice_dev/examples/libritts/cosyvoice2/data/esd-emo-grpo/valid/receive/0005_001409_惊喜.wav
/root/autodl-tmp/CosyVoice_dev/examples/libritts/cosyvoice2/data/esd-emo-grpo/valid/samp_2/0005_001410_惊喜.wav	/root/autodl-tmp/CosyVoice_dev/examples/libritts/cosyvoice2/data/esd-emo-grpo/valid/receive/0005_001410_惊喜.wav
/root/autodl-tmp/CosyVoice_dev/examples/libritts/cosyvoice2/data/esd-emo-grpo/valid/samp_2/0005_001411_惊喜.wav	/root/autodl-tmp/CosyVoice_dev/examples/libritts/cosyvoice2/data/esd-emo-grpo/valid/receive/0005_001411_惊喜.wav
/root/autodl-tmp/CosyVoice_dev/examples/libritts/cosyvoice2/data/esd-emo-grpo/valid/samp_2/0005_001412_惊喜.wav	/root/autodl-tmp/CosyVoice_dev/examples/libritts/cosyvoice2/data/esd-emo-grpo/valid/receive/0005_001412_惊喜.wav
/root/autodl-tmp/CosyVoice_dev/examples/libritts/cosyvoice2/data/esd-emo-grpo/valid/samp_2/0005_001413_惊喜.wav	/root/autodl-tmp/CosyVoice_dev/examples/libritts/cosyvoice2/data/esd-emo-grpo/valid/receive/0005_001413_惊喜.wav
/root/autodl-tmp/CosyVoice_dev/examples/libritts/cosyvoice2/data/esd-emo-grpo/valid/samp_2/0005_001414_惊喜.wav	/root/autodl-tmp/CosyVoice_dev/examples/libritts/cosyvoice2/data/esd-emo-grpo/valid/receive/0005_001414_惊喜.wav
/root/autodl-tmp/CosyVoice_dev/examples/libritts/cosyvoice2/data/esd-emo-grpo/valid/samp_2/0005_001415_惊喜.wav	/root/autodl-tmp/CosyVoice_dev/examples/libritts/cosyvoice2/data/esd-emo-grpo/valid/receive/0005_001415_惊喜.wav
/root/autodl-tmp/CosyVoice_dev/examples/libritts/cosyvoice2/data/esd-emo-grpo/valid/samp_2/0005_001416_惊喜.wav	/root/autodl-tmp/CosyVoice_dev/examples/libritts/cosyvoice2/data/esd-emo-grpo/valid/receive/0005_001416_惊喜.wav
/root/autodl-tmp/CosyVoice_dev/examples/libritts/cosyvoice2/data/esd-emo-grpo/valid/samp_2/0005_001417_惊喜.wav	/root/autodl-tmp/CosyVoice_dev/examples/libritts/cosyvoice2/data/esd-emo-grpo/valid/receive/0005_001417_惊喜.wav
/root/autodl-tmp/CosyVoice_dev/examples/libritts/cosyvoice2/data/esd-emo-grpo/valid/samp_2/0005_001418_惊喜.wav	/root/autodl-tmp/CosyVoice_dev/examples/libritts/cosyvoice2/data/esd-emo-grpo/valid/receive/0005_001418_惊喜.wav
/root/autodl-tmp/CosyVoice_dev/examples/libritts/cosyvoice2/data/esd-emo-grpo/valid/samp_2/0005_001419_惊喜.wav	/root/autodl-tmp/CosyVoice_dev/examples/libritts/cosyvoice2/data/esd-emo-grpo/valid/receive/0005_001419_惊喜.wav
/root/autodl-tmp/CosyVoice_dev/examples/libritts/cosyvoice2/data/esd-emo-grpo/valid/samp_2/0005_001420_惊喜.wav	/root/autodl-tmp/CosyVoice_dev/examples/libritts/cosyvoice2/data/esd-emo-grpo/valid/receive/0005_001420_惊喜.wav
/root/autodl-tmp/CosyVoice_dev/examples/libritts/cosyvoice2/data/esd-emo-grpo/valid/samp_2/0005_000001_冷静.wav	/root/autodl-tmp/CosyVoice_dev/examples/libritts/cosyvoice2/data/esd-emo-grpo/valid/receive/0005_000001_冷静.wav
/root/autodl-tmp/CosyVoice_dev/examples/libritts/cosyvoice2/data/esd-emo-grpo/valid/samp_2/0005_000002_冷静.wav	/root/autodl-tmp/CosyVoice_dev/examples/libritts/cosyvoice2/data/esd-emo-grpo/valid/receive/0005_000002_冷静.wav
/root/autodl-tmp/CosyVoice_dev/examples/libritts/cosyvoice2/data/esd-emo-grpo/valid/samp_2/0005_000003_冷静.wav	/root/autodl-tmp/CosyVoice_dev/examples/libritts/cosyvoice2/data/esd-emo-grpo/valid/receive/0005_000003_冷静.wav
/root/autodl-tmp/CosyVoice_dev/examples/libritts/cosyvoice2/data/esd-emo-grpo/valid/samp_2/0005_000004_冷静.wav	/root/autodl-tmp/CosyVoice_dev/examples/libritts/cosyvoice2/data/esd-emo-grpo/valid/receive/0005_000004_冷静.wav
/root/autodl-tmp/CosyVoice_dev/examples/libritts/cosyvoice2/data/esd-emo-grpo/valid/samp_2/0002_000017_冷静.wav	/root/autodl-tmp/CosyVoice_dev/examples/libritts/cosyvoice2/data/esd-emo-grpo/valid/receive/0002_000017_冷静.wav
/root/autodl-tmp/CosyVoice_dev/examples/libritts/cosyvoice2/data/esd-emo-grpo/valid/samp_2/0002_000018_冷静.wav	/root/autodl-tmp/CosyVoice_dev/examples/libritts/cosyvoice2/data/esd-emo-grpo/valid/receive/0002_000018_冷静.wav
/root/autodl-tmp/CosyVoice_dev/examples/libritts/cosyvoice2/data/esd-emo-grpo/valid/samp_2/0002_000019_冷静.wav	/root/autodl-tmp/CosyVoice_dev/examples/libritts/cosyvoice2/data/esd-emo-grpo/valid/receive/0002_000019_冷静.wav
/root/autodl-tmp/CosyVoice_dev/examples/libritts/cosyvoice2/data/esd-emo-grpo/valid/samp_2/0002_000020_冷静.wav	/root/autodl-tmp/CosyVoice_dev/examples/libritts/cosyvoice2/data/esd-emo-grpo/valid/receive/0002_000020_冷静.wav
/root/autodl-tmp/CosyVoice_dev/examples/libritts/cosyvoice2/data/esd-emo-grpo/valid/samp_2/0002_000351_生气.wav	/root/autodl-tmp/CosyVoice_dev/examples/libritts/cosyvoice2/data/esd-emo-grpo/valid/receive/0002_000351_生气.wav
/root/autodl-tmp/CosyVoice_dev/examples/libritts/cosyvoice2/data/esd-emo-grpo/valid/samp_2/0002_000352_生气.wav	/root/autodl-tmp/CosyVoice_dev/examples/libritts/cosyvoice2/data/esd-emo-grpo/valid/receive/0002_000352_生气.wav
/root/autodl-tmp/CosyVoice_dev/examples/libritts/cosyvoice2/data/esd-emo-grpo/valid/samp_2/0002_000353_生气.wav	/root/autodl-tmp/CosyVoice_dev/examples/libritts/cosyvoice2/data/esd-emo-grpo/valid/receive/0002_000353_生气.wav
/root/autodl-tmp/CosyVoice_dev/examples/libritts/cosyvoice2/data/esd-emo-grpo/valid/samp_2/0002_000354_生气.wav	/root/autodl-tmp/CosyVoice_dev/examples/libritts/cosyvoice2/data/esd-emo-grpo/valid/receive/0002_000354_生气.wav
/root/autodl-tmp/CosyVoice_dev/examples/libritts/cosyvoice2/data/esd-emo-grpo/valid/samp_2/0002_000355_生气.wav	/root/autodl-tmp/CosyVoice_dev/examples/libritts/cosyvoice2/data/esd-emo-grpo/valid/receive/0002_000355_生气.wav
/root/autodl-tmp/CosyVoice_dev/examples/libritts/cosyvoice2/data/esd-emo-grpo/valid/samp_2/0002_000356_生气.wav	/root/autodl-tmp/CosyVoice_dev/examples/libritts/cosyvoice2/data/esd-emo-grpo/valid/receive/0002_000356_生气.wav
/root/autodl-tmp/CosyVoice_dev/examples/libritts/cosyvoice2/data/esd-emo-grpo/valid/samp_2/0002_000357_生气.wav	/root/autodl-tmp/CosyVoice_dev/examples/libritts/cosyvoice2/data/esd-emo-grpo/valid/receive/0002_000357_生气.wav
/root/autodl-tmp/CosyVoice_dev/examples/libritts/cosyvoice2/data/esd-emo-grpo/valid/samp_2/0002_000358_生气.wav	/root/autodl-tmp/CosyVoice_dev/examples/libritts/cosyvoice2/data/esd-emo-grpo/valid/receive/0002_000358_生气.wav
/root/autodl-tmp/CosyVoice_dev/examples/libritts/cosyvoice2/data/esd-emo-grpo/valid/samp_2/0002_000359_生气.wav	/root/autodl-tmp/CosyVoice_dev/examples/libritts/cosyvoice2/data/esd-emo-grpo/valid/receive/0002_000359_生气.wav
/root/autodl-tmp/CosyVoice_dev/examples/libritts/cosyvoice2/data/esd-emo-grpo/valid/samp_2/0002_000360_生气.wav	/root/autodl-tmp/CosyVoice_dev/examples/libritts/cosyvoice2/data/esd-emo-grpo/valid/receive/0002_000360_生气.wav
/root/autodl-tmp/CosyVoice_dev/examples/libritts/cosyvoice2/data/esd-emo-grpo/valid/samp_2/0002_000361_生气.wav	/root/autodl-tmp/CosyVoice_dev/examples/libritts/cosyvoice2/data/esd-emo-grpo/valid/receive/0002_000361_生气.wav
/root/autodl-tmp/CosyVoice_dev/examples/libritts/cosyvoice2/data/esd-emo-grpo/valid/samp_2/0002_000362_生气.wav	/root/autodl-tmp/CosyVoice_dev/examples/libritts/cosyvoice2/data/esd-emo-grpo/valid/receive/0002_000362_生气.wav
/root/autodl-tmp/CosyVoice_dev/examples/libritts/cosyvoice2/data/esd-emo-grpo/valid/samp_2/0002_000363_生气.wav	/root/autodl-tmp/CosyVoice_dev/examples/libritts/cosyvoice2/data/esd-emo-grpo/valid/receive/0002_000363_生气.wav
/root/autodl-tmp/CosyVoice_dev/examples/libritts/cosyvoice2/data/esd-emo-grpo/valid/samp_2/0002_000364_生气.wav	/root/autodl-tmp/CosyVoice_dev/examples/libritts/cosyvoice2/data/esd-emo-grpo/valid/receive/0002_000364_生气.wav
/root/autodl-tmp/CosyVoice_dev/examples/libritts/cosyvoice2/data/esd-emo-grpo/valid/samp_2/0002_000365_生气.wav	/root/autodl-tmp/CosyVoice_dev/examples/libritts/cosyvoice2/data/esd-emo-grpo/valid/receive/0002_000365_生气.wav
/root/autodl-tmp/CosyVoice_dev/examples/libritts/cosyvoice2/data/esd-emo-grpo/valid/samp_2/0002_000366_生气.wav	/root/autodl-tmp/CosyVoice_dev/examples/libritts/cosyvoice2/data/esd-emo-grpo/valid/receive/0002_000366_生气.wav
/root/autodl-tmp/CosyVoice_dev/examples/libritts/cosyvoice2/data/esd-emo-grpo/valid/samp_2/0002_000367_生气.wav	/root/autodl-tmp/CosyVoice_dev/examples/libritts/cosyvoice2/data/esd-emo-grpo/valid/receive/0002_000367_生气.wav
/root/autodl-tmp/CosyVoice_dev/examples/libritts/cosyvoice2/data/esd-emo-grpo/valid/samp_2/0002_000368_生气.wav	/root/autodl-tmp/CosyVoice_dev/examples/libritts/cosyvoice2/data/esd-emo-grpo/valid/receive/0002_000368_生气.wav
/root/autodl-tmp/CosyVoice_dev/examples/libritts/cosyvoice2/data/esd-emo-grpo/valid/samp_2/0002_000369_生气.wav	/root/autodl-tmp/CosyVoice_dev/examples/libritts/cosyvoice2/data/esd-emo-grpo/valid/receive/0002_000369_生气.wav
/root/autodl-tmp/CosyVoice_dev/examples/libritts/cosyvoice2/data/esd-emo-grpo/valid/samp_2/0002_000370_生气.wav	/root/autodl-tmp/CosyVoice_dev/examples/libritts/cosyvoice2/data/esd-emo-grpo/valid/receive/0002_000370_生气.wav
/root/autodl-tmp/CosyVoice_dev/examples/libritts/cosyvoice2/data/esd-emo-grpo/valid/samp_2/0003_000701_快乐.wav	/root/autodl-tmp/CosyVoice_dev/examples/libritts/cosyvoice2/data/esd-emo-grpo/valid/receive/0003_000701_快乐.wav
/root/autodl-tmp/CosyVoice_dev/examples/libritts/cosyvoice2/data/esd-emo-grpo/valid/samp_2/0003_000702_快乐.wav	/root/autodl-tmp/CosyVoice_dev/examples/libritts/cosyvoice2/data/esd-emo-grpo/valid/receive/0003_000702_快乐.wav
/root/autodl-tmp/CosyVoice_dev/examples/libritts/cosyvoice2/data/esd-emo-grpo/valid/samp_2/0003_000703_快乐.wav	/root/autodl-tmp/CosyVoice_dev/examples/libritts/cosyvoice2/data/esd-emo-grpo/valid/receive/0003_000703_快乐.wav
/root/autodl-tmp/CosyVoice_dev/examples/libritts/cosyvoice2/data/esd-emo-grpo/valid/samp_2/0003_000704_快乐.wav	/root/autodl-tmp/CosyVoice_dev/examples/libritts/cosyvoice2/data/esd-emo-grpo/valid/receive/0003_000704_快乐.wav
/root/autodl-tmp/CosyVoice_dev/examples/libritts/cosyvoice2/data/esd-emo-grpo/valid/samp_2/0003_000705_快乐.wav	/root/autodl-tmp/CosyVoice_dev/examples/libritts/cosyvoice2/data/esd-emo-grpo/valid/receive/0003_000705_快乐.wav
/root/autodl-tmp/CosyVoice_dev/examples/libritts/cosyvoice2/data/esd-emo-grpo/valid/samp_2/0003_000706_快乐.wav	/root/autodl-tmp/CosyVoice_dev/examples/libritts/cosyvoice2/data/esd-emo-grpo/valid/receive/0003_000706_快乐.wav
/root/autodl-tmp/CosyVoice_dev/examples/libritts/cosyvoice2/data/esd-emo-grpo/valid/samp_2/0003_000707_快乐.wav	/root/autodl-tmp/CosyVoice_dev/examples/libritts/cosyvoice2/data/esd-emo-grpo/valid/receive/0003_000707_快乐.wav
/root/autodl-tmp/CosyVoice_dev/examples/libritts/cosyvoice2/data/esd-emo-grpo/valid/samp_2/0003_000708_快乐.wav	/root/autodl-tmp/CosyVoice_dev/examples/libritts/cosyvoice2/data/esd-emo-grpo/valid/receive/0003_000708_快乐.wav
/root/autodl-tmp/CosyVoice_dev/examples/libritts/cosyvoice2/data/esd-emo-grpo/valid/samp_2/0003_000709_快乐.wav	/root/autodl-tmp/CosyVoice_dev/examples/libritts/cosyvoice2/data/esd-emo-grpo/valid/receive/0003_000709_快乐.wav
/root/autodl-tmp/CosyVoice_dev/examples/libritts/cosyvoice2/data/esd-emo-grpo/valid/samp_2/0003_000710_快乐.wav	/root/autodl-tmp/CosyVoice_dev/examples/libritts/cosyvoice2/data/esd-emo-grpo/valid/receive/0003_000710_快乐.wav
/root/autodl-tmp/CosyVoice_dev/examples/libritts/cosyvoice2/data/esd-emo-grpo/valid/samp_2/0003_000711_快乐.wav	/root/autodl-tmp/CosyVoice_dev/examples/libritts/cosyvoice2/data/esd-emo-grpo/valid/receive/0003_000711_快乐.wav
/root/autodl-tmp/CosyVoice_dev/examples/libritts/cosyvoice2/data/esd-emo-grpo/valid/samp_2/0003_000712_快乐.wav	/root/autodl-tmp/CosyVoice_dev/examples/libritts/cosyvoice2/data/esd-emo-grpo/valid/receive/0003_000712_快乐.wav
/root/autodl-tmp/CosyVoice_dev/examples/libritts/cosyvoice2/data/esd-emo-grpo/valid/samp_2/0003_000713_快乐.wav	/root/autodl-tmp/CosyVoice_dev/examples/libritts/cosyvoice2/data/esd-emo-grpo/valid/receive/0003_000713_快乐.wav
/root/autodl-tmp/CosyVoice_dev/examples/libritts/cosyvoice2/data/esd-emo-grpo/valid/samp_2/0003_000714_快乐.wav	/root/autodl-tmp/CosyVoice_dev/examples/libritts/cosyvoice2/data/esd-emo-grpo/valid/receive/0003_000714_快乐.wav
/root/autodl-tmp/CosyVoice_dev/examples/libritts/cosyvoice2/data/esd-emo-grpo/valid/samp_2/0003_000715_快乐.wav	/root/autodl-tmp/CosyVoice_dev/examples/libritts/cosyvoice2/data/esd-emo-grpo/valid/receive/0003_000715_快乐.wav
/root/autodl-tmp/CosyVoice_dev/examples/libritts/cosyvoice2/data/esd-emo-grpo/valid/samp_2/0003_000716_快乐.wav	/root/autodl-tmp/CosyVoice_dev/examples/libritts/cosyvoice2/data/esd-emo-grpo/valid/receive/0003_000716_快乐.wav
/root/autodl-tmp/CosyVoice_dev/examples/libritts/cosyvoice2/data/esd-emo-grpo/valid/samp_2/0003_000717_快乐.wav	/root/autodl-tmp/CosyVoice_dev/examples/libritts/cosyvoice2/data/esd-emo-grpo/valid/receive/0003_000717_快乐.wav
/root/autodl-tmp/CosyVoice_dev/examples/libritts/cosyvoice2/data/esd-emo-grpo/valid/samp_2/0003_000718_快乐.wav	/root/autodl-tmp/CosyVoice_dev/examples/libritts/cosyvoice2/data/esd-emo-grpo/valid/receive/0003_000718_快乐.wav
/root/autodl-tmp/CosyVoice_dev/examples/libritts/cosyvoice2/data/esd-emo-grpo/valid/samp_2/0003_000719_快乐.wav	/root/autodl-tmp/CosyVoice_dev/examples/libritts/cosyvoice2/data/esd-emo-grpo/valid/receive/0003_000719_快乐.wav
/root/autodl-tmp/CosyVoice_dev/examples/libritts/cosyvoice2/data/esd-emo-grpo/valid/samp_2/0003_000720_快乐.wav	/root/autodl-tmp/CosyVoice_dev/examples/libritts/cosyvoice2/data/esd-emo-grpo/valid/receive/0003_000720_快乐.wav
/root/autodl-tmp/CosyVoice_dev/examples/libritts/cosyvoice2/data/esd-emo-grpo/valid/samp_2/0003_001051_伤心.wav	/root/autodl-tmp/CosyVoice_dev/examples/libritts/cosyvoice2/data/esd-emo-grpo/valid/receive/0003_001051_伤心.wav
/root/autodl-tmp/CosyVoice_dev/examples/libritts/cosyvoice2/data/esd-emo-grpo/valid/samp_2/0003_001052_伤心.wav	/root/autodl-tmp/CosyVoice_dev/examples/libritts/cosyvoice2/data/esd-emo-grpo/valid/receive/0003_001052_伤心.wav
/root/autodl-tmp/CosyVoice_dev/examples/libritts/cosyvoice2/data/esd-emo-grpo/valid/samp_2/0003_001053_伤心.wav	/root/autodl-tmp/CosyVoice_dev/examples/libritts/cosyvoice2/data/esd-emo-grpo/valid/receive/0003_001053_伤心.wav
/root/autodl-tmp/CosyVoice_dev/examples/libritts/cosyvoice2/data/esd-emo-grpo/valid/samp_2/0003_001054_伤心.wav	/root/autodl-tmp/CosyVoice_dev/examples/libritts/cosyvoice2/data/esd-emo-grpo/valid/receive/0003_001054_伤心.wav
/root/autodl-tmp/CosyVoice_dev/examples/libritts/cosyvoice2/data/esd-emo-grpo/valid/samp_2/0003_001055_伤心.wav	/root/autodl-tmp/CosyVoice_dev/examples/libritts/cosyvoice2/data/esd-emo-grpo/valid/receive/0003_001055_伤心.wav
/root/autodl-tmp/CosyVoice_dev/examples/libritts/cosyvoice2/data/esd-emo-grpo/valid/samp_2/0003_001056_伤心.wav	/root/autodl-tmp/CosyVoice_dev/examples/libritts/cosyvoice2/data/esd-emo-grpo/valid/receive/0003_001056_伤心.wav
/root/autodl-tmp/CosyVoice_dev/examples/libritts/cosyvoice2/data/esd-emo-grpo/valid/samp_2/0003_001057_伤心.wav	/root/autodl-tmp/CosyVoice_dev/examples/libritts/cosyvoice2/data/esd-emo-grpo/valid/receive/0003_001057_伤心.wav
/root/autodl-tmp/CosyVoice_dev/examples/libritts/cosyvoice2/data/esd-emo-grpo/valid/samp_2/0003_001058_伤心.wav	/root/autodl-tmp/CosyVoice_dev/examples/libritts/cosyvoice2/data/esd-emo-grpo/valid/receive/0003_001058_伤心.wav
/root/autodl-tmp/CosyVoice_dev/examples/libritts/cosyvoice2/data/esd-emo-grpo/valid/samp_2/0003_001059_伤心.wav	/root/autodl-tmp/CosyVoice_dev/examples/libritts/cosyvoice2/data/esd-emo-grpo/valid/receive/0003_001059_伤心.wav
/root/autodl-tmp/CosyVoice_dev/examples/libritts/cosyvoice2/data/esd-emo-grpo/valid/samp_2/0003_001060_伤心.wav	/root/autodl-tmp/CosyVoice_dev/examples/libritts/cosyvoice2/data/esd-emo-grpo/valid/receive/0003_001060_伤心.wav
/root/autodl-tmp/CosyVoice_dev/examples/libritts/cosyvoice2/data/esd-emo-grpo/valid/samp_2/0003_001061_伤心.wav	/root/autodl-tmp/CosyVoice_dev/examples/libritts/cosyvoice2/data/esd-emo-grpo/valid/receive/0003_001061_伤心.wav
/root/autodl-tmp/CosyVoice_dev/examples/libritts/cosyvoice2/data/esd-emo-grpo/valid/samp_2/0003_001062_伤心.wav	/root/autodl-tmp/CosyVoice_dev/examples/libritts/cosyvoice2/data/esd-emo-grpo/valid/receive/0003_001062_伤心.wav
/root/autodl-tmp/CosyVoice_dev/examples/libritts/cosyvoice2/data/esd-emo-grpo/valid/samp_2/0003_001063_伤心.wav	/root/autodl-tmp/CosyVoice_dev/examples/libritts/cosyvoice2/data/esd-emo-grpo/valid/receive/0003_001063_伤心.wav
/root/autodl-tmp/CosyVoice_dev/examples/libritts/cosyvoice2/data/esd-emo-grpo/valid/samp_2/0003_001064_伤心.wav	/root/autodl-tmp/CosyVoice_dev/examples/libritts/cosyvoice2/data/esd-emo-grpo/valid/receive/0003_001064_伤心.wav
/root/autodl-tmp/CosyVoice_dev/examples/libritts/cosyvoice2/data/esd-emo-grpo/valid/samp_2/0003_001065_伤心.wav	/root/autodl-tmp/CosyVoice_dev/examples/libritts/cosyvoice2/data/esd-emo-grpo/valid/receive/0003_001065_伤心.wav
/root/autodl-tmp/CosyVoice_dev/examples/libritts/cosyvoice2/data/esd-emo-grpo/valid/samp_2/0003_001066_伤心.wav	/root/autodl-tmp/CosyVoice_dev/examples/libritts/cosyvoice2/data/esd-emo-grpo/valid/receive/0003_001066_伤心.wav
/root/autodl-tmp/CosyVoice_dev/examples/libritts/cosyvoice2/data/esd-emo-grpo/valid/samp_2/0003_001067_伤心.wav	/root/autodl-tmp/CosyVoice_dev/examples/libritts/cosyvoice2/data/esd-emo-grpo/valid/receive/0003_001067_伤心.wav
/root/autodl-tmp/CosyVoice_dev/examples/libritts/cosyvoice2/data/esd-emo-grpo/valid/samp_2/0003_001068_伤心.wav	/root/autodl-tmp/CosyVoice_dev/examples/libritts/cosyvoice2/data/esd-emo-grpo/valid/receive/0003_001068_伤心.wav
/root/autodl-tmp/CosyVoice_dev/examples/libritts/cosyvoice2/data/esd-emo-grpo/valid/samp_2/0003_001069_伤心.wav	/root/autodl-tmp/CosyVoice_dev/examples/libritts/cosyvoice2/data/esd-emo-grpo/valid/receive/0003_001069_伤心.wav
/root/autodl-tmp/CosyVoice_dev/examples/libritts/cosyvoice2/data/esd-emo-grpo/valid/samp_2/0003_001070_伤心.wav	/root/autodl-tmp/CosyVoice_dev/examples/libritts/cosyvoice2/data/esd-emo-grpo/valid/receive/0003_001070_伤心.wav
/root/autodl-tmp/CosyVoice_dev/examples/libritts/cosyvoice2/data/esd-emo-grpo/valid/samp_2/0004_000705_快乐.wav	/root/autodl-tmp/CosyVoice_dev/examples/libritts/cosyvoice2/data/esd-emo-grpo/valid/receive/0004_000705_快乐.wav
/root/autodl-tmp/CosyVoice_dev/examples/libritts/cosyvoice2/data/esd-emo-grpo/valid/samp_2/0004_000706_快乐.wav	/root/autodl-tmp/CosyVoice_dev/examples/libritts/cosyvoice2/data/esd-emo-grpo/valid/receive/0004_000706_快乐.wav
/root/autodl-tmp/CosyVoice_dev/examples/libritts/cosyvoice2/data/esd-emo-grpo/valid/samp_2/0004_000707_快乐.wav	/root/autodl-tmp/CosyVoice_dev/examples/libritts/cosyvoice2/data/esd-emo-grpo/valid/receive/0004_000707_快乐.wav
/root/autodl-tmp/CosyVoice_dev/examples/libritts/cosyvoice2/data/esd-emo-grpo/valid/samp_2/0004_000708_快乐.wav	/root/autodl-tmp/CosyVoice_dev/examples/libritts/cosyvoice2/data/esd-emo-grpo/valid/receive/0004_000708_快乐.wav
/root/autodl-tmp/CosyVoice_dev/examples/libritts/cosyvoice2/data/esd-emo-grpo/valid/samp_2/0004_000709_快乐.wav	/root/autodl-tmp/CosyVoice_dev/examples/libritts/cosyvoice2/data/esd-emo-grpo/valid/receive/0004_000709_快乐.wav
/root/autodl-tmp/CosyVoice_dev/examples/libritts/cosyvoice2/data/esd-emo-grpo/valid/samp_2/0004_000710_快乐.wav	/root/autodl-tmp/CosyVoice_dev/examples/libritts/cosyvoice2/data/esd-emo-grpo/valid/receive/0004_000710_快乐.wav
/root/autodl-tmp/CosyVoice_dev/examples/libritts/cosyvoice2/data/esd-emo-grpo/valid/samp_2/0004_000711_快乐.wav	/root/autodl-tmp/CosyVoice_dev/examples/libritts/cosyvoice2/data/esd-emo-grpo/valid/receive/0004_000711_快乐.wav
/root/autodl-tmp/CosyVoice_dev/examples/libritts/cosyvoice2/data/esd-emo-grpo/valid/samp_2/0004_000712_快乐.wav	/root/autodl-tmp/CosyVoice_dev/examples/libritts/cosyvoice2/data/esd-emo-grpo/valid/receive/0004_000712_快乐.wav
/root/autodl-tmp/CosyVoice_dev/examples/libritts/cosyvoice2/data/esd-emo-grpo/valid/samp_2/0004_000713_快乐.wav	/root/autodl-tmp/CosyVoice_dev/examples/libritts/cosyvoice2/data/esd-emo-grpo/valid/receive/0004_000713_快乐.wav
/root/autodl-tmp/CosyVoice_dev/examples/libritts/cosyvoice2/data/esd-emo-grpo/valid/samp_2/0004_000714_快乐.wav	/root/autodl-tmp/CosyVoice_dev/examples/libritts/cosyvoice2/data/esd-emo-grpo/valid/receive/0004_000714_快乐.wav
/root/autodl-tmp/CosyVoice_dev/examples/libritts/cosyvoice2/data/esd-emo-grpo/valid/samp_2/0004_000715_快乐.wav	/root/autodl-tmp/CosyVoice_dev/examples/libritts/cosyvoice2/data/esd-emo-grpo/valid/receive/0004_000715_快乐.wav
/root/autodl-tmp/CosyVoice_dev/examples/libritts/cosyvoice2/data/esd-emo-grpo/valid/samp_2/0004_000716_快乐.wav	/root/autodl-tmp/CosyVoice_dev/examples/libritts/cosyvoice2/data/esd-emo-grpo/valid/receive/0004_000716_快乐.wav
/root/autodl-tmp/CosyVoice_dev/examples/libritts/cosyvoice2/data/esd-emo-grpo/valid/samp_2/0004_000717_快乐.wav	/root/autodl-tmp/CosyVoice_dev/examples/libritts/cosyvoice2/data/esd-emo-grpo/valid/receive/0004_000717_快乐.wav
/root/autodl-tmp/CosyVoice_dev/examples/libritts/cosyvoice2/data/esd-emo-grpo/valid/samp_2/0004_000718_快乐.wav	/root/autodl-tmp/CosyVoice_dev/examples/libritts/cosyvoice2/data/esd-emo-grpo/valid/receive/0004_000718_快乐.wav
/root/autodl-tmp/CosyVoice_dev/examples/libritts/cosyvoice2/data/esd-emo-grpo/valid/samp_2/0004_000719_快乐.wav	/root/autodl-tmp/CosyVoice_dev/examples/libritts/cosyvoice2/data/esd-emo-grpo/valid/receive/0004_000719_快乐.wav
/root/autodl-tmp/CosyVoice_dev/examples/libritts/cosyvoice2/data/esd-emo-grpo/valid/samp_2/0004_000720_快乐.wav	/root/autodl-tmp/CosyVoice_dev/examples/libritts/cosyvoice2/data/esd-emo-grpo/valid/receive/0004_000720_快乐.wav
/root/autodl-tmp/CosyVoice_dev/examples/libritts/cosyvoice2/data/esd-emo-grpo/valid/samp_2/0004_001051_伤心.wav	/root/autodl-tmp/CosyVoice_dev/examples/libritts/cosyvoice2/data/esd-emo-grpo/valid/receive/0004_001051_伤心.wav
/root/autodl-tmp/CosyVoice_dev/examples/libritts/cosyvoice2/data/esd-emo-grpo/valid/samp_2/0004_001052_伤心.wav	/root/autodl-tmp/CosyVoice_dev/examples/libritts/cosyvoice2/data/esd-emo-grpo/valid/receive/0004_001052_伤心.wav
/root/autodl-tmp/CosyVoice_dev/examples/libritts/cosyvoice2/data/esd-emo-grpo/valid/samp_2/0004_001053_伤心.wav	/root/autodl-tmp/CosyVoice_dev/examples/libritts/cosyvoice2/data/esd-emo-grpo/valid/receive/0004_001053_伤心.wav
/root/autodl-tmp/CosyVoice_dev/examples/libritts/cosyvoice2/data/esd-emo-grpo/valid/samp_2/0004_001054_伤心.wav	/root/autodl-tmp/CosyVoice_dev/examples/libritts/cosyvoice2/data/esd-emo-grpo/valid/receive/0004_001054_伤心.wav
/root/autodl-tmp/CosyVoice_dev/examples/libritts/cosyvoice2/data/esd-emo-grpo/valid/samp_2/0004_001055_伤心.wav	/root/autodl-tmp/CosyVoice_dev/examples/libritts/cosyvoice2/data/esd-emo-grpo/valid/receive/0004_001055_伤心.wav
/root/autodl-tmp/CosyVoice_dev/examples/libritts/cosyvoice2/data/esd-emo-grpo/valid/samp_2/0004_001056_伤心.wav	/root/autodl-tmp/CosyVoice_dev/examples/libritts/cosyvoice2/data/esd-emo-grpo/valid/receive/0004_001056_伤心.wav
/root/autodl-tmp/CosyVoice_dev/examples/libritts/cosyvoice2/data/esd-emo-grpo/valid/samp_2/0004_001057_伤心.wav	/root/autodl-tmp/CosyVoice_dev/examples/libritts/cosyvoice2/data/esd-emo-grpo/valid/receive/0004_001057_伤心.wav
/root/autodl-tmp/CosyVoice_dev/examples/libritts/cosyvoice2/data/esd-emo-grpo/valid/samp_2/0004_001058_伤心.wav	/root/autodl-tmp/CosyVoice_dev/examples/libritts/cosyvoice2/data/esd-emo-grpo/valid/receive/0004_001058_伤心.wav
/root/autodl-tmp/CosyVoice_dev/examples/libritts/cosyvoice2/data/esd-emo-grpo/valid/samp_2/0004_001059_伤心.wav	/root/autodl-tmp/CosyVoice_dev/examples/libritts/cosyvoice2/data/esd-emo-grpo/valid/receive/0004_001059_伤心.wav
/root/autodl-tmp/CosyVoice_dev/examples/libritts/cosyvoice2/data/esd-emo-grpo/valid/samp_2/0004_001060_伤心.wav	/root/autodl-tmp/CosyVoice_dev/examples/libritts/cosyvoice2/data/esd-emo-grpo/valid/receive/0004_001060_伤心.wav
/root/autodl-tmp/CosyVoice_dev/examples/libritts/cosyvoice2/data/esd-emo-grpo/valid/samp_2/0004_001061_伤心.wav	/root/autodl-tmp/CosyVoice_dev/examples/libritts/cosyvoice2/data/esd-emo-grpo/valid/receive/0004_001061_伤心.wav
/root/autodl-tmp/CosyVoice_dev/examples/libritts/cosyvoice2/data/esd-emo-grpo/valid/samp_2/0004_001062_伤心.wav	/root/autodl-tmp/CosyVoice_dev/examples/libritts/cosyvoice2/data/esd-emo-grpo/valid/receive/0004_001062_伤心.wav
/root/autodl-tmp/CosyVoice_dev/examples/libritts/cosyvoice2/data/esd-emo-grpo/valid/samp_2/0004_001063_伤心.wav	/root/autodl-tmp/CosyVoice_dev/examples/libritts/cosyvoice2/data/esd-emo-grpo/valid/receive/0004_001063_伤心.wav
/root/autodl-tmp/CosyVoice_dev/examples/libritts/cosyvoice2/data/esd-emo-grpo/valid/samp_2/0004_001064_伤心.wav	/root/autodl-tmp/CosyVoice_dev/examples/libritts/cosyvoice2/data/esd-emo-grpo/valid/receive/0004_001064_伤心.wav
/root/autodl-tmp/CosyVoice_dev/examples/libritts/cosyvoice2/data/esd-emo-grpo/valid/samp_2/0004_001065_伤心.wav	/root/autodl-tmp/CosyVoice_dev/examples/libritts/cosyvoice2/data/esd-emo-grpo/valid/receive/0004_001065_伤心.wav
/root/autodl-tmp/CosyVoice_dev/examples/libritts/cosyvoice2/data/esd-emo-grpo/valid/samp_2/0004_001066_伤心.wav	/root/autodl-tmp/CosyVoice_dev/examples/libritts/cosyvoice2/data/esd-emo-grpo/valid/receive/0004_001066_伤心.wav
/root/autodl-tmp/CosyVoice_dev/examples/libritts/cosyvoice2/data/esd-emo-grpo/valid/samp_2/0004_001067_伤心.wav	/root/autodl-tmp/CosyVoice_dev/examples/libritts/cosyvoice2/data/esd-emo-grpo/valid/receive/0004_001067_伤心.wav
/root/autodl-tmp/CosyVoice_dev/examples/libritts/cosyvoice2/data/esd-emo-grpo/valid/samp_2/0004_001068_伤心.wav	/root/autodl-tmp/CosyVoice_dev/examples/libritts/cosyvoice2/data/esd-emo-grpo/valid/receive/0004_001068_伤心.wav
/root/autodl-tmp/CosyVoice_dev/examples/libritts/cosyvoice2/data/esd-emo-grpo/valid/samp_2/0004_001069_伤心.wav	/root/autodl-tmp/CosyVoice_dev/examples/libritts/cosyvoice2/data/esd-emo-grpo/valid/receive/0004_001069_伤心.wav
/root/autodl-tmp/CosyVoice_dev/examples/libritts/cosyvoice2/data/esd-emo-grpo/valid/samp_2/0004_001070_伤心.wav	/root/autodl-tmp/CosyVoice_dev/examples/libritts/cosyvoice2/data/esd-emo-grpo/valid/receive/0004_001070_伤心.wav
/root/autodl-tmp/CosyVoice_dev/examples/libritts/cosyvoice2/data/esd-emo-grpo/valid/samp_2/0004_001401_惊喜.wav	/root/autodl-tmp/CosyVoice_dev/examples/libritts/cosyvoice2/data/esd-emo-grpo/valid/receive/0004_001401_惊喜.wav
/root/autodl-tmp/CosyVoice_dev/examples/libritts/cosyvoice2/data/esd-emo-grpo/valid/samp_2/0004_001402_惊喜.wav	/root/autodl-tmp/CosyVoice_dev/examples/libritts/cosyvoice2/data/esd-emo-grpo/valid/receive/0004_001402_惊喜.wav
/root/autodl-tmp/CosyVoice_dev/examples/libritts/cosyvoice2/data/esd-emo-grpo/valid/samp_2/0004_001403_惊喜.wav	/root/autodl-tmp/CosyVoice_dev/examples/libritts/cosyvoice2/data/esd-emo-grpo/valid/receive/0004_001403_惊喜.wav
/root/autodl-tmp/CosyVoice_dev/examples/libritts/cosyvoice2/data/esd-emo-grpo/valid/samp_2/0004_001404_惊喜.wav	/root/autodl-tmp/CosyVoice_dev/examples/libritts/cosyvoice2/data/esd-emo-grpo/valid/receive/0004_001404_惊喜.wav
/root/autodl-tmp/CosyVoice_dev/examples/libritts/cosyvoice2/data/esd-emo-grpo/valid/samp_2/0004_001405_惊喜.wav	/root/autodl-tmp/CosyVoice_dev/examples/libritts/cosyvoice2/data/esd-emo-grpo/valid/receive/0004_001405_惊喜.wav
/root/autodl-tmp/CosyVoice_dev/examples/libritts/cosyvoice2/data/esd-emo-grpo/valid/samp_2/0004_001406_惊喜.wav	/root/autodl-tmp/CosyVoice_dev/examples/libritts/cosyvoice2/data/esd-emo-grpo/valid/receive/0004_001406_惊喜.wav
/root/autodl-tmp/CosyVoice_dev/examples/libritts/cosyvoice2/data/esd-emo-grpo/valid/samp_2/0004_001407_惊喜.wav	/root/autodl-tmp/CosyVoice_dev/examples/libritts/cosyvoice2/data/esd-emo-grpo/valid/receive/0004_001407_惊喜.wav
/root/autodl-tmp/CosyVoice_dev/examples/libritts/cosyvoice2/data/esd-emo-grpo/valid/samp_2/0004_001408_惊喜.wav	/root/autodl-tmp/CosyVoice_dev/examples/libritts/cosyvoice2/data/esd-emo-grpo/valid/receive/0004_001408_惊喜.wav
/root/autodl-tmp/CosyVoice_dev/examples/libritts/cosyvoice2/data/esd-emo-grpo/valid/samp_2/0004_001409_惊喜.wav	/root/autodl-tmp/CosyVoice_dev/examples/libritts/cosyvoice2/data/esd-emo-grpo/valid/receive/0004_001409_惊喜.wav
/root/autodl-tmp/CosyVoice_dev/examples/libritts/cosyvoice2/data/esd-emo-grpo/valid/samp_2/0004_001410_惊喜.wav	/root/autodl-tmp/CosyVoice_dev/examples/libritts/cosyvoice2/data/esd-emo-grpo/valid/receive/0004_001410_惊喜.wav
/root/autodl-tmp/CosyVoice_dev/examples/libritts/cosyvoice2/data/esd-emo-grpo/valid/samp_2/0004_001411_惊喜.wav	/root/autodl-tmp/CosyVoice_dev/examples/libritts/cosyvoice2/data/esd-emo-grpo/valid/receive/0004_001411_惊喜.wav
/root/autodl-tmp/CosyVoice_dev/examples/libritts/cosyvoice2/data/esd-emo-grpo/valid/samp_2/0004_001412_惊喜.wav	/root/autodl-tmp/CosyVoice_dev/examples/libritts/cosyvoice2/data/esd-emo-grpo/valid/receive/0004_001412_惊喜.wav
/root/autodl-tmp/CosyVoice_dev/examples/libritts/cosyvoice2/data/esd-emo-grpo/valid/samp_2/0004_001413_惊喜.wav	/root/autodl-tmp/CosyVoice_dev/examples/libritts/cosyvoice2/data/esd-emo-grpo/valid/receive/0004_001413_惊喜.wav
/root/autodl-tmp/CosyVoice_dev/examples/libritts/cosyvoice2/data/esd-emo-grpo/valid/samp_2/0004_001414_惊喜.wav	/root/autodl-tmp/CosyVoice_dev/examples/libritts/cosyvoice2/data/esd-emo-grpo/valid/receive/0004_001414_惊喜.wav
/root/autodl-tmp/CosyVoice_dev/examples/libritts/cosyvoice2/data/esd-emo-grpo/valid/samp_2/0004_001415_惊喜.wav	/root/autodl-tmp/CosyVoice_dev/examples/libritts/cosyvoice2/data/esd-emo-grpo/valid/receive/0004_001415_惊喜.wav
/root/autodl-tmp/CosyVoice_dev/examples/libritts/cosyvoice2/data/esd-emo-grpo/valid/samp_2/0004_001416_惊喜.wav	/root/autodl-tmp/CosyVoice_dev/examples/libritts/cosyvoice2/data/esd-emo-grpo/valid/receive/0004_001416_惊喜.wav
/root/autodl-tmp/CosyVoice_dev/examples/libritts/cosyvoice2/data/esd-emo-grpo/valid/samp_2/0004_001417_惊喜.wav	/root/autodl-tmp/CosyVoice_dev/examples/libritts/cosyvoice2/data/esd-emo-grpo/valid/receive/0004_001417_惊喜.wav
/root/autodl-tmp/CosyVoice_dev/examples/libritts/cosyvoice2/data/esd-emo-grpo/valid/samp_2/0004_001418_惊喜.wav	/root/autodl-tmp/CosyVoice_dev/examples/libritts/cosyvoice2/data/esd-emo-grpo/valid/receive/0004_001418_惊喜.wav
/root/autodl-tmp/CosyVoice_dev/examples/libritts/cosyvoice2/data/esd-emo-grpo/valid/samp_2/0004_001419_惊喜.wav	/root/autodl-tmp/CosyVoice_dev/examples/libritts/cosyvoice2/data/esd-emo-grpo/valid/receive/0004_001419_惊喜.wav
/root/autodl-tmp/CosyVoice_dev/examples/libritts/cosyvoice2/data/esd-emo-grpo/valid/samp_2/0004_001420_惊喜.wav	/root/autodl-tmp/CosyVoice_dev/examples/libritts/cosyvoice2/data/esd-emo-grpo/valid/receive/0004_001420_惊喜.wav
/root/autodl-tmp/CosyVoice_dev/examples/libritts/cosyvoice2/data/esd-emo-grpo/valid/samp_2/0004_000001_冷静.wav	/root/autodl-tmp/CosyVoice_dev/examples/libritts/cosyvoice2/data/esd-emo-grpo/valid/receive/0004_000001_冷静.wav
/root/autodl-tmp/CosyVoice_dev/examples/libritts/cosyvoice2/data/esd-emo-grpo/valid/samp_2/0004_000002_冷静.wav	/root/autodl-tmp/CosyVoice_dev/examples/libritts/cosyvoice2/data/esd-emo-grpo/valid/receive/0004_000002_冷静.wav
/root/autodl-tmp/CosyVoice_dev/examples/libritts/cosyvoice2/data/esd-emo-grpo/valid/samp_2/0004_000003_冷静.wav	/root/autodl-tmp/CosyVoice_dev/examples/libritts/cosyvoice2/data/esd-emo-grpo/valid/receive/0004_000003_冷静.wav
/root/autodl-tmp/CosyVoice_dev/examples/libritts/cosyvoice2/data/esd-emo-grpo/valid/samp_2/0004_000004_冷静.wav	/root/autodl-tmp/CosyVoice_dev/examples/libritts/cosyvoice2/data/esd-emo-grpo/valid/receive/0004_000004_冷静.wav
/root/autodl-tmp/CosyVoice_dev/examples/libritts/cosyvoice2/data/esd-emo-grpo/valid/samp_2/0004_000005_冷静.wav	/root/autodl-tmp/CosyVoice_dev/examples/libritts/cosyvoice2/data/esd-emo-grpo/valid/receive/0004_000005_冷静.wav
/root/autodl-tmp/CosyVoice_dev/examples/libritts/cosyvoice2/data/esd-emo-grpo/valid/samp_2/0004_000006_冷静.wav	/root/autodl-tmp/CosyVoice_dev/examples/libritts/cosyvoice2/data/esd-emo-grpo/valid/receive/0004_000006_冷静.wav
/root/autodl-tmp/CosyVoice_dev/examples/libritts/cosyvoice2/data/esd-emo-grpo/valid/samp_2/0004_000007_冷静.wav	/root/autodl-tmp/CosyVoice_dev/examples/libritts/cosyvoice2/data/esd-emo-grpo/valid/receive/0004_000007_冷静.wav
/root/autodl-tmp/CosyVoice_dev/examples/libritts/cosyvoice2/data/esd-emo-grpo/valid/samp_2/0004_000008_冷静.wav	/root/autodl-tmp/CosyVoice_dev/examples/libritts/cosyvoice2/data/esd-emo-grpo/valid/receive/0004_000008_冷静.wav
/root/autodl-tmp/CosyVoice_dev/examples/libritts/cosyvoice2/data/esd-emo-grpo/valid/samp_2/0004_000009_冷静.wav	/root/autodl-tmp/CosyVoice_dev/examples/libritts/cosyvoice2/data/esd-emo-grpo/valid/receive/0004_000009_冷静.wav
/root/autodl-tmp/CosyVoice_dev/examples/libritts/cosyvoice2/data/esd-emo-grpo/valid/samp_2/0004_000010_冷静.wav	/root/autodl-tmp/CosyVoice_dev/examples/libritts/cosyvoice2/data/esd-emo-grpo/valid/receive/0004_000010_冷静.wav
/root/autodl-tmp/CosyVoice_dev/examples/libritts/cosyvoice2/data/esd-emo-grpo/valid/samp_2/0004_000011_冷静.wav	/root/autodl-tmp/CosyVoice_dev/examples/libritts/cosyvoice2/data/esd-emo-grpo/valid/receive/0004_000011_冷静.wav
/root/autodl-tmp/CosyVoice_dev/examples/libritts/cosyvoice2/data/esd-emo-grpo/valid/samp_2/0004_000012_冷静.wav	/root/autodl-tmp/CosyVoice_dev/examples/libritts/cosyvoice2/data/esd-emo-grpo/valid/receive/0004_000012_冷静.wav
/root/autodl-tmp/CosyVoice_dev/examples/libritts/cosyvoice2/data/esd-emo-grpo/valid/samp_2/0004_000013_冷静.wav	/root/autodl-tmp/CosyVoice_dev/examples/libritts/cosyvoice2/data/esd-emo-grpo/valid/receive/0004_000013_冷静.wav
/root/autodl-tmp/CosyVoice_dev/examples/libritts/cosyvoice2/data/esd-emo-grpo/valid/samp_2/0004_000014_冷静.wav	/root/autodl-tmp/CosyVoice_dev/examples/libritts/cosyvoice2/data/esd-emo-grpo/valid/receive/0004_000014_冷静.wav
/root/autodl-tmp/CosyVoice_dev/examples/libritts/cosyvoice2/data/esd-emo-grpo/valid/samp_2/0004_000015_冷静.wav	/root/autodl-tmp/CosyVoice_dev/examples/libritts/cosyvoice2/data/esd-emo-grpo/valid/receive/0004_000015_冷静.wav
/root/autodl-tmp/CosyVoice_dev/examples/libritts/cosyvoice2/data/esd-emo-grpo/valid/samp_2/0004_000016_冷静.wav	/root/autodl-tmp/CosyVoice_dev/examples/libritts/cosyvoice2/data/esd-emo-grpo/valid/receive/0004_000016_冷静.wav
/root/autodl-tmp/CosyVoice_dev/examples/libritts/cosyvoice2/data/esd-emo-grpo/valid/samp_2/0004_000017_冷静.wav	/root/autodl-tmp/CosyVoice_dev/examples/libritts/cosyvoice2/data/esd-emo-grpo/valid/receive/0004_000017_冷静.wav
/root/autodl-tmp/CosyVoice_dev/examples/libritts/cosyvoice2/data/esd-emo-grpo/valid/samp_2/0004_000018_冷静.wav	/root/autodl-tmp/CosyVoice_dev/examples/libritts/cosyvoice2/data/esd-emo-grpo/valid/receive/0004_000018_冷静.wav
/root/autodl-tmp/CosyVoice_dev/examples/libritts/cosyvoice2/data/esd-emo-grpo/valid/samp_2/0004_000019_冷静.wav	/root/autodl-tmp/CosyVoice_dev/examples/libritts/cosyvoice2/data/esd-emo-grpo/valid/receive/0004_000019_冷静.wav
/root/autodl-tmp/CosyVoice_dev/examples/libritts/cosyvoice2/data/esd-emo-grpo/valid/samp_2/0004_000020_冷静.wav	/root/autodl-tmp/CosyVoice_dev/examples/libritts/cosyvoice2/data/esd-emo-grpo/valid/receive/0004_000020_冷静.wav
/root/autodl-tmp/CosyVoice_dev/examples/libritts/cosyvoice2/data/esd-emo-grpo/valid/samp_2/0004_000351_生气.wav	/root/autodl-tmp/CosyVoice_dev/examples/libritts/cosyvoice2/data/esd-emo-grpo/valid/receive/0004_000351_生气.wav
/root/autodl-tmp/CosyVoice_dev/examples/libritts/cosyvoice2/data/esd-emo-grpo/valid/samp_2/0004_000352_生气.wav	/root/autodl-tmp/CosyVoice_dev/examples/libritts/cosyvoice2/data/esd-emo-grpo/valid/receive/0004_000352_生气.wav
/root/autodl-tmp/CosyVoice_dev/examples/libritts/cosyvoice2/data/esd-emo-grpo/valid/samp_2/0004_000353_生气.wav	/root/autodl-tmp/CosyVoice_dev/examples/libritts/cosyvoice2/data/esd-emo-grpo/valid/receive/0004_000353_生气.wav
/root/autodl-tmp/CosyVoice_dev/examples/libritts/cosyvoice2/data/esd-emo-grpo/valid/samp_2/0004_000354_生气.wav	/root/autodl-tmp/CosyVoice_dev/examples/libritts/cosyvoice2/data/esd-emo-grpo/valid/receive/0004_000354_生气.wav
/root/autodl-tmp/CosyVoice_dev/examples/libritts/cosyvoice2/data/esd-emo-grpo/valid/samp_2/0004_000355_生气.wav	/root/autodl-tmp/CosyVoice_dev/examples/libritts/cosyvoice2/data/esd-emo-grpo/valid/receive/0004_000355_生气.wav
/root/autodl-tmp/CosyVoice_dev/examples/libritts/cosyvoice2/data/esd-emo-grpo/valid/samp_2/0004_000356_生气.wav	/root/autodl-tmp/CosyVoice_dev/examples/libritts/cosyvoice2/data/esd-emo-grpo/valid/receive/0004_000356_生气.wav
/root/autodl-tmp/CosyVoice_dev/examples/libritts/cosyvoice2/data/esd-emo-grpo/valid/samp_2/0004_000357_生气.wav	/root/autodl-tmp/CosyVoice_dev/examples/libritts/cosyvoice2/data/esd-emo-grpo/valid/receive/0004_000357_生气.wav
/root/autodl-tmp/CosyVoice_dev/examples/libritts/cosyvoice2/data/esd-emo-grpo/valid/samp_2/0004_000358_生气.wav	/root/autodl-tmp/CosyVoice_dev/examples/libritts/cosyvoice2/data/esd-emo-grpo/valid/receive/0004_000358_生气.wav
/root/autodl-tmp/CosyVoice_dev/examples/libritts/cosyvoice2/data/esd-emo-grpo/valid/samp_2/0004_000359_生气.wav	/root/autodl-tmp/CosyVoice_dev/examples/libritts/cosyvoice2/data/esd-emo-grpo/valid/receive/0004_000359_生气.wav
/root/autodl-tmp/CosyVoice_dev/examples/libritts/cosyvoice2/data/esd-emo-grpo/valid/samp_2/0004_000360_生气.wav	/root/autodl-tmp/CosyVoice_dev/examples/libritts/cosyvoice2/data/esd-emo-grpo/valid/receive/0004_000360_生气.wav
/root/autodl-tmp/CosyVoice_dev/examples/libritts/cosyvoice2/data/esd-emo-grpo/valid/samp_2/0004_000361_生气.wav	/root/autodl-tmp/CosyVoice_dev/examples/libritts/cosyvoice2/data/esd-emo-grpo/valid/receive/0004_000361_生气.wav
/root/autodl-tmp/CosyVoice_dev/examples/libritts/cosyvoice2/data/esd-emo-grpo/valid/samp_2/0004_000362_生气.wav	/root/autodl-tmp/CosyVoice_dev/examples/libritts/cosyvoice2/data/esd-emo-grpo/valid/receive/0004_000362_生气.wav
/root/autodl-tmp/CosyVoice_dev/examples/libritts/cosyvoice2/data/esd-emo-grpo/valid/samp_2/0004_000363_生气.wav	/root/autodl-tmp/CosyVoice_dev/examples/libritts/cosyvoice2/data/esd-emo-grpo/valid/receive/0004_000363_生气.wav
/root/autodl-tmp/CosyVoice_dev/examples/libritts/cosyvoice2/data/esd-emo-grpo/valid/samp_2/0004_000364_生气.wav	/root/autodl-tmp/CosyVoice_dev/examples/libritts/cosyvoice2/data/esd-emo-grpo/valid/receive/0004_000364_生气.wav
/root/autodl-tmp/CosyVoice_dev/examples/libritts/cosyvoice2/data/esd-emo-grpo/valid/samp_2/0004_000365_生气.wav	/root/autodl-tmp/CosyVoice_dev/examples/libritts/cosyvoice2/data/esd-emo-grpo/valid/receive/0004_000365_生气.wav
/root/autodl-tmp/CosyVoice_dev/examples/libritts/cosyvoice2/data/esd-emo-grpo/valid/samp_2/0004_000366_生气.wav	/root/autodl-tmp/CosyVoice_dev/examples/libritts/cosyvoice2/data/esd-emo-grpo/valid/receive/0004_000366_生气.wav
/root/autodl-tmp/CosyVoice_dev/examples/libritts/cosyvoice2/data/esd-emo-grpo/valid/samp_2/0004_000367_生气.wav	/root/autodl-tmp/CosyVoice_dev/examples/libritts/cosyvoice2/data/esd-emo-grpo/valid/receive/0004_000367_生气.wav
/root/autodl-tmp/CosyVoice_dev/examples/libritts/cosyvoice2/data/esd-emo-grpo/valid/samp_2/0004_000368_生气.wav	/root/autodl-tmp/CosyVoice_dev/examples/libritts/cosyvoice2/data/esd-emo-grpo/valid/receive/0004_000368_生气.wav
/root/autodl-tmp/CosyVoice_dev/examples/libritts/cosyvoice2/data/esd-emo-grpo/valid/samp_2/0004_000369_生气.wav	/root/autodl-tmp/CosyVoice_dev/examples/libritts/cosyvoice2/data/esd-emo-grpo/valid/receive/0004_000369_生气.wav
/root/autodl-tmp/CosyVoice_dev/examples/libritts/cosyvoice2/data/esd-emo-grpo/valid/samp_2/0004_000370_生气.wav	/root/autodl-tmp/CosyVoice_dev/examples/libritts/cosyvoice2/data/esd-emo-grpo/valid/receive/0004_000370_生气.wav
/root/autodl-tmp/CosyVoice_dev/examples/libritts/cosyvoice2/data/esd-emo-grpo/valid/samp_2/0002_000713_快乐.wav	/root/autodl-tmp/CosyVoice_dev/examples/libritts/cosyvoice2/data/esd-emo-grpo/valid/receive/0002_000713_快乐.wav
/root/autodl-tmp/CosyVoice_dev/examples/libritts/cosyvoice2/data/esd-emo-grpo/valid/samp_2/0002_000714_快乐.wav	/root/autodl-tmp/CosyVoice_dev/examples/libritts/cosyvoice2/data/esd-emo-grpo/valid/receive/0002_000714_快乐.wav
/root/autodl-tmp/CosyVoice_dev/examples/libritts/cosyvoice2/data/esd-emo-grpo/valid/samp_2/0002_000715_快乐.wav	/root/autodl-tmp/CosyVoice_dev/examples/libritts/cosyvoice2/data/esd-emo-grpo/valid/receive/0002_000715_快乐.wav
/root/autodl-tmp/CosyVoice_dev/examples/libritts/cosyvoice2/data/esd-emo-grpo/valid/samp_2/0002_000716_快乐.wav	/root/autodl-tmp/CosyVoice_dev/examples/libritts/cosyvoice2/data/esd-emo-grpo/valid/receive/0002_000716_快乐.wav
/root/autodl-tmp/CosyVoice_dev/examples/libritts/cosyvoice2/data/esd-emo-grpo/valid/samp_2/0002_000717_快乐.wav	/root/autodl-tmp/CosyVoice_dev/examples/libritts/cosyvoice2/data/esd-emo-grpo/valid/receive/0002_000717_快乐.wav
/root/autodl-tmp/CosyVoice_dev/examples/libritts/cosyvoice2/data/esd-emo-grpo/valid/samp_2/0002_000718_快乐.wav	/root/autodl-tmp/CosyVoice_dev/examples/libritts/cosyvoice2/data/esd-emo-grpo/valid/receive/0002_000718_快乐.wav
/root/autodl-tmp/CosyVoice_dev/examples/libritts/cosyvoice2/data/esd-emo-grpo/valid/samp_2/0002_000719_快乐.wav	/root/autodl-tmp/CosyVoice_dev/examples/libritts/cosyvoice2/data/esd-emo-grpo/valid/receive/0002_000719_快乐.wav
/root/autodl-tmp/CosyVoice_dev/examples/libritts/cosyvoice2/data/esd-emo-grpo/valid/samp_2/0002_000720_快乐.wav	/root/autodl-tmp/CosyVoice_dev/examples/libritts/cosyvoice2/data/esd-emo-grpo/valid/receive/0002_000720_快乐.wav
/root/autodl-tmp/CosyVoice_dev/examples/libritts/cosyvoice2/data/esd-emo-grpo/valid/samp_2/0002_001051_伤心.wav	/root/autodl-tmp/CosyVoice_dev/examples/libritts/cosyvoice2/data/esd-emo-grpo/valid/receive/0002_001051_伤心.wav
/root/autodl-tmp/CosyVoice_dev/examples/libritts/cosyvoice2/data/esd-emo-grpo/valid/samp_2/0002_001052_伤心.wav	/root/autodl-tmp/CosyVoice_dev/examples/libritts/cosyvoice2/data/esd-emo-grpo/valid/receive/0002_001052_伤心.wav
/root/autodl-tmp/CosyVoice_dev/examples/libritts/cosyvoice2/data/esd-emo-grpo/valid/samp_2/0002_001053_伤心.wav	/root/autodl-tmp/CosyVoice_dev/examples/libritts/cosyvoice2/data/esd-emo-grpo/valid/receive/0002_001053_伤心.wav
/root/autodl-tmp/CosyVoice_dev/examples/libritts/cosyvoice2/data/esd-emo-grpo/valid/samp_2/0002_001054_伤心.wav	/root/autodl-tmp/CosyVoice_dev/examples/libritts/cosyvoice2/data/esd-emo-grpo/valid/receive/0002_001054_伤心.wav
/root/autodl-tmp/CosyVoice_dev/examples/libritts/cosyvoice2/data/esd-emo-grpo/valid/samp_2/0002_001055_伤心.wav	/root/autodl-tmp/CosyVoice_dev/examples/libritts/cosyvoice2/data/esd-emo-grpo/valid/receive/0002_001055_伤心.wav
/root/autodl-tmp/CosyVoice_dev/examples/libritts/cosyvoice2/data/esd-emo-grpo/valid/samp_2/0002_001056_伤心.wav	/root/autodl-tmp/CosyVoice_dev/examples/libritts/cosyvoice2/data/esd-emo-grpo/valid/receive/0002_001056_伤心.wav
/root/autodl-tmp/CosyVoice_dev/examples/libritts/cosyvoice2/data/esd-emo-grpo/valid/samp_2/0002_001057_伤心.wav	/root/autodl-tmp/CosyVoice_dev/examples/libritts/cosyvoice2/data/esd-emo-grpo/valid/receive/0002_001057_伤心.wav
/root/autodl-tmp/CosyVoice_dev/examples/libritts/cosyvoice2/data/esd-emo-grpo/valid/samp_2/0002_001058_伤心.wav	/root/autodl-tmp/CosyVoice_dev/examples/libritts/cosyvoice2/data/esd-emo-grpo/valid/receive/0002_001058_伤心.wav
/root/autodl-tmp/CosyVoice_dev/examples/libritts/cosyvoice2/data/esd-emo-grpo/valid/samp_2/0002_001059_伤心.wav	/root/autodl-tmp/CosyVoice_dev/examples/libritts/cosyvoice2/data/esd-emo-grpo/valid/receive/0002_001059_伤心.wav
/root/autodl-tmp/CosyVoice_dev/examples/libritts/cosyvoice2/data/esd-emo-grpo/valid/samp_2/0002_001060_伤心.wav	/root/autodl-tmp/CosyVoice_dev/examples/libritts/cosyvoice2/data/esd-emo-grpo/valid/receive/0002_001060_伤心.wav
/root/autodl-tmp/CosyVoice_dev/examples/libritts/cosyvoice2/data/esd-emo-grpo/valid/samp_2/0002_001061_伤心.wav	/root/autodl-tmp/CosyVoice_dev/examples/libritts/cosyvoice2/data/esd-emo-grpo/valid/receive/0002_001061_伤心.wav
/root/autodl-tmp/CosyVoice_dev/examples/libritts/cosyvoice2/data/esd-emo-grpo/valid/samp_2/0002_001062_伤心.wav	/root/autodl-tmp/CosyVoice_dev/examples/libritts/cosyvoice2/data/esd-emo-grpo/valid/receive/0002_001062_伤心.wav
/root/autodl-tmp/CosyVoice_dev/examples/libritts/cosyvoice2/data/esd-emo-grpo/valid/samp_2/0002_001063_伤心.wav	/root/autodl-tmp/CosyVoice_dev/examples/libritts/cosyvoice2/data/esd-emo-grpo/valid/receive/0002_001063_伤心.wav
/root/autodl-tmp/CosyVoice_dev/examples/libritts/cosyvoice2/data/esd-emo-grpo/valid/samp_2/0002_001064_伤心.wav	/root/autodl-tmp/CosyVoice_dev/examples/libritts/cosyvoice2/data/esd-emo-grpo/valid/receive/0002_001064_伤心.wav
/root/autodl-tmp/CosyVoice_dev/examples/libritts/cosyvoice2/data/esd-emo-grpo/valid/samp_2/0002_001065_伤心.wav	/root/autodl-tmp/CosyVoice_dev/examples/libritts/cosyvoice2/data/esd-emo-grpo/valid/receive/0002_001065_伤心.wav
/root/autodl-tmp/CosyVoice_dev/examples/libritts/cosyvoice2/data/esd-emo-grpo/valid/samp_2/0002_001066_伤心.wav	/root/autodl-tmp/CosyVoice_dev/examples/libritts/cosyvoice2/data/esd-emo-grpo/valid/receive/0002_001066_伤心.wav
/root/autodl-tmp/CosyVoice_dev/examples/libritts/cosyvoice2/data/esd-emo-grpo/valid/samp_2/0002_001067_伤心.wav	/root/autodl-tmp/CosyVoice_dev/examples/libritts/cosyvoice2/data/esd-emo-grpo/valid/receive/0002_001067_伤心.wav
/root/autodl-tmp/CosyVoice_dev/examples/libritts/cosyvoice2/data/esd-emo-grpo/valid/samp_2/0002_001068_伤心.wav	/root/autodl-tmp/CosyVoice_dev/examples/libritts/cosyvoice2/data/esd-emo-grpo/valid/receive/0002_001068_伤心.wav
/root/autodl-tmp/CosyVoice_dev/examples/libritts/cosyvoice2/data/esd-emo-grpo/valid/samp_2/0002_001069_伤心.wav	/root/autodl-tmp/CosyVoice_dev/examples/libritts/cosyvoice2/data/esd-emo-grpo/valid/receive/0002_001069_伤心.wav
/root/autodl-tmp/CosyVoice_dev/examples/libritts/cosyvoice2/data/esd-emo-grpo/valid/samp_2/0002_001070_伤心.wav	/root/autodl-tmp/CosyVoice_dev/examples/libritts/cosyvoice2/data/esd-emo-grpo/valid/receive/0002_001070_伤心.wav
/root/autodl-tmp/CosyVoice_dev/examples/libritts/cosyvoice2/data/esd-emo-grpo/valid/samp_2/0002_001401_惊喜.wav	/root/autodl-tmp/CosyVoice_dev/examples/libritts/cosyvoice2/data/esd-emo-grpo/valid/receive/0002_001401_惊喜.wav
/root/autodl-tmp/CosyVoice_dev/examples/libritts/cosyvoice2/data/esd-emo-grpo/valid/samp_2/0002_001402_惊喜.wav	/root/autodl-tmp/CosyVoice_dev/examples/libritts/cosyvoice2/data/esd-emo-grpo/valid/receive/0002_001402_惊喜.wav
/root/autodl-tmp/CosyVoice_dev/examples/libritts/cosyvoice2/data/esd-emo-grpo/valid/samp_2/0002_001403_惊喜.wav	/root/autodl-tmp/CosyVoice_dev/examples/libritts/cosyvoice2/data/esd-emo-grpo/valid/receive/0002_001403_惊喜.wav
/root/autodl-tmp/CosyVoice_dev/examples/libritts/cosyvoice2/data/esd-emo-grpo/valid/samp_2/0002_001404_惊喜.wav	/root/autodl-tmp/CosyVoice_dev/examples/libritts/cosyvoice2/data/esd-emo-grpo/valid/receive/0002_001404_惊喜.wav
/root/autodl-tmp/CosyVoice_dev/examples/libritts/cosyvoice2/data/esd-emo-grpo/valid/samp_2/0002_001405_惊喜.wav	/root/autodl-tmp/CosyVoice_dev/examples/libritts/cosyvoice2/data/esd-emo-grpo/valid/receive/0002_001405_惊喜.wav
/root/autodl-tmp/CosyVoice_dev/examples/libritts/cosyvoice2/data/esd-emo-grpo/valid/samp_2/0002_001406_惊喜.wav	/root/autodl-tmp/CosyVoice_dev/examples/libritts/cosyvoice2/data/esd-emo-grpo/valid/receive/0002_001406_惊喜.wav
/root/autodl-tmp/CosyVoice_dev/examples/libritts/cosyvoice2/data/esd-emo-grpo/valid/samp_2/0002_001407_惊喜.wav	/root/autodl-tmp/CosyVoice_dev/examples/libritts/cosyvoice2/data/esd-emo-grpo/valid/receive/0002_001407_惊喜.wav
/root/autodl-tmp/CosyVoice_dev/examples/libritts/cosyvoice2/data/esd-emo-grpo/valid/samp_2/0002_001408_惊喜.wav	/root/autodl-tmp/CosyVoice_dev/examples/libritts/cosyvoice2/data/esd-emo-grpo/valid/receive/0002_001408_惊喜.wav
/root/autodl-tmp/CosyVoice_dev/examples/libritts/cosyvoice2/data/esd-emo-grpo/valid/samp_2/0002_001409_惊喜.wav	/root/autodl-tmp/CosyVoice_dev/examples/libritts/cosyvoice2/data/esd-emo-grpo/valid/receive/0002_001409_惊喜.wav
/root/autodl-tmp/CosyVoice_dev/examples/libritts/cosyvoice2/data/esd-emo-grpo/valid/samp_2/0002_001410_惊喜.wav	/root/autodl-tmp/CosyVoice_dev/examples/libritts/cosyvoice2/data/esd-emo-grpo/valid/receive/0002_001410_惊喜.wav
/root/autodl-tmp/CosyVoice_dev/examples/libritts/cosyvoice2/data/esd-emo-grpo/valid/samp_2/0002_001411_惊喜.wav	/root/autodl-tmp/CosyVoice_dev/examples/libritts/cosyvoice2/data/esd-emo-grpo/valid/receive/0002_001411_惊喜.wav
/root/autodl-tmp/CosyVoice_dev/examples/libritts/cosyvoice2/data/esd-emo-grpo/valid/samp_2/0002_001412_惊喜.wav	/root/autodl-tmp/CosyVoice_dev/examples/libritts/cosyvoice2/data/esd-emo-grpo/valid/receive/0002_001412_惊喜.wav
/root/autodl-tmp/CosyVoice_dev/examples/libritts/cosyvoice2/data/esd-emo-grpo/valid/samp_2/0002_001413_惊喜.wav	/root/autodl-tmp/CosyVoice_dev/examples/libritts/cosyvoice2/data/esd-emo-grpo/valid/receive/0002_001413_惊喜.wav
/root/autodl-tmp/CosyVoice_dev/examples/libritts/cosyvoice2/data/esd-emo-grpo/valid/samp_2/0002_001414_惊喜.wav	/root/autodl-tmp/CosyVoice_dev/examples/libritts/cosyvoice2/data/esd-emo-grpo/valid/receive/0002_001414_惊喜.wav
/root/autodl-tmp/CosyVoice_dev/examples/libritts/cosyvoice2/data/esd-emo-grpo/valid/samp_2/0002_001415_惊喜.wav	/root/autodl-tmp/CosyVoice_dev/examples/libritts/cosyvoice2/data/esd-emo-grpo/valid/receive/0002_001415_惊喜.wav
/root/autodl-tmp/CosyVoice_dev/examples/libritts/cosyvoice2/data/esd-emo-grpo/valid/samp_2/0002_001416_惊喜.wav	/root/autodl-tmp/CosyVoice_dev/examples/libritts/cosyvoice2/data/esd-emo-grpo/valid/receive/0002_001416_惊喜.wav
/root/autodl-tmp/CosyVoice_dev/examples/libritts/cosyvoice2/data/esd-emo-grpo/valid/samp_2/0002_001417_惊喜.wav	/root/autodl-tmp/CosyVoice_dev/examples/libritts/cosyvoice2/data/esd-emo-grpo/valid/receive/0002_001417_惊喜.wav
/root/autodl-tmp/CosyVoice_dev/examples/libritts/cosyvoice2/data/esd-emo-grpo/valid/samp_2/0002_001418_惊喜.wav	/root/autodl-tmp/CosyVoice_dev/examples/libritts/cosyvoice2/data/esd-emo-grpo/valid/receive/0002_001418_惊喜.wav
/root/autodl-tmp/CosyVoice_dev/examples/libritts/cosyvoice2/data/esd-emo-grpo/valid/samp_2/0002_001419_惊喜.wav	/root/autodl-tmp/CosyVoice_dev/examples/libritts/cosyvoice2/data/esd-emo-grpo/valid/receive/0002_001419_惊喜.wav
/root/autodl-tmp/CosyVoice_dev/examples/libritts/cosyvoice2/data/esd-emo-grpo/valid/samp_2/0002_001420_惊喜.wav	/root/autodl-tmp/CosyVoice_dev/examples/libritts/cosyvoice2/data/esd-emo-grpo/valid/receive/0002_001420_惊喜.wav
/root/autodl-tmp/CosyVoice_dev/examples/libritts/cosyvoice2/data/esd-emo-grpo/valid/samp_2/0002_000001_冷静.wav	/root/autodl-tmp/CosyVoice_dev/examples/libritts/cosyvoice2/data/esd-emo-grpo/valid/receive/0002_000001_冷静.wav
/root/autodl-tmp/CosyVoice_dev/examples/libritts/cosyvoice2/data/esd-emo-grpo/valid/samp_2/0002_000002_冷静.wav	/root/autodl-tmp/CosyVoice_dev/examples/libritts/cosyvoice2/data/esd-emo-grpo/valid/receive/0002_000002_冷静.wav
/root/autodl-tmp/CosyVoice_dev/examples/libritts/cosyvoice2/data/esd-emo-grpo/valid/samp_2/0002_000003_冷静.wav	/root/autodl-tmp/CosyVoice_dev/examples/libritts/cosyvoice2/data/esd-emo-grpo/valid/receive/0002_000003_冷静.wav
/root/autodl-tmp/CosyVoice_dev/examples/libritts/cosyvoice2/data/esd-emo-grpo/valid/samp_2/0002_000004_冷静.wav	/root/autodl-tmp/CosyVoice_dev/examples/libritts/cosyvoice2/data/esd-emo-grpo/valid/receive/0002_000004_冷静.wav
/root/autodl-tmp/CosyVoice_dev/examples/libritts/cosyvoice2/data/esd-emo-grpo/valid/samp_2/0002_000005_冷静.wav	/root/autodl-tmp/CosyVoice_dev/examples/libritts/cosyvoice2/data/esd-emo-grpo/valid/receive/0002_000005_冷静.wav
/root/autodl-tmp/CosyVoice_dev/examples/libritts/cosyvoice2/data/esd-emo-grpo/valid/samp_2/0002_000006_冷静.wav	/root/autodl-tmp/CosyVoice_dev/examples/libritts/cosyvoice2/data/esd-emo-grpo/valid/receive/0002_000006_冷静.wav
/root/autodl-tmp/CosyVoice_dev/examples/libritts/cosyvoice2/data/esd-emo-grpo/valid/samp_2/0002_000007_冷静.wav	/root/autodl-tmp/CosyVoice_dev/examples/libritts/cosyvoice2/data/esd-emo-grpo/valid/receive/0002_000007_冷静.wav
/root/autodl-tmp/CosyVoice_dev/examples/libritts/cosyvoice2/data/esd-emo-grpo/valid/samp_2/0002_000008_冷静.wav	/root/autodl-tmp/CosyVoice_dev/examples/libritts/cosyvoice2/data/esd-emo-grpo/valid/receive/0002_000008_冷静.wav
/root/autodl-tmp/CosyVoice_dev/examples/libritts/cosyvoice2/data/esd-emo-grpo/valid/samp_2/0002_000009_冷静.wav	/root/autodl-tmp/CosyVoice_dev/examples/libritts/cosyvoice2/data/esd-emo-grpo/valid/receive/0002_000009_冷静.wav
/root/autodl-tmp/CosyVoice_dev/examples/libritts/cosyvoice2/data/esd-emo-grpo/valid/samp_2/0002_000010_冷静.wav	/root/autodl-tmp/CosyVoice_dev/examples/libritts/cosyvoice2/data/esd-emo-grpo/valid/receive/0002_000010_冷静.wav
/root/autodl-tmp/CosyVoice_dev/examples/libritts/cosyvoice2/data/esd-emo-grpo/valid/samp_2/0002_000011_冷静.wav	/root/autodl-tmp/CosyVoice_dev/examples/libritts/cosyvoice2/data/esd-emo-grpo/valid/receive/0002_000011_冷静.wav
/root/autodl-tmp/CosyVoice_dev/examples/libritts/cosyvoice2/data/esd-emo-grpo/valid/samp_2/0002_000012_冷静.wav	/root/autodl-tmp/CosyVoice_dev/examples/libritts/cosyvoice2/data/esd-emo-grpo/valid/receive/0002_000012_冷静.wav
/root/autodl-tmp/CosyVoice_dev/examples/libritts/cosyvoice2/data/esd-emo-grpo/valid/samp_2/0002_000013_冷静.wav	/root/autodl-tmp/CosyVoice_dev/examples/libritts/cosyvoice2/data/esd-emo-grpo/valid/receive/0002_000013_冷静.wav
/root/autodl-tmp/CosyVoice_dev/examples/libritts/cosyvoice2/data/esd-emo-grpo/valid/samp_2/0002_000014_冷静.wav	/root/autodl-tmp/CosyVoice_dev/examples/libritts/cosyvoice2/data/esd-emo-grpo/valid/receive/0002_000014_冷静.wav
/root/autodl-tmp/CosyVoice_dev/examples/libritts/cosyvoice2/data/esd-emo-grpo/valid/samp_2/0002_000015_冷静.wav	/root/autodl-tmp/CosyVoice_dev/examples/libritts/cosyvoice2/data/esd-emo-grpo/valid/receive/0002_000015_冷静.wav
/root/autodl-tmp/CosyVoice_dev/examples/libritts/cosyvoice2/data/esd-emo-grpo/valid/samp_2/0002_000016_冷静.wav	/root/autodl-tmp/CosyVoice_dev/examples/libritts/cosyvoice2/data/esd-emo-grpo/valid/receive/0002_000016_冷静.wav
/root/autodl-tmp/CosyVoice_dev/examples/libritts/cosyvoice2/data/esd-emo-grpo/valid/samp_2/0003_001401_惊喜.wav	/root/autodl-tmp/CosyVoice_dev/examples/libritts/cosyvoice2/data/esd-emo-grpo/valid/receive/0003_001401_惊喜.wav
/root/autodl-tmp/CosyVoice_dev/examples/libritts/cosyvoice2/data/esd-emo-grpo/valid/samp_2/0003_001402_惊喜.wav	/root/autodl-tmp/CosyVoice_dev/examples/libritts/cosyvoice2/data/esd-emo-grpo/valid/receive/0003_001402_惊喜.wav
/root/autodl-tmp/CosyVoice_dev/examples/libritts/cosyvoice2/data/esd-emo-grpo/valid/samp_2/0003_001403_惊喜.wav	/root/autodl-tmp/CosyVoice_dev/examples/libritts/cosyvoice2/data/esd-emo-grpo/valid/receive/0003_001403_惊喜.wav
/root/autodl-tmp/CosyVoice_dev/examples/libritts/cosyvoice2/data/esd-emo-grpo/valid/samp_2/0003_001404_惊喜.wav	/root/autodl-tmp/CosyVoice_dev/examples/libritts/cosyvoice2/data/esd-emo-grpo/valid/receive/0003_001404_惊喜.wav
/root/autodl-tmp/CosyVoice_dev/examples/libritts/cosyvoice2/data/esd-emo-grpo/valid/samp_2/0003_001405_惊喜.wav	/root/autodl-tmp/CosyVoice_dev/examples/libritts/cosyvoice2/data/esd-emo-grpo/valid/receive/0003_001405_惊喜.wav
/root/autodl-tmp/CosyVoice_dev/examples/libritts/cosyvoice2/data/esd-emo-grpo/valid/samp_2/0003_001406_惊喜.wav	/root/autodl-tmp/CosyVoice_dev/examples/libritts/cosyvoice2/data/esd-emo-grpo/valid/receive/0003_001406_惊喜.wav
/root/autodl-tmp/CosyVoice_dev/examples/libritts/cosyvoice2/data/esd-emo-grpo/valid/samp_2/0003_001407_惊喜.wav	/root/autodl-tmp/CosyVoice_dev/examples/libritts/cosyvoice2/data/esd-emo-grpo/valid/receive/0003_001407_惊喜.wav
/root/autodl-tmp/CosyVoice_dev/examples/libritts/cosyvoice2/data/esd-emo-grpo/valid/samp_2/0003_001408_惊喜.wav	/root/autodl-tmp/CosyVoice_dev/examples/libritts/cosyvoice2/data/esd-emo-grpo/valid/receive/0003_001408_惊喜.wav
/root/autodl-tmp/CosyVoice_dev/examples/libritts/cosyvoice2/data/esd-emo-grpo/valid/samp_2/0003_001409_惊喜.wav	/root/autodl-tmp/CosyVoice_dev/examples/libritts/cosyvoice2/data/esd-emo-grpo/valid/receive/0003_001409_惊喜.wav
/root/autodl-tmp/CosyVoice_dev/examples/libritts/cosyvoice2/data/esd-emo-grpo/valid/samp_2/0003_001410_惊喜.wav	/root/autodl-tmp/CosyVoice_dev/examples/libritts/cosyvoice2/data/esd-emo-grpo/valid/receive/0003_001410_惊喜.wav
/root/autodl-tmp/CosyVoice_dev/examples/libritts/cosyvoice2/data/esd-emo-grpo/valid/samp_2/0003_001411_惊喜.wav	/root/autodl-tmp/CosyVoice_dev/examples/libritts/cosyvoice2/data/esd-emo-grpo/valid/receive/0003_001411_惊喜.wav
/root/autodl-tmp/CosyVoice_dev/examples/libritts/cosyvoice2/data/esd-emo-grpo/valid/samp_2/0003_001412_惊喜.wav	/root/autodl-tmp/CosyVoice_dev/examples/libritts/cosyvoice2/data/esd-emo-grpo/valid/receive/0003_001412_惊喜.wav
/root/autodl-tmp/CosyVoice_dev/examples/libritts/cosyvoice2/data/esd-emo-grpo/valid/samp_2/0003_001413_惊喜.wav	/root/autodl-tmp/CosyVoice_dev/examples/libritts/cosyvoice2/data/esd-emo-grpo/valid/receive/0003_001413_惊喜.wav
/root/autodl-tmp/CosyVoice_dev/examples/libritts/cosyvoice2/data/esd-emo-grpo/valid/samp_2/0003_001414_惊喜.wav	/root/autodl-tmp/CosyVoice_dev/examples/libritts/cosyvoice2/data/esd-emo-grpo/valid/receive/0003_001414_惊喜.wav
/root/autodl-tmp/CosyVoice_dev/examples/libritts/cosyvoice2/data/esd-emo-grpo/valid/samp_2/0003_001415_惊喜.wav	/root/autodl-tmp/CosyVoice_dev/examples/libritts/cosyvoice2/data/esd-emo-grpo/valid/receive/0003_001415_惊喜.wav
/root/autodl-tmp/CosyVoice_dev/examples/libritts/cosyvoice2/data/esd-emo-grpo/valid/samp_2/0003_001416_惊喜.wav	/root/autodl-tmp/CosyVoice_dev/examples/libritts/cosyvoice2/data/esd-emo-grpo/valid/receive/0003_001416_惊喜.wav
/root/autodl-tmp/CosyVoice_dev/examples/libritts/cosyvoice2/data/esd-emo-grpo/valid/samp_2/0003_001417_惊喜.wav	/root/autodl-tmp/CosyVoice_dev/examples/libritts/cosyvoice2/data/esd-emo-grpo/valid/receive/0003_001417_惊喜.wav
/root/autodl-tmp/CosyVoice_dev/examples/libritts/cosyvoice2/data/esd-emo-grpo/valid/samp_2/0003_001418_惊喜.wav	/root/autodl-tmp/CosyVoice_dev/examples/libritts/cosyvoice2/data/esd-emo-grpo/valid/receive/0003_001418_惊喜.wav
/root/autodl-tmp/CosyVoice_dev/examples/libritts/cosyvoice2/data/esd-emo-grpo/valid/samp_2/0003_001419_惊喜.wav	/root/autodl-tmp/CosyVoice_dev/examples/libritts/cosyvoice2/data/esd-emo-grpo/valid/receive/0003_001419_惊喜.wav
/root/autodl-tmp/CosyVoice_dev/examples/libritts/cosyvoice2/data/esd-emo-grpo/valid/samp_2/0003_001420_惊喜.wav	/root/autodl-tmp/CosyVoice_dev/examples/libritts/cosyvoice2/data/esd-emo-grpo/valid/receive/0003_001420_惊喜.wav
/root/autodl-tmp/CosyVoice_dev/examples/libritts/cosyvoice2/data/esd-emo-grpo/valid/samp_2/0003_000001_冷静.wav	/root/autodl-tmp/CosyVoice_dev/examples/libritts/cosyvoice2/data/esd-emo-grpo/valid/receive/0003_000001_冷静.wav
/root/autodl-tmp/CosyVoice_dev/examples/libritts/cosyvoice2/data/esd-emo-grpo/valid/samp_2/0003_000002_冷静.wav	/root/autodl-tmp/CosyVoice_dev/examples/libritts/cosyvoice2/data/esd-emo-grpo/valid/receive/0003_000002_冷静.wav
/root/autodl-tmp/CosyVoice_dev/examples/libritts/cosyvoice2/data/esd-emo-grpo/valid/samp_2/0003_000003_冷静.wav	/root/autodl-tmp/CosyVoice_dev/examples/libritts/cosyvoice2/data/esd-emo-grpo/valid/receive/0003_000003_冷静.wav
/root/autodl-tmp/CosyVoice_dev/examples/libritts/cosyvoice2/data/esd-emo-grpo/valid/samp_2/0003_000004_冷静.wav	/root/autodl-tmp/CosyVoice_dev/examples/libritts/cosyvoice2/data/esd-emo-grpo/valid/receive/0003_000004_冷静.wav
/root/autodl-tmp/CosyVoice_dev/examples/libritts/cosyvoice2/data/esd-emo-grpo/valid/samp_2/0003_000005_冷静.wav	/root/autodl-tmp/CosyVoice_dev/examples/libritts/cosyvoice2/data/esd-emo-grpo/valid/receive/0003_000005_冷静.wav
/root/autodl-tmp/CosyVoice_dev/examples/libritts/cosyvoice2/data/esd-emo-grpo/valid/samp_2/0003_000006_冷静.wav	/root/autodl-tmp/CosyVoice_dev/examples/libritts/cosyvoice2/data/esd-emo-grpo/valid/receive/0003_000006_冷静.wav
/root/autodl-tmp/CosyVoice_dev/examples/libritts/cosyvoice2/data/esd-emo-grpo/valid/samp_2/0003_000007_冷静.wav	/root/autodl-tmp/CosyVoice_dev/examples/libritts/cosyvoice2/data/esd-emo-grpo/valid/receive/0003_000007_冷静.wav
/root/autodl-tmp/CosyVoice_dev/examples/libritts/cosyvoice2/data/esd-emo-grpo/valid/samp_2/0003_000008_冷静.wav	/root/autodl-tmp/CosyVoice_dev/examples/libritts/cosyvoice2/data/esd-emo-grpo/valid/receive/0003_000008_冷静.wav
/root/autodl-tmp/CosyVoice_dev/examples/libritts/cosyvoice2/data/esd-emo-grpo/valid/samp_2/0003_000009_冷静.wav	/root/autodl-tmp/CosyVoice_dev/examples/libritts/cosyvoice2/data/esd-emo-grpo/valid/receive/0003_000009_冷静.wav
/root/autodl-tmp/CosyVoice_dev/examples/libritts/cosyvoice2/data/esd-emo-grpo/valid/samp_2/0003_000010_冷静.wav	/root/autodl-tmp/CosyVoice_dev/examples/libritts/cosyvoice2/data/esd-emo-grpo/valid/receive/0003_000010_冷静.wav
/root/autodl-tmp/CosyVoice_dev/examples/libritts/cosyvoice2/data/esd-emo-grpo/valid/samp_2/0003_000011_冷静.wav	/root/autodl-tmp/CosyVoice_dev/examples/libritts/cosyvoice2/data/esd-emo-grpo/valid/receive/0003_000011_冷静.wav
/root/autodl-tmp/CosyVoice_dev/examples/libritts/cosyvoice2/data/esd-emo-grpo/valid/samp_2/0003_000012_冷静.wav	/root/autodl-tmp/CosyVoice_dev/examples/libritts/cosyvoice2/data/esd-emo-grpo/valid/receive/0003_000012_冷静.wav
/root/autodl-tmp/CosyVoice_dev/examples/libritts/cosyvoice2/data/esd-emo-grpo/valid/samp_2/0005_000005_冷静.wav	/root/autodl-tmp/CosyVoice_dev/examples/libritts/cosyvoice2/data/esd-emo-grpo/valid/receive/0005_000005_冷静.wav
/root/autodl-tmp/CosyVoice_dev/examples/libritts/cosyvoice2/data/esd-emo-grpo/valid/samp_2/0005_000006_冷静.wav	/root/autodl-tmp/CosyVoice_dev/examples/libritts/cosyvoice2/data/esd-emo-grpo/valid/receive/0005_000006_冷静.wav
/root/autodl-tmp/CosyVoice_dev/examples/libritts/cosyvoice2/data/esd-emo-grpo/valid/samp_2/0005_000007_冷静.wav	/root/autodl-tmp/CosyVoice_dev/examples/libritts/cosyvoice2/data/esd-emo-grpo/valid/receive/0005_000007_冷静.wav
/root/autodl-tmp/CosyVoice_dev/examples/libritts/cosyvoice2/data/esd-emo-grpo/valid/samp_2/0005_000008_冷静.wav	/root/autodl-tmp/CosyVoice_dev/examples/libritts/cosyvoice2/data/esd-emo-grpo/valid/receive/0005_000008_冷静.wav
/root/autodl-tmp/CosyVoice_dev/examples/libritts/cosyvoice2/data/esd-emo-grpo/valid/samp_2/0005_000009_冷静.wav	/root/autodl-tmp/CosyVoice_dev/examples/libritts/cosyvoice2/data/esd-emo-grpo/valid/receive/0005_000009_冷静.wav
/root/autodl-tmp/CosyVoice_dev/examples/libritts/cosyvoice2/data/esd-emo-grpo/valid/samp_2/0005_000010_冷静.wav	/root/autodl-tmp/CosyVoice_dev/examples/libritts/cosyvoice2/data/esd-emo-grpo/valid/receive/0005_000010_冷静.wav
/root/autodl-tmp/CosyVoice_dev/examples/libritts/cosyvoice2/data/esd-emo-grpo/valid/samp_2/0005_000011_冷静.wav	/root/autodl-tmp/CosyVoice_dev/examples/libritts/cosyvoice2/data/esd-emo-grpo/valid/receive/0005_000011_冷静.wav
/root/autodl-tmp/CosyVoice_dev/examples/libritts/cosyvoice2/data/esd-emo-grpo/valid/samp_2/0005_000012_冷静.wav	/root/autodl-tmp/CosyVoice_dev/examples/libritts/cosyvoice2/data/esd-emo-grpo/valid/receive/0005_000012_冷静.wav
/root/autodl-tmp/CosyVoice_dev/examples/libritts/cosyvoice2/data/esd-emo-grpo/valid/samp_2/0005_000013_冷静.wav	/root/autodl-tmp/CosyVoice_dev/examples/libritts/cosyvoice2/data/esd-emo-grpo/valid/receive/0005_000013_冷静.wav
/root/autodl-tmp/CosyVoice_dev/examples/libritts/cosyvoice2/data/esd-emo-grpo/valid/samp_2/0005_000014_冷静.wav	/root/autodl-tmp/CosyVoice_dev/examples/libritts/cosyvoice2/data/esd-emo-grpo/valid/receive/0005_000014_冷静.wav
/root/autodl-tmp/CosyVoice_dev/examples/libritts/cosyvoice2/data/esd-emo-grpo/valid/samp_2/0005_000015_冷静.wav	/root/autodl-tmp/CosyVoice_dev/examples/libritts/cosyvoice2/data/esd-emo-grpo/valid/receive/0005_000015_冷静.wav
/root/autodl-tmp/CosyVoice_dev/examples/libritts/cosyvoice2/data/esd-emo-grpo/valid/samp_2/0005_000016_冷静.wav	/root/autodl-tmp/CosyVoice_dev/examples/libritts/cosyvoice2/data/esd-emo-grpo/valid/receive/0005_000016_冷静.wav
/root/autodl-tmp/CosyVoice_dev/examples/libritts/cosyvoice2/data/esd-emo-grpo/valid/samp_2/0005_000017_冷静.wav	/root/autodl-tmp/CosyVoice_dev/examples/libritts/cosyvoice2/data/esd-emo-grpo/valid/receive/0005_000017_冷静.wav
/root/autodl-tmp/CosyVoice_dev/examples/libritts/cosyvoice2/data/esd-emo-grpo/valid/samp_2/0005_000018_冷静.wav	/root/autodl-tmp/CosyVoice_dev/examples/libritts/cosyvoice2/data/esd-emo-grpo/valid/receive/0005_000018_冷静.wav
/root/autodl-tmp/CosyVoice_dev/examples/libritts/cosyvoice2/data/esd-emo-grpo/valid/samp_2/0005_000019_冷静.wav	/root/autodl-tmp/CosyVoice_dev/examples/libritts/cosyvoice2/data/esd-emo-grpo/valid/receive/0005_000019_冷静.wav
/root/autodl-tmp/CosyVoice_dev/examples/libritts/cosyvoice2/data/esd-emo-grpo/valid/samp_2/0005_000020_冷静.wav	/root/autodl-tmp/CosyVoice_dev/examples/libritts/cosyvoice2/data/esd-emo-grpo/valid/receive/0005_000020_冷静.wav
/root/autodl-tmp/CosyVoice_dev/examples/libritts/cosyvoice2/data/esd-emo-grpo/valid/samp_2/0005_000351_生气.wav	/root/autodl-tmp/CosyVoice_dev/examples/libritts/cosyvoice2/data/esd-emo-grpo/valid/receive/0005_000351_生气.wav
/root/autodl-tmp/CosyVoice_dev/examples/libritts/cosyvoice2/data/esd-emo-grpo/valid/samp_2/0005_000352_生气.wav	/root/autodl-tmp/CosyVoice_dev/examples/libritts/cosyvoice2/data/esd-emo-grpo/valid/receive/0005_000352_生气.wav
/root/autodl-tmp/CosyVoice_dev/examples/libritts/cosyvoice2/data/esd-emo-grpo/valid/samp_2/0005_000353_生气.wav	/root/autodl-tmp/CosyVoice_dev/examples/libritts/cosyvoice2/data/esd-emo-grpo/valid/receive/0005_000353_生气.wav
/root/autodl-tmp/CosyVoice_dev/examples/libritts/cosyvoice2/data/esd-emo-grpo/valid/samp_2/0005_000354_生气.wav	/root/autodl-tmp/CosyVoice_dev/examples/libritts/cosyvoice2/data/esd-emo-grpo/valid/receive/0005_000354_生气.wav
/root/autodl-tmp/CosyVoice_dev/examples/libritts/cosyvoice2/data/esd-emo-grpo/valid/samp_2/0005_000355_生气.wav	/root/autodl-tmp/CosyVoice_dev/examples/libritts/cosyvoice2/data/esd-emo-grpo/valid/receive/0005_000355_生气.wav
/root/autodl-tmp/CosyVoice_dev/examples/libritts/cosyvoice2/data/esd-emo-grpo/valid/samp_2/0005_000356_生气.wav	/root/autodl-tmp/CosyVoice_dev/examples/libritts/cosyvoice2/data/esd-emo-grpo/valid/receive/0005_000356_生气.wav
/root/autodl-tmp/CosyVoice_dev/examples/libritts/cosyvoice2/data/esd-emo-grpo/valid/samp_2/0005_000357_生气.wav	/root/autodl-tmp/CosyVoice_dev/examples/libritts/cosyvoice2/data/esd-emo-grpo/valid/receive/0005_000357_生气.wav
/root/autodl-tmp/CosyVoice_dev/examples/libritts/cosyvoice2/data/esd-emo-grpo/valid/samp_2/0005_000358_生气.wav	/root/autodl-tmp/CosyVoice_dev/examples/libritts/cosyvoice2/data/esd-emo-grpo/valid/receive/0005_000358_生气.wav
/root/autodl-tmp/CosyVoice_dev/examples/libritts/cosyvoice2/data/esd-emo-grpo/valid/samp_2/0005_000359_生气.wav	/root/autodl-tmp/CosyVoice_dev/examples/libritts/cosyvoice2/data/esd-emo-grpo/valid/receive/0005_000359_生气.wav
/root/autodl-tmp/CosyVoice_dev/examples/libritts/cosyvoice2/data/esd-emo-grpo/valid/samp_2/0005_000360_生气.wav	/root/autodl-tmp/CosyVoice_dev/examples/libritts/cosyvoice2/data/esd-emo-grpo/valid/receive/0005_000360_生气.wav
/root/autodl-tmp/CosyVoice_dev/examples/libritts/cosyvoice2/data/esd-emo-grpo/valid/samp_2/0005_000361_生气.wav	/root/autodl-tmp/CosyVoice_dev/examples/libritts/cosyvoice2/data/esd-emo-grpo/valid/receive/0005_000361_生气.wav
/root/autodl-tmp/CosyVoice_dev/examples/libritts/cosyvoice2/data/esd-emo-grpo/valid/samp_2/0005_000362_生气.wav	/root/autodl-tmp/CosyVoice_dev/examples/libritts/cosyvoice2/data/esd-emo-grpo/valid/receive/0005_000362_生气.wav
/root/autodl-tmp/CosyVoice_dev/examples/libritts/cosyvoice2/data/esd-emo-grpo/valid/samp_2/0005_000363_生气.wav	/root/autodl-tmp/CosyVoice_dev/examples/libritts/cosyvoice2/data/esd-emo-grpo/valid/receive/0005_000363_生气.wav
/root/autodl-tmp/CosyVoice_dev/examples/libritts/cosyvoice2/data/esd-emo-grpo/valid/samp_2/0005_000364_生气.wav	/root/autodl-tmp/CosyVoice_dev/examples/libritts/cosyvoice2/data/esd-emo-grpo/valid/receive/0005_000364_生气.wav
/root/autodl-tmp/CosyVoice_dev/examples/libritts/cosyvoice2/data/esd-emo-grpo/valid/samp_2/0005_000365_生气.wav	/root/autodl-tmp/CosyVoice_dev/examples/libritts/cosyvoice2/data/esd-emo-grpo/valid/receive/0005_000365_生气.wav
/root/autodl-tmp/CosyVoice_dev/examples/libritts/cosyvoice2/data/esd-emo-grpo/valid/samp_2/0005_000366_生气.wav	/root/autodl-tmp/CosyVoice_dev/examples/libritts/cosyvoice2/data/esd-emo-grpo/valid/receive/0005_000366_生气.wav
/root/autodl-tmp/CosyVoice_dev/examples/libritts/cosyvoice2/data/esd-emo-grpo/valid/samp_2/0005_000367_生气.wav	/root/autodl-tmp/CosyVoice_dev/examples/libritts/cosyvoice2/data/esd-emo-grpo/valid/receive/0005_000367_生气.wav
/root/autodl-tmp/CosyVoice_dev/examples/libritts/cosyvoice2/data/esd-emo-grpo/valid/samp_2/0005_000368_生气.wav	/root/autodl-tmp/CosyVoice_dev/examples/libritts/cosyvoice2/data/esd-emo-grpo/valid/receive/0005_000368_生气.wav
/root/autodl-tmp/CosyVoice_dev/examples/libritts/cosyvoice2/data/esd-emo-grpo/valid/samp_2/0005_000369_生气.wav	/root/autodl-tmp/CosyVoice_dev/examples/libritts/cosyvoice2/data/esd-emo-grpo/valid/receive/0005_000369_生气.wav
/root/autodl-tmp/CosyVoice_dev/examples/libritts/cosyvoice2/data/esd-emo-grpo/valid/samp_2/0005_000370_生气.wav	/root/autodl-tmp/CosyVoice_dev/examples/libritts/cosyvoice2/data/esd-emo-grpo/valid/receive/0005_000370_生气.wav
/root/autodl-tmp/CosyVoice_dev/examples/libritts/cosyvoice2/data/esd-emo-grpo/valid/samp_2/0006_000701_快乐.wav	/root/autodl-tmp/CosyVoice_dev/examples/libritts/cosyvoice2/data/esd-emo-grpo/valid/receive/0006_000701_快乐.wav
/root/autodl-tmp/CosyVoice_dev/examples/libritts/cosyvoice2/data/esd-emo-grpo/valid/samp_2/0006_000702_快乐.wav	/root/autodl-tmp/CosyVoice_dev/examples/libritts/cosyvoice2/data/esd-emo-grpo/valid/receive/0006_000702_快乐.wav
/root/autodl-tmp/CosyVoice_dev/examples/libritts/cosyvoice2/data/esd-emo-grpo/valid/samp_2/0006_000703_快乐.wav	/root/autodl-tmp/CosyVoice_dev/examples/libritts/cosyvoice2/data/esd-emo-grpo/valid/receive/0006_000703_快乐.wav
/root/autodl-tmp/CosyVoice_dev/examples/libritts/cosyvoice2/data/esd-emo-grpo/valid/samp_2/0006_000704_快乐.wav	/root/autodl-tmp/CosyVoice_dev/examples/libritts/cosyvoice2/data/esd-emo-grpo/valid/receive/0006_000704_快乐.wav
/root/autodl-tmp/CosyVoice_dev/examples/libritts/cosyvoice2/data/esd-emo-grpo/valid/samp_2/0006_000705_快乐.wav	/root/autodl-tmp/CosyVoice_dev/examples/libritts/cosyvoice2/data/esd-emo-grpo/valid/receive/0006_000705_快乐.wav
/root/autodl-tmp/CosyVoice_dev/examples/libritts/cosyvoice2/data/esd-emo-grpo/valid/samp_2/0006_000706_快乐.wav	/root/autodl-tmp/CosyVoice_dev/examples/libritts/cosyvoice2/data/esd-emo-grpo/valid/receive/0006_000706_快乐.wav
/root/autodl-tmp/CosyVoice_dev/examples/libritts/cosyvoice2/data/esd-emo-grpo/valid/samp_2/0006_000707_快乐.wav	/root/autodl-tmp/CosyVoice_dev/examples/libritts/cosyvoice2/data/esd-emo-grpo/valid/receive/0006_000707_快乐.wav
/root/autodl-tmp/CosyVoice_dev/examples/libritts/cosyvoice2/data/esd-emo-grpo/valid/samp_2/0006_000708_快乐.wav	/root/autodl-tmp/CosyVoice_dev/examples/libritts/cosyvoice2/data/esd-emo-grpo/valid/receive/0006_000708_快乐.wav
/root/autodl-tmp/CosyVoice_dev/examples/libritts/cosyvoice2/data/esd-emo-grpo/valid/samp_2/0006_000709_快乐.wav	/root/autodl-tmp/CosyVoice_dev/examples/libritts/cosyvoice2/data/esd-emo-grpo/valid/receive/0006_000709_快乐.wav
/root/autodl-tmp/CosyVoice_dev/examples/libritts/cosyvoice2/data/esd-emo-grpo/valid/samp_2/0006_000710_快乐.wav	/root/autodl-tmp/CosyVoice_dev/examples/libritts/cosyvoice2/data/esd-emo-grpo/valid/receive/0006_000710_快乐.wav
/root/autodl-tmp/CosyVoice_dev/examples/libritts/cosyvoice2/data/esd-emo-grpo/valid/samp_2/0006_000711_快乐.wav	/root/autodl-tmp/CosyVoice_dev/examples/libritts/cosyvoice2/data/esd-emo-grpo/valid/receive/0006_000711_快乐.wav
/root/autodl-tmp/CosyVoice_dev/examples/libritts/cosyvoice2/data/esd-emo-grpo/valid/samp_2/0006_000712_快乐.wav	/root/autodl-tmp/CosyVoice_dev/examples/libritts/cosyvoice2/data/esd-emo-grpo/valid/receive/0006_000712_快乐.wav
/root/autodl-tmp/CosyVoice_dev/examples/libritts/cosyvoice2/data/esd-emo-grpo/valid/samp_2/0006_000713_快乐.wav	/root/autodl-tmp/CosyVoice_dev/examples/libritts/cosyvoice2/data/esd-emo-grpo/valid/receive/0006_000713_快乐.wav
/root/autodl-tmp/CosyVoice_dev/examples/libritts/cosyvoice2/data/esd-emo-grpo/valid/samp_2/0006_000714_快乐.wav	/root/autodl-tmp/CosyVoice_dev/examples/libritts/cosyvoice2/data/esd-emo-grpo/valid/receive/0006_000714_快乐.wav
/root/autodl-tmp/CosyVoice_dev/examples/libritts/cosyvoice2/data/esd-emo-grpo/valid/samp_2/0006_000715_快乐.wav	/root/autodl-tmp/CosyVoice_dev/examples/libritts/cosyvoice2/data/esd-emo-grpo/valid/receive/0006_000715_快乐.wav
/root/autodl-tmp/CosyVoice_dev/examples/libritts/cosyvoice2/data/esd-emo-grpo/valid/samp_2/0006_000716_快乐.wav	/root/autodl-tmp/CosyVoice_dev/examples/libritts/cosyvoice2/data/esd-emo-grpo/valid/receive/0006_000716_快乐.wav
/root/autodl-tmp/CosyVoice_dev/examples/libritts/cosyvoice2/data/esd-emo-grpo/valid/samp_2/0006_000717_快乐.wav	/root/autodl-tmp/CosyVoice_dev/examples/libritts/cosyvoice2/data/esd-emo-grpo/valid/receive/0006_000717_快乐.wav
/root/autodl-tmp/CosyVoice_dev/examples/libritts/cosyvoice2/data/esd-emo-grpo/valid/samp_2/0006_000718_快乐.wav	/root/autodl-tmp/CosyVoice_dev/examples/libritts/cosyvoice2/data/esd-emo-grpo/valid/receive/0006_000718_快乐.wav
/root/autodl-tmp/CosyVoice_dev/examples/libritts/cosyvoice2/data/esd-emo-grpo/valid/samp_2/0006_000719_快乐.wav	/root/autodl-tmp/CosyVoice_dev/examples/libritts/cosyvoice2/data/esd-emo-grpo/valid/receive/0006_000719_快乐.wav
/root/autodl-tmp/CosyVoice_dev/examples/libritts/cosyvoice2/data/esd-emo-grpo/valid/samp_2/0006_000720_快乐.wav	/root/autodl-tmp/CosyVoice_dev/examples/libritts/cosyvoice2/data/esd-emo-grpo/valid/receive/0006_000720_快乐.wav
/root/autodl-tmp/CosyVoice_dev/examples/libritts/cosyvoice2/data/esd-emo-grpo/valid/samp_2/0006_001051_伤心.wav	/root/autodl-tmp/CosyVoice_dev/examples/libritts/cosyvoice2/data/esd-emo-grpo/valid/receive/0006_001051_伤心.wav
/root/autodl-tmp/CosyVoice_dev/examples/libritts/cosyvoice2/data/esd-emo-grpo/valid/samp_2/0006_001052_伤心.wav	/root/autodl-tmp/CosyVoice_dev/examples/libritts/cosyvoice2/data/esd-emo-grpo/valid/receive/0006_001052_伤心.wav
/root/autodl-tmp/CosyVoice_dev/examples/libritts/cosyvoice2/data/esd-emo-grpo/valid/samp_2/0006_001053_伤心.wav	/root/autodl-tmp/CosyVoice_dev/examples/libritts/cosyvoice2/data/esd-emo-grpo/valid/receive/0006_001053_伤心.wav
/root/autodl-tmp/CosyVoice_dev/examples/libritts/cosyvoice2/data/esd-emo-grpo/valid/samp_2/0006_001054_伤心.wav	/root/autodl-tmp/CosyVoice_dev/examples/libritts/cosyvoice2/data/esd-emo-grpo/valid/receive/0006_001054_伤心.wav
/root/autodl-tmp/CosyVoice_dev/examples/libritts/cosyvoice2/data/esd-emo-grpo/valid/samp_2/0006_001055_伤心.wav	/root/autodl-tmp/CosyVoice_dev/examples/libritts/cosyvoice2/data/esd-emo-grpo/valid/receive/0006_001055_伤心.wav
/root/autodl-tmp/CosyVoice_dev/examples/libritts/cosyvoice2/data/esd-emo-grpo/valid/samp_2/0006_001056_伤心.wav	/root/autodl-tmp/CosyVoice_dev/examples/libritts/cosyvoice2/data/esd-emo-grpo/valid/receive/0006_001056_伤心.wav
/root/autodl-tmp/CosyVoice_dev/examples/libritts/cosyvoice2/data/esd-emo-grpo/valid/samp_2/0006_001057_伤心.wav	/root/autodl-tmp/CosyVoice_dev/examples/libritts/cosyvoice2/data/esd-emo-grpo/valid/receive/0006_001057_伤心.wav
/root/autodl-tmp/CosyVoice_dev/examples/libritts/cosyvoice2/data/esd-emo-grpo/valid/samp_2/0006_001058_伤心.wav	/root/autodl-tmp/CosyVoice_dev/examples/libritts/cosyvoice2/data/esd-emo-grpo/valid/receive/0006_001058_伤心.wav
/root/autodl-tmp/CosyVoice_dev/examples/libritts/cosyvoice2/data/esd-emo-grpo/valid/samp_2/0005_000701_快乐.wav	/root/autodl-tmp/CosyVoice_dev/examples/libritts/cosyvoice2/data/esd-emo-grpo/valid/receive/0005_000701_快乐.wav
/root/autodl-tmp/CosyVoice_dev/examples/libritts/cosyvoice2/data/esd-emo-grpo/valid/samp_2/0005_000702_快乐.wav	/root/autodl-tmp/CosyVoice_dev/examples/libritts/cosyvoice2/data/esd-emo-grpo/valid/receive/0005_000702_快乐.wav
/root/autodl-tmp/CosyVoice_dev/examples/libritts/cosyvoice2/data/esd-emo-grpo/valid/samp_2/0005_000703_快乐.wav	/root/autodl-tmp/CosyVoice_dev/examples/libritts/cosyvoice2/data/esd-emo-grpo/valid/receive/0005_000703_快乐.wav
/root/autodl-tmp/CosyVoice_dev/examples/libritts/cosyvoice2/data/esd-emo-grpo/valid/samp_2/0005_000704_快乐.wav	/root/autodl-tmp/CosyVoice_dev/examples/libritts/cosyvoice2/data/esd-emo-grpo/valid/receive/0005_000704_快乐.wav
/root/autodl-tmp/CosyVoice_dev/examples/libritts/cosyvoice2/data/esd-emo-grpo/valid/samp_2/0005_000705_快乐.wav	/root/autodl-tmp/CosyVoice_dev/examples/libritts/cosyvoice2/data/esd-emo-grpo/valid/receive/0005_000705_快乐.wav
/root/autodl-tmp/CosyVoice_dev/examples/libritts/cosyvoice2/data/esd-emo-grpo/valid/samp_2/0005_000706_快乐.wav	/root/autodl-tmp/CosyVoice_dev/examples/libritts/cosyvoice2/data/esd-emo-grpo/valid/receive/0005_000706_快乐.wav
/root/autodl-tmp/CosyVoice_dev/examples/libritts/cosyvoice2/data/esd-emo-grpo/valid/samp_2/0005_000707_快乐.wav	/root/autodl-tmp/CosyVoice_dev/examples/libritts/cosyvoice2/data/esd-emo-grpo/valid/receive/0005_000707_快乐.wav
/root/autodl-tmp/CosyVoice_dev/examples/libritts/cosyvoice2/data/esd-emo-grpo/valid/samp_2/0005_000708_快乐.wav	/root/autodl-tmp/CosyVoice_dev/examples/libritts/cosyvoice2/data/esd-emo-grpo/valid/receive/0005_000708_快乐.wav
/root/autodl-tmp/CosyVoice_dev/examples/libritts/cosyvoice2/data/esd-emo-grpo/valid/samp_2/0005_000709_快乐.wav	/root/autodl-tmp/CosyVoice_dev/examples/libritts/cosyvoice2/data/esd-emo-grpo/valid/receive/0005_000709_快乐.wav
/root/autodl-tmp/CosyVoice_dev/examples/libritts/cosyvoice2/data/esd-emo-grpo/valid/samp_2/0005_000710_快乐.wav	/root/autodl-tmp/CosyVoice_dev/examples/libritts/cosyvoice2/data/esd-emo-grpo/valid/receive/0005_000710_快乐.wav
/root/autodl-tmp/CosyVoice_dev/examples/libritts/cosyvoice2/data/esd-emo-grpo/valid/samp_2/0005_000711_快乐.wav	/root/autodl-tmp/CosyVoice_dev/examples/libritts/cosyvoice2/data/esd-emo-grpo/valid/receive/0005_000711_快乐.wav
/root/autodl-tmp/CosyVoice_dev/examples/libritts/cosyvoice2/data/esd-emo-grpo/valid/samp_2/0005_000712_快乐.wav	/root/autodl-tmp/CosyVoice_dev/examples/libritts/cosyvoice2/data/esd-emo-grpo/valid/receive/0005_000712_快乐.wav
/root/autodl-tmp/CosyVoice_dev/examples/libritts/cosyvoice2/data/esd-emo-grpo/valid/samp_2/0005_000713_快乐.wav	/root/autodl-tmp/CosyVoice_dev/examples/libritts/cosyvoice2/data/esd-emo-grpo/valid/receive/0005_000713_快乐.wav
/root/autodl-tmp/CosyVoice_dev/examples/libritts/cosyvoice2/data/esd-emo-grpo/valid/samp_2/0005_000714_快乐.wav	/root/autodl-tmp/CosyVoice_dev/examples/libritts/cosyvoice2/data/esd-emo-grpo/valid/receive/0005_000714_快乐.wav
/root/autodl-tmp/CosyVoice_dev/examples/libritts/cosyvoice2/data/esd-emo-grpo/valid/samp_2/0005_000715_快乐.wav	/root/autodl-tmp/CosyVoice_dev/examples/libritts/cosyvoice2/data/esd-emo-grpo/valid/receive/0005_000715_快乐.wav
/root/autodl-tmp/CosyVoice_dev/examples/libritts/cosyvoice2/data/esd-emo-grpo/valid/samp_2/0005_000716_快乐.wav	/root/autodl-tmp/CosyVoice_dev/examples/libritts/cosyvoice2/data/esd-emo-grpo/valid/receive/0005_000716_快乐.wav
/root/autodl-tmp/CosyVoice_dev/examples/libritts/cosyvoice2/data/esd-emo-grpo/valid/samp_2/0005_000717_快乐.wav	/root/autodl-tmp/CosyVoice_dev/examples/libritts/cosyvoice2/data/esd-emo-grpo/valid/receive/0005_000717_快乐.wav
/root/autodl-tmp/CosyVoice_dev/examples/libritts/cosyvoice2/data/esd-emo-grpo/valid/samp_2/0005_000718_快乐.wav	/root/autodl-tmp/CosyVoice_dev/examples/libritts/cosyvoice2/data/esd-emo-grpo/valid/receive/0005_000718_快乐.wav
/root/autodl-tmp/CosyVoice_dev/examples/libritts/cosyvoice2/data/esd-emo-grpo/valid/samp_2/0005_000719_快乐.wav	/root/autodl-tmp/CosyVoice_dev/examples/libritts/cosyvoice2/data/esd-emo-grpo/valid/receive/0005_000719_快乐.wav
/root/autodl-tmp/CosyVoice_dev/examples/libritts/cosyvoice2/data/esd-emo-grpo/valid/samp_2/0005_000720_快乐.wav	/root/autodl-tmp/CosyVoice_dev/examples/libritts/cosyvoice2/data/esd-emo-grpo/valid/receive/0005_000720_快乐.wav
/root/autodl-tmp/CosyVoice_dev/examples/libritts/cosyvoice2/data/esd-emo-grpo/valid/samp_2/0005_001051_伤心.wav	/root/autodl-tmp/CosyVoice_dev/examples/libritts/cosyvoice2/data/esd-emo-grpo/valid/receive/0005_001051_伤心.wav
/root/autodl-tmp/CosyVoice_dev/examples/libritts/cosyvoice2/data/esd-emo-grpo/valid/samp_2/0005_001052_伤心.wav	/root/autodl-tmp/CosyVoice_dev/examples/libritts/cosyvoice2/data/esd-emo-grpo/valid/receive/0005_001052_伤心.wav
/root/autodl-tmp/CosyVoice_dev/examples/libritts/cosyvoice2/data/esd-emo-grpo/valid/samp_2/0005_001053_伤心.wav	/root/autodl-tmp/CosyVoice_dev/examples/libritts/cosyvoice2/data/esd-emo-grpo/valid/receive/0005_001053_伤心.wav
/root/autodl-tmp/CosyVoice_dev/examples/libritts/cosyvoice2/data/esd-emo-grpo/valid/samp_2/0005_001054_伤心.wav	/root/autodl-tmp/CosyVoice_dev/examples/libritts/cosyvoice2/data/esd-emo-grpo/valid/receive/0005_001054_伤心.wav
/root/autodl-tmp/CosyVoice_dev/examples/libritts/cosyvoice2/data/esd-emo-grpo/valid/samp_2/0005_001055_伤心.wav	/root/autodl-tmp/CosyVoice_dev/examples/libritts/cosyvoice2/data/esd-emo-grpo/valid/receive/0005_001055_伤心.wav
/root/autodl-tmp/CosyVoice_dev/examples/libritts/cosyvoice2/data/esd-emo-grpo/valid/samp_2/0005_001056_伤心.wav	/root/autodl-tmp/CosyVoice_dev/examples/libritts/cosyvoice2/data/esd-emo-grpo/valid/receive/0005_001056_伤心.wav
/root/autodl-tmp/CosyVoice_dev/examples/libritts/cosyvoice2/data/esd-emo-grpo/valid/samp_2/0005_001057_伤心.wav	/root/autodl-tmp/CosyVoice_dev/examples/libritts/cosyvoice2/data/esd-emo-grpo/valid/receive/0005_001057_伤心.wav
/root/autodl-tmp/CosyVoice_dev/examples/libritts/cosyvoice2/data/esd-emo-grpo/valid/samp_2/0005_001058_伤心.wav	/root/autodl-tmp/CosyVoice_dev/examples/libritts/cosyvoice2/data/esd-emo-grpo/valid/receive/0005_001058_伤心.wav
/root/autodl-tmp/CosyVoice_dev/examples/libritts/cosyvoice2/data/esd-emo-grpo/valid/samp_2/0005_001059_伤心.wav	/root/autodl-tmp/CosyVoice_dev/examples/libritts/cosyvoice2/data/esd-emo-grpo/valid/receive/0005_001059_伤心.wav
/root/autodl-tmp/CosyVoice_dev/examples/libritts/cosyvoice2/data/esd-emo-grpo/valid/samp_2/0005_001060_伤心.wav	/root/autodl-tmp/CosyVoice_dev/examples/libritts/cosyvoice2/data/esd-emo-grpo/valid/receive/0005_001060_伤心.wav
/root/autodl-tmp/CosyVoice_dev/examples/libritts/cosyvoice2/data/esd-emo-grpo/valid/samp_2/0005_001061_伤心.wav	/root/autodl-tmp/CosyVoice_dev/examples/libritts/cosyvoice2/data/esd-emo-grpo/valid/receive/0005_001061_伤心.wav
/root/autodl-tmp/CosyVoice_dev/examples/libritts/cosyvoice2/data/esd-emo-grpo/valid/samp_2/0005_001062_伤心.wav	/root/autodl-tmp/CosyVoice_dev/examples/libritts/cosyvoice2/data/esd-emo-grpo/valid/receive/0005_001062_伤心.wav
/root/autodl-tmp/CosyVoice_dev/examples/libritts/cosyvoice2/data/esd-emo-grpo/valid/samp_2/0006_001059_伤心.wav	/root/autodl-tmp/CosyVoice_dev/examples/libritts/cosyvoice2/data/esd-emo-grpo/valid/receive/0006_001059_伤心.wav
/root/autodl-tmp/CosyVoice_dev/examples/libritts/cosyvoice2/data/esd-emo-grpo/valid/samp_2/0006_001060_伤心.wav	/root/autodl-tmp/CosyVoice_dev/examples/libritts/cosyvoice2/data/esd-emo-grpo/valid/receive/0006_001060_伤心.wav
/root/autodl-tmp/CosyVoice_dev/examples/libritts/cosyvoice2/data/esd-emo-grpo/valid/samp_2/0006_001061_伤心.wav	/root/autodl-tmp/CosyVoice_dev/examples/libritts/cosyvoice2/data/esd-emo-grpo/valid/receive/0006_001061_伤心.wav
/root/autodl-tmp/CosyVoice_dev/examples/libritts/cosyvoice2/data/esd-emo-grpo/valid/samp_2/0006_001062_伤心.wav	/root/autodl-tmp/CosyVoice_dev/examples/libritts/cosyvoice2/data/esd-emo-grpo/valid/receive/0006_001062_伤心.wav
/root/autodl-tmp/CosyVoice_dev/examples/libritts/cosyvoice2/data/esd-emo-grpo/valid/samp_2/0006_001063_伤心.wav	/root/autodl-tmp/CosyVoice_dev/examples/libritts/cosyvoice2/data/esd-emo-grpo/valid/receive/0006_001063_伤心.wav
/root/autodl-tmp/CosyVoice_dev/examples/libritts/cosyvoice2/data/esd-emo-grpo/valid/samp_2/0006_001064_伤心.wav	/root/autodl-tmp/CosyVoice_dev/examples/libritts/cosyvoice2/data/esd-emo-grpo/valid/receive/0006_001064_伤心.wav
/root/autodl-tmp/CosyVoice_dev/examples/libritts/cosyvoice2/data/esd-emo-grpo/valid/samp_2/0006_001065_伤心.wav	/root/autodl-tmp/CosyVoice_dev/examples/libritts/cosyvoice2/data/esd-emo-grpo/valid/receive/0006_001065_伤心.wav
/root/autodl-tmp/CosyVoice_dev/examples/libritts/cosyvoice2/data/esd-emo-grpo/valid/samp_2/0006_001066_伤心.wav	/root/autodl-tmp/CosyVoice_dev/examples/libritts/cosyvoice2/data/esd-emo-grpo/valid/receive/0006_001066_伤心.wav
/root/autodl-tmp/CosyVoice_dev/examples/libritts/cosyvoice2/data/esd-emo-grpo/valid/samp_2/0006_001067_伤心.wav	/root/autodl-tmp/CosyVoice_dev/examples/libritts/cosyvoice2/data/esd-emo-grpo/valid/receive/0006_001067_伤心.wav
/root/autodl-tmp/CosyVoice_dev/examples/libritts/cosyvoice2/data/esd-emo-grpo/valid/samp_2/0006_001068_伤心.wav	/root/autodl-tmp/CosyVoice_dev/examples/libritts/cosyvoice2/data/esd-emo-grpo/valid/receive/0006_001068_伤心.wav
/root/autodl-tmp/CosyVoice_dev/examples/libritts/cosyvoice2/data/esd-emo-grpo/valid/samp_2/0006_001069_伤心.wav	/root/autodl-tmp/CosyVoice_dev/examples/libritts/cosyvoice2/data/esd-emo-grpo/valid/receive/0006_001069_伤心.wav
/root/autodl-tmp/CosyVoice_dev/examples/libritts/cosyvoice2/data/esd-emo-grpo/valid/samp_2/0006_001070_伤心.wav	/root/autodl-tmp/CosyVoice_dev/examples/libritts/cosyvoice2/data/esd-emo-grpo/valid/receive/0006_001070_伤心.wav
/root/autodl-tmp/CosyVoice_dev/examples/libritts/cosyvoice2/data/esd-emo-grpo/valid/samp_2/0006_001401_惊喜.wav	/root/autodl-tmp/CosyVoice_dev/examples/libritts/cosyvoice2/data/esd-emo-grpo/valid/receive/0006_001401_惊喜.wav
/root/autodl-tmp/CosyVoice_dev/examples/libritts/cosyvoice2/data/esd-emo-grpo/valid/samp_2/0006_001402_惊喜.wav	/root/autodl-tmp/CosyVoice_dev/examples/libritts/cosyvoice2/data/esd-emo-grpo/valid/receive/0006_001402_惊喜.wav
/root/autodl-tmp/CosyVoice_dev/examples/libritts/cosyvoice2/data/esd-emo-grpo/valid/samp_2/0006_001403_惊喜.wav	/root/autodl-tmp/CosyVoice_dev/examples/libritts/cosyvoice2/data/esd-emo-grpo/valid/receive/0006_001403_惊喜.wav
/root/autodl-tmp/CosyVoice_dev/examples/libritts/cosyvoice2/data/esd-emo-grpo/valid/samp_2/0006_001404_惊喜.wav	/root/autodl-tmp/CosyVoice_dev/examples/libritts/cosyvoice2/data/esd-emo-grpo/valid/receive/0006_001404_惊喜.wav
/root/autodl-tmp/CosyVoice_dev/examples/libritts/cosyvoice2/data/esd-emo-grpo/valid/samp_2/0006_001405_惊喜.wav	/root/autodl-tmp/CosyVoice_dev/examples/libritts/cosyvoice2/data/esd-emo-grpo/valid/receive/0006_001405_惊喜.wav
/root/autodl-tmp/CosyVoice_dev/examples/libritts/cosyvoice2/data/esd-emo-grpo/valid/samp_2/0006_001406_惊喜.wav	/root/autodl-tmp/CosyVoice_dev/examples/libritts/cosyvoice2/data/esd-emo-grpo/valid/receive/0006_001406_惊喜.wav
/root/autodl-tmp/CosyVoice_dev/examples/libritts/cosyvoice2/data/esd-emo-grpo/valid/samp_2/0006_001407_惊喜.wav	/root/autodl-tmp/CosyVoice_dev/examples/libritts/cosyvoice2/data/esd-emo-grpo/valid/receive/0006_001407_惊喜.wav
/root/autodl-tmp/CosyVoice_dev/examples/libritts/cosyvoice2/data/esd-emo-grpo/valid/samp_2/0006_001408_惊喜.wav	/root/autodl-tmp/CosyVoice_dev/examples/libritts/cosyvoice2/data/esd-emo-grpo/valid/receive/0006_001408_惊喜.wav
/root/autodl-tmp/CosyVoice_dev/examples/libritts/cosyvoice2/data/esd-emo-grpo/valid/samp_2/0006_001409_惊喜.wav	/root/autodl-tmp/CosyVoice_dev/examples/libritts/cosyvoice2/data/esd-emo-grpo/valid/receive/0006_001409_惊喜.wav
/root/autodl-tmp/CosyVoice_dev/examples/libritts/cosyvoice2/data/esd-emo-grpo/valid/samp_2/0006_001410_惊喜.wav	/root/autodl-tmp/CosyVoice_dev/examples/libritts/cosyvoice2/data/esd-emo-grpo/valid/receive/0006_001410_惊喜.wav
/root/autodl-tmp/CosyVoice_dev/examples/libritts/cosyvoice2/data/esd-emo-grpo/valid/samp_2/0006_001411_惊喜.wav	/root/autodl-tmp/CosyVoice_dev/examples/libritts/cosyvoice2/data/esd-emo-grpo/valid/receive/0006_001411_惊喜.wav
/root/autodl-tmp/CosyVoice_dev/examples/libritts/cosyvoice2/data/esd-emo-grpo/valid/samp_2/0006_001412_惊喜.wav	/root/autodl-tmp/CosyVoice_dev/examples/libritts/cosyvoice2/data/esd-emo-grpo/valid/receive/0006_001412_惊喜.wav
/root/autodl-tmp/CosyVoice_dev/examples/libritts/cosyvoice2/data/esd-emo-grpo/valid/samp_2/0006_001413_惊喜.wav	/root/autodl-tmp/CosyVoice_dev/examples/libritts/cosyvoice2/data/esd-emo-grpo/valid/receive/0006_001413_惊喜.wav
/root/autodl-tmp/CosyVoice_dev/examples/libritts/cosyvoice2/data/esd-emo-grpo/valid/samp_2/0006_001414_惊喜.wav	/root/autodl-tmp/CosyVoice_dev/examples/libritts/cosyvoice2/data/esd-emo-grpo/valid/receive/0006_001414_惊喜.wav
/root/autodl-tmp/CosyVoice_dev/examples/libritts/cosyvoice2/data/esd-emo-grpo/valid/samp_2/0006_001415_惊喜.wav	/root/autodl-tmp/CosyVoice_dev/examples/libritts/cosyvoice2/data/esd-emo-grpo/valid/receive/0006_001415_惊喜.wav
/root/autodl-tmp/CosyVoice_dev/examples/libritts/cosyvoice2/data/esd-emo-grpo/valid/samp_2/0006_001416_惊喜.wav	/root/autodl-tmp/CosyVoice_dev/examples/libritts/cosyvoice2/data/esd-emo-grpo/valid/receive/0006_001416_惊喜.wav
/root/autodl-tmp/CosyVoice_dev/examples/libritts/cosyvoice2/data/esd-emo-grpo/valid/samp_2/0006_001417_惊喜.wav	/root/autodl-tmp/CosyVoice_dev/examples/libritts/cosyvoice2/data/esd-emo-grpo/valid/receive/0006_001417_惊喜.wav
/root/autodl-tmp/CosyVoice_dev/examples/libritts/cosyvoice2/data/esd-emo-grpo/valid/samp_2/0006_001418_惊喜.wav	/root/autodl-tmp/CosyVoice_dev/examples/libritts/cosyvoice2/data/esd-emo-grpo/valid/receive/0006_001418_惊喜.wav
/root/autodl-tmp/CosyVoice_dev/examples/libritts/cosyvoice2/data/esd-emo-grpo/valid/samp_2/0006_001419_惊喜.wav	/root/autodl-tmp/CosyVoice_dev/examples/libritts/cosyvoice2/data/esd-emo-grpo/valid/receive/0006_001419_惊喜.wav
/root/autodl-tmp/CosyVoice_dev/examples/libritts/cosyvoice2/data/esd-emo-grpo/valid/samp_2/0006_001420_惊喜.wav	/root/autodl-tmp/CosyVoice_dev/examples/libritts/cosyvoice2/data/esd-emo-grpo/valid/receive/0006_001420_惊喜.wav
/root/autodl-tmp/CosyVoice_dev/examples/libritts/cosyvoice2/data/esd-emo-grpo/valid/samp_2/0006_000001_冷静.wav	/root/autodl-tmp/CosyVoice_dev/examples/libritts/cosyvoice2/data/esd-emo-grpo/valid/receive/0006_000001_冷静.wav
/root/autodl-tmp/CosyVoice_dev/examples/libritts/cosyvoice2/data/esd-emo-grpo/valid/samp_2/0006_000002_冷静.wav	/root/autodl-tmp/CosyVoice_dev/examples/libritts/cosyvoice2/data/esd-emo-grpo/valid/receive/0006_000002_冷静.wav
/root/autodl-tmp/CosyVoice_dev/examples/libritts/cosyvoice2/data/esd-emo-grpo/valid/samp_2/0006_000003_冷静.wav	/root/autodl-tmp/CosyVoice_dev/examples/libritts/cosyvoice2/data/esd-emo-grpo/valid/receive/0006_000003_冷静.wav
/root/autodl-tmp/CosyVoice_dev/examples/libritts/cosyvoice2/data/esd-emo-grpo/valid/samp_2/0006_000004_冷静.wav	/root/autodl-tmp/CosyVoice_dev/examples/libritts/cosyvoice2/data/esd-emo-grpo/valid/receive/0006_000004_冷静.wav
/root/autodl-tmp/CosyVoice_dev/examples/libritts/cosyvoice2/data/esd-emo-grpo/valid/samp_2/0006_000005_冷静.wav	/root/autodl-tmp/CosyVoice_dev/examples/libritts/cosyvoice2/data/esd-emo-grpo/valid/receive/0006_000005_冷静.wav
/root/autodl-tmp/CosyVoice_dev/examples/libritts/cosyvoice2/data/esd-emo-grpo/valid/samp_2/0006_000006_冷静.wav	/root/autodl-tmp/CosyVoice_dev/examples/libritts/cosyvoice2/data/esd-emo-grpo/valid/receive/0006_000006_冷静.wav
/root/autodl-tmp/CosyVoice_dev/examples/libritts/cosyvoice2/data/esd-emo-grpo/valid/samp_2/0006_000007_冷静.wav	/root/autodl-tmp/CosyVoice_dev/examples/libritts/cosyvoice2/data/esd-emo-grpo/valid/receive/0006_000007_冷静.wav
/root/autodl-tmp/CosyVoice_dev/examples/libritts/cosyvoice2/data/esd-emo-grpo/valid/samp_2/0006_000008_冷静.wav	/root/autodl-tmp/CosyVoice_dev/examples/libritts/cosyvoice2/data/esd-emo-grpo/valid/receive/0006_000008_冷静.wav
/root/autodl-tmp/CosyVoice_dev/examples/libritts/cosyvoice2/data/esd-emo-grpo/valid/samp_2/0006_000009_冷静.wav	/root/autodl-tmp/CosyVoice_dev/examples/libritts/cosyvoice2/data/esd-emo-grpo/valid/receive/0006_000009_冷静.wav
/root/autodl-tmp/CosyVoice_dev/examples/libritts/cosyvoice2/data/esd-emo-grpo/valid/samp_2/0006_000010_冷静.wav	/root/autodl-tmp/CosyVoice_dev/examples/libritts/cosyvoice2/data/esd-emo-grpo/valid/receive/0006_000010_冷静.wav
/root/autodl-tmp/CosyVoice_dev/examples/libritts/cosyvoice2/data/esd-emo-grpo/valid/samp_2/0006_000011_冷静.wav	/root/autodl-tmp/CosyVoice_dev/examples/libritts/cosyvoice2/data/esd-emo-grpo/valid/receive/0006_000011_冷静.wav
/root/autodl-tmp/CosyVoice_dev/examples/libritts/cosyvoice2/data/esd-emo-grpo/valid/samp_2/0006_000012_冷静.wav	/root/autodl-tmp/CosyVoice_dev/examples/libritts/cosyvoice2/data/esd-emo-grpo/valid/receive/0006_000012_冷静.wav
/root/autodl-tmp/CosyVoice_dev/examples/libritts/cosyvoice2/data/esd-emo-grpo/valid/samp_2/0006_000013_冷静.wav	/root/autodl-tmp/CosyVoice_dev/examples/libritts/cosyvoice2/data/esd-emo-grpo/valid/receive/0006_000013_冷静.wav
/root/autodl-tmp/CosyVoice_dev/examples/libritts/cosyvoice2/data/esd-emo-grpo/valid/samp_2/0006_000014_冷静.wav	/root/autodl-tmp/CosyVoice_dev/examples/libritts/cosyvoice2/data/esd-emo-grpo/valid/receive/0006_000014_冷静.wav
/root/autodl-tmp/CosyVoice_dev/examples/libritts/cosyvoice2/data/esd-emo-grpo/valid/samp_2/0006_000015_冷静.wav	/root/autodl-tmp/CosyVoice_dev/examples/libritts/cosyvoice2/data/esd-emo-grpo/valid/receive/0006_000015_冷静.wav
/root/autodl-tmp/CosyVoice_dev/examples/libritts/cosyvoice2/data/esd-emo-grpo/valid/samp_2/0006_000016_冷静.wav	/root/autodl-tmp/CosyVoice_dev/examples/libritts/cosyvoice2/data/esd-emo-grpo/valid/receive/0006_000016_冷静.wav
/root/autodl-tmp/CosyVoice_dev/examples/libritts/cosyvoice2/data/esd-emo-grpo/valid/samp_2/0006_000017_冷静.wav	/root/autodl-tmp/CosyVoice_dev/examples/libritts/cosyvoice2/data/esd-emo-grpo/valid/receive/0006_000017_冷静.wav
/root/autodl-tmp/CosyVoice_dev/examples/libritts/cosyvoice2/data/esd-emo-grpo/valid/samp_2/0006_000018_冷静.wav	/root/autodl-tmp/CosyVoice_dev/examples/libritts/cosyvoice2/data/esd-emo-grpo/valid/receive/0006_000018_冷静.wav
/root/autodl-tmp/CosyVoice_dev/examples/libritts/cosyvoice2/data/esd-emo-grpo/valid/samp_2/0006_000019_冷静.wav	/root/autodl-tmp/CosyVoice_dev/examples/libritts/cosyvoice2/data/esd-emo-grpo/valid/receive/0006_000019_冷静.wav
/root/autodl-tmp/CosyVoice_dev/examples/libritts/cosyvoice2/data/esd-emo-grpo/valid/samp_2/0006_000020_冷静.wav	/root/autodl-tmp/CosyVoice_dev/examples/libritts/cosyvoice2/data/esd-emo-grpo/valid/receive/0006_000020_冷静.wav
/root/autodl-tmp/CosyVoice_dev/examples/libritts/cosyvoice2/data/esd-emo-grpo/valid/samp_2/0006_000351_生气.wav	/root/autodl-tmp/CosyVoice_dev/examples/libritts/cosyvoice2/data/esd-emo-grpo/valid/receive/0006_000351_生气.wav
/root/autodl-tmp/CosyVoice_dev/examples/libritts/cosyvoice2/data/esd-emo-grpo/valid/samp_2/0006_000352_生气.wav	/root/autodl-tmp/CosyVoice_dev/examples/libritts/cosyvoice2/data/esd-emo-grpo/valid/receive/0006_000352_生气.wav
/root/autodl-tmp/CosyVoice_dev/examples/libritts/cosyvoice2/data/esd-emo-grpo/valid/samp_2/0006_000353_生气.wav	/root/autodl-tmp/CosyVoice_dev/examples/libritts/cosyvoice2/data/esd-emo-grpo/valid/receive/0006_000353_生气.wav
/root/autodl-tmp/CosyVoice_dev/examples/libritts/cosyvoice2/data/esd-emo-grpo/valid/samp_2/0006_000354_生气.wav	/root/autodl-tmp/CosyVoice_dev/examples/libritts/cosyvoice2/data/esd-emo-grpo/valid/receive/0006_000354_生气.wav
/root/autodl-tmp/CosyVoice_dev/examples/libritts/cosyvoice2/data/esd-emo-grpo/valid/samp_2/0006_000355_生气.wav	/root/autodl-tmp/CosyVoice_dev/examples/libritts/cosyvoice2/data/esd-emo-grpo/valid/receive/0006_000355_生气.wav
/root/autodl-tmp/CosyVoice_dev/examples/libritts/cosyvoice2/data/esd-emo-grpo/valid/samp_2/0006_000356_生气.wav	/root/autodl-tmp/CosyVoice_dev/examples/libritts/cosyvoice2/data/esd-emo-grpo/valid/receive/0006_000356_生气.wav
/root/autodl-tmp/CosyVoice_dev/examples/libritts/cosyvoice2/data/esd-emo-grpo/valid/samp_2/0006_000357_生气.wav	/root/autodl-tmp/CosyVoice_dev/examples/libritts/cosyvoice2/data/esd-emo-grpo/valid/receive/0006_000357_生气.wav
/root/autodl-tmp/CosyVoice_dev/examples/libritts/cosyvoice2/data/esd-emo-grpo/valid/samp_2/0006_000358_生气.wav	/root/autodl-tmp/CosyVoice_dev/examples/libritts/cosyvoice2/data/esd-emo-grpo/valid/receive/0006_000358_生气.wav
/root/autodl-tmp/CosyVoice_dev/examples/libritts/cosyvoice2/data/esd-emo-grpo/valid/samp_2/0006_000359_生气.wav	/root/autodl-tmp/CosyVoice_dev/examples/libritts/cosyvoice2/data/esd-emo-grpo/valid/receive/0006_000359_生气.wav
/root/autodl-tmp/CosyVoice_dev/examples/libritts/cosyvoice2/data/esd-emo-grpo/valid/samp_2/0006_000360_生气.wav	/root/autodl-tmp/CosyVoice_dev/examples/libritts/cosyvoice2/data/esd-emo-grpo/valid/receive/0006_000360_生气.wav
/root/autodl-tmp/CosyVoice_dev/examples/libritts/cosyvoice2/data/esd-emo-grpo/valid/samp_2/0006_000361_生气.wav	/root/autodl-tmp/CosyVoice_dev/examples/libritts/cosyvoice2/data/esd-emo-grpo/valid/receive/0006_000361_生气.wav
/root/autodl-tmp/CosyVoice_dev/examples/libritts/cosyvoice2/data/esd-emo-grpo/valid/samp_2/0006_000362_生气.wav	/root/autodl-tmp/CosyVoice_dev/examples/libritts/cosyvoice2/data/esd-emo-grpo/valid/receive/0006_000362_生气.wav
/root/autodl-tmp/CosyVoice_dev/examples/libritts/cosyvoice2/data/esd-emo-grpo/valid/samp_2/0006_000363_生气.wav	/root/autodl-tmp/CosyVoice_dev/examples/libritts/cosyvoice2/data/esd-emo-grpo/valid/receive/0006_000363_生气.wav
/root/autodl-tmp/CosyVoice_dev/examples/libritts/cosyvoice2/data/esd-emo-grpo/valid/samp_2/0006_000364_生气.wav	/root/autodl-tmp/CosyVoice_dev/examples/libritts/cosyvoice2/data/esd-emo-grpo/valid/receive/0006_000364_生气.wav
/root/autodl-tmp/CosyVoice_dev/examples/libritts/cosyvoice2/data/esd-emo-grpo/valid/samp_2/0006_000365_生气.wav	/root/autodl-tmp/CosyVoice_dev/examples/libritts/cosyvoice2/data/esd-emo-grpo/valid/receive/0006_000365_生气.wav
/root/autodl-tmp/CosyVoice_dev/examples/libritts/cosyvoice2/data/esd-emo-grpo/valid/samp_2/0006_000366_生气.wav	/root/autodl-tmp/CosyVoice_dev/examples/libritts/cosyvoice2/data/esd-emo-grpo/valid/receive/0006_000366_生气.wav
/root/autodl-tmp/CosyVoice_dev/examples/libritts/cosyvoice2/data/esd-emo-grpo/valid/samp_2/0006_000367_生气.wav	/root/autodl-tmp/CosyVoice_dev/examples/libritts/cosyvoice2/data/esd-emo-grpo/valid/receive/0006_000367_生气.wav
/root/autodl-tmp/CosyVoice_dev/examples/libritts/cosyvoice2/data/esd-emo-grpo/valid/samp_2/0006_000368_生气.wav	/root/autodl-tmp/CosyVoice_dev/examples/libritts/cosyvoice2/data/esd-emo-grpo/valid/receive/0006_000368_生气.wav
/root/autodl-tmp/CosyVoice_dev/examples/libritts/cosyvoice2/data/esd-emo-grpo/valid/samp_2/0006_000369_生气.wav	/root/autodl-tmp/CosyVoice_dev/examples/libritts/cosyvoice2/data/esd-emo-grpo/valid/receive/0006_000369_生气.wav
/root/autodl-tmp/CosyVoice_dev/examples/libritts/cosyvoice2/data/esd-emo-grpo/valid/samp_2/0006_000370_生气.wav	/root/autodl-tmp/CosyVoice_dev/examples/libritts/cosyvoice2/data/esd-emo-grpo/valid/receive/0006_000370_生气.wav
/root/autodl-tmp/CosyVoice_dev/examples/libritts/cosyvoice2/data/esd-emo-grpo/valid/samp_2/0007_000701_快乐.wav	/root/autodl-tmp/CosyVoice_dev/examples/libritts/cosyvoice2/data/esd-emo-grpo/valid/receive/0007_000701_快乐.wav
/root/autodl-tmp/CosyVoice_dev/examples/libritts/cosyvoice2/data/esd-emo-grpo/valid/samp_2/0007_000702_快乐.wav	/root/autodl-tmp/CosyVoice_dev/examples/libritts/cosyvoice2/data/esd-emo-grpo/valid/receive/0007_000702_快乐.wav
/root/autodl-tmp/CosyVoice_dev/examples/libritts/cosyvoice2/data/esd-emo-grpo/valid/samp_2/0007_000703_快乐.wav	/root/autodl-tmp/CosyVoice_dev/examples/libritts/cosyvoice2/data/esd-emo-grpo/valid/receive/0007_000703_快乐.wav
/root/autodl-tmp/CosyVoice_dev/examples/libritts/cosyvoice2/data/esd-emo-grpo/valid/samp_2/0007_000704_快乐.wav	/root/autodl-tmp/CosyVoice_dev/examples/libritts/cosyvoice2/data/esd-emo-grpo/valid/receive/0007_000704_快乐.wav
/root/autodl-tmp/CosyVoice_dev/examples/libritts/cosyvoice2/data/esd-emo-grpo/valid/samp_2/0007_000705_快乐.wav	/root/autodl-tmp/CosyVoice_dev/examples/libritts/cosyvoice2/data/esd-emo-grpo/valid/receive/0007_000705_快乐.wav
/root/autodl-tmp/CosyVoice_dev/examples/libritts/cosyvoice2/data/esd-emo-grpo/valid/samp_2/0007_000706_快乐.wav	/root/autodl-tmp/CosyVoice_dev/examples/libritts/cosyvoice2/data/esd-emo-grpo/valid/receive/0007_000706_快乐.wav
/root/autodl-tmp/CosyVoice_dev/examples/libritts/cosyvoice2/data/esd-emo-grpo/valid/samp_2/0007_000707_快乐.wav	/root/autodl-tmp/CosyVoice_dev/examples/libritts/cosyvoice2/data/esd-emo-grpo/valid/receive/0007_000707_快乐.wav
/root/autodl-tmp/CosyVoice_dev/examples/libritts/cosyvoice2/data/esd-emo-grpo/valid/samp_2/0007_000708_快乐.wav	/root/autodl-tmp/CosyVoice_dev/examples/libritts/cosyvoice2/data/esd-emo-grpo/valid/receive/0007_000708_快乐.wav
/root/autodl-tmp/CosyVoice_dev/examples/libritts/cosyvoice2/data/esd-emo-grpo/valid/samp_2/0007_000709_快乐.wav	/root/autodl-tmp/CosyVoice_dev/examples/libritts/cosyvoice2/data/esd-emo-grpo/valid/receive/0007_000709_快乐.wav
/root/autodl-tmp/CosyVoice_dev/examples/libritts/cosyvoice2/data/esd-emo-grpo/valid/samp_2/0007_000710_快乐.wav	/root/autodl-tmp/CosyVoice_dev/examples/libritts/cosyvoice2/data/esd-emo-grpo/valid/receive/0007_000710_快乐.wav
/root/autodl-tmp/CosyVoice_dev/examples/libritts/cosyvoice2/data/esd-emo-grpo/valid/samp_2/0007_000711_快乐.wav	/root/autodl-tmp/CosyVoice_dev/examples/libritts/cosyvoice2/data/esd-emo-grpo/valid/receive/0007_000711_快乐.wav
/root/autodl-tmp/CosyVoice_dev/examples/libritts/cosyvoice2/data/esd-emo-grpo/valid/samp_2/0007_000712_快乐.wav	/root/autodl-tmp/CosyVoice_dev/examples/libritts/cosyvoice2/data/esd-emo-grpo/valid/receive/0007_000712_快乐.wav
/root/autodl-tmp/CosyVoice_dev/examples/libritts/cosyvoice2/data/esd-emo-grpo/valid/samp_2/0007_000713_快乐.wav	/root/autodl-tmp/CosyVoice_dev/examples/libritts/cosyvoice2/data/esd-emo-grpo/valid/receive/0007_000713_快乐.wav
/root/autodl-tmp/CosyVoice_dev/examples/libritts/cosyvoice2/data/esd-emo-grpo/valid/samp_2/0007_000714_快乐.wav	/root/autodl-tmp/CosyVoice_dev/examples/libritts/cosyvoice2/data/esd-emo-grpo/valid/receive/0007_000714_快乐.wav
/root/autodl-tmp/CosyVoice_dev/examples/libritts/cosyvoice2/data/esd-emo-grpo/valid/samp_2/0007_000715_快乐.wav	/root/autodl-tmp/CosyVoice_dev/examples/libritts/cosyvoice2/data/esd-emo-grpo/valid/receive/0007_000715_快乐.wav
/root/autodl-tmp/CosyVoice_dev/examples/libritts/cosyvoice2/data/esd-emo-grpo/valid/samp_2/0007_000716_快乐.wav	/root/autodl-tmp/CosyVoice_dev/examples/libritts/cosyvoice2/data/esd-emo-grpo/valid/receive/0007_000716_快乐.wav
/root/autodl-tmp/CosyVoice_dev/examples/libritts/cosyvoice2/data/esd-emo-grpo/valid/samp_2/0007_000717_快乐.wav	/root/autodl-tmp/CosyVoice_dev/examples/libritts/cosyvoice2/data/esd-emo-grpo/valid/receive/0007_000717_快乐.wav
/root/autodl-tmp/CosyVoice_dev/examples/libritts/cosyvoice2/data/esd-emo-grpo/valid/samp_2/0007_000718_快乐.wav	/root/autodl-tmp/CosyVoice_dev/examples/libritts/cosyvoice2/data/esd-emo-grpo/valid/receive/0007_000718_快乐.wav
/root/autodl-tmp/CosyVoice_dev/examples/libritts/cosyvoice2/data/esd-emo-grpo/valid/samp_2/0007_000719_快乐.wav	/root/autodl-tmp/CosyVoice_dev/examples/libritts/cosyvoice2/data/esd-emo-grpo/valid/receive/0007_000719_快乐.wav
/root/autodl-tmp/CosyVoice_dev/examples/libritts/cosyvoice2/data/esd-emo-grpo/valid/samp_2/0007_000720_快乐.wav	/root/autodl-tmp/CosyVoice_dev/examples/libritts/cosyvoice2/data/esd-emo-grpo/valid/receive/0007_000720_快乐.wav
/root/autodl-tmp/CosyVoice_dev/examples/libritts/cosyvoice2/data/esd-emo-grpo/valid/samp_2/0007_001051_伤心.wav	/root/autodl-tmp/CosyVoice_dev/examples/libritts/cosyvoice2/data/esd-emo-grpo/valid/receive/0007_001051_伤心.wav
/root/autodl-tmp/CosyVoice_dev/examples/libritts/cosyvoice2/data/esd-emo-grpo/valid/samp_2/0007_001052_伤心.wav	/root/autodl-tmp/CosyVoice_dev/examples/libritts/cosyvoice2/data/esd-emo-grpo/valid/receive/0007_001052_伤心.wav
/root/autodl-tmp/CosyVoice_dev/examples/libritts/cosyvoice2/data/esd-emo-grpo/valid/samp_2/0007_001053_伤心.wav	/root/autodl-tmp/CosyVoice_dev/examples/libritts/cosyvoice2/data/esd-emo-grpo/valid/receive/0007_001053_伤心.wav
/root/autodl-tmp/CosyVoice_dev/examples/libritts/cosyvoice2/data/esd-emo-grpo/valid/samp_2/0007_001054_伤心.wav	/root/autodl-tmp/CosyVoice_dev/examples/libritts/cosyvoice2/data/esd-emo-grpo/valid/receive/0007_001054_伤心.wav
/root/autodl-tmp/CosyVoice_dev/examples/libritts/cosyvoice2/data/esd-emo-grpo/valid/samp_2/0007_001055_伤心.wav	/root/autodl-tmp/CosyVoice_dev/examples/libritts/cosyvoice2/data/esd-emo-grpo/valid/receive/0007_001055_伤心.wav
/root/autodl-tmp/CosyVoice_dev/examples/libritts/cosyvoice2/data/esd-emo-grpo/valid/samp_2/0007_001056_伤心.wav	/root/autodl-tmp/CosyVoice_dev/examples/libritts/cosyvoice2/data/esd-emo-grpo/valid/receive/0007_001056_伤心.wav
/root/autodl-tmp/CosyVoice_dev/examples/libritts/cosyvoice2/data/esd-emo-grpo/valid/samp_2/0007_001057_伤心.wav	/root/autodl-tmp/CosyVoice_dev/examples/libritts/cosyvoice2/data/esd-emo-grpo/valid/receive/0007_001057_伤心.wav
/root/autodl-tmp/CosyVoice_dev/examples/libritts/cosyvoice2/data/esd-emo-grpo/valid/samp_2/0007_001058_伤心.wav	/root/autodl-tmp/CosyVoice_dev/examples/libritts/cosyvoice2/data/esd-emo-grpo/valid/receive/0007_001058_伤心.wav
/root/autodl-tmp/CosyVoice_dev/examples/libritts/cosyvoice2/data/esd-emo-grpo/valid/samp_2/0007_001059_伤心.wav	/root/autodl-tmp/CosyVoice_dev/examples/libritts/cosyvoice2/data/esd-emo-grpo/valid/receive/0007_001059_伤心.wav
/root/autodl-tmp/CosyVoice_dev/examples/libritts/cosyvoice2/data/esd-emo-grpo/valid/samp_2/0007_001060_伤心.wav	/root/autodl-tmp/CosyVoice_dev/examples/libritts/cosyvoice2/data/esd-emo-grpo/valid/receive/0007_001060_伤心.wav
/root/autodl-tmp/CosyVoice_dev/examples/libritts/cosyvoice2/data/esd-emo-grpo/valid/samp_2/0007_001061_伤心.wav	/root/autodl-tmp/CosyVoice_dev/examples/libritts/cosyvoice2/data/esd-emo-grpo/valid/receive/0007_001061_伤心.wav
/root/autodl-tmp/CosyVoice_dev/examples/libritts/cosyvoice2/data/esd-emo-grpo/valid/samp_2/0007_001062_伤心.wav	/root/autodl-tmp/CosyVoice_dev/examples/libritts/cosyvoice2/data/esd-emo-grpo/valid/receive/0007_001062_伤心.wav
/root/autodl-tmp/CosyVoice_dev/examples/libritts/cosyvoice2/data/esd-emo-grpo/valid/samp_2/0007_001063_伤心.wav	/root/autodl-tmp/CosyVoice_dev/examples/libritts/cosyvoice2/data/esd-emo-grpo/valid/receive/0007_001063_伤心.wav
/root/autodl-tmp/CosyVoice_dev/examples/libritts/cosyvoice2/data/esd-emo-grpo/valid/samp_2/0007_001064_伤心.wav	/root/autodl-tmp/CosyVoice_dev/examples/libritts/cosyvoice2/data/esd-emo-grpo/valid/receive/0007_001064_伤心.wav
/root/autodl-tmp/CosyVoice_dev/examples/libritts/cosyvoice2/data/esd-emo-grpo/valid/samp_2/0007_001065_伤心.wav	/root/autodl-tmp/CosyVoice_dev/examples/libritts/cosyvoice2/data/esd-emo-grpo/valid/receive/0007_001065_伤心.wav
/root/autodl-tmp/CosyVoice_dev/examples/libritts/cosyvoice2/data/esd-emo-grpo/valid/samp_2/0007_001066_伤心.wav	/root/autodl-tmp/CosyVoice_dev/examples/libritts/cosyvoice2/data/esd-emo-grpo/valid/receive/0007_001066_伤心.wav
/root/autodl-tmp/CosyVoice_dev/examples/libritts/cosyvoice2/data/esd-emo-grpo/valid/samp_2/0007_001067_伤心.wav	/root/autodl-tmp/CosyVoice_dev/examples/libritts/cosyvoice2/data/esd-emo-grpo/valid/receive/0007_001067_伤心.wav
/root/autodl-tmp/CosyVoice_dev/examples/libritts/cosyvoice2/data/esd-emo-grpo/valid/samp_2/0007_001068_伤心.wav	/root/autodl-tmp/CosyVoice_dev/examples/libritts/cosyvoice2/data/esd-emo-grpo/valid/receive/0007_001068_伤心.wav
/root/autodl-tmp/CosyVoice_dev/examples/libritts/cosyvoice2/data/esd-emo-grpo/valid/samp_2/0007_001069_伤心.wav	/root/autodl-tmp/CosyVoice_dev/examples/libritts/cosyvoice2/data/esd-emo-grpo/valid/receive/0007_001069_伤心.wav
/root/autodl-tmp/CosyVoice_dev/examples/libritts/cosyvoice2/data/esd-emo-grpo/valid/samp_2/0007_001070_伤心.wav	/root/autodl-tmp/CosyVoice_dev/examples/libritts/cosyvoice2/data/esd-emo-grpo/valid/receive/0007_001070_伤心.wav
/root/autodl-tmp/CosyVoice_dev/examples/libritts/cosyvoice2/data/esd-emo-grpo/valid/samp_2/0007_001401_惊喜.wav	/root/autodl-tmp/CosyVoice_dev/examples/libritts/cosyvoice2/data/esd-emo-grpo/valid/receive/0007_001401_惊喜.wav
/root/autodl-tmp/CosyVoice_dev/examples/libritts/cosyvoice2/data/esd-emo-grpo/valid/samp_2/0007_001402_惊喜.wav	/root/autodl-tmp/CosyVoice_dev/examples/libritts/cosyvoice2/data/esd-emo-grpo/valid/receive/0007_001402_惊喜.wav
/root/autodl-tmp/CosyVoice_dev/examples/libritts/cosyvoice2/data/esd-emo-grpo/valid/samp_2/0007_001403_惊喜.wav	/root/autodl-tmp/CosyVoice_dev/examples/libritts/cosyvoice2/data/esd-emo-grpo/valid/receive/0007_001403_惊喜.wav
/root/autodl-tmp/CosyVoice_dev/examples/libritts/cosyvoice2/data/esd-emo-grpo/valid/samp_2/0007_001404_惊喜.wav	/root/autodl-tmp/CosyVoice_dev/examples/libritts/cosyvoice2/data/esd-emo-grpo/valid/receive/0007_001404_惊喜.wav
/root/autodl-tmp/CosyVoice_dev/examples/libritts/cosyvoice2/data/esd-emo-grpo/valid/samp_2/0007_001405_惊喜.wav	/root/autodl-tmp/CosyVoice_dev/examples/libritts/cosyvoice2/data/esd-emo-grpo/valid/receive/0007_001405_惊喜.wav
/root/autodl-tmp/CosyVoice_dev/examples/libritts/cosyvoice2/data/esd-emo-grpo/valid/samp_2/0007_001406_惊喜.wav	/root/autodl-tmp/CosyVoice_dev/examples/libritts/cosyvoice2/data/esd-emo-grpo/valid/receive/0007_001406_惊喜.wav
/root/autodl-tmp/CosyVoice_dev/examples/libritts/cosyvoice2/data/esd-emo-grpo/valid/samp_2/0007_001407_惊喜.wav	/root/autodl-tmp/CosyVoice_dev/examples/libritts/cosyvoice2/data/esd-emo-grpo/valid/receive/0007_001407_惊喜.wav
/root/autodl-tmp/CosyVoice_dev/examples/libritts/cosyvoice2/data/esd-emo-grpo/valid/samp_2/0007_001408_惊喜.wav	/root/autodl-tmp/CosyVoice_dev/examples/libritts/cosyvoice2/data/esd-emo-grpo/valid/receive/0007_001408_惊喜.wav
/root/autodl-tmp/CosyVoice_dev/examples/libritts/cosyvoice2/data/esd-emo-grpo/valid/samp_2/0007_001409_惊喜.wav	/root/autodl-tmp/CosyVoice_dev/examples/libritts/cosyvoice2/data/esd-emo-grpo/valid/receive/0007_001409_惊喜.wav
/root/autodl-tmp/CosyVoice_dev/examples/libritts/cosyvoice2/data/esd-emo-grpo/valid/samp_2/0007_001410_惊喜.wav	/root/autodl-tmp/CosyVoice_dev/examples/libritts/cosyvoice2/data/esd-emo-grpo/valid/receive/0007_001410_惊喜.wav
/root/autodl-tmp/CosyVoice_dev/examples/libritts/cosyvoice2/data/esd-emo-grpo/valid/samp_2/0007_001411_惊喜.wav	/root/autodl-tmp/CosyVoice_dev/examples/libritts/cosyvoice2/data/esd-emo-grpo/valid/receive/0007_001411_惊喜.wav
/root/autodl-tmp/CosyVoice_dev/examples/libritts/cosyvoice2/data/esd-emo-grpo/valid/samp_2/0007_001412_惊喜.wav	/root/autodl-tmp/CosyVoice_dev/examples/libritts/cosyvoice2/data/esd-emo-grpo/valid/receive/0007_001412_惊喜.wav
/root/autodl-tmp/CosyVoice_dev/examples/libritts/cosyvoice2/data/esd-emo-grpo/valid/samp_2/0007_001413_惊喜.wav	/root/autodl-tmp/CosyVoice_dev/examples/libritts/cosyvoice2/data/esd-emo-grpo/valid/receive/0007_001413_惊喜.wav
/root/autodl-tmp/CosyVoice_dev/examples/libritts/cosyvoice2/data/esd-emo-grpo/valid/samp_2/0007_001414_惊喜.wav	/root/autodl-tmp/CosyVoice_dev/examples/libritts/cosyvoice2/data/esd-emo-grpo/valid/receive/0007_001414_惊喜.wav
/root/autodl-tmp/CosyVoice_dev/examples/libritts/cosyvoice2/data/esd-emo-grpo/valid/samp_2/0007_001415_惊喜.wav	/root/autodl-tmp/CosyVoice_dev/examples/libritts/cosyvoice2/data/esd-emo-grpo/valid/receive/0007_001415_惊喜.wav
/root/autodl-tmp/CosyVoice_dev/examples/libritts/cosyvoice2/data/esd-emo-grpo/valid/samp_2/0007_001416_惊喜.wav	/root/autodl-tmp/CosyVoice_dev/examples/libritts/cosyvoice2/data/esd-emo-grpo/valid/receive/0007_001416_惊喜.wav
/root/autodl-tmp/CosyVoice_dev/examples/libritts/cosyvoice2/data/esd-emo-grpo/valid/samp_2/0007_001417_惊喜.wav	/root/autodl-tmp/CosyVoice_dev/examples/libritts/cosyvoice2/data/esd-emo-grpo/valid/receive/0007_001417_惊喜.wav
/root/autodl-tmp/CosyVoice_dev/examples/libritts/cosyvoice2/data/esd-emo-grpo/valid/samp_2/0007_001418_惊喜.wav	/root/autodl-tmp/CosyVoice_dev/examples/libritts/cosyvoice2/data/esd-emo-grpo/valid/receive/0007_001418_惊喜.wav
/root/autodl-tmp/CosyVoice_dev/examples/libritts/cosyvoice2/data/esd-emo-grpo/valid/samp_2/0007_001419_惊喜.wav	/root/autodl-tmp/CosyVoice_dev/examples/libritts/cosyvoice2/data/esd-emo-grpo/valid/receive/0007_001419_惊喜.wav
/root/autodl-tmp/CosyVoice_dev/examples/libritts/cosyvoice2/data/esd-emo-grpo/valid/samp_2/0007_001420_惊喜.wav	/root/autodl-tmp/CosyVoice_dev/examples/libritts/cosyvoice2/data/esd-emo-grpo/valid/receive/0007_001420_惊喜.wav
/root/autodl-tmp/CosyVoice_dev/examples/libritts/cosyvoice2/data/esd-emo-grpo/valid/samp_2/0007_000001_冷静.wav	/root/autodl-tmp/CosyVoice_dev/examples/libritts/cosyvoice2/data/esd-emo-grpo/valid/receive/0007_000001_冷静.wav
/root/autodl-tmp/CosyVoice_dev/examples/libritts/cosyvoice2/data/esd-emo-grpo/valid/samp_2/0007_000002_冷静.wav	/root/autodl-tmp/CosyVoice_dev/examples/libritts/cosyvoice2/data/esd-emo-grpo/valid/receive/0007_000002_冷静.wav
/root/autodl-tmp/CosyVoice_dev/examples/libritts/cosyvoice2/data/esd-emo-grpo/valid/samp_2/0007_000003_冷静.wav	/root/autodl-tmp/CosyVoice_dev/examples/libritts/cosyvoice2/data/esd-emo-grpo/valid/receive/0007_000003_冷静.wav
/root/autodl-tmp/CosyVoice_dev/examples/libritts/cosyvoice2/data/esd-emo-grpo/valid/samp_2/0007_000004_冷静.wav	/root/autodl-tmp/CosyVoice_dev/examples/libritts/cosyvoice2/data/esd-emo-grpo/valid/receive/0007_000004_冷静.wav
/root/autodl-tmp/CosyVoice_dev/examples/libritts/cosyvoice2/data/esd-emo-grpo/valid/samp_2/0007_000005_冷静.wav	/root/autodl-tmp/CosyVoice_dev/examples/libritts/cosyvoice2/data/esd-emo-grpo/valid/receive/0007_000005_冷静.wav
/root/autodl-tmp/CosyVoice_dev/examples/libritts/cosyvoice2/data/esd-emo-grpo/valid/samp_2/0007_000006_冷静.wav	/root/autodl-tmp/CosyVoice_dev/examples/libritts/cosyvoice2/data/esd-emo-grpo/valid/receive/0007_000006_冷静.wav
/root/autodl-tmp/CosyVoice_dev/examples/libritts/cosyvoice2/data/esd-emo-grpo/valid/samp_2/0007_000007_冷静.wav	/root/autodl-tmp/CosyVoice_dev/examples/libritts/cosyvoice2/data/esd-emo-grpo/valid/receive/0007_000007_冷静.wav
/root/autodl-tmp/CosyVoice_dev/examples/libritts/cosyvoice2/data/esd-emo-grpo/valid/samp_2/0007_000008_冷静.wav	/root/autodl-tmp/CosyVoice_dev/examples/libritts/cosyvoice2/data/esd-emo-grpo/valid/receive/0007_000008_冷静.wav
/root/autodl-tmp/CosyVoice_dev/examples/libritts/cosyvoice2/data/esd-emo-grpo/valid/samp_2/0007_000009_冷静.wav	/root/autodl-tmp/CosyVoice_dev/examples/libritts/cosyvoice2/data/esd-emo-grpo/valid/receive/0007_000009_冷静.wav
/root/autodl-tmp/CosyVoice_dev/examples/libritts/cosyvoice2/data/esd-emo-grpo/valid/samp_2/0007_000010_冷静.wav	/root/autodl-tmp/CosyVoice_dev/examples/libritts/cosyvoice2/data/esd-emo-grpo/valid/receive/0007_000010_冷静.wav
/root/autodl-tmp/CosyVoice_dev/examples/libritts/cosyvoice2/data/esd-emo-grpo/valid/samp_2/0007_000011_冷静.wav	/root/autodl-tmp/CosyVoice_dev/examples/libritts/cosyvoice2/data/esd-emo-grpo/valid/receive/0007_000011_冷静.wav
/root/autodl-tmp/CosyVoice_dev/examples/libritts/cosyvoice2/data/esd-emo-grpo/valid/samp_2/0007_000012_冷静.wav	/root/autodl-tmp/CosyVoice_dev/examples/libritts/cosyvoice2/data/esd-emo-grpo/valid/receive/0007_000012_冷静.wav
/root/autodl-tmp/CosyVoice_dev/examples/libritts/cosyvoice2/data/esd-emo-grpo/valid/samp_2/0007_000013_冷静.wav	/root/autodl-tmp/CosyVoice_dev/examples/libritts/cosyvoice2/data/esd-emo-grpo/valid/receive/0007_000013_冷静.wav
/root/autodl-tmp/CosyVoice_dev/examples/libritts/cosyvoice2/data/esd-emo-grpo/valid/samp_2/0007_000014_冷静.wav	/root/autodl-tmp/CosyVoice_dev/examples/libritts/cosyvoice2/data/esd-emo-grpo/valid/receive/0007_000014_冷静.wav
/root/autodl-tmp/CosyVoice_dev/examples/libritts/cosyvoice2/data/esd-emo-grpo/valid/samp_2/0007_000015_冷静.wav	/root/autodl-tmp/CosyVoice_dev/examples/libritts/cosyvoice2/data/esd-emo-grpo/valid/receive/0007_000015_冷静.wav
/root/autodl-tmp/CosyVoice_dev/examples/libritts/cosyvoice2/data/esd-emo-grpo/valid/samp_2/0007_000016_冷静.wav	/root/autodl-tmp/CosyVoice_dev/examples/libritts/cosyvoice2/data/esd-emo-grpo/valid/receive/0007_000016_冷静.wav
/root/autodl-tmp/CosyVoice_dev/examples/libritts/cosyvoice2/data/esd-emo-grpo/valid/samp_2/0007_000017_冷静.wav	/root/autodl-tmp/CosyVoice_dev/examples/libritts/cosyvoice2/data/esd-emo-grpo/valid/receive/0007_000017_冷静.wav
/root/autodl-tmp/CosyVoice_dev/examples/libritts/cosyvoice2/data/esd-emo-grpo/valid/samp_2/0007_000018_冷静.wav	/root/autodl-tmp/CosyVoice_dev/examples/libritts/cosyvoice2/data/esd-emo-grpo/valid/receive/0007_000018_冷静.wav
/root/autodl-tmp/CosyVoice_dev/examples/libritts/cosyvoice2/data/esd-emo-grpo/valid/samp_2/0007_000019_冷静.wav	/root/autodl-tmp/CosyVoice_dev/examples/libritts/cosyvoice2/data/esd-emo-grpo/valid/receive/0007_000019_冷静.wav
/root/autodl-tmp/CosyVoice_dev/examples/libritts/cosyvoice2/data/esd-emo-grpo/valid/samp_2/0007_000020_冷静.wav	/root/autodl-tmp/CosyVoice_dev/examples/libritts/cosyvoice2/data/esd-emo-grpo/valid/receive/0007_000020_冷静.wav
/root/autodl-tmp/CosyVoice_dev/examples/libritts/cosyvoice2/data/esd-emo-grpo/valid/samp_2/0007_000351_生气.wav	/root/autodl-tmp/CosyVoice_dev/examples/libritts/cosyvoice2/data/esd-emo-grpo/valid/receive/0007_000351_生气.wav
/root/autodl-tmp/CosyVoice_dev/examples/libritts/cosyvoice2/data/esd-emo-grpo/valid/samp_2/0007_000352_生气.wav	/root/autodl-tmp/CosyVoice_dev/examples/libritts/cosyvoice2/data/esd-emo-grpo/valid/receive/0007_000352_生气.wav
/root/autodl-tmp/CosyVoice_dev/examples/libritts/cosyvoice2/data/esd-emo-grpo/valid/samp_2/0007_000353_生气.wav	/root/autodl-tmp/CosyVoice_dev/examples/libritts/cosyvoice2/data/esd-emo-grpo/valid/receive/0007_000353_生气.wav
/root/autodl-tmp/CosyVoice_dev/examples/libritts/cosyvoice2/data/esd-emo-grpo/valid/samp_2/0007_000354_生气.wav	/root/autodl-tmp/CosyVoice_dev/examples/libritts/cosyvoice2/data/esd-emo-grpo/valid/receive/0007_000354_生气.wav
/root/autodl-tmp/CosyVoice_dev/examples/libritts/cosyvoice2/data/esd-emo-grpo/valid/samp_2/0007_000355_生气.wav	/root/autodl-tmp/CosyVoice_dev/examples/libritts/cosyvoice2/data/esd-emo-grpo/valid/receive/0007_000355_生气.wav
/root/autodl-tmp/CosyVoice_dev/examples/libritts/cosyvoice2/data/esd-emo-grpo/valid/samp_2/0007_000356_生气.wav	/root/autodl-tmp/CosyVoice_dev/examples/libritts/cosyvoice2/data/esd-emo-grpo/valid/receive/0007_000356_生气.wav
/root/autodl-tmp/CosyVoice_dev/examples/libritts/cosyvoice2/data/esd-emo-grpo/valid/samp_2/0007_000357_生气.wav	/root/autodl-tmp/CosyVoice_dev/examples/libritts/cosyvoice2/data/esd-emo-grpo/valid/receive/0007_000357_生气.wav
/root/autodl-tmp/CosyVoice_dev/examples/libritts/cosyvoice2/data/esd-emo-grpo/valid/samp_2/0007_000358_生气.wav	/root/autodl-tmp/CosyVoice_dev/examples/libritts/cosyvoice2/data/esd-emo-grpo/valid/receive/0007_000358_生气.wav
/root/autodl-tmp/CosyVoice_dev/examples/libritts/cosyvoice2/data/esd-emo-grpo/valid/samp_2/0007_000359_生气.wav	/root/autodl-tmp/CosyVoice_dev/examples/libritts/cosyvoice2/data/esd-emo-grpo/valid/receive/0007_000359_生气.wav
/root/autodl-tmp/CosyVoice_dev/examples/libritts/cosyvoice2/data/esd-emo-grpo/valid/samp_2/0007_000360_生气.wav	/root/autodl-tmp/CosyVoice_dev/examples/libritts/cosyvoice2/data/esd-emo-grpo/valid/receive/0007_000360_生气.wav
/root/autodl-tmp/CosyVoice_dev/examples/libritts/cosyvoice2/data/esd-emo-grpo/valid/samp_2/0007_000361_生气.wav	/root/autodl-tmp/CosyVoice_dev/examples/libritts/cosyvoice2/data/esd-emo-grpo/valid/receive/0007_000361_生气.wav
/root/autodl-tmp/CosyVoice_dev/examples/libritts/cosyvoice2/data/esd-emo-grpo/valid/samp_2/0007_000362_生气.wav	/root/autodl-tmp/CosyVoice_dev/examples/libritts/cosyvoice2/data/esd-emo-grpo/valid/receive/0007_000362_生气.wav
/root/autodl-tmp/CosyVoice_dev/examples/libritts/cosyvoice2/data/esd-emo-grpo/valid/samp_2/0007_000363_生气.wav	/root/autodl-tmp/CosyVoice_dev/examples/libritts/cosyvoice2/data/esd-emo-grpo/valid/receive/0007_000363_生气.wav
/root/autodl-tmp/CosyVoice_dev/examples/libritts/cosyvoice2/data/esd-emo-grpo/valid/samp_2/0007_000364_生气.wav	/root/autodl-tmp/CosyVoice_dev/examples/libritts/cosyvoice2/data/esd-emo-grpo/valid/receive/0007_000364_生气.wav
/root/autodl-tmp/CosyVoice_dev/examples/libritts/cosyvoice2/data/esd-emo-grpo/valid/samp_2/0007_000365_生气.wav	/root/autodl-tmp/CosyVoice_dev/examples/libritts/cosyvoice2/data/esd-emo-grpo/valid/receive/0007_000365_生气.wav
/root/autodl-tmp/CosyVoice_dev/examples/libritts/cosyvoice2/data/esd-emo-grpo/valid/samp_2/0007_000366_生气.wav	/root/autodl-tmp/CosyVoice_dev/examples/libritts/cosyvoice2/data/esd-emo-grpo/valid/receive/0007_000366_生气.wav
/root/autodl-tmp/CosyVoice_dev/examples/libritts/cosyvoice2/data/esd-emo-grpo/valid/samp_2/0007_000367_生气.wav	/root/autodl-tmp/CosyVoice_dev/examples/libritts/cosyvoice2/data/esd-emo-grpo/valid/receive/0007_000367_生气.wav
/root/autodl-tmp/CosyVoice_dev/examples/libritts/cosyvoice2/data/esd-emo-grpo/valid/samp_2/0007_000368_生气.wav	/root/autodl-tmp/CosyVoice_dev/examples/libritts/cosyvoice2/data/esd-emo-grpo/valid/receive/0007_000368_生气.wav
/root/autodl-tmp/CosyVoice_dev/examples/libritts/cosyvoice2/data/esd-emo-grpo/valid/samp_2/0007_000369_生气.wav	/root/autodl-tmp/CosyVoice_dev/examples/libritts/cosyvoice2/data/esd-emo-grpo/valid/receive/0007_000369_生气.wav
/root/autodl-tmp/CosyVoice_dev/examples/libritts/cosyvoice2/data/esd-emo-grpo/valid/samp_2/0007_000370_生气.wav	/root/autodl-tmp/CosyVoice_dev/examples/libritts/cosyvoice2/data/esd-emo-grpo/valid/receive/0007_000370_生气.wav
/root/autodl-tmp/CosyVoice_dev/examples/libritts/cosyvoice2/data/esd-emo-grpo/valid/samp_2/0008_000701_快乐.wav	/root/autodl-tmp/CosyVoice_dev/examples/libritts/cosyvoice2/data/esd-emo-grpo/valid/receive/0008_000701_快乐.wav
/root/autodl-tmp/CosyVoice_dev/examples/libritts/cosyvoice2/data/esd-emo-grpo/valid/samp_2/0008_000702_快乐.wav	/root/autodl-tmp/CosyVoice_dev/examples/libritts/cosyvoice2/data/esd-emo-grpo/valid/receive/0008_000702_快乐.wav
/root/autodl-tmp/CosyVoice_dev/examples/libritts/cosyvoice2/data/esd-emo-grpo/valid/samp_2/0008_000703_快乐.wav	/root/autodl-tmp/CosyVoice_dev/examples/libritts/cosyvoice2/data/esd-emo-grpo/valid/receive/0008_000703_快乐.wav
/root/autodl-tmp/CosyVoice_dev/examples/libritts/cosyvoice2/data/esd-emo-grpo/valid/samp_2/0008_000704_快乐.wav	/root/autodl-tmp/CosyVoice_dev/examples/libritts/cosyvoice2/data/esd-emo-grpo/valid/receive/0008_000704_快乐.wav
/root/autodl-tmp/CosyVoice_dev/examples/libritts/cosyvoice2/data/esd-emo-grpo/valid/samp_2/0008_000705_快乐.wav	/root/autodl-tmp/CosyVoice_dev/examples/libritts/cosyvoice2/data/esd-emo-grpo/valid/receive/0008_000705_快乐.wav
/root/autodl-tmp/CosyVoice_dev/examples/libritts/cosyvoice2/data/esd-emo-grpo/valid/samp_2/0008_000706_快乐.wav	/root/autodl-tmp/CosyVoice_dev/examples/libritts/cosyvoice2/data/esd-emo-grpo/valid/receive/0008_000706_快乐.wav
/root/autodl-tmp/CosyVoice_dev/examples/libritts/cosyvoice2/data/esd-emo-grpo/valid/samp_2/0008_000707_快乐.wav	/root/autodl-tmp/CosyVoice_dev/examples/libritts/cosyvoice2/data/esd-emo-grpo/valid/receive/0008_000707_快乐.wav
/root/autodl-tmp/CosyVoice_dev/examples/libritts/cosyvoice2/data/esd-emo-grpo/valid/samp_2/0008_000708_快乐.wav	/root/autodl-tmp/CosyVoice_dev/examples/libritts/cosyvoice2/data/esd-emo-grpo/valid/receive/0008_000708_快乐.wav
/root/autodl-tmp/CosyVoice_dev/examples/libritts/cosyvoice2/data/esd-emo-grpo/valid/samp_2/0008_000709_快乐.wav	/root/autodl-tmp/CosyVoice_dev/examples/libritts/cosyvoice2/data/esd-emo-grpo/valid/receive/0008_000709_快乐.wav
/root/autodl-tmp/CosyVoice_dev/examples/libritts/cosyvoice2/data/esd-emo-grpo/valid/samp_2/0008_000710_快乐.wav	/root/autodl-tmp/CosyVoice_dev/examples/libritts/cosyvoice2/data/esd-emo-grpo/valid/receive/0008_000710_快乐.wav
/root/autodl-tmp/CosyVoice_dev/examples/libritts/cosyvoice2/data/esd-emo-grpo/valid/samp_2/0008_000711_快乐.wav	/root/autodl-tmp/CosyVoice_dev/examples/libritts/cosyvoice2/data/esd-emo-grpo/valid/receive/0008_000711_快乐.wav
/root/autodl-tmp/CosyVoice_dev/examples/libritts/cosyvoice2/data/esd-emo-grpo/valid/samp_2/0008_000712_快乐.wav	/root/autodl-tmp/CosyVoice_dev/examples/libritts/cosyvoice2/data/esd-emo-grpo/valid/receive/0008_000712_快乐.wav
/root/autodl-tmp/CosyVoice_dev/examples/libritts/cosyvoice2/data/esd-emo-grpo/valid/samp_2/0008_000713_快乐.wav	/root/autodl-tmp/CosyVoice_dev/examples/libritts/cosyvoice2/data/esd-emo-grpo/valid/receive/0008_000713_快乐.wav
/root/autodl-tmp/CosyVoice_dev/examples/libritts/cosyvoice2/data/esd-emo-grpo/valid/samp_2/0008_000714_快乐.wav	/root/autodl-tmp/CosyVoice_dev/examples/libritts/cosyvoice2/data/esd-emo-grpo/valid/receive/0008_000714_快乐.wav
/root/autodl-tmp/CosyVoice_dev/examples/libritts/cosyvoice2/data/esd-emo-grpo/valid/samp_2/0008_000715_快乐.wav	/root/autodl-tmp/CosyVoice_dev/examples/libritts/cosyvoice2/data/esd-emo-grpo/valid/receive/0008_000715_快乐.wav
/root/autodl-tmp/CosyVoice_dev/examples/libritts/cosyvoice2/data/esd-emo-grpo/valid/samp_2/0008_000716_快乐.wav	/root/autodl-tmp/CosyVoice_dev/examples/libritts/cosyvoice2/data/esd-emo-grpo/valid/receive/0008_000716_快乐.wav
/root/autodl-tmp/CosyVoice_dev/examples/libritts/cosyvoice2/data/esd-emo-grpo/valid/samp_2/0008_000717_快乐.wav	/root/autodl-tmp/CosyVoice_dev/examples/libritts/cosyvoice2/data/esd-emo-grpo/valid/receive/0008_000717_快乐.wav
/root/autodl-tmp/CosyVoice_dev/examples/libritts/cosyvoice2/data/esd-emo-grpo/valid/samp_2/0008_000718_快乐.wav	/root/autodl-tmp/CosyVoice_dev/examples/libritts/cosyvoice2/data/esd-emo-grpo/valid/receive/0008_000718_快乐.wav
/root/autodl-tmp/CosyVoice_dev/examples/libritts/cosyvoice2/data/esd-emo-grpo/valid/samp_2/0008_000719_快乐.wav	/root/autodl-tmp/CosyVoice_dev/examples/libritts/cosyvoice2/data/esd-emo-grpo/valid/receive/0008_000719_快乐.wav
/root/autodl-tmp/CosyVoice_dev/examples/libritts/cosyvoice2/data/esd-emo-grpo/valid/samp_2/0008_000720_快乐.wav	/root/autodl-tmp/CosyVoice_dev/examples/libritts/cosyvoice2/data/esd-emo-grpo/valid/receive/0008_000720_快乐.wav
/root/autodl-tmp/CosyVoice_dev/examples/libritts/cosyvoice2/data/esd-emo-grpo/valid/samp_2/0008_001051_伤心.wav	/root/autodl-tmp/CosyVoice_dev/examples/libritts/cosyvoice2/data/esd-emo-grpo/valid/receive/0008_001051_伤心.wav
/root/autodl-tmp/CosyVoice_dev/examples/libritts/cosyvoice2/data/esd-emo-grpo/valid/samp_2/0008_001052_伤心.wav	/root/autodl-tmp/CosyVoice_dev/examples/libritts/cosyvoice2/data/esd-emo-grpo/valid/receive/0008_001052_伤心.wav
/root/autodl-tmp/CosyVoice_dev/examples/libritts/cosyvoice2/data/esd-emo-grpo/valid/samp_2/0008_001053_伤心.wav	/root/autodl-tmp/CosyVoice_dev/examples/libritts/cosyvoice2/data/esd-emo-grpo/valid/receive/0008_001053_伤心.wav
/root/autodl-tmp/CosyVoice_dev/examples/libritts/cosyvoice2/data/esd-emo-grpo/valid/samp_2/0008_001054_伤心.wav	/root/autodl-tmp/CosyVoice_dev/examples/libritts/cosyvoice2/data/esd-emo-grpo/valid/receive/0008_001054_伤心.wav
/root/autodl-tmp/CosyVoice_dev/examples/libritts/cosyvoice2/data/esd-emo-grpo/valid/samp_2/0008_001055_伤心.wav	/root/autodl-tmp/CosyVoice_dev/examples/libritts/cosyvoice2/data/esd-emo-grpo/valid/receive/0008_001055_伤心.wav
/root/autodl-tmp/CosyVoice_dev/examples/libritts/cosyvoice2/data/esd-emo-grpo/valid/samp_2/0008_001056_伤心.wav	/root/autodl-tmp/CosyVoice_dev/examples/libritts/cosyvoice2/data/esd-emo-grpo/valid/receive/0008_001056_伤心.wav
/root/autodl-tmp/CosyVoice_dev/examples/libritts/cosyvoice2/data/esd-emo-grpo/valid/samp_2/0008_001057_伤心.wav	/root/autodl-tmp/CosyVoice_dev/examples/libritts/cosyvoice2/data/esd-emo-grpo/valid/receive/0008_001057_伤心.wav
/root/autodl-tmp/CosyVoice_dev/examples/libritts/cosyvoice2/data/esd-emo-grpo/valid/samp_2/0008_001058_伤心.wav	/root/autodl-tmp/CosyVoice_dev/examples/libritts/cosyvoice2/data/esd-emo-grpo/valid/receive/0008_001058_伤心.wav
/root/autodl-tmp/CosyVoice_dev/examples/libritts/cosyvoice2/data/esd-emo-grpo/valid/samp_2/0008_001059_伤心.wav	/root/autodl-tmp/CosyVoice_dev/examples/libritts/cosyvoice2/data/esd-emo-grpo/valid/receive/0008_001059_伤心.wav
/root/autodl-tmp/CosyVoice_dev/examples/libritts/cosyvoice2/data/esd-emo-grpo/valid/samp_2/0008_001060_伤心.wav	/root/autodl-tmp/CosyVoice_dev/examples/libritts/cosyvoice2/data/esd-emo-grpo/valid/receive/0008_001060_伤心.wav
/root/autodl-tmp/CosyVoice_dev/examples/libritts/cosyvoice2/data/esd-emo-grpo/valid/samp_2/0008_001061_伤心.wav	/root/autodl-tmp/CosyVoice_dev/examples/libritts/cosyvoice2/data/esd-emo-grpo/valid/receive/0008_001061_伤心.wav
/root/autodl-tmp/CosyVoice_dev/examples/libritts/cosyvoice2/data/esd-emo-grpo/valid/samp_2/0008_001062_伤心.wav	/root/autodl-tmp/CosyVoice_dev/examples/libritts/cosyvoice2/data/esd-emo-grpo/valid/receive/0008_001062_伤心.wav
/root/autodl-tmp/CosyVoice_dev/examples/libritts/cosyvoice2/data/esd-emo-grpo/valid/samp_2/0008_001063_伤心.wav	/root/autodl-tmp/CosyVoice_dev/examples/libritts/cosyvoice2/data/esd-emo-grpo/valid/receive/0008_001063_伤心.wav
/root/autodl-tmp/CosyVoice_dev/examples/libritts/cosyvoice2/data/esd-emo-grpo/valid/samp_2/0008_001064_伤心.wav	/root/autodl-tmp/CosyVoice_dev/examples/libritts/cosyvoice2/data/esd-emo-grpo/valid/receive/0008_001064_伤心.wav
/root/autodl-tmp/CosyVoice_dev/examples/libritts/cosyvoice2/data/esd-emo-grpo/valid/samp_2/0008_001065_伤心.wav	/root/autodl-tmp/CosyVoice_dev/examples/libritts/cosyvoice2/data/esd-emo-grpo/valid/receive/0008_001065_伤心.wav
/root/autodl-tmp/CosyVoice_dev/examples/libritts/cosyvoice2/data/esd-emo-grpo/valid/samp_2/0008_001066_伤心.wav	/root/autodl-tmp/CosyVoice_dev/examples/libritts/cosyvoice2/data/esd-emo-grpo/valid/receive/0008_001066_伤心.wav
/root/autodl-tmp/CosyVoice_dev/examples/libritts/cosyvoice2/data/esd-emo-grpo/valid/samp_2/0008_001067_伤心.wav	/root/autodl-tmp/CosyVoice_dev/examples/libritts/cosyvoice2/data/esd-emo-grpo/valid/receive/0008_001067_伤心.wav
/root/autodl-tmp/CosyVoice_dev/examples/libritts/cosyvoice2/data/esd-emo-grpo/valid/samp_2/0008_001068_伤心.wav	/root/autodl-tmp/CosyVoice_dev/examples/libritts/cosyvoice2/data/esd-emo-grpo/valid/receive/0008_001068_伤心.wav
/root/autodl-tmp/CosyVoice_dev/examples/libritts/cosyvoice2/data/esd-emo-grpo/valid/samp_2/0008_001069_伤心.wav	/root/autodl-tmp/CosyVoice_dev/examples/libritts/cosyvoice2/data/esd-emo-grpo/valid/receive/0008_001069_伤心.wav
/root/autodl-tmp/CosyVoice_dev/examples/libritts/cosyvoice2/data/esd-emo-grpo/valid/samp_2/0008_001070_伤心.wav	/root/autodl-tmp/CosyVoice_dev/examples/libritts/cosyvoice2/data/esd-emo-grpo/valid/receive/0008_001070_伤心.wav
/root/autodl-tmp/CosyVoice_dev/examples/libritts/cosyvoice2/data/esd-emo-grpo/valid/samp_2/0008_001401_惊喜.wav	/root/autodl-tmp/CosyVoice_dev/examples/libritts/cosyvoice2/data/esd-emo-grpo/valid/receive/0008_001401_惊喜.wav
/root/autodl-tmp/CosyVoice_dev/examples/libritts/cosyvoice2/data/esd-emo-grpo/valid/samp_2/0008_001402_惊喜.wav	/root/autodl-tmp/CosyVoice_dev/examples/libritts/cosyvoice2/data/esd-emo-grpo/valid/receive/0008_001402_惊喜.wav
/root/autodl-tmp/CosyVoice_dev/examples/libritts/cosyvoice2/data/esd-emo-grpo/valid/samp_2/0008_001403_惊喜.wav	/root/autodl-tmp/CosyVoice_dev/examples/libritts/cosyvoice2/data/esd-emo-grpo/valid/receive/0008_001403_惊喜.wav
/root/autodl-tmp/CosyVoice_dev/examples/libritts/cosyvoice2/data/esd-emo-grpo/valid/samp_2/0008_001404_惊喜.wav	/root/autodl-tmp/CosyVoice_dev/examples/libritts/cosyvoice2/data/esd-emo-grpo/valid/receive/0008_001404_惊喜.wav
/root/autodl-tmp/CosyVoice_dev/examples/libritts/cosyvoice2/data/esd-emo-grpo/valid/samp_2/0008_001405_惊喜.wav	/root/autodl-tmp/CosyVoice_dev/examples/libritts/cosyvoice2/data/esd-emo-grpo/valid/receive/0008_001405_惊喜.wav
/root/autodl-tmp/CosyVoice_dev/examples/libritts/cosyvoice2/data/esd-emo-grpo/valid/samp_2/0008_001406_惊喜.wav	/root/autodl-tmp/CosyVoice_dev/examples/libritts/cosyvoice2/data/esd-emo-grpo/valid/receive/0008_001406_惊喜.wav
/root/autodl-tmp/CosyVoice_dev/examples/libritts/cosyvoice2/data/esd-emo-grpo/valid/samp_2/0008_001407_惊喜.wav	/root/autodl-tmp/CosyVoice_dev/examples/libritts/cosyvoice2/data/esd-emo-grpo/valid/receive/0008_001407_惊喜.wav
/root/autodl-tmp/CosyVoice_dev/examples/libritts/cosyvoice2/data/esd-emo-grpo/valid/samp_2/0008_001408_惊喜.wav	/root/autodl-tmp/CosyVoice_dev/examples/libritts/cosyvoice2/data/esd-emo-grpo/valid/receive/0008_001408_惊喜.wav
/root/autodl-tmp/CosyVoice_dev/examples/libritts/cosyvoice2/data/esd-emo-grpo/valid/samp_2/0008_001409_惊喜.wav	/root/autodl-tmp/CosyVoice_dev/examples/libritts/cosyvoice2/data/esd-emo-grpo/valid/receive/0008_001409_惊喜.wav
/root/autodl-tmp/CosyVoice_dev/examples/libritts/cosyvoice2/data/esd-emo-grpo/valid/samp_2/0008_001410_惊喜.wav	/root/autodl-tmp/CosyVoice_dev/examples/libritts/cosyvoice2/data/esd-emo-grpo/valid/receive/0008_001410_惊喜.wav
/root/autodl-tmp/CosyVoice_dev/examples/libritts/cosyvoice2/data/esd-emo-grpo/valid/samp_2/0008_001411_惊喜.wav	/root/autodl-tmp/CosyVoice_dev/examples/libritts/cosyvoice2/data/esd-emo-grpo/valid/receive/0008_001411_惊喜.wav
/root/autodl-tmp/CosyVoice_dev/examples/libritts/cosyvoice2/data/esd-emo-grpo/valid/samp_2/0008_001412_惊喜.wav	/root/autodl-tmp/CosyVoice_dev/examples/libritts/cosyvoice2/data/esd-emo-grpo/valid/receive/0008_001412_惊喜.wav
/root/autodl-tmp/CosyVoice_dev/examples/libritts/cosyvoice2/data/esd-emo-grpo/valid/samp_2/0008_001413_惊喜.wav	/root/autodl-tmp/CosyVoice_dev/examples/libritts/cosyvoice2/data/esd-emo-grpo/valid/receive/0008_001413_惊喜.wav
/root/autodl-tmp/CosyVoice_dev/examples/libritts/cosyvoice2/data/esd-emo-grpo/valid/samp_2/0008_001414_惊喜.wav	/root/autodl-tmp/CosyVoice_dev/examples/libritts/cosyvoice2/data/esd-emo-grpo/valid/receive/0008_001414_惊喜.wav
/root/autodl-tmp/CosyVoice_dev/examples/libritts/cosyvoice2/data/esd-emo-grpo/valid/samp_2/0008_001415_惊喜.wav	/root/autodl-tmp/CosyVoice_dev/examples/libritts/cosyvoice2/data/esd-emo-grpo/valid/receive/0008_001415_惊喜.wav
/root/autodl-tmp/CosyVoice_dev/examples/libritts/cosyvoice2/data/esd-emo-grpo/valid/samp_2/0008_001416_惊喜.wav	/root/autodl-tmp/CosyVoice_dev/examples/libritts/cosyvoice2/data/esd-emo-grpo/valid/receive/0008_001416_惊喜.wav
/root/autodl-tmp/CosyVoice_dev/examples/libritts/cosyvoice2/data/esd-emo-grpo/valid/samp_2/0008_001417_惊喜.wav	/root/autodl-tmp/CosyVoice_dev/examples/libritts/cosyvoice2/data/esd-emo-grpo/valid/receive/0008_001417_惊喜.wav
/root/autodl-tmp/CosyVoice_dev/examples/libritts/cosyvoice2/data/esd-emo-grpo/valid/samp_2/0008_001418_惊喜.wav	/root/autodl-tmp/CosyVoice_dev/examples/libritts/cosyvoice2/data/esd-emo-grpo/valid/receive/0008_001418_惊喜.wav
/root/autodl-tmp/CosyVoice_dev/examples/libritts/cosyvoice2/data/esd-emo-grpo/valid/samp_2/0008_001419_惊喜.wav	/root/autodl-tmp/CosyVoice_dev/examples/libritts/cosyvoice2/data/esd-emo-grpo/valid/receive/0008_001419_惊喜.wav
/root/autodl-tmp/CosyVoice_dev/examples/libritts/cosyvoice2/data/esd-emo-grpo/valid/samp_2/0008_001420_惊喜.wav	/root/autodl-tmp/CosyVoice_dev/examples/libritts/cosyvoice2/data/esd-emo-grpo/valid/receive/0008_001420_惊喜.wav
/root/autodl-tmp/CosyVoice_dev/examples/libritts/cosyvoice2/data/esd-emo-grpo/valid/samp_2/0008_000001_冷静.wav	/root/autodl-tmp/CosyVoice_dev/examples/libritts/cosyvoice2/data/esd-emo-grpo/valid/receive/0008_000001_冷静.wav
/root/autodl-tmp/CosyVoice_dev/examples/libritts/cosyvoice2/data/esd-emo-grpo/valid/samp_2/0008_000002_冷静.wav	/root/autodl-tmp/CosyVoice_dev/examples/libritts/cosyvoice2/data/esd-emo-grpo/valid/receive/0008_000002_冷静.wav
/root/autodl-tmp/CosyVoice_dev/examples/libritts/cosyvoice2/data/esd-emo-grpo/valid/samp_2/0008_000003_冷静.wav	/root/autodl-tmp/CosyVoice_dev/examples/libritts/cosyvoice2/data/esd-emo-grpo/valid/receive/0008_000003_冷静.wav
/root/autodl-tmp/CosyVoice_dev/examples/libritts/cosyvoice2/data/esd-emo-grpo/valid/samp_2/0008_000004_冷静.wav	/root/autodl-tmp/CosyVoice_dev/examples/libritts/cosyvoice2/data/esd-emo-grpo/valid/receive/0008_000004_冷静.wav
/root/autodl-tmp/CosyVoice_dev/examples/libritts/cosyvoice2/data/esd-emo-grpo/valid/samp_2/0008_000005_冷静.wav	/root/autodl-tmp/CosyVoice_dev/examples/libritts/cosyvoice2/data/esd-emo-grpo/valid/receive/0008_000005_冷静.wav
/root/autodl-tmp/CosyVoice_dev/examples/libritts/cosyvoice2/data/esd-emo-grpo/valid/samp_2/0008_000006_冷静.wav	/root/autodl-tmp/CosyVoice_dev/examples/libritts/cosyvoice2/data/esd-emo-grpo/valid/receive/0008_000006_冷静.wav
/root/autodl-tmp/CosyVoice_dev/examples/libritts/cosyvoice2/data/esd-emo-grpo/valid/samp_2/0008_000007_冷静.wav	/root/autodl-tmp/CosyVoice_dev/examples/libritts/cosyvoice2/data/esd-emo-grpo/valid/receive/0008_000007_冷静.wav
/root/autodl-tmp/CosyVoice_dev/examples/libritts/cosyvoice2/data/esd-emo-grpo/valid/samp_2/0008_000008_冷静.wav	/root/autodl-tmp/CosyVoice_dev/examples/libritts/cosyvoice2/data/esd-emo-grpo/valid/receive/0008_000008_冷静.wav
/root/autodl-tmp/CosyVoice_dev/examples/libritts/cosyvoice2/data/esd-emo-grpo/valid/samp_2/0008_000009_冷静.wav	/root/autodl-tmp/CosyVoice_dev/examples/libritts/cosyvoice2/data/esd-emo-grpo/valid/receive/0008_000009_冷静.wav
/root/autodl-tmp/CosyVoice_dev/examples/libritts/cosyvoice2/data/esd-emo-grpo/valid/samp_2/0008_000010_冷静.wav	/root/autodl-tmp/CosyVoice_dev/examples/libritts/cosyvoice2/data/esd-emo-grpo/valid/receive/0008_000010_冷静.wav
/root/autodl-tmp/CosyVoice_dev/examples/libritts/cosyvoice2/data/esd-emo-grpo/valid/samp_2/0008_000011_冷静.wav	/root/autodl-tmp/CosyVoice_dev/examples/libritts/cosyvoice2/data/esd-emo-grpo/valid/receive/0008_000011_冷静.wav
/root/autodl-tmp/CosyVoice_dev/examples/libritts/cosyvoice2/data/esd-emo-grpo/valid/samp_2/0008_000012_冷静.wav	/root/autodl-tmp/CosyVoice_dev/examples/libritts/cosyvoice2/data/esd-emo-grpo/valid/receive/0008_000012_冷静.wav
/root/autodl-tmp/CosyVoice_dev/examples/libritts/cosyvoice2/data/esd-emo-grpo/valid/samp_2/0008_000013_冷静.wav	/root/autodl-tmp/CosyVoice_dev/examples/libritts/cosyvoice2/data/esd-emo-grpo/valid/receive/0008_000013_冷静.wav
/root/autodl-tmp/CosyVoice_dev/examples/libritts/cosyvoice2/data/esd-emo-grpo/valid/samp_2/0008_000014_冷静.wav	/root/autodl-tmp/CosyVoice_dev/examples/libritts/cosyvoice2/data/esd-emo-grpo/valid/receive/0008_000014_冷静.wav
/root/autodl-tmp/CosyVoice_dev/examples/libritts/cosyvoice2/data/esd-emo-grpo/valid/samp_2/0008_000015_冷静.wav	/root/autodl-tmp/CosyVoice_dev/examples/libritts/cosyvoice2/data/esd-emo-grpo/valid/receive/0008_000015_冷静.wav
/root/autodl-tmp/CosyVoice_dev/examples/libritts/cosyvoice2/data/esd-emo-grpo/valid/samp_2/0008_000016_冷静.wav	/root/autodl-tmp/CosyVoice_dev/examples/libritts/cosyvoice2/data/esd-emo-grpo/valid/receive/0008_000016_冷静.wav
/root/autodl-tmp/CosyVoice_dev/examples/libritts/cosyvoice2/data/esd-emo-grpo/valid/samp_2/0008_000017_冷静.wav	/root/autodl-tmp/CosyVoice_dev/examples/libritts/cosyvoice2/data/esd-emo-grpo/valid/receive/0008_000017_冷静.wav
/root/autodl-tmp/CosyVoice_dev/examples/libritts/cosyvoice2/data/esd-emo-grpo/valid/samp_2/0008_000018_冷静.wav	/root/autodl-tmp/CosyVoice_dev/examples/libritts/cosyvoice2/data/esd-emo-grpo/valid/receive/0008_000018_冷静.wav
/root/autodl-tmp/CosyVoice_dev/examples/libritts/cosyvoice2/data/esd-emo-grpo/valid/samp_2/0008_000019_冷静.wav	/root/autodl-tmp/CosyVoice_dev/examples/libritts/cosyvoice2/data/esd-emo-grpo/valid/receive/0008_000019_冷静.wav
/root/autodl-tmp/CosyVoice_dev/examples/libritts/cosyvoice2/data/esd-emo-grpo/valid/samp_2/0008_000020_冷静.wav	/root/autodl-tmp/CosyVoice_dev/examples/libritts/cosyvoice2/data/esd-emo-grpo/valid/receive/0008_000020_冷静.wav
/root/autodl-tmp/CosyVoice_dev/examples/libritts/cosyvoice2/data/esd-emo-grpo/valid/samp_2/0008_000351_生气.wav	/root/autodl-tmp/CosyVoice_dev/examples/libritts/cosyvoice2/data/esd-emo-grpo/valid/receive/0008_000351_生气.wav
/root/autodl-tmp/CosyVoice_dev/examples/libritts/cosyvoice2/data/esd-emo-grpo/valid/samp_2/0008_000352_生气.wav	/root/autodl-tmp/CosyVoice_dev/examples/libritts/cosyvoice2/data/esd-emo-grpo/valid/receive/0008_000352_生气.wav
/root/autodl-tmp/CosyVoice_dev/examples/libritts/cosyvoice2/data/esd-emo-grpo/valid/samp_2/0008_000353_生气.wav	/root/autodl-tmp/CosyVoice_dev/examples/libritts/cosyvoice2/data/esd-emo-grpo/valid/receive/0008_000353_生气.wav
/root/autodl-tmp/CosyVoice_dev/examples/libritts/cosyvoice2/data/esd-emo-grpo/valid/samp_2/0008_000354_生气.wav	/root/autodl-tmp/CosyVoice_dev/examples/libritts/cosyvoice2/data/esd-emo-grpo/valid/receive/0008_000354_生气.wav
/root/autodl-tmp/CosyVoice_dev/examples/libritts/cosyvoice2/data/esd-emo-grpo/valid/samp_2/0008_000355_生气.wav	/root/autodl-tmp/CosyVoice_dev/examples/libritts/cosyvoice2/data/esd-emo-grpo/valid/receive/0008_000355_生气.wav
/root/autodl-tmp/CosyVoice_dev/examples/libritts/cosyvoice2/data/esd-emo-grpo/valid/samp_2/0008_000356_生气.wav	/root/autodl-tmp/CosyVoice_dev/examples/libritts/cosyvoice2/data/esd-emo-grpo/valid/receive/0008_000356_生气.wav
/root/autodl-tmp/CosyVoice_dev/examples/libritts/cosyvoice2/data/esd-emo-grpo/valid/samp_2/0008_000357_生气.wav	/root/autodl-tmp/CosyVoice_dev/examples/libritts/cosyvoice2/data/esd-emo-grpo/valid/receive/0008_000357_生气.wav
/root/autodl-tmp/CosyVoice_dev/examples/libritts/cosyvoice2/data/esd-emo-grpo/valid/samp_2/0008_000358_生气.wav	/root/autodl-tmp/CosyVoice_dev/examples/libritts/cosyvoice2/data/esd-emo-grpo/valid/receive/0008_000358_生气.wav
/root/autodl-tmp/CosyVoice_dev/examples/libritts/cosyvoice2/data/esd-emo-grpo/valid/samp_2/0008_000359_生气.wav	/root/autodl-tmp/CosyVoice_dev/examples/libritts/cosyvoice2/data/esd-emo-grpo/valid/receive/0008_000359_生气.wav
/root/autodl-tmp/CosyVoice_dev/examples/libritts/cosyvoice2/data/esd-emo-grpo/valid/samp_2/0008_000360_生气.wav	/root/autodl-tmp/CosyVoice_dev/examples/libritts/cosyvoice2/data/esd-emo-grpo/valid/receive/0008_000360_生气.wav
/root/autodl-tmp/CosyVoice_dev/examples/libritts/cosyvoice2/data/esd-emo-grpo/valid/samp_2/0008_000361_生气.wav	/root/autodl-tmp/CosyVoice_dev/examples/libritts/cosyvoice2/data/esd-emo-grpo/valid/receive/0008_000361_生气.wav
/root/autodl-tmp/CosyVoice_dev/examples/libritts/cosyvoice2/data/esd-emo-grpo/valid/samp_2/0008_000362_生气.wav	/root/autodl-tmp/CosyVoice_dev/examples/libritts/cosyvoice2/data/esd-emo-grpo/valid/receive/0008_000362_生气.wav
/root/autodl-tmp/CosyVoice_dev/examples/libritts/cosyvoice2/data/esd-emo-grpo/valid/samp_2/0008_000363_生气.wav	/root/autodl-tmp/CosyVoice_dev/examples/libritts/cosyvoice2/data/esd-emo-grpo/valid/receive/0008_000363_生气.wav
/root/autodl-tmp/CosyVoice_dev/examples/libritts/cosyvoice2/data/esd-emo-grpo/valid/samp_2/0008_000364_生气.wav	/root/autodl-tmp/CosyVoice_dev/examples/libritts/cosyvoice2/data/esd-emo-grpo/valid/receive/0008_000364_生气.wav
/root/autodl-tmp/CosyVoice_dev/examples/libritts/cosyvoice2/data/esd-emo-grpo/valid/samp_2/0008_000365_生气.wav	/root/autodl-tmp/CosyVoice_dev/examples/libritts/cosyvoice2/data/esd-emo-grpo/valid/receive/0008_000365_生气.wav
/root/autodl-tmp/CosyVoice_dev/examples/libritts/cosyvoice2/data/esd-emo-grpo/valid/samp_2/0008_000366_生气.wav	/root/autodl-tmp/CosyVoice_dev/examples/libritts/cosyvoice2/data/esd-emo-grpo/valid/receive/0008_000366_生气.wav
/root/autodl-tmp/CosyVoice_dev/examples/libritts/cosyvoice2/data/esd-emo-grpo/valid/samp_2/0008_000367_生气.wav	/root/autodl-tmp/CosyVoice_dev/examples/libritts/cosyvoice2/data/esd-emo-grpo/valid/receive/0008_000367_生气.wav
/root/autodl-tmp/CosyVoice_dev/examples/libritts/cosyvoice2/data/esd-emo-grpo/valid/samp_2/0008_000368_生气.wav	/root/autodl-tmp/CosyVoice_dev/examples/libritts/cosyvoice2/data/esd-emo-grpo/valid/receive/0008_000368_生气.wav
/root/autodl-tmp/CosyVoice_dev/examples/libritts/cosyvoice2/data/esd-emo-grpo/valid/samp_2/0008_000369_生气.wav	/root/autodl-tmp/CosyVoice_dev/examples/libritts/cosyvoice2/data/esd-emo-grpo/valid/receive/0008_000369_生气.wav
/root/autodl-tmp/CosyVoice_dev/examples/libritts/cosyvoice2/data/esd-emo-grpo/valid/samp_2/0008_000370_生气.wav	/root/autodl-tmp/CosyVoice_dev/examples/libritts/cosyvoice2/data/esd-emo-grpo/valid/receive/0008_000370_生气.wav
/root/autodl-tmp/CosyVoice_dev/examples/libritts/cosyvoice2/data/esd-emo-grpo/valid/samp_2/0009_000701_快乐.wav	/root/autodl-tmp/CosyVoice_dev/examples/libritts/cosyvoice2/data/esd-emo-grpo/valid/receive/0009_000701_快乐.wav
/root/autodl-tmp/CosyVoice_dev/examples/libritts/cosyvoice2/data/esd-emo-grpo/valid/samp_2/0009_000702_快乐.wav	/root/autodl-tmp/CosyVoice_dev/examples/libritts/cosyvoice2/data/esd-emo-grpo/valid/receive/0009_000702_快乐.wav
/root/autodl-tmp/CosyVoice_dev/examples/libritts/cosyvoice2/data/esd-emo-grpo/valid/samp_2/0009_000703_快乐.wav	/root/autodl-tmp/CosyVoice_dev/examples/libritts/cosyvoice2/data/esd-emo-grpo/valid/receive/0009_000703_快乐.wav
/root/autodl-tmp/CosyVoice_dev/examples/libritts/cosyvoice2/data/esd-emo-grpo/valid/samp_2/0009_000704_快乐.wav	/root/autodl-tmp/CosyVoice_dev/examples/libritts/cosyvoice2/data/esd-emo-grpo/valid/receive/0009_000704_快乐.wav
/root/autodl-tmp/CosyVoice_dev/examples/libritts/cosyvoice2/data/esd-emo-grpo/valid/samp_2/0009_000705_快乐.wav	/root/autodl-tmp/CosyVoice_dev/examples/libritts/cosyvoice2/data/esd-emo-grpo/valid/receive/0009_000705_快乐.wav
/root/autodl-tmp/CosyVoice_dev/examples/libritts/cosyvoice2/data/esd-emo-grpo/valid/samp_2/0009_000706_快乐.wav	/root/autodl-tmp/CosyVoice_dev/examples/libritts/cosyvoice2/data/esd-emo-grpo/valid/receive/0009_000706_快乐.wav
/root/autodl-tmp/CosyVoice_dev/examples/libritts/cosyvoice2/data/esd-emo-grpo/valid/samp_2/0009_000707_快乐.wav	/root/autodl-tmp/CosyVoice_dev/examples/libritts/cosyvoice2/data/esd-emo-grpo/valid/receive/0009_000707_快乐.wav
/root/autodl-tmp/CosyVoice_dev/examples/libritts/cosyvoice2/data/esd-emo-grpo/valid/samp_2/0009_000708_快乐.wav	/root/autodl-tmp/CosyVoice_dev/examples/libritts/cosyvoice2/data/esd-emo-grpo/valid/receive/0009_000708_快乐.wav
/root/autodl-tmp/CosyVoice_dev/examples/libritts/cosyvoice2/data/esd-emo-grpo/valid/samp_2/0009_000709_快乐.wav	/root/autodl-tmp/CosyVoice_dev/examples/libritts/cosyvoice2/data/esd-emo-grpo/valid/receive/0009_000709_快乐.wav
/root/autodl-tmp/CosyVoice_dev/examples/libritts/cosyvoice2/data/esd-emo-grpo/valid/samp_2/0009_000710_快乐.wav	/root/autodl-tmp/CosyVoice_dev/examples/libritts/cosyvoice2/data/esd-emo-grpo/valid/receive/0009_000710_快乐.wav
/root/autodl-tmp/CosyVoice_dev/examples/libritts/cosyvoice2/data/esd-emo-grpo/valid/samp_2/0009_000711_快乐.wav	/root/autodl-tmp/CosyVoice_dev/examples/libritts/cosyvoice2/data/esd-emo-grpo/valid/receive/0009_000711_快乐.wav
/root/autodl-tmp/CosyVoice_dev/examples/libritts/cosyvoice2/data/esd-emo-grpo/valid/samp_2/0009_000712_快乐.wav	/root/autodl-tmp/CosyVoice_dev/examples/libritts/cosyvoice2/data/esd-emo-grpo/valid/receive/0009_000712_快乐.wav
/root/autodl-tmp/CosyVoice_dev/examples/libritts/cosyvoice2/data/esd-emo-grpo/valid/samp_2/0009_000713_快乐.wav	/root/autodl-tmp/CosyVoice_dev/examples/libritts/cosyvoice2/data/esd-emo-grpo/valid/receive/0009_000713_快乐.wav
/root/autodl-tmp/CosyVoice_dev/examples/libritts/cosyvoice2/data/esd-emo-grpo/valid/samp_2/0009_000714_快乐.wav	/root/autodl-tmp/CosyVoice_dev/examples/libritts/cosyvoice2/data/esd-emo-grpo/valid/receive/0009_000714_快乐.wav
/root/autodl-tmp/CosyVoice_dev/examples/libritts/cosyvoice2/data/esd-emo-grpo/valid/samp_2/0009_000715_快乐.wav	/root/autodl-tmp/CosyVoice_dev/examples/libritts/cosyvoice2/data/esd-emo-grpo/valid/receive/0009_000715_快乐.wav
/root/autodl-tmp/CosyVoice_dev/examples/libritts/cosyvoice2/data/esd-emo-grpo/valid/samp_2/0009_000716_快乐.wav	/root/autodl-tmp/CosyVoice_dev/examples/libritts/cosyvoice2/data/esd-emo-grpo/valid/receive/0009_000716_快乐.wav
/root/autodl-tmp/CosyVoice_dev/examples/libritts/cosyvoice2/data/esd-emo-grpo/valid/samp_2/0009_000717_快乐.wav	/root/autodl-tmp/CosyVoice_dev/examples/libritts/cosyvoice2/data/esd-emo-grpo/valid/receive/0009_000717_快乐.wav
/root/autodl-tmp/CosyVoice_dev/examples/libritts/cosyvoice2/data/esd-emo-grpo/valid/samp_2/0009_000718_快乐.wav	/root/autodl-tmp/CosyVoice_dev/examples/libritts/cosyvoice2/data/esd-emo-grpo/valid/receive/0009_000718_快乐.wav
/root/autodl-tmp/CosyVoice_dev/examples/libritts/cosyvoice2/data/esd-emo-grpo/valid/samp_2/0009_000719_快乐.wav	/root/autodl-tmp/CosyVoice_dev/examples/libritts/cosyvoice2/data/esd-emo-grpo/valid/receive/0009_000719_快乐.wav
/root/autodl-tmp/CosyVoice_dev/examples/libritts/cosyvoice2/data/esd-emo-grpo/valid/samp_2/0009_000720_快乐.wav	/root/autodl-tmp/CosyVoice_dev/examples/libritts/cosyvoice2/data/esd-emo-grpo/valid/receive/0009_000720_快乐.wav
/root/autodl-tmp/CosyVoice_dev/examples/libritts/cosyvoice2/data/esd-emo-grpo/valid/samp_2/0009_001051_伤心.wav	/root/autodl-tmp/CosyVoice_dev/examples/libritts/cosyvoice2/data/esd-emo-grpo/valid/receive/0009_001051_伤心.wav
/root/autodl-tmp/CosyVoice_dev/examples/libritts/cosyvoice2/data/esd-emo-grpo/valid/samp_2/0009_001052_伤心.wav	/root/autodl-tmp/CosyVoice_dev/examples/libritts/cosyvoice2/data/esd-emo-grpo/valid/receive/0009_001052_伤心.wav
/root/autodl-tmp/CosyVoice_dev/examples/libritts/cosyvoice2/data/esd-emo-grpo/valid/samp_2/0009_001053_伤心.wav	/root/autodl-tmp/CosyVoice_dev/examples/libritts/cosyvoice2/data/esd-emo-grpo/valid/receive/0009_001053_伤心.wav
/root/autodl-tmp/CosyVoice_dev/examples/libritts/cosyvoice2/data/esd-emo-grpo/valid/samp_2/0009_001054_伤心.wav	/root/autodl-tmp/CosyVoice_dev/examples/libritts/cosyvoice2/data/esd-emo-grpo/valid/receive/0009_001054_伤心.wav
/root/autodl-tmp/CosyVoice_dev/examples/libritts/cosyvoice2/data/esd-emo-grpo/valid/samp_2/0009_001055_伤心.wav	/root/autodl-tmp/CosyVoice_dev/examples/libritts/cosyvoice2/data/esd-emo-grpo/valid/receive/0009_001055_伤心.wav
/root/autodl-tmp/CosyVoice_dev/examples/libritts/cosyvoice2/data/esd-emo-grpo/valid/samp_2/0009_001056_伤心.wav	/root/autodl-tmp/CosyVoice_dev/examples/libritts/cosyvoice2/data/esd-emo-grpo/valid/receive/0009_001056_伤心.wav
/root/autodl-tmp/CosyVoice_dev/examples/libritts/cosyvoice2/data/esd-emo-grpo/valid/samp_2/0009_001057_伤心.wav	/root/autodl-tmp/CosyVoice_dev/examples/libritts/cosyvoice2/data/esd-emo-grpo/valid/receive/0009_001057_伤心.wav
/root/autodl-tmp/CosyVoice_dev/examples/libritts/cosyvoice2/data/esd-emo-grpo/valid/samp_2/0009_001058_伤心.wav	/root/autodl-tmp/CosyVoice_dev/examples/libritts/cosyvoice2/data/esd-emo-grpo/valid/receive/0009_001058_伤心.wav
/root/autodl-tmp/CosyVoice_dev/examples/libritts/cosyvoice2/data/esd-emo-grpo/valid/samp_2/0009_001059_伤心.wav	/root/autodl-tmp/CosyVoice_dev/examples/libritts/cosyvoice2/data/esd-emo-grpo/valid/receive/0009_001059_伤心.wav
/root/autodl-tmp/CosyVoice_dev/examples/libritts/cosyvoice2/data/esd-emo-grpo/valid/samp_2/0009_001060_伤心.wav	/root/autodl-tmp/CosyVoice_dev/examples/libritts/cosyvoice2/data/esd-emo-grpo/valid/receive/0009_001060_伤心.wav
/root/autodl-tmp/CosyVoice_dev/examples/libritts/cosyvoice2/data/esd-emo-grpo/valid/samp_2/0009_001061_伤心.wav	/root/autodl-tmp/CosyVoice_dev/examples/libritts/cosyvoice2/data/esd-emo-grpo/valid/receive/0009_001061_伤心.wav
/root/autodl-tmp/CosyVoice_dev/examples/libritts/cosyvoice2/data/esd-emo-grpo/valid/samp_2/0009_001062_伤心.wav	/root/autodl-tmp/CosyVoice_dev/examples/libritts/cosyvoice2/data/esd-emo-grpo/valid/receive/0009_001062_伤心.wav
/root/autodl-tmp/CosyVoice_dev/examples/libritts/cosyvoice2/data/esd-emo-grpo/valid/samp_2/0009_001063_伤心.wav	/root/autodl-tmp/CosyVoice_dev/examples/libritts/cosyvoice2/data/esd-emo-grpo/valid/receive/0009_001063_伤心.wav
/root/autodl-tmp/CosyVoice_dev/examples/libritts/cosyvoice2/data/esd-emo-grpo/valid/samp_2/0009_001064_伤心.wav	/root/autodl-tmp/CosyVoice_dev/examples/libritts/cosyvoice2/data/esd-emo-grpo/valid/receive/0009_001064_伤心.wav
/root/autodl-tmp/CosyVoice_dev/examples/libritts/cosyvoice2/data/esd-emo-grpo/valid/samp_2/0009_001065_伤心.wav	/root/autodl-tmp/CosyVoice_dev/examples/libritts/cosyvoice2/data/esd-emo-grpo/valid/receive/0009_001065_伤心.wav
/root/autodl-tmp/CosyVoice_dev/examples/libritts/cosyvoice2/data/esd-emo-grpo/valid/samp_2/0009_001066_伤心.wav	/root/autodl-tmp/CosyVoice_dev/examples/libritts/cosyvoice2/data/esd-emo-grpo/valid/receive/0009_001066_伤心.wav
/root/autodl-tmp/CosyVoice_dev/examples/libritts/cosyvoice2/data/esd-emo-grpo/valid/samp_2/0009_001067_伤心.wav	/root/autodl-tmp/CosyVoice_dev/examples/libritts/cosyvoice2/data/esd-emo-grpo/valid/receive/0009_001067_伤心.wav
/root/autodl-tmp/CosyVoice_dev/examples/libritts/cosyvoice2/data/esd-emo-grpo/valid/samp_2/0009_001068_伤心.wav	/root/autodl-tmp/CosyVoice_dev/examples/libritts/cosyvoice2/data/esd-emo-grpo/valid/receive/0009_001068_伤心.wav
/root/autodl-tmp/CosyVoice_dev/examples/libritts/cosyvoice2/data/esd-emo-grpo/valid/samp_2/0009_001069_伤心.wav	/root/autodl-tmp/CosyVoice_dev/examples/libritts/cosyvoice2/data/esd-emo-grpo/valid/receive/0009_001069_伤心.wav
/root/autodl-tmp/CosyVoice_dev/examples/libritts/cosyvoice2/data/esd-emo-grpo/valid/samp_2/0009_001070_伤心.wav	/root/autodl-tmp/CosyVoice_dev/examples/libritts/cosyvoice2/data/esd-emo-grpo/valid/receive/0009_001070_伤心.wav
/root/autodl-tmp/CosyVoice_dev/examples/libritts/cosyvoice2/data/esd-emo-grpo/valid/samp_2/0009_001401_惊喜.wav	/root/autodl-tmp/CosyVoice_dev/examples/libritts/cosyvoice2/data/esd-emo-grpo/valid/receive/0009_001401_惊喜.wav
/root/autodl-tmp/CosyVoice_dev/examples/libritts/cosyvoice2/data/esd-emo-grpo/valid/samp_2/0009_001402_惊喜.wav	/root/autodl-tmp/CosyVoice_dev/examples/libritts/cosyvoice2/data/esd-emo-grpo/valid/receive/0009_001402_惊喜.wav
/root/autodl-tmp/CosyVoice_dev/examples/libritts/cosyvoice2/data/esd-emo-grpo/valid/samp_2/0009_001403_惊喜.wav	/root/autodl-tmp/CosyVoice_dev/examples/libritts/cosyvoice2/data/esd-emo-grpo/valid/receive/0009_001403_惊喜.wav
/root/autodl-tmp/CosyVoice_dev/examples/libritts/cosyvoice2/data/esd-emo-grpo/valid/samp_2/0009_001404_惊喜.wav	/root/autodl-tmp/CosyVoice_dev/examples/libritts/cosyvoice2/data/esd-emo-grpo/valid/receive/0009_001404_惊喜.wav
/root/autodl-tmp/CosyVoice_dev/examples/libritts/cosyvoice2/data/esd-emo-grpo/valid/samp_2/0009_001405_惊喜.wav	/root/autodl-tmp/CosyVoice_dev/examples/libritts/cosyvoice2/data/esd-emo-grpo/valid/receive/0009_001405_惊喜.wav
/root/autodl-tmp/CosyVoice_dev/examples/libritts/cosyvoice2/data/esd-emo-grpo/valid/samp_2/0009_001406_惊喜.wav	/root/autodl-tmp/CosyVoice_dev/examples/libritts/cosyvoice2/data/esd-emo-grpo/valid/receive/0009_001406_惊喜.wav
/root/autodl-tmp/CosyVoice_dev/examples/libritts/cosyvoice2/data/esd-emo-grpo/valid/samp_2/0009_001407_惊喜.wav	/root/autodl-tmp/CosyVoice_dev/examples/libritts/cosyvoice2/data/esd-emo-grpo/valid/receive/0009_001407_惊喜.wav
/root/autodl-tmp/CosyVoice_dev/examples/libritts/cosyvoice2/data/esd-emo-grpo/valid/samp_2/0009_001408_惊喜.wav	/root/autodl-tmp/CosyVoice_dev/examples/libritts/cosyvoice2/data/esd-emo-grpo/valid/receive/0009_001408_惊喜.wav
/root/autodl-tmp/CosyVoice_dev/examples/libritts/cosyvoice2/data/esd-emo-grpo/valid/samp_2/0009_001409_惊喜.wav	/root/autodl-tmp/CosyVoice_dev/examples/libritts/cosyvoice2/data/esd-emo-grpo/valid/receive/0009_001409_惊喜.wav
/root/autodl-tmp/CosyVoice_dev/examples/libritts/cosyvoice2/data/esd-emo-grpo/valid/samp_2/0009_001410_惊喜.wav	/root/autodl-tmp/CosyVoice_dev/examples/libritts/cosyvoice2/data/esd-emo-grpo/valid/receive/0009_001410_惊喜.wav
/root/autodl-tmp/CosyVoice_dev/examples/libritts/cosyvoice2/data/esd-emo-grpo/valid/samp_2/0009_001411_惊喜.wav	/root/autodl-tmp/CosyVoice_dev/examples/libritts/cosyvoice2/data/esd-emo-grpo/valid/receive/0009_001411_惊喜.wav
/root/autodl-tmp/CosyVoice_dev/examples/libritts/cosyvoice2/data/esd-emo-grpo/valid/samp_2/0009_001412_惊喜.wav	/root/autodl-tmp/CosyVoice_dev/examples/libritts/cosyvoice2/data/esd-emo-grpo/valid/receive/0009_001412_惊喜.wav
/root/autodl-tmp/CosyVoice_dev/examples/libritts/cosyvoice2/data/esd-emo-grpo/valid/samp_2/0009_001413_惊喜.wav	/root/autodl-tmp/CosyVoice_dev/examples/libritts/cosyvoice2/data/esd-emo-grpo/valid/receive/0009_001413_惊喜.wav
/root/autodl-tmp/CosyVoice_dev/examples/libritts/cosyvoice2/data/esd-emo-grpo/valid/samp_2/0009_001414_惊喜.wav	/root/autodl-tmp/CosyVoice_dev/examples/libritts/cosyvoice2/data/esd-emo-grpo/valid/receive/0009_001414_惊喜.wav
/root/autodl-tmp/CosyVoice_dev/examples/libritts/cosyvoice2/data/esd-emo-grpo/valid/samp_2/0009_001415_惊喜.wav	/root/autodl-tmp/CosyVoice_dev/examples/libritts/cosyvoice2/data/esd-emo-grpo/valid/receive/0009_001415_惊喜.wav
/root/autodl-tmp/CosyVoice_dev/examples/libritts/cosyvoice2/data/esd-emo-grpo/valid/samp_2/0009_001416_惊喜.wav	/root/autodl-tmp/CosyVoice_dev/examples/libritts/cosyvoice2/data/esd-emo-grpo/valid/receive/0009_001416_惊喜.wav
/root/autodl-tmp/CosyVoice_dev/examples/libritts/cosyvoice2/data/esd-emo-grpo/valid/samp_2/0009_001417_惊喜.wav	/root/autodl-tmp/CosyVoice_dev/examples/libritts/cosyvoice2/data/esd-emo-grpo/valid/receive/0009_001417_惊喜.wav
/root/autodl-tmp/CosyVoice_dev/examples/libritts/cosyvoice2/data/esd-emo-grpo/valid/samp_2/0009_001418_惊喜.wav	/root/autodl-tmp/CosyVoice_dev/examples/libritts/cosyvoice2/data/esd-emo-grpo/valid/receive/0009_001418_惊喜.wav
/root/autodl-tmp/CosyVoice_dev/examples/libritts/cosyvoice2/data/esd-emo-grpo/valid/samp_2/0009_001419_惊喜.wav	/root/autodl-tmp/CosyVoice_dev/examples/libritts/cosyvoice2/data/esd-emo-grpo/valid/receive/0009_001419_惊喜.wav
/root/autodl-tmp/CosyVoice_dev/examples/libritts/cosyvoice2/data/esd-emo-grpo/valid/samp_2/0009_001420_惊喜.wav	/root/autodl-tmp/CosyVoice_dev/examples/libritts/cosyvoice2/data/esd-emo-grpo/valid/receive/0009_001420_惊喜.wav
/root/autodl-tmp/CosyVoice_dev/examples/libritts/cosyvoice2/data/esd-emo-grpo/valid/samp_2/0009_000001_冷静.wav	/root/autodl-tmp/CosyVoice_dev/examples/libritts/cosyvoice2/data/esd-emo-grpo/valid/receive/0009_000001_冷静.wav
/root/autodl-tmp/CosyVoice_dev/examples/libritts/cosyvoice2/data/esd-emo-grpo/valid/samp_2/0009_000002_冷静.wav	/root/autodl-tmp/CosyVoice_dev/examples/libritts/cosyvoice2/data/esd-emo-grpo/valid/receive/0009_000002_冷静.wav
/root/autodl-tmp/CosyVoice_dev/examples/libritts/cosyvoice2/data/esd-emo-grpo/valid/samp_2/0009_000003_冷静.wav	/root/autodl-tmp/CosyVoice_dev/examples/libritts/cosyvoice2/data/esd-emo-grpo/valid/receive/0009_000003_冷静.wav
/root/autodl-tmp/CosyVoice_dev/examples/libritts/cosyvoice2/data/esd-emo-grpo/valid/samp_2/0009_000004_冷静.wav	/root/autodl-tmp/CosyVoice_dev/examples/libritts/cosyvoice2/data/esd-emo-grpo/valid/receive/0009_000004_冷静.wav
/root/autodl-tmp/CosyVoice_dev/examples/libritts/cosyvoice2/data/esd-emo-grpo/valid/samp_2/0009_000005_冷静.wav	/root/autodl-tmp/CosyVoice_dev/examples/libritts/cosyvoice2/data/esd-emo-grpo/valid/receive/0009_000005_冷静.wav
/root/autodl-tmp/CosyVoice_dev/examples/libritts/cosyvoice2/data/esd-emo-grpo/valid/samp_2/0009_000006_冷静.wav	/root/autodl-tmp/CosyVoice_dev/examples/libritts/cosyvoice2/data/esd-emo-grpo/valid/receive/0009_000006_冷静.wav
/root/autodl-tmp/CosyVoice_dev/examples/libritts/cosyvoice2/data/esd-emo-grpo/valid/samp_2/0009_000007_冷静.wav	/root/autodl-tmp/CosyVoice_dev/examples/libritts/cosyvoice2/data/esd-emo-grpo/valid/receive/0009_000007_冷静.wav
/root/autodl-tmp/CosyVoice_dev/examples/libritts/cosyvoice2/data/esd-emo-grpo/valid/samp_2/0009_000008_冷静.wav	/root/autodl-tmp/CosyVoice_dev/examples/libritts/cosyvoice2/data/esd-emo-grpo/valid/receive/0009_000008_冷静.wav
/root/autodl-tmp/CosyVoice_dev/examples/libritts/cosyvoice2/data/esd-emo-grpo/valid/samp_2/0009_000009_冷静.wav	/root/autodl-tmp/CosyVoice_dev/examples/libritts/cosyvoice2/data/esd-emo-grpo/valid/receive/0009_000009_冷静.wav
/root/autodl-tmp/CosyVoice_dev/examples/libritts/cosyvoice2/data/esd-emo-grpo/valid/samp_2/0009_000010_冷静.wav	/root/autodl-tmp/CosyVoice_dev/examples/libritts/cosyvoice2/data/esd-emo-grpo/valid/receive/0009_000010_冷静.wav
/root/autodl-tmp/CosyVoice_dev/examples/libritts/cosyvoice2/data/esd-emo-grpo/valid/samp_2/0009_000011_冷静.wav	/root/autodl-tmp/CosyVoice_dev/examples/libritts/cosyvoice2/data/esd-emo-grpo/valid/receive/0009_000011_冷静.wav
/root/autodl-tmp/CosyVoice_dev/examples/libritts/cosyvoice2/data/esd-emo-grpo/valid/samp_2/0009_000012_冷静.wav	/root/autodl-tmp/CosyVoice_dev/examples/libritts/cosyvoice2/data/esd-emo-grpo/valid/receive/0009_000012_冷静.wav
/root/autodl-tmp/CosyVoice_dev/examples/libritts/cosyvoice2/data/esd-emo-grpo/valid/samp_2/0009_000013_冷静.wav	/root/autodl-tmp/CosyVoice_dev/examples/libritts/cosyvoice2/data/esd-emo-grpo/valid/receive/0009_000013_冷静.wav
/root/autodl-tmp/CosyVoice_dev/examples/libritts/cosyvoice2/data/esd-emo-grpo/valid/samp_2/0009_000014_冷静.wav	/root/autodl-tmp/CosyVoice_dev/examples/libritts/cosyvoice2/data/esd-emo-grpo/valid/receive/0009_000014_冷静.wav
/root/autodl-tmp/CosyVoice_dev/examples/libritts/cosyvoice2/data/esd-emo-grpo/valid/samp_2/0009_000015_冷静.wav	/root/autodl-tmp/CosyVoice_dev/examples/libritts/cosyvoice2/data/esd-emo-grpo/valid/receive/0009_000015_冷静.wav
/root/autodl-tmp/CosyVoice_dev/examples/libritts/cosyvoice2/data/esd-emo-grpo/valid/samp_2/0009_000016_冷静.wav	/root/autodl-tmp/CosyVoice_dev/examples/libritts/cosyvoice2/data/esd-emo-grpo/valid/receive/0009_000016_冷静.wav
/root/autodl-tmp/CosyVoice_dev/examples/libritts/cosyvoice2/data/esd-emo-grpo/valid/samp_2/0009_000017_冷静.wav	/root/autodl-tmp/CosyVoice_dev/examples/libritts/cosyvoice2/data/esd-emo-grpo/valid/receive/0009_000017_冷静.wav
/root/autodl-tmp/CosyVoice_dev/examples/libritts/cosyvoice2/data/esd-emo-grpo/valid/samp_2/0009_000018_冷静.wav	/root/autodl-tmp/CosyVoice_dev/examples/libritts/cosyvoice2/data/esd-emo-grpo/valid/receive/0009_000018_冷静.wav
/root/autodl-tmp/CosyVoice_dev/examples/libritts/cosyvoice2/data/esd-emo-grpo/valid/samp_2/0009_000019_冷静.wav	/root/autodl-tmp/CosyVoice_dev/examples/libritts/cosyvoice2/data/esd-emo-grpo/valid/receive/0009_000019_冷静.wav
/root/autodl-tmp/CosyVoice_dev/examples/libritts/cosyvoice2/data/esd-emo-grpo/valid/samp_2/0009_000020_冷静.wav	/root/autodl-tmp/CosyVoice_dev/examples/libritts/cosyvoice2/data/esd-emo-grpo/valid/receive/0009_000020_冷静.wav
/root/autodl-tmp/CosyVoice_dev/examples/libritts/cosyvoice2/data/esd-emo-grpo/valid/samp_2/0009_000351_生气.wav	/root/autodl-tmp/CosyVoice_dev/examples/libritts/cosyvoice2/data/esd-emo-grpo/valid/receive/0009_000351_生气.wav
/root/autodl-tmp/CosyVoice_dev/examples/libritts/cosyvoice2/data/esd-emo-grpo/valid/samp_2/0009_000352_生气.wav	/root/autodl-tmp/CosyVoice_dev/examples/libritts/cosyvoice2/data/esd-emo-grpo/valid/receive/0009_000352_生气.wav
/root/autodl-tmp/CosyVoice_dev/examples/libritts/cosyvoice2/data/esd-emo-grpo/valid/samp_2/0009_000353_生气.wav	/root/autodl-tmp/CosyVoice_dev/examples/libritts/cosyvoice2/data/esd-emo-grpo/valid/receive/0009_000353_生气.wav
/root/autodl-tmp/CosyVoice_dev/examples/libritts/cosyvoice2/data/esd-emo-grpo/valid/samp_2/0009_000354_生气.wav	/root/autodl-tmp/CosyVoice_dev/examples/libritts/cosyvoice2/data/esd-emo-grpo/valid/receive/0009_000354_生气.wav
/root/autodl-tmp/CosyVoice_dev/examples/libritts/cosyvoice2/data/esd-emo-grpo/valid/samp_2/0009_000355_生气.wav	/root/autodl-tmp/CosyVoice_dev/examples/libritts/cosyvoice2/data/esd-emo-grpo/valid/receive/0009_000355_生气.wav
/root/autodl-tmp/CosyVoice_dev/examples/libritts/cosyvoice2/data/esd-emo-grpo/valid/samp_2/0009_000356_生气.wav	/root/autodl-tmp/CosyVoice_dev/examples/libritts/cosyvoice2/data/esd-emo-grpo/valid/receive/0009_000356_生气.wav
/root/autodl-tmp/CosyVoice_dev/examples/libritts/cosyvoice2/data/esd-emo-grpo/valid/samp_2/0009_000357_生气.wav	/root/autodl-tmp/CosyVoice_dev/examples/libritts/cosyvoice2/data/esd-emo-grpo/valid/receive/0009_000357_生气.wav
/root/autodl-tmp/CosyVoice_dev/examples/libritts/cosyvoice2/data/esd-emo-grpo/valid/samp_2/0009_000358_生气.wav	/root/autodl-tmp/CosyVoice_dev/examples/libritts/cosyvoice2/data/esd-emo-grpo/valid/receive/0009_000358_生气.wav
/root/autodl-tmp/CosyVoice_dev/examples/libritts/cosyvoice2/data/esd-emo-grpo/valid/samp_2/0009_000359_生气.wav	/root/autodl-tmp/CosyVoice_dev/examples/libritts/cosyvoice2/data/esd-emo-grpo/valid/receive/0009_000359_生气.wav
/root/autodl-tmp/CosyVoice_dev/examples/libritts/cosyvoice2/data/esd-emo-grpo/valid/samp_2/0009_000360_生气.wav	/root/autodl-tmp/CosyVoice_dev/examples/libritts/cosyvoice2/data/esd-emo-grpo/valid/receive/0009_000360_生气.wav
/root/autodl-tmp/CosyVoice_dev/examples/libritts/cosyvoice2/data/esd-emo-grpo/valid/samp_2/0009_000361_生气.wav	/root/autodl-tmp/CosyVoice_dev/examples/libritts/cosyvoice2/data/esd-emo-grpo/valid/receive/0009_000361_生气.wav
/root/autodl-tmp/CosyVoice_dev/examples/libritts/cosyvoice2/data/esd-emo-grpo/valid/samp_2/0009_000362_生气.wav	/root/autodl-tmp/CosyVoice_dev/examples/libritts/cosyvoice2/data/esd-emo-grpo/valid/receive/0009_000362_生气.wav
/root/autodl-tmp/CosyVoice_dev/examples/libritts/cosyvoice2/data/esd-emo-grpo/valid/samp_2/0009_000363_生气.wav	/root/autodl-tmp/CosyVoice_dev/examples/libritts/cosyvoice2/data/esd-emo-grpo/valid/receive/0009_000363_生气.wav
/root/autodl-tmp/CosyVoice_dev/examples/libritts/cosyvoice2/data/esd-emo-grpo/valid/samp_2/0009_000364_生气.wav	/root/autodl-tmp/CosyVoice_dev/examples/libritts/cosyvoice2/data/esd-emo-grpo/valid/receive/0009_000364_生气.wav
/root/autodl-tmp/CosyVoice_dev/examples/libritts/cosyvoice2/data/esd-emo-grpo/valid/samp_2/0009_000365_生气.wav	/root/autodl-tmp/CosyVoice_dev/examples/libritts/cosyvoice2/data/esd-emo-grpo/valid/receive/0009_000365_生气.wav
/root/autodl-tmp/CosyVoice_dev/examples/libritts/cosyvoice2/data/esd-emo-grpo/valid/samp_2/0009_000366_生气.wav	/root/autodl-tmp/CosyVoice_dev/examples/libritts/cosyvoice2/data/esd-emo-grpo/valid/receive/0009_000366_生气.wav
/root/autodl-tmp/CosyVoice_dev/examples/libritts/cosyvoice2/data/esd-emo-grpo/valid/samp_2/0009_000367_生气.wav	/root/autodl-tmp/CosyVoice_dev/examples/libritts/cosyvoice2/data/esd-emo-grpo/valid/receive/0009_000367_生气.wav
/root/autodl-tmp/CosyVoice_dev/examples/libritts/cosyvoice2/data/esd-emo-grpo/valid/samp_2/0009_000368_生气.wav	/root/autodl-tmp/CosyVoice_dev/examples/libritts/cosyvoice2/data/esd-emo-grpo/valid/receive/0009_000368_生气.wav
/root/autodl-tmp/CosyVoice_dev/examples/libritts/cosyvoice2/data/esd-emo-grpo/valid/samp_2/0009_000369_生气.wav	/root/autodl-tmp/CosyVoice_dev/examples/libritts/cosyvoice2/data/esd-emo-grpo/valid/receive/0009_000369_生气.wav
/root/autodl-tmp/CosyVoice_dev/examples/libritts/cosyvoice2/data/esd-emo-grpo/valid/samp_2/0009_000370_生气.wav	/root/autodl-tmp/CosyVoice_dev/examples/libritts/cosyvoice2/data/esd-emo-grpo/valid/receive/0009_000370_生气.wav
/root/autodl-tmp/CosyVoice_dev/examples/libritts/cosyvoice2/data/esd-emo-grpo/valid/samp_2/0010_000701_快乐.wav	/root/autodl-tmp/CosyVoice_dev/examples/libritts/cosyvoice2/data/esd-emo-grpo/valid/receive/0010_000701_快乐.wav
/root/autodl-tmp/CosyVoice_dev/examples/libritts/cosyvoice2/data/esd-emo-grpo/valid/samp_2/0010_000702_快乐.wav	/root/autodl-tmp/CosyVoice_dev/examples/libritts/cosyvoice2/data/esd-emo-grpo/valid/receive/0010_000702_快乐.wav
/root/autodl-tmp/CosyVoice_dev/examples/libritts/cosyvoice2/data/esd-emo-grpo/valid/samp_2/0010_000703_快乐.wav	/root/autodl-tmp/CosyVoice_dev/examples/libritts/cosyvoice2/data/esd-emo-grpo/valid/receive/0010_000703_快乐.wav
/root/autodl-tmp/CosyVoice_dev/examples/libritts/cosyvoice2/data/esd-emo-grpo/valid/samp_2/0010_000704_快乐.wav	/root/autodl-tmp/CosyVoice_dev/examples/libritts/cosyvoice2/data/esd-emo-grpo/valid/receive/0010_000704_快乐.wav
/root/autodl-tmp/CosyVoice_dev/examples/libritts/cosyvoice2/data/esd-emo-grpo/valid/samp_2/0010_000705_快乐.wav	/root/autodl-tmp/CosyVoice_dev/examples/libritts/cosyvoice2/data/esd-emo-grpo/valid/receive/0010_000705_快乐.wav
/root/autodl-tmp/CosyVoice_dev/examples/libritts/cosyvoice2/data/esd-emo-grpo/valid/samp_2/0010_000706_快乐.wav	/root/autodl-tmp/CosyVoice_dev/examples/libritts/cosyvoice2/data/esd-emo-grpo/valid/receive/0010_000706_快乐.wav
/root/autodl-tmp/CosyVoice_dev/examples/libritts/cosyvoice2/data/esd-emo-grpo/valid/samp_2/0010_000707_快乐.wav	/root/autodl-tmp/CosyVoice_dev/examples/libritts/cosyvoice2/data/esd-emo-grpo/valid/receive/0010_000707_快乐.wav
/root/autodl-tmp/CosyVoice_dev/examples/libritts/cosyvoice2/data/esd-emo-grpo/valid/samp_2/0010_000708_快乐.wav	/root/autodl-tmp/CosyVoice_dev/examples/libritts/cosyvoice2/data/esd-emo-grpo/valid/receive/0010_000708_快乐.wav
/root/autodl-tmp/CosyVoice_dev/examples/libritts/cosyvoice2/data/esd-emo-grpo/valid/samp_2/0010_000709_快乐.wav	/root/autodl-tmp/CosyVoice_dev/examples/libritts/cosyvoice2/data/esd-emo-grpo/valid/receive/0010_000709_快乐.wav
/root/autodl-tmp/CosyVoice_dev/examples/libritts/cosyvoice2/data/esd-emo-grpo/valid/samp_2/0010_000710_快乐.wav	/root/autodl-tmp/CosyVoice_dev/examples/libritts/cosyvoice2/data/esd-emo-grpo/valid/receive/0010_000710_快乐.wav
/root/autodl-tmp/CosyVoice_dev/examples/libritts/cosyvoice2/data/esd-emo-grpo/valid/samp_2/0010_000711_快乐.wav	/root/autodl-tmp/CosyVoice_dev/examples/libritts/cosyvoice2/data/esd-emo-grpo/valid/receive/0010_000711_快乐.wav
/root/autodl-tmp/CosyVoice_dev/examples/libritts/cosyvoice2/data/esd-emo-grpo/valid/samp_2/0010_000712_快乐.wav	/root/autodl-tmp/CosyVoice_dev/examples/libritts/cosyvoice2/data/esd-emo-grpo/valid/receive/0010_000712_快乐.wav
/root/autodl-tmp/CosyVoice_dev/examples/libritts/cosyvoice2/data/esd-emo-grpo/valid/samp_2/0010_000713_快乐.wav	/root/autodl-tmp/CosyVoice_dev/examples/libritts/cosyvoice2/data/esd-emo-grpo/valid/receive/0010_000713_快乐.wav
/root/autodl-tmp/CosyVoice_dev/examples/libritts/cosyvoice2/data/esd-emo-grpo/valid/samp_2/0010_000714_快乐.wav	/root/autodl-tmp/CosyVoice_dev/examples/libritts/cosyvoice2/data/esd-emo-grpo/valid/receive/0010_000714_快乐.wav
/root/autodl-tmp/CosyVoice_dev/examples/libritts/cosyvoice2/data/esd-emo-grpo/valid/samp_2/0010_000715_快乐.wav	/root/autodl-tmp/CosyVoice_dev/examples/libritts/cosyvoice2/data/esd-emo-grpo/valid/receive/0010_000715_快乐.wav
/root/autodl-tmp/CosyVoice_dev/examples/libritts/cosyvoice2/data/esd-emo-grpo/valid/samp_2/0010_000716_快乐.wav	/root/autodl-tmp/CosyVoice_dev/examples/libritts/cosyvoice2/data/esd-emo-grpo/valid/receive/0010_000716_快乐.wav
/root/autodl-tmp/CosyVoice_dev/examples/libritts/cosyvoice2/data/esd-emo-grpo/valid/samp_2/0010_000717_快乐.wav	/root/autodl-tmp/CosyVoice_dev/examples/libritts/cosyvoice2/data/esd-emo-grpo/valid/receive/0010_000717_快乐.wav
/root/autodl-tmp/CosyVoice_dev/examples/libritts/cosyvoice2/data/esd-emo-grpo/valid/samp_2/0010_000718_快乐.wav	/root/autodl-tmp/CosyVoice_dev/examples/libritts/cosyvoice2/data/esd-emo-grpo/valid/receive/0010_000718_快乐.wav
/root/autodl-tmp/CosyVoice_dev/examples/libritts/cosyvoice2/data/esd-emo-grpo/valid/samp_2/0010_000719_快乐.wav	/root/autodl-tmp/CosyVoice_dev/examples/libritts/cosyvoice2/data/esd-emo-grpo/valid/receive/0010_000719_快乐.wav
/root/autodl-tmp/CosyVoice_dev/examples/libritts/cosyvoice2/data/esd-emo-grpo/valid/samp_2/0010_000720_快乐.wav	/root/autodl-tmp/CosyVoice_dev/examples/libritts/cosyvoice2/data/esd-emo-grpo/valid/receive/0010_000720_快乐.wav
/root/autodl-tmp/CosyVoice_dev/examples/libritts/cosyvoice2/data/esd-emo-grpo/valid/samp_2/0010_001051_伤心.wav	/root/autodl-tmp/CosyVoice_dev/examples/libritts/cosyvoice2/data/esd-emo-grpo/valid/receive/0010_001051_伤心.wav
/root/autodl-tmp/CosyVoice_dev/examples/libritts/cosyvoice2/data/esd-emo-grpo/valid/samp_2/0010_001052_伤心.wav	/root/autodl-tmp/CosyVoice_dev/examples/libritts/cosyvoice2/data/esd-emo-grpo/valid/receive/0010_001052_伤心.wav
/root/autodl-tmp/CosyVoice_dev/examples/libritts/cosyvoice2/data/esd-emo-grpo/valid/samp_2/0010_001053_伤心.wav	/root/autodl-tmp/CosyVoice_dev/examples/libritts/cosyvoice2/data/esd-emo-grpo/valid/receive/0010_001053_伤心.wav
/root/autodl-tmp/CosyVoice_dev/examples/libritts/cosyvoice2/data/esd-emo-grpo/valid/samp_2/0010_001054_伤心.wav	/root/autodl-tmp/CosyVoice_dev/examples/libritts/cosyvoice2/data/esd-emo-grpo/valid/receive/0010_001054_伤心.wav
/root/autodl-tmp/CosyVoice_dev/examples/libritts/cosyvoice2/data/esd-emo-grpo/valid/samp_2/0010_001055_伤心.wav	/root/autodl-tmp/CosyVoice_dev/examples/libritts/cosyvoice2/data/esd-emo-grpo/valid/receive/0010_001055_伤心.wav
/root/autodl-tmp/CosyVoice_dev/examples/libritts/cosyvoice2/data/esd-emo-grpo/valid/samp_2/0010_001056_伤心.wav	/root/autodl-tmp/CosyVoice_dev/examples/libritts/cosyvoice2/data/esd-emo-grpo/valid/receive/0010_001056_伤心.wav
/root/autodl-tmp/CosyVoice_dev/examples/libritts/cosyvoice2/data/esd-emo-grpo/valid/samp_2/0010_001057_伤心.wav	/root/autodl-tmp/CosyVoice_dev/examples/libritts/cosyvoice2/data/esd-emo-grpo/valid/receive/0010_001057_伤心.wav
/root/autodl-tmp/CosyVoice_dev/examples/libritts/cosyvoice2/data/esd-emo-grpo/valid/samp_2/0010_001058_伤心.wav	/root/autodl-tmp/CosyVoice_dev/examples/libritts/cosyvoice2/data/esd-emo-grpo/valid/receive/0010_001058_伤心.wav
/root/autodl-tmp/CosyVoice_dev/examples/libritts/cosyvoice2/data/esd-emo-grpo/valid/samp_2/0010_001059_伤心.wav	/root/autodl-tmp/CosyVoice_dev/examples/libritts/cosyvoice2/data/esd-emo-grpo/valid/receive/0010_001059_伤心.wav
/root/autodl-tmp/CosyVoice_dev/examples/libritts/cosyvoice2/data/esd-emo-grpo/valid/samp_2/0010_001060_伤心.wav	/root/autodl-tmp/CosyVoice_dev/examples/libritts/cosyvoice2/data/esd-emo-grpo/valid/receive/0010_001060_伤心.wav
/root/autodl-tmp/CosyVoice_dev/examples/libritts/cosyvoice2/data/esd-emo-grpo/valid/samp_2/0010_001061_伤心.wav	/root/autodl-tmp/CosyVoice_dev/examples/libritts/cosyvoice2/data/esd-emo-grpo/valid/receive/0010_001061_伤心.wav
/root/autodl-tmp/CosyVoice_dev/examples/libritts/cosyvoice2/data/esd-emo-grpo/valid/samp_2/0010_001062_伤心.wav	/root/autodl-tmp/CosyVoice_dev/examples/libritts/cosyvoice2/data/esd-emo-grpo/valid/receive/0010_001062_伤心.wav
/root/autodl-tmp/CosyVoice_dev/examples/libritts/cosyvoice2/data/esd-emo-grpo/valid/samp_2/0010_001063_伤心.wav	/root/autodl-tmp/CosyVoice_dev/examples/libritts/cosyvoice2/data/esd-emo-grpo/valid/receive/0010_001063_伤心.wav
/root/autodl-tmp/CosyVoice_dev/examples/libritts/cosyvoice2/data/esd-emo-grpo/valid/samp_2/0010_001064_伤心.wav	/root/autodl-tmp/CosyVoice_dev/examples/libritts/cosyvoice2/data/esd-emo-grpo/valid/receive/0010_001064_伤心.wav
/root/autodl-tmp/CosyVoice_dev/examples/libritts/cosyvoice2/data/esd-emo-grpo/valid/samp_2/0010_001065_伤心.wav	/root/autodl-tmp/CosyVoice_dev/examples/libritts/cosyvoice2/data/esd-emo-grpo/valid/receive/0010_001065_伤心.wav
/root/autodl-tmp/CosyVoice_dev/examples/libritts/cosyvoice2/data/esd-emo-grpo/valid/samp_2/0010_001066_伤心.wav	/root/autodl-tmp/CosyVoice_dev/examples/libritts/cosyvoice2/data/esd-emo-grpo/valid/receive/0010_001066_伤心.wav
/root/autodl-tmp/CosyVoice_dev/examples/libritts/cosyvoice2/data/esd-emo-grpo/valid/samp_2/0010_001067_伤心.wav	/root/autodl-tmp/CosyVoice_dev/examples/libritts/cosyvoice2/data/esd-emo-grpo/valid/receive/0010_001067_伤心.wav
/root/autodl-tmp/CosyVoice_dev/examples/libritts/cosyvoice2/data/esd-emo-grpo/valid/samp_2/0010_001068_伤心.wav	/root/autodl-tmp/CosyVoice_dev/examples/libritts/cosyvoice2/data/esd-emo-grpo/valid/receive/0010_001068_伤心.wav
/root/autodl-tmp/CosyVoice_dev/examples/libritts/cosyvoice2/data/esd-emo-grpo/valid/samp_2/0010_001069_伤心.wav	/root/autodl-tmp/CosyVoice_dev/examples/libritts/cosyvoice2/data/esd-emo-grpo/valid/receive/0010_001069_伤心.wav
/root/autodl-tmp/CosyVoice_dev/examples/libritts/cosyvoice2/data/esd-emo-grpo/valid/samp_2/0010_001070_伤心.wav	/root/autodl-tmp/CosyVoice_dev/examples/libritts/cosyvoice2/data/esd-emo-grpo/valid/receive/0010_001070_伤心.wav
/root/autodl-tmp/CosyVoice_dev/examples/libritts/cosyvoice2/data/esd-emo-grpo/valid/samp_2/0010_001401_惊喜.wav	/root/autodl-tmp/CosyVoice_dev/examples/libritts/cosyvoice2/data/esd-emo-grpo/valid/receive/0010_001401_惊喜.wav
/root/autodl-tmp/CosyVoice_dev/examples/libritts/cosyvoice2/data/esd-emo-grpo/valid/samp_2/0010_001402_惊喜.wav	/root/autodl-tmp/CosyVoice_dev/examples/libritts/cosyvoice2/data/esd-emo-grpo/valid/receive/0010_001402_惊喜.wav
/root/autodl-tmp/CosyVoice_dev/examples/libritts/cosyvoice2/data/esd-emo-grpo/valid/samp_2/0010_001403_惊喜.wav	/root/autodl-tmp/CosyVoice_dev/examples/libritts/cosyvoice2/data/esd-emo-grpo/valid/receive/0010_001403_惊喜.wav
/root/autodl-tmp/CosyVoice_dev/examples/libritts/cosyvoice2/data/esd-emo-grpo/valid/samp_2/0010_001404_惊喜.wav	/root/autodl-tmp/CosyVoice_dev/examples/libritts/cosyvoice2/data/esd-emo-grpo/valid/receive/0010_001404_惊喜.wav
/root/autodl-tmp/CosyVoice_dev/examples/libritts/cosyvoice2/data/esd-emo-grpo/valid/samp_2/0010_001405_惊喜.wav	/root/autodl-tmp/CosyVoice_dev/examples/libritts/cosyvoice2/data/esd-emo-grpo/valid/receive/0010_001405_惊喜.wav
/root/autodl-tmp/CosyVoice_dev/examples/libritts/cosyvoice2/data/esd-emo-grpo/valid/samp_2/0010_001406_惊喜.wav	/root/autodl-tmp/CosyVoice_dev/examples/libritts/cosyvoice2/data/esd-emo-grpo/valid/receive/0010_001406_惊喜.wav
/root/autodl-tmp/CosyVoice_dev/examples/libritts/cosyvoice2/data/esd-emo-grpo/valid/samp_2/0010_001407_惊喜.wav	/root/autodl-tmp/CosyVoice_dev/examples/libritts/cosyvoice2/data/esd-emo-grpo/valid/receive/0010_001407_惊喜.wav
/root/autodl-tmp/CosyVoice_dev/examples/libritts/cosyvoice2/data/esd-emo-grpo/valid/samp_2/0010_001408_惊喜.wav	/root/autodl-tmp/CosyVoice_dev/examples/libritts/cosyvoice2/data/esd-emo-grpo/valid/receive/0010_001408_惊喜.wav
/root/autodl-tmp/CosyVoice_dev/examples/libritts/cosyvoice2/data/esd-emo-grpo/valid/samp_2/0010_001409_惊喜.wav	/root/autodl-tmp/CosyVoice_dev/examples/libritts/cosyvoice2/data/esd-emo-grpo/valid/receive/0010_001409_惊喜.wav
/root/autodl-tmp/CosyVoice_dev/examples/libritts/cosyvoice2/data/esd-emo-grpo/valid/samp_2/0010_001410_惊喜.wav	/root/autodl-tmp/CosyVoice_dev/examples/libritts/cosyvoice2/data/esd-emo-grpo/valid/receive/0010_001410_惊喜.wav
/root/autodl-tmp/CosyVoice_dev/examples/libritts/cosyvoice2/data/esd-emo-grpo/valid/samp_2/0010_001411_惊喜.wav	/root/autodl-tmp/CosyVoice_dev/examples/libritts/cosyvoice2/data/esd-emo-grpo/valid/receive/0010_001411_惊喜.wav
/root/autodl-tmp/CosyVoice_dev/examples/libritts/cosyvoice2/data/esd-emo-grpo/valid/samp_2/0010_001412_惊喜.wav	/root/autodl-tmp/CosyVoice_dev/examples/libritts/cosyvoice2/data/esd-emo-grpo/valid/receive/0010_001412_惊喜.wav
/root/autodl-tmp/CosyVoice_dev/examples/libritts/cosyvoice2/data/esd-emo-grpo/valid/samp_2/0010_001413_惊喜.wav	/root/autodl-tmp/CosyVoice_dev/examples/libritts/cosyvoice2/data/esd-emo-grpo/valid/receive/0010_001413_惊喜.wav
/root/autodl-tmp/CosyVoice_dev/examples/libritts/cosyvoice2/data/esd-emo-grpo/valid/samp_2/0010_001414_惊喜.wav	/root/autodl-tmp/CosyVoice_dev/examples/libritts/cosyvoice2/data/esd-emo-grpo/valid/receive/0010_001414_惊喜.wav
/root/autodl-tmp/CosyVoice_dev/examples/libritts/cosyvoice2/data/esd-emo-grpo/valid/samp_2/0010_001415_惊喜.wav	/root/autodl-tmp/CosyVoice_dev/examples/libritts/cosyvoice2/data/esd-emo-grpo/valid/receive/0010_001415_惊喜.wav
/root/autodl-tmp/CosyVoice_dev/examples/libritts/cosyvoice2/data/esd-emo-grpo/valid/samp_2/0010_001416_惊喜.wav	/root/autodl-tmp/CosyVoice_dev/examples/libritts/cosyvoice2/data/esd-emo-grpo/valid/receive/0010_001416_惊喜.wav
/root/autodl-tmp/CosyVoice_dev/examples/libritts/cosyvoice2/data/esd-emo-grpo/valid/samp_2/0010_001417_惊喜.wav	/root/autodl-tmp/CosyVoice_dev/examples/libritts/cosyvoice2/data/esd-emo-grpo/valid/receive/0010_001417_惊喜.wav
/root/autodl-tmp/CosyVoice_dev/examples/libritts/cosyvoice2/data/esd-emo-grpo/valid/samp_2/0010_001418_惊喜.wav	/root/autodl-tmp/CosyVoice_dev/examples/libritts/cosyvoice2/data/esd-emo-grpo/valid/receive/0010_001418_惊喜.wav
/root/autodl-tmp/CosyVoice_dev/examples/libritts/cosyvoice2/data/esd-emo-grpo/valid/samp_2/0010_001419_惊喜.wav	/root/autodl-tmp/CosyVoice_dev/examples/libritts/cosyvoice2/data/esd-emo-grpo/valid/receive/0010_001419_惊喜.wav
/root/autodl-tmp/CosyVoice_dev/examples/libritts/cosyvoice2/data/esd-emo-grpo/valid/samp_2/0010_001420_惊喜.wav	/root/autodl-tmp/CosyVoice_dev/examples/libritts/cosyvoice2/data/esd-emo-grpo/valid/receive/0010_001420_惊喜.wav
/root/autodl-tmp/CosyVoice_dev/examples/libritts/cosyvoice2/data/esd-emo-grpo/valid/samp_2/0010_000001_冷静.wav	/root/autodl-tmp/CosyVoice_dev/examples/libritts/cosyvoice2/data/esd-emo-grpo/valid/receive/0010_000001_冷静.wav
/root/autodl-tmp/CosyVoice_dev/examples/libritts/cosyvoice2/data/esd-emo-grpo/valid/samp_2/0010_000002_冷静.wav	/root/autodl-tmp/CosyVoice_dev/examples/libritts/cosyvoice2/data/esd-emo-grpo/valid/receive/0010_000002_冷静.wav
/root/autodl-tmp/CosyVoice_dev/examples/libritts/cosyvoice2/data/esd-emo-grpo/valid/samp_2/0010_000003_冷静.wav	/root/autodl-tmp/CosyVoice_dev/examples/libritts/cosyvoice2/data/esd-emo-grpo/valid/receive/0010_000003_冷静.wav
/root/autodl-tmp/CosyVoice_dev/examples/libritts/cosyvoice2/data/esd-emo-grpo/valid/samp_2/0010_000004_冷静.wav	/root/autodl-tmp/CosyVoice_dev/examples/libritts/cosyvoice2/data/esd-emo-grpo/valid/receive/0010_000004_冷静.wav
/root/autodl-tmp/CosyVoice_dev/examples/libritts/cosyvoice2/data/esd-emo-grpo/valid/samp_2/0010_000005_冷静.wav	/root/autodl-tmp/CosyVoice_dev/examples/libritts/cosyvoice2/data/esd-emo-grpo/valid/receive/0010_000005_冷静.wav
/root/autodl-tmp/CosyVoice_dev/examples/libritts/cosyvoice2/data/esd-emo-grpo/valid/samp_2/0010_000006_冷静.wav	/root/autodl-tmp/CosyVoice_dev/examples/libritts/cosyvoice2/data/esd-emo-grpo/valid/receive/0010_000006_冷静.wav
/root/autodl-tmp/CosyVoice_dev/examples/libritts/cosyvoice2/data/esd-emo-grpo/valid/samp_2/0010_000007_冷静.wav	/root/autodl-tmp/CosyVoice_dev/examples/libritts/cosyvoice2/data/esd-emo-grpo/valid/receive/0010_000007_冷静.wav
/root/autodl-tmp/CosyVoice_dev/examples/libritts/cosyvoice2/data/esd-emo-grpo/valid/samp_2/0010_000008_冷静.wav	/root/autodl-tmp/CosyVoice_dev/examples/libritts/cosyvoice2/data/esd-emo-grpo/valid/receive/0010_000008_冷静.wav
/root/autodl-tmp/CosyVoice_dev/examples/libritts/cosyvoice2/data/esd-emo-grpo/valid/samp_2/0010_000009_冷静.wav	/root/autodl-tmp/CosyVoice_dev/examples/libritts/cosyvoice2/data/esd-emo-grpo/valid/receive/0010_000009_冷静.wav
/root/autodl-tmp/CosyVoice_dev/examples/libritts/cosyvoice2/data/esd-emo-grpo/valid/samp_2/0010_000010_冷静.wav	/root/autodl-tmp/CosyVoice_dev/examples/libritts/cosyvoice2/data/esd-emo-grpo/valid/receive/0010_000010_冷静.wav
/root/autodl-tmp/CosyVoice_dev/examples/libritts/cosyvoice2/data/esd-emo-grpo/valid/samp_2/0010_000011_冷静.wav	/root/autodl-tmp/CosyVoice_dev/examples/libritts/cosyvoice2/data/esd-emo-grpo/valid/receive/0010_000011_冷静.wav
/root/autodl-tmp/CosyVoice_dev/examples/libritts/cosyvoice2/data/esd-emo-grpo/valid/samp_2/0010_000012_冷静.wav	/root/autodl-tmp/CosyVoice_dev/examples/libritts/cosyvoice2/data/esd-emo-grpo/valid/receive/0010_000012_冷静.wav
/root/autodl-tmp/CosyVoice_dev/examples/libritts/cosyvoice2/data/esd-emo-grpo/valid/samp_2/0010_000013_冷静.wav	/root/autodl-tmp/CosyVoice_dev/examples/libritts/cosyvoice2/data/esd-emo-grpo/valid/receive/0010_000013_冷静.wav
/root/autodl-tmp/CosyVoice_dev/examples/libritts/cosyvoice2/data/esd-emo-grpo/valid/samp_2/0010_000014_冷静.wav	/root/autodl-tmp/CosyVoice_dev/examples/libritts/cosyvoice2/data/esd-emo-grpo/valid/receive/0010_000014_冷静.wav
/root/autodl-tmp/CosyVoice_dev/examples/libritts/cosyvoice2/data/esd-emo-grpo/valid/samp_2/0010_000015_冷静.wav	/root/autodl-tmp/CosyVoice_dev/examples/libritts/cosyvoice2/data/esd-emo-grpo/valid/receive/0010_000015_冷静.wav
/root/autodl-tmp/CosyVoice_dev/examples/libritts/cosyvoice2/data/esd-emo-grpo/valid/samp_2/0010_000016_冷静.wav	/root/autodl-tmp/CosyVoice_dev/examples/libritts/cosyvoice2/data/esd-emo-grpo/valid/receive/0010_000016_冷静.wav
/root/autodl-tmp/CosyVoice_dev/examples/libritts/cosyvoice2/data/esd-emo-grpo/valid/samp_2/0010_000017_冷静.wav	/root/autodl-tmp/CosyVoice_dev/examples/libritts/cosyvoice2/data/esd-emo-grpo/valid/receive/0010_000017_冷静.wav
/root/autodl-tmp/CosyVoice_dev/examples/libritts/cosyvoice2/data/esd-emo-grpo/valid/samp_2/0010_000018_冷静.wav	/root/autodl-tmp/CosyVoice_dev/examples/libritts/cosyvoice2/data/esd-emo-grpo/valid/receive/0010_000018_冷静.wav
/root/autodl-tmp/CosyVoice_dev/examples/libritts/cosyvoice2/data/esd-emo-grpo/valid/samp_2/0010_000019_冷静.wav	/root/autodl-tmp/CosyVoice_dev/examples/libritts/cosyvoice2/data/esd-emo-grpo/valid/receive/0010_000019_冷静.wav
/root/autodl-tmp/CosyVoice_dev/examples/libritts/cosyvoice2/data/esd-emo-grpo/valid/samp_2/0010_000020_冷静.wav	/root/autodl-tmp/CosyVoice_dev/examples/libritts/cosyvoice2/data/esd-emo-grpo/valid/receive/0010_000020_冷静.wav
/root/autodl-tmp/CosyVoice_dev/examples/libritts/cosyvoice2/data/esd-emo-grpo/valid/samp_2/0010_000351_生气.wav	/root/autodl-tmp/CosyVoice_dev/examples/libritts/cosyvoice2/data/esd-emo-grpo/valid/receive/0010_000351_生气.wav
/root/autodl-tmp/CosyVoice_dev/examples/libritts/cosyvoice2/data/esd-emo-grpo/valid/samp_2/0010_000352_生气.wav	/root/autodl-tmp/CosyVoice_dev/examples/libritts/cosyvoice2/data/esd-emo-grpo/valid/receive/0010_000352_生气.wav
/root/autodl-tmp/CosyVoice_dev/examples/libritts/cosyvoice2/data/esd-emo-grpo/valid/samp_2/0010_000353_生气.wav	/root/autodl-tmp/CosyVoice_dev/examples/libritts/cosyvoice2/data/esd-emo-grpo/valid/receive/0010_000353_生气.wav
/root/autodl-tmp/CosyVoice_dev/examples/libritts/cosyvoice2/data/esd-emo-grpo/valid/samp_2/0010_000354_生气.wav	/root/autodl-tmp/CosyVoice_dev/examples/libritts/cosyvoice2/data/esd-emo-grpo/valid/receive/0010_000354_生气.wav
/root/autodl-tmp/CosyVoice_dev/examples/libritts/cosyvoice2/data/esd-emo-grpo/valid/samp_2/0010_000355_生气.wav	/root/autodl-tmp/CosyVoice_dev/examples/libritts/cosyvoice2/data/esd-emo-grpo/valid/receive/0010_000355_生气.wav
/root/autodl-tmp/CosyVoice_dev/examples/libritts/cosyvoice2/data/esd-emo-grpo/valid/samp_2/0010_000356_生气.wav	/root/autodl-tmp/CosyVoice_dev/examples/libritts/cosyvoice2/data/esd-emo-grpo/valid/receive/0010_000356_生气.wav
/root/autodl-tmp/CosyVoice_dev/examples/libritts/cosyvoice2/data/esd-emo-grpo/valid/samp_2/0010_000357_生气.wav	/root/autodl-tmp/CosyVoice_dev/examples/libritts/cosyvoice2/data/esd-emo-grpo/valid/receive/0010_000357_生气.wav
/root/autodl-tmp/CosyVoice_dev/examples/libritts/cosyvoice2/data/esd-emo-grpo/valid/samp_2/0010_000358_生气.wav	/root/autodl-tmp/CosyVoice_dev/examples/libritts/cosyvoice2/data/esd-emo-grpo/valid/receive/0010_000358_生气.wav
/root/autodl-tmp/CosyVoice_dev/examples/libritts/cosyvoice2/data/esd-emo-grpo/valid/samp_2/0010_000359_生气.wav	/root/autodl-tmp/CosyVoice_dev/examples/libritts/cosyvoice2/data/esd-emo-grpo/valid/receive/0010_000359_生气.wav
/root/autodl-tmp/CosyVoice_dev/examples/libritts/cosyvoice2/data/esd-emo-grpo/valid/samp_2/0010_000360_生气.wav	/root/autodl-tmp/CosyVoice_dev/examples/libritts/cosyvoice2/data/esd-emo-grpo/valid/receive/0010_000360_生气.wav
/root/autodl-tmp/CosyVoice_dev/examples/libritts/cosyvoice2/data/esd-emo-grpo/valid/samp_2/0010_000361_生气.wav	/root/autodl-tmp/CosyVoice_dev/examples/libritts/cosyvoice2/data/esd-emo-grpo/valid/receive/0010_000361_生气.wav
/root/autodl-tmp/CosyVoice_dev/examples/libritts/cosyvoice2/data/esd-emo-grpo/valid/samp_2/0010_000362_生气.wav	/root/autodl-tmp/CosyVoice_dev/examples/libritts/cosyvoice2/data/esd-emo-grpo/valid/receive/0010_000362_生气.wav
/root/autodl-tmp/CosyVoice_dev/examples/libritts/cosyvoice2/data/esd-emo-grpo/valid/samp_2/0010_000363_生气.wav	/root/autodl-tmp/CosyVoice_dev/examples/libritts/cosyvoice2/data/esd-emo-grpo/valid/receive/0010_000363_生气.wav
/root/autodl-tmp/CosyVoice_dev/examples/libritts/cosyvoice2/data/esd-emo-grpo/valid/samp_2/0010_000364_生气.wav	/root/autodl-tmp/CosyVoice_dev/examples/libritts/cosyvoice2/data/esd-emo-grpo/valid/receive/0010_000364_生气.wav
/root/autodl-tmp/CosyVoice_dev/examples/libritts/cosyvoice2/data/esd-emo-grpo/valid/samp_2/0010_000365_生气.wav	/root/autodl-tmp/CosyVoice_dev/examples/libritts/cosyvoice2/data/esd-emo-grpo/valid/receive/0010_000365_生气.wav
/root/autodl-tmp/CosyVoice_dev/examples/libritts/cosyvoice2/data/esd-emo-grpo/valid/samp_2/0010_000366_生气.wav	/root/autodl-tmp/CosyVoice_dev/examples/libritts/cosyvoice2/data/esd-emo-grpo/valid/receive/0010_000366_生气.wav
/root/autodl-tmp/CosyVoice_dev/examples/libritts/cosyvoice2/data/esd-emo-grpo/valid/samp_2/0010_000367_生气.wav	/root/autodl-tmp/CosyVoice_dev/examples/libritts/cosyvoice2/data/esd-emo-grpo/valid/receive/0010_000367_生气.wav
/root/autodl-tmp/CosyVoice_dev/examples/libritts/cosyvoice2/data/esd-emo-grpo/valid/samp_2/0010_000368_生气.wav	/root/autodl-tmp/CosyVoice_dev/examples/libritts/cosyvoice2/data/esd-emo-grpo/valid/receive/0010_000368_生气.wav
/root/autodl-tmp/CosyVoice_dev/examples/libritts/cosyvoice2/data/esd-emo-grpo/valid/samp_2/0010_000369_生气.wav	/root/autodl-tmp/CosyVoice_dev/examples/libritts/cosyvoice2/data/esd-emo-grpo/valid/receive/0010_000369_生气.wav
/root/autodl-tmp/CosyVoice_dev/examples/libritts/cosyvoice2/data/esd-emo-grpo/valid/samp_2/0010_000370_生气.wav	/root/autodl-tmp/CosyVoice_dev/examples/libritts/cosyvoice2/data/esd-emo-grpo/valid/receive/0010_000370_生气.wav
/root/autodl-tmp/CosyVoice_dev/examples/libritts/cosyvoice2/data/esd-emo-grpo/valid/samp_3/0001_000701_快乐.wav	/root/autodl-tmp/CosyVoice_dev/examples/libritts/cosyvoice2/data/esd-emo-grpo/valid/receive/0001_000701_快乐.wav
/root/autodl-tmp/CosyVoice_dev/examples/libritts/cosyvoice2/data/esd-emo-grpo/valid/samp_3/0001_000702_快乐.wav	/root/autodl-tmp/CosyVoice_dev/examples/libritts/cosyvoice2/data/esd-emo-grpo/valid/receive/0001_000702_快乐.wav
/root/autodl-tmp/CosyVoice_dev/examples/libritts/cosyvoice2/data/esd-emo-grpo/valid/samp_3/0001_000703_快乐.wav	/root/autodl-tmp/CosyVoice_dev/examples/libritts/cosyvoice2/data/esd-emo-grpo/valid/receive/0001_000703_快乐.wav
/root/autodl-tmp/CosyVoice_dev/examples/libritts/cosyvoice2/data/esd-emo-grpo/valid/samp_3/0001_000704_快乐.wav	/root/autodl-tmp/CosyVoice_dev/examples/libritts/cosyvoice2/data/esd-emo-grpo/valid/receive/0001_000704_快乐.wav
/root/autodl-tmp/CosyVoice_dev/examples/libritts/cosyvoice2/data/esd-emo-grpo/valid/samp_3/0001_000705_快乐.wav	/root/autodl-tmp/CosyVoice_dev/examples/libritts/cosyvoice2/data/esd-emo-grpo/valid/receive/0001_000705_快乐.wav
/root/autodl-tmp/CosyVoice_dev/examples/libritts/cosyvoice2/data/esd-emo-grpo/valid/samp_3/0001_000706_快乐.wav	/root/autodl-tmp/CosyVoice_dev/examples/libritts/cosyvoice2/data/esd-emo-grpo/valid/receive/0001_000706_快乐.wav
/root/autodl-tmp/CosyVoice_dev/examples/libritts/cosyvoice2/data/esd-emo-grpo/valid/samp_3/0001_000707_快乐.wav	/root/autodl-tmp/CosyVoice_dev/examples/libritts/cosyvoice2/data/esd-emo-grpo/valid/receive/0001_000707_快乐.wav
/root/autodl-tmp/CosyVoice_dev/examples/libritts/cosyvoice2/data/esd-emo-grpo/valid/samp_3/0001_000708_快乐.wav	/root/autodl-tmp/CosyVoice_dev/examples/libritts/cosyvoice2/data/esd-emo-grpo/valid/receive/0001_000708_快乐.wav
/root/autodl-tmp/CosyVoice_dev/examples/libritts/cosyvoice2/data/esd-emo-grpo/valid/samp_3/0001_000709_快乐.wav	/root/autodl-tmp/CosyVoice_dev/examples/libritts/cosyvoice2/data/esd-emo-grpo/valid/receive/0001_000709_快乐.wav
/root/autodl-tmp/CosyVoice_dev/examples/libritts/cosyvoice2/data/esd-emo-grpo/valid/samp_3/0001_000710_快乐.wav	/root/autodl-tmp/CosyVoice_dev/examples/libritts/cosyvoice2/data/esd-emo-grpo/valid/receive/0001_000710_快乐.wav
/root/autodl-tmp/CosyVoice_dev/examples/libritts/cosyvoice2/data/esd-emo-grpo/valid/samp_3/0001_000711_快乐.wav	/root/autodl-tmp/CosyVoice_dev/examples/libritts/cosyvoice2/data/esd-emo-grpo/valid/receive/0001_000711_快乐.wav
/root/autodl-tmp/CosyVoice_dev/examples/libritts/cosyvoice2/data/esd-emo-grpo/valid/samp_3/0001_000712_快乐.wav	/root/autodl-tmp/CosyVoice_dev/examples/libritts/cosyvoice2/data/esd-emo-grpo/valid/receive/0001_000712_快乐.wav
/root/autodl-tmp/CosyVoice_dev/examples/libritts/cosyvoice2/data/esd-emo-grpo/valid/samp_3/0001_000713_快乐.wav	/root/autodl-tmp/CosyVoice_dev/examples/libritts/cosyvoice2/data/esd-emo-grpo/valid/receive/0001_000713_快乐.wav
/root/autodl-tmp/CosyVoice_dev/examples/libritts/cosyvoice2/data/esd-emo-grpo/valid/samp_3/0001_000714_快乐.wav	/root/autodl-tmp/CosyVoice_dev/examples/libritts/cosyvoice2/data/esd-emo-grpo/valid/receive/0001_000714_快乐.wav
/root/autodl-tmp/CosyVoice_dev/examples/libritts/cosyvoice2/data/esd-emo-grpo/valid/samp_3/0001_000715_快乐.wav	/root/autodl-tmp/CosyVoice_dev/examples/libritts/cosyvoice2/data/esd-emo-grpo/valid/receive/0001_000715_快乐.wav
/root/autodl-tmp/CosyVoice_dev/examples/libritts/cosyvoice2/data/esd-emo-grpo/valid/samp_3/0001_000716_快乐.wav	/root/autodl-tmp/CosyVoice_dev/examples/libritts/cosyvoice2/data/esd-emo-grpo/valid/receive/0001_000716_快乐.wav
/root/autodl-tmp/CosyVoice_dev/examples/libritts/cosyvoice2/data/esd-emo-grpo/valid/samp_3/0001_000717_快乐.wav	/root/autodl-tmp/CosyVoice_dev/examples/libritts/cosyvoice2/data/esd-emo-grpo/valid/receive/0001_000717_快乐.wav
/root/autodl-tmp/CosyVoice_dev/examples/libritts/cosyvoice2/data/esd-emo-grpo/valid/samp_3/0001_000718_快乐.wav	/root/autodl-tmp/CosyVoice_dev/examples/libritts/cosyvoice2/data/esd-emo-grpo/valid/receive/0001_000718_快乐.wav
/root/autodl-tmp/CosyVoice_dev/examples/libritts/cosyvoice2/data/esd-emo-grpo/valid/samp_3/0001_000719_快乐.wav	/root/autodl-tmp/CosyVoice_dev/examples/libritts/cosyvoice2/data/esd-emo-grpo/valid/receive/0001_000719_快乐.wav
/root/autodl-tmp/CosyVoice_dev/examples/libritts/cosyvoice2/data/esd-emo-grpo/valid/samp_3/0001_000720_快乐.wav	/root/autodl-tmp/CosyVoice_dev/examples/libritts/cosyvoice2/data/esd-emo-grpo/valid/receive/0001_000720_快乐.wav
/root/autodl-tmp/CosyVoice_dev/examples/libritts/cosyvoice2/data/esd-emo-grpo/valid/samp_3/0001_001051_伤心.wav	/root/autodl-tmp/CosyVoice_dev/examples/libritts/cosyvoice2/data/esd-emo-grpo/valid/receive/0001_001051_伤心.wav
/root/autodl-tmp/CosyVoice_dev/examples/libritts/cosyvoice2/data/esd-emo-grpo/valid/samp_3/0001_001052_伤心.wav	/root/autodl-tmp/CosyVoice_dev/examples/libritts/cosyvoice2/data/esd-emo-grpo/valid/receive/0001_001052_伤心.wav
/root/autodl-tmp/CosyVoice_dev/examples/libritts/cosyvoice2/data/esd-emo-grpo/valid/samp_3/0001_001053_伤心.wav	/root/autodl-tmp/CosyVoice_dev/examples/libritts/cosyvoice2/data/esd-emo-grpo/valid/receive/0001_001053_伤心.wav
/root/autodl-tmp/CosyVoice_dev/examples/libritts/cosyvoice2/data/esd-emo-grpo/valid/samp_3/0001_001054_伤心.wav	/root/autodl-tmp/CosyVoice_dev/examples/libritts/cosyvoice2/data/esd-emo-grpo/valid/receive/0001_001054_伤心.wav
/root/autodl-tmp/CosyVoice_dev/examples/libritts/cosyvoice2/data/esd-emo-grpo/valid/samp_3/0001_001055_伤心.wav	/root/autodl-tmp/CosyVoice_dev/examples/libritts/cosyvoice2/data/esd-emo-grpo/valid/receive/0001_001055_伤心.wav
/root/autodl-tmp/CosyVoice_dev/examples/libritts/cosyvoice2/data/esd-emo-grpo/valid/samp_3/0001_001056_伤心.wav	/root/autodl-tmp/CosyVoice_dev/examples/libritts/cosyvoice2/data/esd-emo-grpo/valid/receive/0001_001056_伤心.wav
/root/autodl-tmp/CosyVoice_dev/examples/libritts/cosyvoice2/data/esd-emo-grpo/valid/samp_3/0001_001057_伤心.wav	/root/autodl-tmp/CosyVoice_dev/examples/libritts/cosyvoice2/data/esd-emo-grpo/valid/receive/0001_001057_伤心.wav
/root/autodl-tmp/CosyVoice_dev/examples/libritts/cosyvoice2/data/esd-emo-grpo/valid/samp_3/0001_001058_伤心.wav	/root/autodl-tmp/CosyVoice_dev/examples/libritts/cosyvoice2/data/esd-emo-grpo/valid/receive/0001_001058_伤心.wav
/root/autodl-tmp/CosyVoice_dev/examples/libritts/cosyvoice2/data/esd-emo-grpo/valid/samp_3/0001_001059_伤心.wav	/root/autodl-tmp/CosyVoice_dev/examples/libritts/cosyvoice2/data/esd-emo-grpo/valid/receive/0001_001059_伤心.wav
/root/autodl-tmp/CosyVoice_dev/examples/libritts/cosyvoice2/data/esd-emo-grpo/valid/samp_3/0001_001060_伤心.wav	/root/autodl-tmp/CosyVoice_dev/examples/libritts/cosyvoice2/data/esd-emo-grpo/valid/receive/0001_001060_伤心.wav
/root/autodl-tmp/CosyVoice_dev/examples/libritts/cosyvoice2/data/esd-emo-grpo/valid/samp_3/0001_001061_伤心.wav	/root/autodl-tmp/CosyVoice_dev/examples/libritts/cosyvoice2/data/esd-emo-grpo/valid/receive/0001_001061_伤心.wav
/root/autodl-tmp/CosyVoice_dev/examples/libritts/cosyvoice2/data/esd-emo-grpo/valid/samp_3/0001_001062_伤心.wav	/root/autodl-tmp/CosyVoice_dev/examples/libritts/cosyvoice2/data/esd-emo-grpo/valid/receive/0001_001062_伤心.wav
/root/autodl-tmp/CosyVoice_dev/examples/libritts/cosyvoice2/data/esd-emo-grpo/valid/samp_3/0001_001063_伤心.wav	/root/autodl-tmp/CosyVoice_dev/examples/libritts/cosyvoice2/data/esd-emo-grpo/valid/receive/0001_001063_伤心.wav
/root/autodl-tmp/CosyVoice_dev/examples/libritts/cosyvoice2/data/esd-emo-grpo/valid/samp_3/0001_001064_伤心.wav	/root/autodl-tmp/CosyVoice_dev/examples/libritts/cosyvoice2/data/esd-emo-grpo/valid/receive/0001_001064_伤心.wav
/root/autodl-tmp/CosyVoice_dev/examples/libritts/cosyvoice2/data/esd-emo-grpo/valid/samp_3/0001_001065_伤心.wav	/root/autodl-tmp/CosyVoice_dev/examples/libritts/cosyvoice2/data/esd-emo-grpo/valid/receive/0001_001065_伤心.wav
/root/autodl-tmp/CosyVoice_dev/examples/libritts/cosyvoice2/data/esd-emo-grpo/valid/samp_3/0001_001066_伤心.wav	/root/autodl-tmp/CosyVoice_dev/examples/libritts/cosyvoice2/data/esd-emo-grpo/valid/receive/0001_001066_伤心.wav
/root/autodl-tmp/CosyVoice_dev/examples/libritts/cosyvoice2/data/esd-emo-grpo/valid/samp_3/0001_001067_伤心.wav	/root/autodl-tmp/CosyVoice_dev/examples/libritts/cosyvoice2/data/esd-emo-grpo/valid/receive/0001_001067_伤心.wav
/root/autodl-tmp/CosyVoice_dev/examples/libritts/cosyvoice2/data/esd-emo-grpo/valid/samp_3/0001_001068_伤心.wav	/root/autodl-tmp/CosyVoice_dev/examples/libritts/cosyvoice2/data/esd-emo-grpo/valid/receive/0001_001068_伤心.wav
/root/autodl-tmp/CosyVoice_dev/examples/libritts/cosyvoice2/data/esd-emo-grpo/valid/samp_3/0001_001069_伤心.wav	/root/autodl-tmp/CosyVoice_dev/examples/libritts/cosyvoice2/data/esd-emo-grpo/valid/receive/0001_001069_伤心.wav
/root/autodl-tmp/CosyVoice_dev/examples/libritts/cosyvoice2/data/esd-emo-grpo/valid/samp_3/0001_001070_伤心.wav	/root/autodl-tmp/CosyVoice_dev/examples/libritts/cosyvoice2/data/esd-emo-grpo/valid/receive/0001_001070_伤心.wav
/root/autodl-tmp/CosyVoice_dev/examples/libritts/cosyvoice2/data/esd-emo-grpo/valid/samp_3/0001_001401_惊喜.wav	/root/autodl-tmp/CosyVoice_dev/examples/libritts/cosyvoice2/data/esd-emo-grpo/valid/receive/0001_001401_惊喜.wav
/root/autodl-tmp/CosyVoice_dev/examples/libritts/cosyvoice2/data/esd-emo-grpo/valid/samp_3/0001_001402_惊喜.wav	/root/autodl-tmp/CosyVoice_dev/examples/libritts/cosyvoice2/data/esd-emo-grpo/valid/receive/0001_001402_惊喜.wav
/root/autodl-tmp/CosyVoice_dev/examples/libritts/cosyvoice2/data/esd-emo-grpo/valid/samp_3/0001_001403_惊喜.wav	/root/autodl-tmp/CosyVoice_dev/examples/libritts/cosyvoice2/data/esd-emo-grpo/valid/receive/0001_001403_惊喜.wav
/root/autodl-tmp/CosyVoice_dev/examples/libritts/cosyvoice2/data/esd-emo-grpo/valid/samp_3/0001_001404_惊喜.wav	/root/autodl-tmp/CosyVoice_dev/examples/libritts/cosyvoice2/data/esd-emo-grpo/valid/receive/0001_001404_惊喜.wav
/root/autodl-tmp/CosyVoice_dev/examples/libritts/cosyvoice2/data/esd-emo-grpo/valid/samp_3/0001_001405_惊喜.wav	/root/autodl-tmp/CosyVoice_dev/examples/libritts/cosyvoice2/data/esd-emo-grpo/valid/receive/0001_001405_惊喜.wav
/root/autodl-tmp/CosyVoice_dev/examples/libritts/cosyvoice2/data/esd-emo-grpo/valid/samp_3/0001_001406_惊喜.wav	/root/autodl-tmp/CosyVoice_dev/examples/libritts/cosyvoice2/data/esd-emo-grpo/valid/receive/0001_001406_惊喜.wav
/root/autodl-tmp/CosyVoice_dev/examples/libritts/cosyvoice2/data/esd-emo-grpo/valid/samp_3/0001_001407_惊喜.wav	/root/autodl-tmp/CosyVoice_dev/examples/libritts/cosyvoice2/data/esd-emo-grpo/valid/receive/0001_001407_惊喜.wav
/root/autodl-tmp/CosyVoice_dev/examples/libritts/cosyvoice2/data/esd-emo-grpo/valid/samp_3/0001_001408_惊喜.wav	/root/autodl-tmp/CosyVoice_dev/examples/libritts/cosyvoice2/data/esd-emo-grpo/valid/receive/0001_001408_惊喜.wav
/root/autodl-tmp/CosyVoice_dev/examples/libritts/cosyvoice2/data/esd-emo-grpo/valid/samp_3/0001_001409_惊喜.wav	/root/autodl-tmp/CosyVoice_dev/examples/libritts/cosyvoice2/data/esd-emo-grpo/valid/receive/0001_001409_惊喜.wav
/root/autodl-tmp/CosyVoice_dev/examples/libritts/cosyvoice2/data/esd-emo-grpo/valid/samp_3/0001_001410_惊喜.wav	/root/autodl-tmp/CosyVoice_dev/examples/libritts/cosyvoice2/data/esd-emo-grpo/valid/receive/0001_001410_惊喜.wav
/root/autodl-tmp/CosyVoice_dev/examples/libritts/cosyvoice2/data/esd-emo-grpo/valid/samp_3/0001_001411_惊喜.wav	/root/autodl-tmp/CosyVoice_dev/examples/libritts/cosyvoice2/data/esd-emo-grpo/valid/receive/0001_001411_惊喜.wav
/root/autodl-tmp/CosyVoice_dev/examples/libritts/cosyvoice2/data/esd-emo-grpo/valid/samp_3/0001_001412_惊喜.wav	/root/autodl-tmp/CosyVoice_dev/examples/libritts/cosyvoice2/data/esd-emo-grpo/valid/receive/0001_001412_惊喜.wav
/root/autodl-tmp/CosyVoice_dev/examples/libritts/cosyvoice2/data/esd-emo-grpo/valid/samp_3/0001_001413_惊喜.wav	/root/autodl-tmp/CosyVoice_dev/examples/libritts/cosyvoice2/data/esd-emo-grpo/valid/receive/0001_001413_惊喜.wav
/root/autodl-tmp/CosyVoice_dev/examples/libritts/cosyvoice2/data/esd-emo-grpo/valid/samp_3/0001_001414_惊喜.wav	/root/autodl-tmp/CosyVoice_dev/examples/libritts/cosyvoice2/data/esd-emo-grpo/valid/receive/0001_001414_惊喜.wav
/root/autodl-tmp/CosyVoice_dev/examples/libritts/cosyvoice2/data/esd-emo-grpo/valid/samp_3/0001_001415_惊喜.wav	/root/autodl-tmp/CosyVoice_dev/examples/libritts/cosyvoice2/data/esd-emo-grpo/valid/receive/0001_001415_惊喜.wav
/root/autodl-tmp/CosyVoice_dev/examples/libritts/cosyvoice2/data/esd-emo-grpo/valid/samp_3/0001_001416_惊喜.wav	/root/autodl-tmp/CosyVoice_dev/examples/libritts/cosyvoice2/data/esd-emo-grpo/valid/receive/0001_001416_惊喜.wav
/root/autodl-tmp/CosyVoice_dev/examples/libritts/cosyvoice2/data/esd-emo-grpo/valid/samp_3/0001_001417_惊喜.wav	/root/autodl-tmp/CosyVoice_dev/examples/libritts/cosyvoice2/data/esd-emo-grpo/valid/receive/0001_001417_惊喜.wav
/root/autodl-tmp/CosyVoice_dev/examples/libritts/cosyvoice2/data/esd-emo-grpo/valid/samp_3/0001_001418_惊喜.wav	/root/autodl-tmp/CosyVoice_dev/examples/libritts/cosyvoice2/data/esd-emo-grpo/valid/receive/0001_001418_惊喜.wav
/root/autodl-tmp/CosyVoice_dev/examples/libritts/cosyvoice2/data/esd-emo-grpo/valid/samp_3/0001_001419_惊喜.wav	/root/autodl-tmp/CosyVoice_dev/examples/libritts/cosyvoice2/data/esd-emo-grpo/valid/receive/0001_001419_惊喜.wav
/root/autodl-tmp/CosyVoice_dev/examples/libritts/cosyvoice2/data/esd-emo-grpo/valid/samp_3/0001_001420_惊喜.wav	/root/autodl-tmp/CosyVoice_dev/examples/libritts/cosyvoice2/data/esd-emo-grpo/valid/receive/0001_001420_惊喜.wav
/root/autodl-tmp/CosyVoice_dev/examples/libritts/cosyvoice2/data/esd-emo-grpo/valid/samp_3/0001_000001_冷静.wav	/root/autodl-tmp/CosyVoice_dev/examples/libritts/cosyvoice2/data/esd-emo-grpo/valid/receive/0001_000001_冷静.wav
/root/autodl-tmp/CosyVoice_dev/examples/libritts/cosyvoice2/data/esd-emo-grpo/valid/samp_3/0001_000002_冷静.wav	/root/autodl-tmp/CosyVoice_dev/examples/libritts/cosyvoice2/data/esd-emo-grpo/valid/receive/0001_000002_冷静.wav
/root/autodl-tmp/CosyVoice_dev/examples/libritts/cosyvoice2/data/esd-emo-grpo/valid/samp_3/0001_000003_冷静.wav	/root/autodl-tmp/CosyVoice_dev/examples/libritts/cosyvoice2/data/esd-emo-grpo/valid/receive/0001_000003_冷静.wav
/root/autodl-tmp/CosyVoice_dev/examples/libritts/cosyvoice2/data/esd-emo-grpo/valid/samp_3/0001_000004_冷静.wav	/root/autodl-tmp/CosyVoice_dev/examples/libritts/cosyvoice2/data/esd-emo-grpo/valid/receive/0001_000004_冷静.wav
/root/autodl-tmp/CosyVoice_dev/examples/libritts/cosyvoice2/data/esd-emo-grpo/valid/samp_3/0001_000005_冷静.wav	/root/autodl-tmp/CosyVoice_dev/examples/libritts/cosyvoice2/data/esd-emo-grpo/valid/receive/0001_000005_冷静.wav
/root/autodl-tmp/CosyVoice_dev/examples/libritts/cosyvoice2/data/esd-emo-grpo/valid/samp_3/0001_000006_冷静.wav	/root/autodl-tmp/CosyVoice_dev/examples/libritts/cosyvoice2/data/esd-emo-grpo/valid/receive/0001_000006_冷静.wav
/root/autodl-tmp/CosyVoice_dev/examples/libritts/cosyvoice2/data/esd-emo-grpo/valid/samp_3/0001_000007_冷静.wav	/root/autodl-tmp/CosyVoice_dev/examples/libritts/cosyvoice2/data/esd-emo-grpo/valid/receive/0001_000007_冷静.wav
/root/autodl-tmp/CosyVoice_dev/examples/libritts/cosyvoice2/data/esd-emo-grpo/valid/samp_3/0001_000008_冷静.wav	/root/autodl-tmp/CosyVoice_dev/examples/libritts/cosyvoice2/data/esd-emo-grpo/valid/receive/0001_000008_冷静.wav
/root/autodl-tmp/CosyVoice_dev/examples/libritts/cosyvoice2/data/esd-emo-grpo/valid/samp_3/0001_000009_冷静.wav	/root/autodl-tmp/CosyVoice_dev/examples/libritts/cosyvoice2/data/esd-emo-grpo/valid/receive/0001_000009_冷静.wav
/root/autodl-tmp/CosyVoice_dev/examples/libritts/cosyvoice2/data/esd-emo-grpo/valid/samp_3/0001_000010_冷静.wav	/root/autodl-tmp/CosyVoice_dev/examples/libritts/cosyvoice2/data/esd-emo-grpo/valid/receive/0001_000010_冷静.wav
/root/autodl-tmp/CosyVoice_dev/examples/libritts/cosyvoice2/data/esd-emo-grpo/valid/samp_3/0001_000011_冷静.wav	/root/autodl-tmp/CosyVoice_dev/examples/libritts/cosyvoice2/data/esd-emo-grpo/valid/receive/0001_000011_冷静.wav
/root/autodl-tmp/CosyVoice_dev/examples/libritts/cosyvoice2/data/esd-emo-grpo/valid/samp_3/0001_000012_冷静.wav	/root/autodl-tmp/CosyVoice_dev/examples/libritts/cosyvoice2/data/esd-emo-grpo/valid/receive/0001_000012_冷静.wav
/root/autodl-tmp/CosyVoice_dev/examples/libritts/cosyvoice2/data/esd-emo-grpo/valid/samp_3/0001_000013_冷静.wav	/root/autodl-tmp/CosyVoice_dev/examples/libritts/cosyvoice2/data/esd-emo-grpo/valid/receive/0001_000013_冷静.wav
/root/autodl-tmp/CosyVoice_dev/examples/libritts/cosyvoice2/data/esd-emo-grpo/valid/samp_3/0001_000014_冷静.wav	/root/autodl-tmp/CosyVoice_dev/examples/libritts/cosyvoice2/data/esd-emo-grpo/valid/receive/0001_000014_冷静.wav
/root/autodl-tmp/CosyVoice_dev/examples/libritts/cosyvoice2/data/esd-emo-grpo/valid/samp_3/0001_000015_冷静.wav	/root/autodl-tmp/CosyVoice_dev/examples/libritts/cosyvoice2/data/esd-emo-grpo/valid/receive/0001_000015_冷静.wav
/root/autodl-tmp/CosyVoice_dev/examples/libritts/cosyvoice2/data/esd-emo-grpo/valid/samp_3/0001_000016_冷静.wav	/root/autodl-tmp/CosyVoice_dev/examples/libritts/cosyvoice2/data/esd-emo-grpo/valid/receive/0001_000016_冷静.wav
/root/autodl-tmp/CosyVoice_dev/examples/libritts/cosyvoice2/data/esd-emo-grpo/valid/samp_3/0001_000017_冷静.wav	/root/autodl-tmp/CosyVoice_dev/examples/libritts/cosyvoice2/data/esd-emo-grpo/valid/receive/0001_000017_冷静.wav
/root/autodl-tmp/CosyVoice_dev/examples/libritts/cosyvoice2/data/esd-emo-grpo/valid/samp_3/0001_000018_冷静.wav	/root/autodl-tmp/CosyVoice_dev/examples/libritts/cosyvoice2/data/esd-emo-grpo/valid/receive/0001_000018_冷静.wav
/root/autodl-tmp/CosyVoice_dev/examples/libritts/cosyvoice2/data/esd-emo-grpo/valid/samp_3/0001_000019_冷静.wav	/root/autodl-tmp/CosyVoice_dev/examples/libritts/cosyvoice2/data/esd-emo-grpo/valid/receive/0001_000019_冷静.wav
/root/autodl-tmp/CosyVoice_dev/examples/libritts/cosyvoice2/data/esd-emo-grpo/valid/samp_3/0001_000020_冷静.wav	/root/autodl-tmp/CosyVoice_dev/examples/libritts/cosyvoice2/data/esd-emo-grpo/valid/receive/0001_000020_冷静.wav
/root/autodl-tmp/CosyVoice_dev/examples/libritts/cosyvoice2/data/esd-emo-grpo/valid/samp_3/0003_000013_冷静.wav	/root/autodl-tmp/CosyVoice_dev/examples/libritts/cosyvoice2/data/esd-emo-grpo/valid/receive/0003_000013_冷静.wav
/root/autodl-tmp/CosyVoice_dev/examples/libritts/cosyvoice2/data/esd-emo-grpo/valid/samp_3/0003_000014_冷静.wav	/root/autodl-tmp/CosyVoice_dev/examples/libritts/cosyvoice2/data/esd-emo-grpo/valid/receive/0003_000014_冷静.wav
/root/autodl-tmp/CosyVoice_dev/examples/libritts/cosyvoice2/data/esd-emo-grpo/valid/samp_3/0003_000015_冷静.wav	/root/autodl-tmp/CosyVoice_dev/examples/libritts/cosyvoice2/data/esd-emo-grpo/valid/receive/0003_000015_冷静.wav
/root/autodl-tmp/CosyVoice_dev/examples/libritts/cosyvoice2/data/esd-emo-grpo/valid/samp_3/0003_000016_冷静.wav	/root/autodl-tmp/CosyVoice_dev/examples/libritts/cosyvoice2/data/esd-emo-grpo/valid/receive/0003_000016_冷静.wav
/root/autodl-tmp/CosyVoice_dev/examples/libritts/cosyvoice2/data/esd-emo-grpo/valid/samp_3/0003_000017_冷静.wav	/root/autodl-tmp/CosyVoice_dev/examples/libritts/cosyvoice2/data/esd-emo-grpo/valid/receive/0003_000017_冷静.wav
/root/autodl-tmp/CosyVoice_dev/examples/libritts/cosyvoice2/data/esd-emo-grpo/valid/samp_3/0003_000018_冷静.wav	/root/autodl-tmp/CosyVoice_dev/examples/libritts/cosyvoice2/data/esd-emo-grpo/valid/receive/0003_000018_冷静.wav
/root/autodl-tmp/CosyVoice_dev/examples/libritts/cosyvoice2/data/esd-emo-grpo/valid/samp_3/0003_000019_冷静.wav	/root/autodl-tmp/CosyVoice_dev/examples/libritts/cosyvoice2/data/esd-emo-grpo/valid/receive/0003_000019_冷静.wav
/root/autodl-tmp/CosyVoice_dev/examples/libritts/cosyvoice2/data/esd-emo-grpo/valid/samp_3/0003_000020_冷静.wav	/root/autodl-tmp/CosyVoice_dev/examples/libritts/cosyvoice2/data/esd-emo-grpo/valid/receive/0003_000020_冷静.wav
/root/autodl-tmp/CosyVoice_dev/examples/libritts/cosyvoice2/data/esd-emo-grpo/valid/samp_3/0003_000351_生气.wav	/root/autodl-tmp/CosyVoice_dev/examples/libritts/cosyvoice2/data/esd-emo-grpo/valid/receive/0003_000351_生气.wav
/root/autodl-tmp/CosyVoice_dev/examples/libritts/cosyvoice2/data/esd-emo-grpo/valid/samp_3/0003_000352_生气.wav	/root/autodl-tmp/CosyVoice_dev/examples/libritts/cosyvoice2/data/esd-emo-grpo/valid/receive/0003_000352_生气.wav
/root/autodl-tmp/CosyVoice_dev/examples/libritts/cosyvoice2/data/esd-emo-grpo/valid/samp_3/0003_000353_生气.wav	/root/autodl-tmp/CosyVoice_dev/examples/libritts/cosyvoice2/data/esd-emo-grpo/valid/receive/0003_000353_生气.wav
/root/autodl-tmp/CosyVoice_dev/examples/libritts/cosyvoice2/data/esd-emo-grpo/valid/samp_3/0003_000354_生气.wav	/root/autodl-tmp/CosyVoice_dev/examples/libritts/cosyvoice2/data/esd-emo-grpo/valid/receive/0003_000354_生气.wav
/root/autodl-tmp/CosyVoice_dev/examples/libritts/cosyvoice2/data/esd-emo-grpo/valid/samp_3/0003_000355_生气.wav	/root/autodl-tmp/CosyVoice_dev/examples/libritts/cosyvoice2/data/esd-emo-grpo/valid/receive/0003_000355_生气.wav
/root/autodl-tmp/CosyVoice_dev/examples/libritts/cosyvoice2/data/esd-emo-grpo/valid/samp_3/0003_000356_生气.wav	/root/autodl-tmp/CosyVoice_dev/examples/libritts/cosyvoice2/data/esd-emo-grpo/valid/receive/0003_000356_生气.wav
/root/autodl-tmp/CosyVoice_dev/examples/libritts/cosyvoice2/data/esd-emo-grpo/valid/samp_3/0003_000357_生气.wav	/root/autodl-tmp/CosyVoice_dev/examples/libritts/cosyvoice2/data/esd-emo-grpo/valid/receive/0003_000357_生气.wav
/root/autodl-tmp/CosyVoice_dev/examples/libritts/cosyvoice2/data/esd-emo-grpo/valid/samp_3/0003_000358_生气.wav	/root/autodl-tmp/CosyVoice_dev/examples/libritts/cosyvoice2/data/esd-emo-grpo/valid/receive/0003_000358_生气.wav
/root/autodl-tmp/CosyVoice_dev/examples/libritts/cosyvoice2/data/esd-emo-grpo/valid/samp_3/0003_000359_生气.wav	/root/autodl-tmp/CosyVoice_dev/examples/libritts/cosyvoice2/data/esd-emo-grpo/valid/receive/0003_000359_生气.wav
/root/autodl-tmp/CosyVoice_dev/examples/libritts/cosyvoice2/data/esd-emo-grpo/valid/samp_3/0003_000360_生气.wav	/root/autodl-tmp/CosyVoice_dev/examples/libritts/cosyvoice2/data/esd-emo-grpo/valid/receive/0003_000360_生气.wav
/root/autodl-tmp/CosyVoice_dev/examples/libritts/cosyvoice2/data/esd-emo-grpo/valid/samp_3/0003_000361_生气.wav	/root/autodl-tmp/CosyVoice_dev/examples/libritts/cosyvoice2/data/esd-emo-grpo/valid/receive/0003_000361_生气.wav
/root/autodl-tmp/CosyVoice_dev/examples/libritts/cosyvoice2/data/esd-emo-grpo/valid/samp_3/0003_000362_生气.wav	/root/autodl-tmp/CosyVoice_dev/examples/libritts/cosyvoice2/data/esd-emo-grpo/valid/receive/0003_000362_生气.wav
/root/autodl-tmp/CosyVoice_dev/examples/libritts/cosyvoice2/data/esd-emo-grpo/valid/samp_3/0003_000363_生气.wav	/root/autodl-tmp/CosyVoice_dev/examples/libritts/cosyvoice2/data/esd-emo-grpo/valid/receive/0003_000363_生气.wav
/root/autodl-tmp/CosyVoice_dev/examples/libritts/cosyvoice2/data/esd-emo-grpo/valid/samp_3/0003_000364_生气.wav	/root/autodl-tmp/CosyVoice_dev/examples/libritts/cosyvoice2/data/esd-emo-grpo/valid/receive/0003_000364_生气.wav
/root/autodl-tmp/CosyVoice_dev/examples/libritts/cosyvoice2/data/esd-emo-grpo/valid/samp_3/0003_000365_生气.wav	/root/autodl-tmp/CosyVoice_dev/examples/libritts/cosyvoice2/data/esd-emo-grpo/valid/receive/0003_000365_生气.wav
/root/autodl-tmp/CosyVoice_dev/examples/libritts/cosyvoice2/data/esd-emo-grpo/valid/samp_3/0003_000366_生气.wav	/root/autodl-tmp/CosyVoice_dev/examples/libritts/cosyvoice2/data/esd-emo-grpo/valid/receive/0003_000366_生气.wav
/root/autodl-tmp/CosyVoice_dev/examples/libritts/cosyvoice2/data/esd-emo-grpo/valid/samp_3/0003_000367_生气.wav	/root/autodl-tmp/CosyVoice_dev/examples/libritts/cosyvoice2/data/esd-emo-grpo/valid/receive/0003_000367_生气.wav
/root/autodl-tmp/CosyVoice_dev/examples/libritts/cosyvoice2/data/esd-emo-grpo/valid/samp_3/0003_000368_生气.wav	/root/autodl-tmp/CosyVoice_dev/examples/libritts/cosyvoice2/data/esd-emo-grpo/valid/receive/0003_000368_生气.wav
/root/autodl-tmp/CosyVoice_dev/examples/libritts/cosyvoice2/data/esd-emo-grpo/valid/samp_3/0003_000369_生气.wav	/root/autodl-tmp/CosyVoice_dev/examples/libritts/cosyvoice2/data/esd-emo-grpo/valid/receive/0003_000369_生气.wav
/root/autodl-tmp/CosyVoice_dev/examples/libritts/cosyvoice2/data/esd-emo-grpo/valid/samp_3/0003_000370_生气.wav	/root/autodl-tmp/CosyVoice_dev/examples/libritts/cosyvoice2/data/esd-emo-grpo/valid/receive/0003_000370_生气.wav
/root/autodl-tmp/CosyVoice_dev/examples/libritts/cosyvoice2/data/esd-emo-grpo/valid/samp_3/0004_000701_快乐.wav	/root/autodl-tmp/CosyVoice_dev/examples/libritts/cosyvoice2/data/esd-emo-grpo/valid/receive/0004_000701_快乐.wav
/root/autodl-tmp/CosyVoice_dev/examples/libritts/cosyvoice2/data/esd-emo-grpo/valid/samp_3/0004_000702_快乐.wav	/root/autodl-tmp/CosyVoice_dev/examples/libritts/cosyvoice2/data/esd-emo-grpo/valid/receive/0004_000702_快乐.wav
/root/autodl-tmp/CosyVoice_dev/examples/libritts/cosyvoice2/data/esd-emo-grpo/valid/samp_3/0004_000703_快乐.wav	/root/autodl-tmp/CosyVoice_dev/examples/libritts/cosyvoice2/data/esd-emo-grpo/valid/receive/0004_000703_快乐.wav
/root/autodl-tmp/CosyVoice_dev/examples/libritts/cosyvoice2/data/esd-emo-grpo/valid/samp_3/0004_000704_快乐.wav	/root/autodl-tmp/CosyVoice_dev/examples/libritts/cosyvoice2/data/esd-emo-grpo/valid/receive/0004_000704_快乐.wav
/root/autodl-tmp/CosyVoice_dev/examples/libritts/cosyvoice2/data/esd-emo-grpo/valid/samp_3/0001_000351_生气.wav	/root/autodl-tmp/CosyVoice_dev/examples/libritts/cosyvoice2/data/esd-emo-grpo/valid/receive/0001_000351_生气.wav
/root/autodl-tmp/CosyVoice_dev/examples/libritts/cosyvoice2/data/esd-emo-grpo/valid/samp_3/0001_000352_生气.wav	/root/autodl-tmp/CosyVoice_dev/examples/libritts/cosyvoice2/data/esd-emo-grpo/valid/receive/0001_000352_生气.wav
/root/autodl-tmp/CosyVoice_dev/examples/libritts/cosyvoice2/data/esd-emo-grpo/valid/samp_3/0001_000353_生气.wav	/root/autodl-tmp/CosyVoice_dev/examples/libritts/cosyvoice2/data/esd-emo-grpo/valid/receive/0001_000353_生气.wav
/root/autodl-tmp/CosyVoice_dev/examples/libritts/cosyvoice2/data/esd-emo-grpo/valid/samp_3/0001_000354_生气.wav	/root/autodl-tmp/CosyVoice_dev/examples/libritts/cosyvoice2/data/esd-emo-grpo/valid/receive/0001_000354_生气.wav
/root/autodl-tmp/CosyVoice_dev/examples/libritts/cosyvoice2/data/esd-emo-grpo/valid/samp_3/0001_000355_生气.wav	/root/autodl-tmp/CosyVoice_dev/examples/libritts/cosyvoice2/data/esd-emo-grpo/valid/receive/0001_000355_生气.wav
/root/autodl-tmp/CosyVoice_dev/examples/libritts/cosyvoice2/data/esd-emo-grpo/valid/samp_3/0001_000356_生气.wav	/root/autodl-tmp/CosyVoice_dev/examples/libritts/cosyvoice2/data/esd-emo-grpo/valid/receive/0001_000356_生气.wav
/root/autodl-tmp/CosyVoice_dev/examples/libritts/cosyvoice2/data/esd-emo-grpo/valid/samp_3/0001_000357_生气.wav	/root/autodl-tmp/CosyVoice_dev/examples/libritts/cosyvoice2/data/esd-emo-grpo/valid/receive/0001_000357_生气.wav
/root/autodl-tmp/CosyVoice_dev/examples/libritts/cosyvoice2/data/esd-emo-grpo/valid/samp_3/0001_000358_生气.wav	/root/autodl-tmp/CosyVoice_dev/examples/libritts/cosyvoice2/data/esd-emo-grpo/valid/receive/0001_000358_生气.wav
/root/autodl-tmp/CosyVoice_dev/examples/libritts/cosyvoice2/data/esd-emo-grpo/valid/samp_3/0001_000359_生气.wav	/root/autodl-tmp/CosyVoice_dev/examples/libritts/cosyvoice2/data/esd-emo-grpo/valid/receive/0001_000359_生气.wav
/root/autodl-tmp/CosyVoice_dev/examples/libritts/cosyvoice2/data/esd-emo-grpo/valid/samp_3/0001_000360_生气.wav	/root/autodl-tmp/CosyVoice_dev/examples/libritts/cosyvoice2/data/esd-emo-grpo/valid/receive/0001_000360_生气.wav
/root/autodl-tmp/CosyVoice_dev/examples/libritts/cosyvoice2/data/esd-emo-grpo/valid/samp_3/0001_000361_生气.wav	/root/autodl-tmp/CosyVoice_dev/examples/libritts/cosyvoice2/data/esd-emo-grpo/valid/receive/0001_000361_生气.wav
/root/autodl-tmp/CosyVoice_dev/examples/libritts/cosyvoice2/data/esd-emo-grpo/valid/samp_3/0001_000362_生气.wav	/root/autodl-tmp/CosyVoice_dev/examples/libritts/cosyvoice2/data/esd-emo-grpo/valid/receive/0001_000362_生气.wav
/root/autodl-tmp/CosyVoice_dev/examples/libritts/cosyvoice2/data/esd-emo-grpo/valid/samp_3/0001_000363_生气.wav	/root/autodl-tmp/CosyVoice_dev/examples/libritts/cosyvoice2/data/esd-emo-grpo/valid/receive/0001_000363_生气.wav
/root/autodl-tmp/CosyVoice_dev/examples/libritts/cosyvoice2/data/esd-emo-grpo/valid/samp_3/0001_000364_生气.wav	/root/autodl-tmp/CosyVoice_dev/examples/libritts/cosyvoice2/data/esd-emo-grpo/valid/receive/0001_000364_生气.wav
/root/autodl-tmp/CosyVoice_dev/examples/libritts/cosyvoice2/data/esd-emo-grpo/valid/samp_3/0001_000365_生气.wav	/root/autodl-tmp/CosyVoice_dev/examples/libritts/cosyvoice2/data/esd-emo-grpo/valid/receive/0001_000365_生气.wav
/root/autodl-tmp/CosyVoice_dev/examples/libritts/cosyvoice2/data/esd-emo-grpo/valid/samp_3/0001_000366_生气.wav	/root/autodl-tmp/CosyVoice_dev/examples/libritts/cosyvoice2/data/esd-emo-grpo/valid/receive/0001_000366_生气.wav
/root/autodl-tmp/CosyVoice_dev/examples/libritts/cosyvoice2/data/esd-emo-grpo/valid/samp_3/0001_000367_生气.wav	/root/autodl-tmp/CosyVoice_dev/examples/libritts/cosyvoice2/data/esd-emo-grpo/valid/receive/0001_000367_生气.wav
/root/autodl-tmp/CosyVoice_dev/examples/libritts/cosyvoice2/data/esd-emo-grpo/valid/samp_3/0001_000368_生气.wav	/root/autodl-tmp/CosyVoice_dev/examples/libritts/cosyvoice2/data/esd-emo-grpo/valid/receive/0001_000368_生气.wav
/root/autodl-tmp/CosyVoice_dev/examples/libritts/cosyvoice2/data/esd-emo-grpo/valid/samp_3/0001_000369_生气.wav	/root/autodl-tmp/CosyVoice_dev/examples/libritts/cosyvoice2/data/esd-emo-grpo/valid/receive/0001_000369_生气.wav
/root/autodl-tmp/CosyVoice_dev/examples/libritts/cosyvoice2/data/esd-emo-grpo/valid/samp_3/0001_000370_生气.wav	/root/autodl-tmp/CosyVoice_dev/examples/libritts/cosyvoice2/data/esd-emo-grpo/valid/receive/0001_000370_生气.wav
/root/autodl-tmp/CosyVoice_dev/examples/libritts/cosyvoice2/data/esd-emo-grpo/valid/samp_3/0002_000701_快乐.wav	/root/autodl-tmp/CosyVoice_dev/examples/libritts/cosyvoice2/data/esd-emo-grpo/valid/receive/0002_000701_快乐.wav
/root/autodl-tmp/CosyVoice_dev/examples/libritts/cosyvoice2/data/esd-emo-grpo/valid/samp_3/0002_000702_快乐.wav	/root/autodl-tmp/CosyVoice_dev/examples/libritts/cosyvoice2/data/esd-emo-grpo/valid/receive/0002_000702_快乐.wav
/root/autodl-tmp/CosyVoice_dev/examples/libritts/cosyvoice2/data/esd-emo-grpo/valid/samp_3/0002_000703_快乐.wav	/root/autodl-tmp/CosyVoice_dev/examples/libritts/cosyvoice2/data/esd-emo-grpo/valid/receive/0002_000703_快乐.wav
/root/autodl-tmp/CosyVoice_dev/examples/libritts/cosyvoice2/data/esd-emo-grpo/valid/samp_3/0002_000704_快乐.wav	/root/autodl-tmp/CosyVoice_dev/examples/libritts/cosyvoice2/data/esd-emo-grpo/valid/receive/0002_000704_快乐.wav
/root/autodl-tmp/CosyVoice_dev/examples/libritts/cosyvoice2/data/esd-emo-grpo/valid/samp_3/0002_000705_快乐.wav	/root/autodl-tmp/CosyVoice_dev/examples/libritts/cosyvoice2/data/esd-emo-grpo/valid/receive/0002_000705_快乐.wav
/root/autodl-tmp/CosyVoice_dev/examples/libritts/cosyvoice2/data/esd-emo-grpo/valid/samp_3/0002_000706_快乐.wav	/root/autodl-tmp/CosyVoice_dev/examples/libritts/cosyvoice2/data/esd-emo-grpo/valid/receive/0002_000706_快乐.wav
/root/autodl-tmp/CosyVoice_dev/examples/libritts/cosyvoice2/data/esd-emo-grpo/valid/samp_3/0002_000707_快乐.wav	/root/autodl-tmp/CosyVoice_dev/examples/libritts/cosyvoice2/data/esd-emo-grpo/valid/receive/0002_000707_快乐.wav
/root/autodl-tmp/CosyVoice_dev/examples/libritts/cosyvoice2/data/esd-emo-grpo/valid/samp_3/0002_000708_快乐.wav	/root/autodl-tmp/CosyVoice_dev/examples/libritts/cosyvoice2/data/esd-emo-grpo/valid/receive/0002_000708_快乐.wav
/root/autodl-tmp/CosyVoice_dev/examples/libritts/cosyvoice2/data/esd-emo-grpo/valid/samp_3/0002_000709_快乐.wav	/root/autodl-tmp/CosyVoice_dev/examples/libritts/cosyvoice2/data/esd-emo-grpo/valid/receive/0002_000709_快乐.wav
/root/autodl-tmp/CosyVoice_dev/examples/libritts/cosyvoice2/data/esd-emo-grpo/valid/samp_3/0002_000710_快乐.wav	/root/autodl-tmp/CosyVoice_dev/examples/libritts/cosyvoice2/data/esd-emo-grpo/valid/receive/0002_000710_快乐.wav
/root/autodl-tmp/CosyVoice_dev/examples/libritts/cosyvoice2/data/esd-emo-grpo/valid/samp_3/0002_000711_快乐.wav	/root/autodl-tmp/CosyVoice_dev/examples/libritts/cosyvoice2/data/esd-emo-grpo/valid/receive/0002_000711_快乐.wav
/root/autodl-tmp/CosyVoice_dev/examples/libritts/cosyvoice2/data/esd-emo-grpo/valid/samp_3/0002_000712_快乐.wav	/root/autodl-tmp/CosyVoice_dev/examples/libritts/cosyvoice2/data/esd-emo-grpo/valid/receive/0002_000712_快乐.wav
/root/autodl-tmp/CosyVoice_dev/examples/libritts/cosyvoice2/data/esd-emo-grpo/valid/samp_3/0005_001063_伤心.wav	/root/autodl-tmp/CosyVoice_dev/examples/libritts/cosyvoice2/data/esd-emo-grpo/valid/receive/0005_001063_伤心.wav
/root/autodl-tmp/CosyVoice_dev/examples/libritts/cosyvoice2/data/esd-emo-grpo/valid/samp_3/0005_001064_伤心.wav	/root/autodl-tmp/CosyVoice_dev/examples/libritts/cosyvoice2/data/esd-emo-grpo/valid/receive/0005_001064_伤心.wav
/root/autodl-tmp/CosyVoice_dev/examples/libritts/cosyvoice2/data/esd-emo-grpo/valid/samp_3/0005_001065_伤心.wav	/root/autodl-tmp/CosyVoice_dev/examples/libritts/cosyvoice2/data/esd-emo-grpo/valid/receive/0005_001065_伤心.wav
/root/autodl-tmp/CosyVoice_dev/examples/libritts/cosyvoice2/data/esd-emo-grpo/valid/samp_3/0005_001066_伤心.wav	/root/autodl-tmp/CosyVoice_dev/examples/libritts/cosyvoice2/data/esd-emo-grpo/valid/receive/0005_001066_伤心.wav
/root/autodl-tmp/CosyVoice_dev/examples/libritts/cosyvoice2/data/esd-emo-grpo/valid/samp_3/0005_001067_伤心.wav	/root/autodl-tmp/CosyVoice_dev/examples/libritts/cosyvoice2/data/esd-emo-grpo/valid/receive/0005_001067_伤心.wav
/root/autodl-tmp/CosyVoice_dev/examples/libritts/cosyvoice2/data/esd-emo-grpo/valid/samp_3/0005_001068_伤心.wav	/root/autodl-tmp/CosyVoice_dev/examples/libritts/cosyvoice2/data/esd-emo-grpo/valid/receive/0005_001068_伤心.wav
/root/autodl-tmp/CosyVoice_dev/examples/libritts/cosyvoice2/data/esd-emo-grpo/valid/samp_3/0005_001069_伤心.wav	/root/autodl-tmp/CosyVoice_dev/examples/libritts/cosyvoice2/data/esd-emo-grpo/valid/receive/0005_001069_伤心.wav
/root/autodl-tmp/CosyVoice_dev/examples/libritts/cosyvoice2/data/esd-emo-grpo/valid/samp_3/0005_001070_伤心.wav	/root/autodl-tmp/CosyVoice_dev/examples/libritts/cosyvoice2/data/esd-emo-grpo/valid/receive/0005_001070_伤心.wav
/root/autodl-tmp/CosyVoice_dev/examples/libritts/cosyvoice2/data/esd-emo-grpo/valid/samp_3/0005_001401_惊喜.wav	/root/autodl-tmp/CosyVoice_dev/examples/libritts/cosyvoice2/data/esd-emo-grpo/valid/receive/0005_001401_惊喜.wav
/root/autodl-tmp/CosyVoice_dev/examples/libritts/cosyvoice2/data/esd-emo-grpo/valid/samp_3/0005_001402_惊喜.wav	/root/autodl-tmp/CosyVoice_dev/examples/libritts/cosyvoice2/data/esd-emo-grpo/valid/receive/0005_001402_惊喜.wav
/root/autodl-tmp/CosyVoice_dev/examples/libritts/cosyvoice2/data/esd-emo-grpo/valid/samp_3/0005_001403_惊喜.wav	/root/autodl-tmp/CosyVoice_dev/examples/libritts/cosyvoice2/data/esd-emo-grpo/valid/receive/0005_001403_惊喜.wav
/root/autodl-tmp/CosyVoice_dev/examples/libritts/cosyvoice2/data/esd-emo-grpo/valid/samp_3/0005_001404_惊喜.wav	/root/autodl-tmp/CosyVoice_dev/examples/libritts/cosyvoice2/data/esd-emo-grpo/valid/receive/0005_001404_惊喜.wav
/root/autodl-tmp/CosyVoice_dev/examples/libritts/cosyvoice2/data/esd-emo-grpo/valid/samp_3/0005_001405_惊喜.wav	/root/autodl-tmp/CosyVoice_dev/examples/libritts/cosyvoice2/data/esd-emo-grpo/valid/receive/0005_001405_惊喜.wav
/root/autodl-tmp/CosyVoice_dev/examples/libritts/cosyvoice2/data/esd-emo-grpo/valid/samp_3/0005_001406_惊喜.wav	/root/autodl-tmp/CosyVoice_dev/examples/libritts/cosyvoice2/data/esd-emo-grpo/valid/receive/0005_001406_惊喜.wav
/root/autodl-tmp/CosyVoice_dev/examples/libritts/cosyvoice2/data/esd-emo-grpo/valid/samp_3/0005_001407_惊喜.wav	/root/autodl-tmp/CosyVoice_dev/examples/libritts/cosyvoice2/data/esd-emo-grpo/valid/receive/0005_001407_惊喜.wav
/root/autodl-tmp/CosyVoice_dev/examples/libritts/cosyvoice2/data/esd-emo-grpo/valid/samp_3/0005_001408_惊喜.wav	/root/autodl-tmp/CosyVoice_dev/examples/libritts/cosyvoice2/data/esd-emo-grpo/valid/receive/0005_001408_惊喜.wav
/root/autodl-tmp/CosyVoice_dev/examples/libritts/cosyvoice2/data/esd-emo-grpo/valid/samp_3/0005_001409_惊喜.wav	/root/autodl-tmp/CosyVoice_dev/examples/libritts/cosyvoice2/data/esd-emo-grpo/valid/receive/0005_001409_惊喜.wav
/root/autodl-tmp/CosyVoice_dev/examples/libritts/cosyvoice2/data/esd-emo-grpo/valid/samp_3/0005_001410_惊喜.wav	/root/autodl-tmp/CosyVoice_dev/examples/libritts/cosyvoice2/data/esd-emo-grpo/valid/receive/0005_001410_惊喜.wav
/root/autodl-tmp/CosyVoice_dev/examples/libritts/cosyvoice2/data/esd-emo-grpo/valid/samp_3/0005_001411_惊喜.wav	/root/autodl-tmp/CosyVoice_dev/examples/libritts/cosyvoice2/data/esd-emo-grpo/valid/receive/0005_001411_惊喜.wav
/root/autodl-tmp/CosyVoice_dev/examples/libritts/cosyvoice2/data/esd-emo-grpo/valid/samp_3/0005_001412_惊喜.wav	/root/autodl-tmp/CosyVoice_dev/examples/libritts/cosyvoice2/data/esd-emo-grpo/valid/receive/0005_001412_惊喜.wav
/root/autodl-tmp/CosyVoice_dev/examples/libritts/cosyvoice2/data/esd-emo-grpo/valid/samp_3/0005_001413_惊喜.wav	/root/autodl-tmp/CosyVoice_dev/examples/libritts/cosyvoice2/data/esd-emo-grpo/valid/receive/0005_001413_惊喜.wav
/root/autodl-tmp/CosyVoice_dev/examples/libritts/cosyvoice2/data/esd-emo-grpo/valid/samp_3/0005_001414_惊喜.wav	/root/autodl-tmp/CosyVoice_dev/examples/libritts/cosyvoice2/data/esd-emo-grpo/valid/receive/0005_001414_惊喜.wav
/root/autodl-tmp/CosyVoice_dev/examples/libritts/cosyvoice2/data/esd-emo-grpo/valid/samp_3/0005_001415_惊喜.wav	/root/autodl-tmp/CosyVoice_dev/examples/libritts/cosyvoice2/data/esd-emo-grpo/valid/receive/0005_001415_惊喜.wav
/root/autodl-tmp/CosyVoice_dev/examples/libritts/cosyvoice2/data/esd-emo-grpo/valid/samp_3/0005_001416_惊喜.wav	/root/autodl-tmp/CosyVoice_dev/examples/libritts/cosyvoice2/data/esd-emo-grpo/valid/receive/0005_001416_惊喜.wav
/root/autodl-tmp/CosyVoice_dev/examples/libritts/cosyvoice2/data/esd-emo-grpo/valid/samp_3/0005_001417_惊喜.wav	/root/autodl-tmp/CosyVoice_dev/examples/libritts/cosyvoice2/data/esd-emo-grpo/valid/receive/0005_001417_惊喜.wav
/root/autodl-tmp/CosyVoice_dev/examples/libritts/cosyvoice2/data/esd-emo-grpo/valid/samp_3/0005_001418_惊喜.wav	/root/autodl-tmp/CosyVoice_dev/examples/libritts/cosyvoice2/data/esd-emo-grpo/valid/receive/0005_001418_惊喜.wav
/root/autodl-tmp/CosyVoice_dev/examples/libritts/cosyvoice2/data/esd-emo-grpo/valid/samp_3/0005_001419_惊喜.wav	/root/autodl-tmp/CosyVoice_dev/examples/libritts/cosyvoice2/data/esd-emo-grpo/valid/receive/0005_001419_惊喜.wav
/root/autodl-tmp/CosyVoice_dev/examples/libritts/cosyvoice2/data/esd-emo-grpo/valid/samp_3/0005_001420_惊喜.wav	/root/autodl-tmp/CosyVoice_dev/examples/libritts/cosyvoice2/data/esd-emo-grpo/valid/receive/0005_001420_惊喜.wav
/root/autodl-tmp/CosyVoice_dev/examples/libritts/cosyvoice2/data/esd-emo-grpo/valid/samp_3/0005_000001_冷静.wav	/root/autodl-tmp/CosyVoice_dev/examples/libritts/cosyvoice2/data/esd-emo-grpo/valid/receive/0005_000001_冷静.wav
/root/autodl-tmp/CosyVoice_dev/examples/libritts/cosyvoice2/data/esd-emo-grpo/valid/samp_3/0005_000002_冷静.wav	/root/autodl-tmp/CosyVoice_dev/examples/libritts/cosyvoice2/data/esd-emo-grpo/valid/receive/0005_000002_冷静.wav
/root/autodl-tmp/CosyVoice_dev/examples/libritts/cosyvoice2/data/esd-emo-grpo/valid/samp_3/0005_000003_冷静.wav	/root/autodl-tmp/CosyVoice_dev/examples/libritts/cosyvoice2/data/esd-emo-grpo/valid/receive/0005_000003_冷静.wav
/root/autodl-tmp/CosyVoice_dev/examples/libritts/cosyvoice2/data/esd-emo-grpo/valid/samp_3/0005_000004_冷静.wav	/root/autodl-tmp/CosyVoice_dev/examples/libritts/cosyvoice2/data/esd-emo-grpo/valid/receive/0005_000004_冷静.wav
/root/autodl-tmp/CosyVoice_dev/examples/libritts/cosyvoice2/data/esd-emo-grpo/valid/samp_3/0002_000017_冷静.wav	/root/autodl-tmp/CosyVoice_dev/examples/libritts/cosyvoice2/data/esd-emo-grpo/valid/receive/0002_000017_冷静.wav
/root/autodl-tmp/CosyVoice_dev/examples/libritts/cosyvoice2/data/esd-emo-grpo/valid/samp_3/0002_000018_冷静.wav	/root/autodl-tmp/CosyVoice_dev/examples/libritts/cosyvoice2/data/esd-emo-grpo/valid/receive/0002_000018_冷静.wav
/root/autodl-tmp/CosyVoice_dev/examples/libritts/cosyvoice2/data/esd-emo-grpo/valid/samp_3/0002_000019_冷静.wav	/root/autodl-tmp/CosyVoice_dev/examples/libritts/cosyvoice2/data/esd-emo-grpo/valid/receive/0002_000019_冷静.wav
/root/autodl-tmp/CosyVoice_dev/examples/libritts/cosyvoice2/data/esd-emo-grpo/valid/samp_3/0002_000020_冷静.wav	/root/autodl-tmp/CosyVoice_dev/examples/libritts/cosyvoice2/data/esd-emo-grpo/valid/receive/0002_000020_冷静.wav
/root/autodl-tmp/CosyVoice_dev/examples/libritts/cosyvoice2/data/esd-emo-grpo/valid/samp_3/0002_000351_生气.wav	/root/autodl-tmp/CosyVoice_dev/examples/libritts/cosyvoice2/data/esd-emo-grpo/valid/receive/0002_000351_生气.wav
/root/autodl-tmp/CosyVoice_dev/examples/libritts/cosyvoice2/data/esd-emo-grpo/valid/samp_3/0002_000352_生气.wav	/root/autodl-tmp/CosyVoice_dev/examples/libritts/cosyvoice2/data/esd-emo-grpo/valid/receive/0002_000352_生气.wav
/root/autodl-tmp/CosyVoice_dev/examples/libritts/cosyvoice2/data/esd-emo-grpo/valid/samp_3/0002_000353_生气.wav	/root/autodl-tmp/CosyVoice_dev/examples/libritts/cosyvoice2/data/esd-emo-grpo/valid/receive/0002_000353_生气.wav
/root/autodl-tmp/CosyVoice_dev/examples/libritts/cosyvoice2/data/esd-emo-grpo/valid/samp_3/0002_000354_生气.wav	/root/autodl-tmp/CosyVoice_dev/examples/libritts/cosyvoice2/data/esd-emo-grpo/valid/receive/0002_000354_生气.wav
/root/autodl-tmp/CosyVoice_dev/examples/libritts/cosyvoice2/data/esd-emo-grpo/valid/samp_3/0002_000355_生气.wav	/root/autodl-tmp/CosyVoice_dev/examples/libritts/cosyvoice2/data/esd-emo-grpo/valid/receive/0002_000355_生气.wav
/root/autodl-tmp/CosyVoice_dev/examples/libritts/cosyvoice2/data/esd-emo-grpo/valid/samp_3/0002_000356_生气.wav	/root/autodl-tmp/CosyVoice_dev/examples/libritts/cosyvoice2/data/esd-emo-grpo/valid/receive/0002_000356_生气.wav
/root/autodl-tmp/CosyVoice_dev/examples/libritts/cosyvoice2/data/esd-emo-grpo/valid/samp_3/0002_000357_生气.wav	/root/autodl-tmp/CosyVoice_dev/examples/libritts/cosyvoice2/data/esd-emo-grpo/valid/receive/0002_000357_生气.wav
/root/autodl-tmp/CosyVoice_dev/examples/libritts/cosyvoice2/data/esd-emo-grpo/valid/samp_3/0002_000358_生气.wav	/root/autodl-tmp/CosyVoice_dev/examples/libritts/cosyvoice2/data/esd-emo-grpo/valid/receive/0002_000358_生气.wav
/root/autodl-tmp/CosyVoice_dev/examples/libritts/cosyvoice2/data/esd-emo-grpo/valid/samp_3/0002_000359_生气.wav	/root/autodl-tmp/CosyVoice_dev/examples/libritts/cosyvoice2/data/esd-emo-grpo/valid/receive/0002_000359_生气.wav
/root/autodl-tmp/CosyVoice_dev/examples/libritts/cosyvoice2/data/esd-emo-grpo/valid/samp_3/0002_000360_生气.wav	/root/autodl-tmp/CosyVoice_dev/examples/libritts/cosyvoice2/data/esd-emo-grpo/valid/receive/0002_000360_生气.wav
/root/autodl-tmp/CosyVoice_dev/examples/libritts/cosyvoice2/data/esd-emo-grpo/valid/samp_3/0002_000361_生气.wav	/root/autodl-tmp/CosyVoice_dev/examples/libritts/cosyvoice2/data/esd-emo-grpo/valid/receive/0002_000361_生气.wav
/root/autodl-tmp/CosyVoice_dev/examples/libritts/cosyvoice2/data/esd-emo-grpo/valid/samp_3/0002_000362_生气.wav	/root/autodl-tmp/CosyVoice_dev/examples/libritts/cosyvoice2/data/esd-emo-grpo/valid/receive/0002_000362_生气.wav
/root/autodl-tmp/CosyVoice_dev/examples/libritts/cosyvoice2/data/esd-emo-grpo/valid/samp_3/0002_000363_生气.wav	/root/autodl-tmp/CosyVoice_dev/examples/libritts/cosyvoice2/data/esd-emo-grpo/valid/receive/0002_000363_生气.wav
/root/autodl-tmp/CosyVoice_dev/examples/libritts/cosyvoice2/data/esd-emo-grpo/valid/samp_3/0002_000364_生气.wav	/root/autodl-tmp/CosyVoice_dev/examples/libritts/cosyvoice2/data/esd-emo-grpo/valid/receive/0002_000364_生气.wav
/root/autodl-tmp/CosyVoice_dev/examples/libritts/cosyvoice2/data/esd-emo-grpo/valid/samp_3/0002_000365_生气.wav	/root/autodl-tmp/CosyVoice_dev/examples/libritts/cosyvoice2/data/esd-emo-grpo/valid/receive/0002_000365_生气.wav
/root/autodl-tmp/CosyVoice_dev/examples/libritts/cosyvoice2/data/esd-emo-grpo/valid/samp_3/0002_000366_生气.wav	/root/autodl-tmp/CosyVoice_dev/examples/libritts/cosyvoice2/data/esd-emo-grpo/valid/receive/0002_000366_生气.wav
/root/autodl-tmp/CosyVoice_dev/examples/libritts/cosyvoice2/data/esd-emo-grpo/valid/samp_3/0002_000367_生气.wav	/root/autodl-tmp/CosyVoice_dev/examples/libritts/cosyvoice2/data/esd-emo-grpo/valid/receive/0002_000367_生气.wav
/root/autodl-tmp/CosyVoice_dev/examples/libritts/cosyvoice2/data/esd-emo-grpo/valid/samp_3/0002_000368_生气.wav	/root/autodl-tmp/CosyVoice_dev/examples/libritts/cosyvoice2/data/esd-emo-grpo/valid/receive/0002_000368_生气.wav
/root/autodl-tmp/CosyVoice_dev/examples/libritts/cosyvoice2/data/esd-emo-grpo/valid/samp_3/0002_000369_生气.wav	/root/autodl-tmp/CosyVoice_dev/examples/libritts/cosyvoice2/data/esd-emo-grpo/valid/receive/0002_000369_生气.wav
/root/autodl-tmp/CosyVoice_dev/examples/libritts/cosyvoice2/data/esd-emo-grpo/valid/samp_3/0002_000370_生气.wav	/root/autodl-tmp/CosyVoice_dev/examples/libritts/cosyvoice2/data/esd-emo-grpo/valid/receive/0002_000370_生气.wav
/root/autodl-tmp/CosyVoice_dev/examples/libritts/cosyvoice2/data/esd-emo-grpo/valid/samp_3/0003_000701_快乐.wav	/root/autodl-tmp/CosyVoice_dev/examples/libritts/cosyvoice2/data/esd-emo-grpo/valid/receive/0003_000701_快乐.wav
/root/autodl-tmp/CosyVoice_dev/examples/libritts/cosyvoice2/data/esd-emo-grpo/valid/samp_3/0003_000702_快乐.wav	/root/autodl-tmp/CosyVoice_dev/examples/libritts/cosyvoice2/data/esd-emo-grpo/valid/receive/0003_000702_快乐.wav
/root/autodl-tmp/CosyVoice_dev/examples/libritts/cosyvoice2/data/esd-emo-grpo/valid/samp_3/0003_000703_快乐.wav	/root/autodl-tmp/CosyVoice_dev/examples/libritts/cosyvoice2/data/esd-emo-grpo/valid/receive/0003_000703_快乐.wav
/root/autodl-tmp/CosyVoice_dev/examples/libritts/cosyvoice2/data/esd-emo-grpo/valid/samp_3/0003_000704_快乐.wav	/root/autodl-tmp/CosyVoice_dev/examples/libritts/cosyvoice2/data/esd-emo-grpo/valid/receive/0003_000704_快乐.wav
/root/autodl-tmp/CosyVoice_dev/examples/libritts/cosyvoice2/data/esd-emo-grpo/valid/samp_3/0003_000705_快乐.wav	/root/autodl-tmp/CosyVoice_dev/examples/libritts/cosyvoice2/data/esd-emo-grpo/valid/receive/0003_000705_快乐.wav
/root/autodl-tmp/CosyVoice_dev/examples/libritts/cosyvoice2/data/esd-emo-grpo/valid/samp_3/0003_000706_快乐.wav	/root/autodl-tmp/CosyVoice_dev/examples/libritts/cosyvoice2/data/esd-emo-grpo/valid/receive/0003_000706_快乐.wav
/root/autodl-tmp/CosyVoice_dev/examples/libritts/cosyvoice2/data/esd-emo-grpo/valid/samp_3/0003_000707_快乐.wav	/root/autodl-tmp/CosyVoice_dev/examples/libritts/cosyvoice2/data/esd-emo-grpo/valid/receive/0003_000707_快乐.wav
/root/autodl-tmp/CosyVoice_dev/examples/libritts/cosyvoice2/data/esd-emo-grpo/valid/samp_3/0003_000708_快乐.wav	/root/autodl-tmp/CosyVoice_dev/examples/libritts/cosyvoice2/data/esd-emo-grpo/valid/receive/0003_000708_快乐.wav
/root/autodl-tmp/CosyVoice_dev/examples/libritts/cosyvoice2/data/esd-emo-grpo/valid/samp_3/0003_000709_快乐.wav	/root/autodl-tmp/CosyVoice_dev/examples/libritts/cosyvoice2/data/esd-emo-grpo/valid/receive/0003_000709_快乐.wav
/root/autodl-tmp/CosyVoice_dev/examples/libritts/cosyvoice2/data/esd-emo-grpo/valid/samp_3/0003_000710_快乐.wav	/root/autodl-tmp/CosyVoice_dev/examples/libritts/cosyvoice2/data/esd-emo-grpo/valid/receive/0003_000710_快乐.wav
/root/autodl-tmp/CosyVoice_dev/examples/libritts/cosyvoice2/data/esd-emo-grpo/valid/samp_3/0003_000711_快乐.wav	/root/autodl-tmp/CosyVoice_dev/examples/libritts/cosyvoice2/data/esd-emo-grpo/valid/receive/0003_000711_快乐.wav
/root/autodl-tmp/CosyVoice_dev/examples/libritts/cosyvoice2/data/esd-emo-grpo/valid/samp_3/0003_000712_快乐.wav	/root/autodl-tmp/CosyVoice_dev/examples/libritts/cosyvoice2/data/esd-emo-grpo/valid/receive/0003_000712_快乐.wav
/root/autodl-tmp/CosyVoice_dev/examples/libritts/cosyvoice2/data/esd-emo-grpo/valid/samp_3/0003_000713_快乐.wav	/root/autodl-tmp/CosyVoice_dev/examples/libritts/cosyvoice2/data/esd-emo-grpo/valid/receive/0003_000713_快乐.wav
/root/autodl-tmp/CosyVoice_dev/examples/libritts/cosyvoice2/data/esd-emo-grpo/valid/samp_3/0003_000714_快乐.wav	/root/autodl-tmp/CosyVoice_dev/examples/libritts/cosyvoice2/data/esd-emo-grpo/valid/receive/0003_000714_快乐.wav
/root/autodl-tmp/CosyVoice_dev/examples/libritts/cosyvoice2/data/esd-emo-grpo/valid/samp_3/0003_000715_快乐.wav	/root/autodl-tmp/CosyVoice_dev/examples/libritts/cosyvoice2/data/esd-emo-grpo/valid/receive/0003_000715_快乐.wav
/root/autodl-tmp/CosyVoice_dev/examples/libritts/cosyvoice2/data/esd-emo-grpo/valid/samp_3/0003_000716_快乐.wav	/root/autodl-tmp/CosyVoice_dev/examples/libritts/cosyvoice2/data/esd-emo-grpo/valid/receive/0003_000716_快乐.wav
/root/autodl-tmp/CosyVoice_dev/examples/libritts/cosyvoice2/data/esd-emo-grpo/valid/samp_3/0003_000717_快乐.wav	/root/autodl-tmp/CosyVoice_dev/examples/libritts/cosyvoice2/data/esd-emo-grpo/valid/receive/0003_000717_快乐.wav
/root/autodl-tmp/CosyVoice_dev/examples/libritts/cosyvoice2/data/esd-emo-grpo/valid/samp_3/0003_000718_快乐.wav	/root/autodl-tmp/CosyVoice_dev/examples/libritts/cosyvoice2/data/esd-emo-grpo/valid/receive/0003_000718_快乐.wav
/root/autodl-tmp/CosyVoice_dev/examples/libritts/cosyvoice2/data/esd-emo-grpo/valid/samp_3/0003_000719_快乐.wav	/root/autodl-tmp/CosyVoice_dev/examples/libritts/cosyvoice2/data/esd-emo-grpo/valid/receive/0003_000719_快乐.wav
/root/autodl-tmp/CosyVoice_dev/examples/libritts/cosyvoice2/data/esd-emo-grpo/valid/samp_3/0003_000720_快乐.wav	/root/autodl-tmp/CosyVoice_dev/examples/libritts/cosyvoice2/data/esd-emo-grpo/valid/receive/0003_000720_快乐.wav
/root/autodl-tmp/CosyVoice_dev/examples/libritts/cosyvoice2/data/esd-emo-grpo/valid/samp_3/0003_001051_伤心.wav	/root/autodl-tmp/CosyVoice_dev/examples/libritts/cosyvoice2/data/esd-emo-grpo/valid/receive/0003_001051_伤心.wav
/root/autodl-tmp/CosyVoice_dev/examples/libritts/cosyvoice2/data/esd-emo-grpo/valid/samp_3/0003_001052_伤心.wav	/root/autodl-tmp/CosyVoice_dev/examples/libritts/cosyvoice2/data/esd-emo-grpo/valid/receive/0003_001052_伤心.wav
/root/autodl-tmp/CosyVoice_dev/examples/libritts/cosyvoice2/data/esd-emo-grpo/valid/samp_3/0003_001053_伤心.wav	/root/autodl-tmp/CosyVoice_dev/examples/libritts/cosyvoice2/data/esd-emo-grpo/valid/receive/0003_001053_伤心.wav
/root/autodl-tmp/CosyVoice_dev/examples/libritts/cosyvoice2/data/esd-emo-grpo/valid/samp_3/0003_001054_伤心.wav	/root/autodl-tmp/CosyVoice_dev/examples/libritts/cosyvoice2/data/esd-emo-grpo/valid/receive/0003_001054_伤心.wav
/root/autodl-tmp/CosyVoice_dev/examples/libritts/cosyvoice2/data/esd-emo-grpo/valid/samp_3/0003_001055_伤心.wav	/root/autodl-tmp/CosyVoice_dev/examples/libritts/cosyvoice2/data/esd-emo-grpo/valid/receive/0003_001055_伤心.wav
/root/autodl-tmp/CosyVoice_dev/examples/libritts/cosyvoice2/data/esd-emo-grpo/valid/samp_3/0003_001056_伤心.wav	/root/autodl-tmp/CosyVoice_dev/examples/libritts/cosyvoice2/data/esd-emo-grpo/valid/receive/0003_001056_伤心.wav
/root/autodl-tmp/CosyVoice_dev/examples/libritts/cosyvoice2/data/esd-emo-grpo/valid/samp_3/0003_001057_伤心.wav	/root/autodl-tmp/CosyVoice_dev/examples/libritts/cosyvoice2/data/esd-emo-grpo/valid/receive/0003_001057_伤心.wav
/root/autodl-tmp/CosyVoice_dev/examples/libritts/cosyvoice2/data/esd-emo-grpo/valid/samp_3/0003_001058_伤心.wav	/root/autodl-tmp/CosyVoice_dev/examples/libritts/cosyvoice2/data/esd-emo-grpo/valid/receive/0003_001058_伤心.wav
/root/autodl-tmp/CosyVoice_dev/examples/libritts/cosyvoice2/data/esd-emo-grpo/valid/samp_3/0003_001059_伤心.wav	/root/autodl-tmp/CosyVoice_dev/examples/libritts/cosyvoice2/data/esd-emo-grpo/valid/receive/0003_001059_伤心.wav
/root/autodl-tmp/CosyVoice_dev/examples/libritts/cosyvoice2/data/esd-emo-grpo/valid/samp_3/0003_001060_伤心.wav	/root/autodl-tmp/CosyVoice_dev/examples/libritts/cosyvoice2/data/esd-emo-grpo/valid/receive/0003_001060_伤心.wav
/root/autodl-tmp/CosyVoice_dev/examples/libritts/cosyvoice2/data/esd-emo-grpo/valid/samp_3/0003_001061_伤心.wav	/root/autodl-tmp/CosyVoice_dev/examples/libritts/cosyvoice2/data/esd-emo-grpo/valid/receive/0003_001061_伤心.wav
/root/autodl-tmp/CosyVoice_dev/examples/libritts/cosyvoice2/data/esd-emo-grpo/valid/samp_3/0003_001062_伤心.wav	/root/autodl-tmp/CosyVoice_dev/examples/libritts/cosyvoice2/data/esd-emo-grpo/valid/receive/0003_001062_伤心.wav
/root/autodl-tmp/CosyVoice_dev/examples/libritts/cosyvoice2/data/esd-emo-grpo/valid/samp_3/0003_001063_伤心.wav	/root/autodl-tmp/CosyVoice_dev/examples/libritts/cosyvoice2/data/esd-emo-grpo/valid/receive/0003_001063_伤心.wav
/root/autodl-tmp/CosyVoice_dev/examples/libritts/cosyvoice2/data/esd-emo-grpo/valid/samp_3/0003_001064_伤心.wav	/root/autodl-tmp/CosyVoice_dev/examples/libritts/cosyvoice2/data/esd-emo-grpo/valid/receive/0003_001064_伤心.wav
/root/autodl-tmp/CosyVoice_dev/examples/libritts/cosyvoice2/data/esd-emo-grpo/valid/samp_3/0003_001065_伤心.wav	/root/autodl-tmp/CosyVoice_dev/examples/libritts/cosyvoice2/data/esd-emo-grpo/valid/receive/0003_001065_伤心.wav
/root/autodl-tmp/CosyVoice_dev/examples/libritts/cosyvoice2/data/esd-emo-grpo/valid/samp_3/0003_001066_伤心.wav	/root/autodl-tmp/CosyVoice_dev/examples/libritts/cosyvoice2/data/esd-emo-grpo/valid/receive/0003_001066_伤心.wav
/root/autodl-tmp/CosyVoice_dev/examples/libritts/cosyvoice2/data/esd-emo-grpo/valid/samp_3/0003_001067_伤心.wav	/root/autodl-tmp/CosyVoice_dev/examples/libritts/cosyvoice2/data/esd-emo-grpo/valid/receive/0003_001067_伤心.wav
/root/autodl-tmp/CosyVoice_dev/examples/libritts/cosyvoice2/data/esd-emo-grpo/valid/samp_3/0003_001068_伤心.wav	/root/autodl-tmp/CosyVoice_dev/examples/libritts/cosyvoice2/data/esd-emo-grpo/valid/receive/0003_001068_伤心.wav
/root/autodl-tmp/CosyVoice_dev/examples/libritts/cosyvoice2/data/esd-emo-grpo/valid/samp_3/0003_001069_伤心.wav	/root/autodl-tmp/CosyVoice_dev/examples/libritts/cosyvoice2/data/esd-emo-grpo/valid/receive/0003_001069_伤心.wav
/root/autodl-tmp/CosyVoice_dev/examples/libritts/cosyvoice2/data/esd-emo-grpo/valid/samp_3/0003_001070_伤心.wav	/root/autodl-tmp/CosyVoice_dev/examples/libritts/cosyvoice2/data/esd-emo-grpo/valid/receive/0003_001070_伤心.wav
/root/autodl-tmp/CosyVoice_dev/examples/libritts/cosyvoice2/data/esd-emo-grpo/valid/samp_3/0004_000705_快乐.wav	/root/autodl-tmp/CosyVoice_dev/examples/libritts/cosyvoice2/data/esd-emo-grpo/valid/receive/0004_000705_快乐.wav
/root/autodl-tmp/CosyVoice_dev/examples/libritts/cosyvoice2/data/esd-emo-grpo/valid/samp_3/0004_000706_快乐.wav	/root/autodl-tmp/CosyVoice_dev/examples/libritts/cosyvoice2/data/esd-emo-grpo/valid/receive/0004_000706_快乐.wav
/root/autodl-tmp/CosyVoice_dev/examples/libritts/cosyvoice2/data/esd-emo-grpo/valid/samp_3/0004_000707_快乐.wav	/root/autodl-tmp/CosyVoice_dev/examples/libritts/cosyvoice2/data/esd-emo-grpo/valid/receive/0004_000707_快乐.wav
/root/autodl-tmp/CosyVoice_dev/examples/libritts/cosyvoice2/data/esd-emo-grpo/valid/samp_3/0004_000708_快乐.wav	/root/autodl-tmp/CosyVoice_dev/examples/libritts/cosyvoice2/data/esd-emo-grpo/valid/receive/0004_000708_快乐.wav
/root/autodl-tmp/CosyVoice_dev/examples/libritts/cosyvoice2/data/esd-emo-grpo/valid/samp_3/0004_000709_快乐.wav	/root/autodl-tmp/CosyVoice_dev/examples/libritts/cosyvoice2/data/esd-emo-grpo/valid/receive/0004_000709_快乐.wav
/root/autodl-tmp/CosyVoice_dev/examples/libritts/cosyvoice2/data/esd-emo-grpo/valid/samp_3/0004_000710_快乐.wav	/root/autodl-tmp/CosyVoice_dev/examples/libritts/cosyvoice2/data/esd-emo-grpo/valid/receive/0004_000710_快乐.wav
/root/autodl-tmp/CosyVoice_dev/examples/libritts/cosyvoice2/data/esd-emo-grpo/valid/samp_3/0004_000711_快乐.wav	/root/autodl-tmp/CosyVoice_dev/examples/libritts/cosyvoice2/data/esd-emo-grpo/valid/receive/0004_000711_快乐.wav
/root/autodl-tmp/CosyVoice_dev/examples/libritts/cosyvoice2/data/esd-emo-grpo/valid/samp_3/0004_000712_快乐.wav	/root/autodl-tmp/CosyVoice_dev/examples/libritts/cosyvoice2/data/esd-emo-grpo/valid/receive/0004_000712_快乐.wav
/root/autodl-tmp/CosyVoice_dev/examples/libritts/cosyvoice2/data/esd-emo-grpo/valid/samp_3/0004_000713_快乐.wav	/root/autodl-tmp/CosyVoice_dev/examples/libritts/cosyvoice2/data/esd-emo-grpo/valid/receive/0004_000713_快乐.wav
/root/autodl-tmp/CosyVoice_dev/examples/libritts/cosyvoice2/data/esd-emo-grpo/valid/samp_3/0004_000714_快乐.wav	/root/autodl-tmp/CosyVoice_dev/examples/libritts/cosyvoice2/data/esd-emo-grpo/valid/receive/0004_000714_快乐.wav
/root/autodl-tmp/CosyVoice_dev/examples/libritts/cosyvoice2/data/esd-emo-grpo/valid/samp_3/0004_000715_快乐.wav	/root/autodl-tmp/CosyVoice_dev/examples/libritts/cosyvoice2/data/esd-emo-grpo/valid/receive/0004_000715_快乐.wav
/root/autodl-tmp/CosyVoice_dev/examples/libritts/cosyvoice2/data/esd-emo-grpo/valid/samp_3/0004_000716_快乐.wav	/root/autodl-tmp/CosyVoice_dev/examples/libritts/cosyvoice2/data/esd-emo-grpo/valid/receive/0004_000716_快乐.wav
/root/autodl-tmp/CosyVoice_dev/examples/libritts/cosyvoice2/data/esd-emo-grpo/valid/samp_3/0004_000717_快乐.wav	/root/autodl-tmp/CosyVoice_dev/examples/libritts/cosyvoice2/data/esd-emo-grpo/valid/receive/0004_000717_快乐.wav
/root/autodl-tmp/CosyVoice_dev/examples/libritts/cosyvoice2/data/esd-emo-grpo/valid/samp_3/0004_000718_快乐.wav	/root/autodl-tmp/CosyVoice_dev/examples/libritts/cosyvoice2/data/esd-emo-grpo/valid/receive/0004_000718_快乐.wav
/root/autodl-tmp/CosyVoice_dev/examples/libritts/cosyvoice2/data/esd-emo-grpo/valid/samp_3/0004_000719_快乐.wav	/root/autodl-tmp/CosyVoice_dev/examples/libritts/cosyvoice2/data/esd-emo-grpo/valid/receive/0004_000719_快乐.wav
/root/autodl-tmp/CosyVoice_dev/examples/libritts/cosyvoice2/data/esd-emo-grpo/valid/samp_3/0004_000720_快乐.wav	/root/autodl-tmp/CosyVoice_dev/examples/libritts/cosyvoice2/data/esd-emo-grpo/valid/receive/0004_000720_快乐.wav
/root/autodl-tmp/CosyVoice_dev/examples/libritts/cosyvoice2/data/esd-emo-grpo/valid/samp_3/0004_001051_伤心.wav	/root/autodl-tmp/CosyVoice_dev/examples/libritts/cosyvoice2/data/esd-emo-grpo/valid/receive/0004_001051_伤心.wav
/root/autodl-tmp/CosyVoice_dev/examples/libritts/cosyvoice2/data/esd-emo-grpo/valid/samp_3/0004_001052_伤心.wav	/root/autodl-tmp/CosyVoice_dev/examples/libritts/cosyvoice2/data/esd-emo-grpo/valid/receive/0004_001052_伤心.wav
/root/autodl-tmp/CosyVoice_dev/examples/libritts/cosyvoice2/data/esd-emo-grpo/valid/samp_3/0004_001053_伤心.wav	/root/autodl-tmp/CosyVoice_dev/examples/libritts/cosyvoice2/data/esd-emo-grpo/valid/receive/0004_001053_伤心.wav
/root/autodl-tmp/CosyVoice_dev/examples/libritts/cosyvoice2/data/esd-emo-grpo/valid/samp_3/0004_001054_伤心.wav	/root/autodl-tmp/CosyVoice_dev/examples/libritts/cosyvoice2/data/esd-emo-grpo/valid/receive/0004_001054_伤心.wav
/root/autodl-tmp/CosyVoice_dev/examples/libritts/cosyvoice2/data/esd-emo-grpo/valid/samp_3/0004_001055_伤心.wav	/root/autodl-tmp/CosyVoice_dev/examples/libritts/cosyvoice2/data/esd-emo-grpo/valid/receive/0004_001055_伤心.wav
/root/autodl-tmp/CosyVoice_dev/examples/libritts/cosyvoice2/data/esd-emo-grpo/valid/samp_3/0004_001056_伤心.wav	/root/autodl-tmp/CosyVoice_dev/examples/libritts/cosyvoice2/data/esd-emo-grpo/valid/receive/0004_001056_伤心.wav
/root/autodl-tmp/CosyVoice_dev/examples/libritts/cosyvoice2/data/esd-emo-grpo/valid/samp_3/0004_001057_伤心.wav	/root/autodl-tmp/CosyVoice_dev/examples/libritts/cosyvoice2/data/esd-emo-grpo/valid/receive/0004_001057_伤心.wav
/root/autodl-tmp/CosyVoice_dev/examples/libritts/cosyvoice2/data/esd-emo-grpo/valid/samp_3/0004_001058_伤心.wav	/root/autodl-tmp/CosyVoice_dev/examples/libritts/cosyvoice2/data/esd-emo-grpo/valid/receive/0004_001058_伤心.wav
/root/autodl-tmp/CosyVoice_dev/examples/libritts/cosyvoice2/data/esd-emo-grpo/valid/samp_3/0004_001059_伤心.wav	/root/autodl-tmp/CosyVoice_dev/examples/libritts/cosyvoice2/data/esd-emo-grpo/valid/receive/0004_001059_伤心.wav
/root/autodl-tmp/CosyVoice_dev/examples/libritts/cosyvoice2/data/esd-emo-grpo/valid/samp_3/0004_001060_伤心.wav	/root/autodl-tmp/CosyVoice_dev/examples/libritts/cosyvoice2/data/esd-emo-grpo/valid/receive/0004_001060_伤心.wav
/root/autodl-tmp/CosyVoice_dev/examples/libritts/cosyvoice2/data/esd-emo-grpo/valid/samp_3/0004_001061_伤心.wav	/root/autodl-tmp/CosyVoice_dev/examples/libritts/cosyvoice2/data/esd-emo-grpo/valid/receive/0004_001061_伤心.wav
/root/autodl-tmp/CosyVoice_dev/examples/libritts/cosyvoice2/data/esd-emo-grpo/valid/samp_3/0004_001062_伤心.wav	/root/autodl-tmp/CosyVoice_dev/examples/libritts/cosyvoice2/data/esd-emo-grpo/valid/receive/0004_001062_伤心.wav
/root/autodl-tmp/CosyVoice_dev/examples/libritts/cosyvoice2/data/esd-emo-grpo/valid/samp_3/0004_001063_伤心.wav	/root/autodl-tmp/CosyVoice_dev/examples/libritts/cosyvoice2/data/esd-emo-grpo/valid/receive/0004_001063_伤心.wav
/root/autodl-tmp/CosyVoice_dev/examples/libritts/cosyvoice2/data/esd-emo-grpo/valid/samp_3/0004_001064_伤心.wav	/root/autodl-tmp/CosyVoice_dev/examples/libritts/cosyvoice2/data/esd-emo-grpo/valid/receive/0004_001064_伤心.wav
/root/autodl-tmp/CosyVoice_dev/examples/libritts/cosyvoice2/data/esd-emo-grpo/valid/samp_3/0004_001065_伤心.wav	/root/autodl-tmp/CosyVoice_dev/examples/libritts/cosyvoice2/data/esd-emo-grpo/valid/receive/0004_001065_伤心.wav
/root/autodl-tmp/CosyVoice_dev/examples/libritts/cosyvoice2/data/esd-emo-grpo/valid/samp_3/0004_001066_伤心.wav	/root/autodl-tmp/CosyVoice_dev/examples/libritts/cosyvoice2/data/esd-emo-grpo/valid/receive/0004_001066_伤心.wav
/root/autodl-tmp/CosyVoice_dev/examples/libritts/cosyvoice2/data/esd-emo-grpo/valid/samp_3/0004_001067_伤心.wav	/root/autodl-tmp/CosyVoice_dev/examples/libritts/cosyvoice2/data/esd-emo-grpo/valid/receive/0004_001067_伤心.wav
/root/autodl-tmp/CosyVoice_dev/examples/libritts/cosyvoice2/data/esd-emo-grpo/valid/samp_3/0004_001068_伤心.wav	/root/autodl-tmp/CosyVoice_dev/examples/libritts/cosyvoice2/data/esd-emo-grpo/valid/receive/0004_001068_伤心.wav
/root/autodl-tmp/CosyVoice_dev/examples/libritts/cosyvoice2/data/esd-emo-grpo/valid/samp_3/0004_001069_伤心.wav	/root/autodl-tmp/CosyVoice_dev/examples/libritts/cosyvoice2/data/esd-emo-grpo/valid/receive/0004_001069_伤心.wav
/root/autodl-tmp/CosyVoice_dev/examples/libritts/cosyvoice2/data/esd-emo-grpo/valid/samp_3/0004_001070_伤心.wav	/root/autodl-tmp/CosyVoice_dev/examples/libritts/cosyvoice2/data/esd-emo-grpo/valid/receive/0004_001070_伤心.wav
/root/autodl-tmp/CosyVoice_dev/examples/libritts/cosyvoice2/data/esd-emo-grpo/valid/samp_3/0004_001401_惊喜.wav	/root/autodl-tmp/CosyVoice_dev/examples/libritts/cosyvoice2/data/esd-emo-grpo/valid/receive/0004_001401_惊喜.wav
/root/autodl-tmp/CosyVoice_dev/examples/libritts/cosyvoice2/data/esd-emo-grpo/valid/samp_3/0004_001402_惊喜.wav	/root/autodl-tmp/CosyVoice_dev/examples/libritts/cosyvoice2/data/esd-emo-grpo/valid/receive/0004_001402_惊喜.wav
/root/autodl-tmp/CosyVoice_dev/examples/libritts/cosyvoice2/data/esd-emo-grpo/valid/samp_3/0004_001403_惊喜.wav	/root/autodl-tmp/CosyVoice_dev/examples/libritts/cosyvoice2/data/esd-emo-grpo/valid/receive/0004_001403_惊喜.wav
/root/autodl-tmp/CosyVoice_dev/examples/libritts/cosyvoice2/data/esd-emo-grpo/valid/samp_3/0004_001404_惊喜.wav	/root/autodl-tmp/CosyVoice_dev/examples/libritts/cosyvoice2/data/esd-emo-grpo/valid/receive/0004_001404_惊喜.wav
/root/autodl-tmp/CosyVoice_dev/examples/libritts/cosyvoice2/data/esd-emo-grpo/valid/samp_3/0004_001405_惊喜.wav	/root/autodl-tmp/CosyVoice_dev/examples/libritts/cosyvoice2/data/esd-emo-grpo/valid/receive/0004_001405_惊喜.wav
/root/autodl-tmp/CosyVoice_dev/examples/libritts/cosyvoice2/data/esd-emo-grpo/valid/samp_3/0004_001406_惊喜.wav	/root/autodl-tmp/CosyVoice_dev/examples/libritts/cosyvoice2/data/esd-emo-grpo/valid/receive/0004_001406_惊喜.wav
/root/autodl-tmp/CosyVoice_dev/examples/libritts/cosyvoice2/data/esd-emo-grpo/valid/samp_3/0004_001407_惊喜.wav	/root/autodl-tmp/CosyVoice_dev/examples/libritts/cosyvoice2/data/esd-emo-grpo/valid/receive/0004_001407_惊喜.wav
/root/autodl-tmp/CosyVoice_dev/examples/libritts/cosyvoice2/data/esd-emo-grpo/valid/samp_3/0004_001408_惊喜.wav	/root/autodl-tmp/CosyVoice_dev/examples/libritts/cosyvoice2/data/esd-emo-grpo/valid/receive/0004_001408_惊喜.wav
/root/autodl-tmp/CosyVoice_dev/examples/libritts/cosyvoice2/data/esd-emo-grpo/valid/samp_3/0004_001409_惊喜.wav	/root/autodl-tmp/CosyVoice_dev/examples/libritts/cosyvoice2/data/esd-emo-grpo/valid/receive/0004_001409_惊喜.wav
/root/autodl-tmp/CosyVoice_dev/examples/libritts/cosyvoice2/data/esd-emo-grpo/valid/samp_3/0004_001410_惊喜.wav	/root/autodl-tmp/CosyVoice_dev/examples/libritts/cosyvoice2/data/esd-emo-grpo/valid/receive/0004_001410_惊喜.wav
/root/autodl-tmp/CosyVoice_dev/examples/libritts/cosyvoice2/data/esd-emo-grpo/valid/samp_3/0004_001411_惊喜.wav	/root/autodl-tmp/CosyVoice_dev/examples/libritts/cosyvoice2/data/esd-emo-grpo/valid/receive/0004_001411_惊喜.wav
/root/autodl-tmp/CosyVoice_dev/examples/libritts/cosyvoice2/data/esd-emo-grpo/valid/samp_3/0004_001412_惊喜.wav	/root/autodl-tmp/CosyVoice_dev/examples/libritts/cosyvoice2/data/esd-emo-grpo/valid/receive/0004_001412_惊喜.wav
/root/autodl-tmp/CosyVoice_dev/examples/libritts/cosyvoice2/data/esd-emo-grpo/valid/samp_3/0004_001413_惊喜.wav	/root/autodl-tmp/CosyVoice_dev/examples/libritts/cosyvoice2/data/esd-emo-grpo/valid/receive/0004_001413_惊喜.wav
/root/autodl-tmp/CosyVoice_dev/examples/libritts/cosyvoice2/data/esd-emo-grpo/valid/samp_3/0004_001414_惊喜.wav	/root/autodl-tmp/CosyVoice_dev/examples/libritts/cosyvoice2/data/esd-emo-grpo/valid/receive/0004_001414_惊喜.wav
/root/autodl-tmp/CosyVoice_dev/examples/libritts/cosyvoice2/data/esd-emo-grpo/valid/samp_3/0004_001415_惊喜.wav	/root/autodl-tmp/CosyVoice_dev/examples/libritts/cosyvoice2/data/esd-emo-grpo/valid/receive/0004_001415_惊喜.wav
/root/autodl-tmp/CosyVoice_dev/examples/libritts/cosyvoice2/data/esd-emo-grpo/valid/samp_3/0004_001416_惊喜.wav	/root/autodl-tmp/CosyVoice_dev/examples/libritts/cosyvoice2/data/esd-emo-grpo/valid/receive/0004_001416_惊喜.wav
/root/autodl-tmp/CosyVoice_dev/examples/libritts/cosyvoice2/data/esd-emo-grpo/valid/samp_3/0004_001417_惊喜.wav	/root/autodl-tmp/CosyVoice_dev/examples/libritts/cosyvoice2/data/esd-emo-grpo/valid/receive/0004_001417_惊喜.wav
/root/autodl-tmp/CosyVoice_dev/examples/libritts/cosyvoice2/data/esd-emo-grpo/valid/samp_3/0004_001418_惊喜.wav	/root/autodl-tmp/CosyVoice_dev/examples/libritts/cosyvoice2/data/esd-emo-grpo/valid/receive/0004_001418_惊喜.wav
/root/autodl-tmp/CosyVoice_dev/examples/libritts/cosyvoice2/data/esd-emo-grpo/valid/samp_3/0004_001419_惊喜.wav	/root/autodl-tmp/CosyVoice_dev/examples/libritts/cosyvoice2/data/esd-emo-grpo/valid/receive/0004_001419_惊喜.wav
/root/autodl-tmp/CosyVoice_dev/examples/libritts/cosyvoice2/data/esd-emo-grpo/valid/samp_3/0004_001420_惊喜.wav	/root/autodl-tmp/CosyVoice_dev/examples/libritts/cosyvoice2/data/esd-emo-grpo/valid/receive/0004_001420_惊喜.wav
/root/autodl-tmp/CosyVoice_dev/examples/libritts/cosyvoice2/data/esd-emo-grpo/valid/samp_3/0004_000001_冷静.wav	/root/autodl-tmp/CosyVoice_dev/examples/libritts/cosyvoice2/data/esd-emo-grpo/valid/receive/0004_000001_冷静.wav
/root/autodl-tmp/CosyVoice_dev/examples/libritts/cosyvoice2/data/esd-emo-grpo/valid/samp_3/0004_000002_冷静.wav	/root/autodl-tmp/CosyVoice_dev/examples/libritts/cosyvoice2/data/esd-emo-grpo/valid/receive/0004_000002_冷静.wav
/root/autodl-tmp/CosyVoice_dev/examples/libritts/cosyvoice2/data/esd-emo-grpo/valid/samp_3/0004_000003_冷静.wav	/root/autodl-tmp/CosyVoice_dev/examples/libritts/cosyvoice2/data/esd-emo-grpo/valid/receive/0004_000003_冷静.wav
/root/autodl-tmp/CosyVoice_dev/examples/libritts/cosyvoice2/data/esd-emo-grpo/valid/samp_3/0004_000004_冷静.wav	/root/autodl-tmp/CosyVoice_dev/examples/libritts/cosyvoice2/data/esd-emo-grpo/valid/receive/0004_000004_冷静.wav
/root/autodl-tmp/CosyVoice_dev/examples/libritts/cosyvoice2/data/esd-emo-grpo/valid/samp_3/0004_000005_冷静.wav	/root/autodl-tmp/CosyVoice_dev/examples/libritts/cosyvoice2/data/esd-emo-grpo/valid/receive/0004_000005_冷静.wav
/root/autodl-tmp/CosyVoice_dev/examples/libritts/cosyvoice2/data/esd-emo-grpo/valid/samp_3/0004_000006_冷静.wav	/root/autodl-tmp/CosyVoice_dev/examples/libritts/cosyvoice2/data/esd-emo-grpo/valid/receive/0004_000006_冷静.wav
/root/autodl-tmp/CosyVoice_dev/examples/libritts/cosyvoice2/data/esd-emo-grpo/valid/samp_3/0004_000007_冷静.wav	/root/autodl-tmp/CosyVoice_dev/examples/libritts/cosyvoice2/data/esd-emo-grpo/valid/receive/0004_000007_冷静.wav
/root/autodl-tmp/CosyVoice_dev/examples/libritts/cosyvoice2/data/esd-emo-grpo/valid/samp_3/0004_000008_冷静.wav	/root/autodl-tmp/CosyVoice_dev/examples/libritts/cosyvoice2/data/esd-emo-grpo/valid/receive/0004_000008_冷静.wav
/root/autodl-tmp/CosyVoice_dev/examples/libritts/cosyvoice2/data/esd-emo-grpo/valid/samp_3/0004_000009_冷静.wav	/root/autodl-tmp/CosyVoice_dev/examples/libritts/cosyvoice2/data/esd-emo-grpo/valid/receive/0004_000009_冷静.wav
/root/autodl-tmp/CosyVoice_dev/examples/libritts/cosyvoice2/data/esd-emo-grpo/valid/samp_3/0004_000010_冷静.wav	/root/autodl-tmp/CosyVoice_dev/examples/libritts/cosyvoice2/data/esd-emo-grpo/valid/receive/0004_000010_冷静.wav
/root/autodl-tmp/CosyVoice_dev/examples/libritts/cosyvoice2/data/esd-emo-grpo/valid/samp_3/0004_000011_冷静.wav	/root/autodl-tmp/CosyVoice_dev/examples/libritts/cosyvoice2/data/esd-emo-grpo/valid/receive/0004_000011_冷静.wav
/root/autodl-tmp/CosyVoice_dev/examples/libritts/cosyvoice2/data/esd-emo-grpo/valid/samp_3/0004_000012_冷静.wav	/root/autodl-tmp/CosyVoice_dev/examples/libritts/cosyvoice2/data/esd-emo-grpo/valid/receive/0004_000012_冷静.wav
/root/autodl-tmp/CosyVoice_dev/examples/libritts/cosyvoice2/data/esd-emo-grpo/valid/samp_3/0004_000013_冷静.wav	/root/autodl-tmp/CosyVoice_dev/examples/libritts/cosyvoice2/data/esd-emo-grpo/valid/receive/0004_000013_冷静.wav
/root/autodl-tmp/CosyVoice_dev/examples/libritts/cosyvoice2/data/esd-emo-grpo/valid/samp_3/0004_000014_冷静.wav	/root/autodl-tmp/CosyVoice_dev/examples/libritts/cosyvoice2/data/esd-emo-grpo/valid/receive/0004_000014_冷静.wav
/root/autodl-tmp/CosyVoice_dev/examples/libritts/cosyvoice2/data/esd-emo-grpo/valid/samp_3/0004_000015_冷静.wav	/root/autodl-tmp/CosyVoice_dev/examples/libritts/cosyvoice2/data/esd-emo-grpo/valid/receive/0004_000015_冷静.wav
/root/autodl-tmp/CosyVoice_dev/examples/libritts/cosyvoice2/data/esd-emo-grpo/valid/samp_3/0004_000016_冷静.wav	/root/autodl-tmp/CosyVoice_dev/examples/libritts/cosyvoice2/data/esd-emo-grpo/valid/receive/0004_000016_冷静.wav
/root/autodl-tmp/CosyVoice_dev/examples/libritts/cosyvoice2/data/esd-emo-grpo/valid/samp_3/0004_000017_冷静.wav	/root/autodl-tmp/CosyVoice_dev/examples/libritts/cosyvoice2/data/esd-emo-grpo/valid/receive/0004_000017_冷静.wav
/root/autodl-tmp/CosyVoice_dev/examples/libritts/cosyvoice2/data/esd-emo-grpo/valid/samp_3/0004_000018_冷静.wav	/root/autodl-tmp/CosyVoice_dev/examples/libritts/cosyvoice2/data/esd-emo-grpo/valid/receive/0004_000018_冷静.wav
/root/autodl-tmp/CosyVoice_dev/examples/libritts/cosyvoice2/data/esd-emo-grpo/valid/samp_3/0004_000019_冷静.wav	/root/autodl-tmp/CosyVoice_dev/examples/libritts/cosyvoice2/data/esd-emo-grpo/valid/receive/0004_000019_冷静.wav
/root/autodl-tmp/CosyVoice_dev/examples/libritts/cosyvoice2/data/esd-emo-grpo/valid/samp_3/0004_000020_冷静.wav	/root/autodl-tmp/CosyVoice_dev/examples/libritts/cosyvoice2/data/esd-emo-grpo/valid/receive/0004_000020_冷静.wav
/root/autodl-tmp/CosyVoice_dev/examples/libritts/cosyvoice2/data/esd-emo-grpo/valid/samp_3/0004_000351_生气.wav	/root/autodl-tmp/CosyVoice_dev/examples/libritts/cosyvoice2/data/esd-emo-grpo/valid/receive/0004_000351_生气.wav
/root/autodl-tmp/CosyVoice_dev/examples/libritts/cosyvoice2/data/esd-emo-grpo/valid/samp_3/0004_000352_生气.wav	/root/autodl-tmp/CosyVoice_dev/examples/libritts/cosyvoice2/data/esd-emo-grpo/valid/receive/0004_000352_生气.wav
/root/autodl-tmp/CosyVoice_dev/examples/libritts/cosyvoice2/data/esd-emo-grpo/valid/samp_3/0004_000353_生气.wav	/root/autodl-tmp/CosyVoice_dev/examples/libritts/cosyvoice2/data/esd-emo-grpo/valid/receive/0004_000353_生气.wav
/root/autodl-tmp/CosyVoice_dev/examples/libritts/cosyvoice2/data/esd-emo-grpo/valid/samp_3/0004_000354_生气.wav	/root/autodl-tmp/CosyVoice_dev/examples/libritts/cosyvoice2/data/esd-emo-grpo/valid/receive/0004_000354_生气.wav
/root/autodl-tmp/CosyVoice_dev/examples/libritts/cosyvoice2/data/esd-emo-grpo/valid/samp_3/0004_000355_生气.wav	/root/autodl-tmp/CosyVoice_dev/examples/libritts/cosyvoice2/data/esd-emo-grpo/valid/receive/0004_000355_生气.wav
/root/autodl-tmp/CosyVoice_dev/examples/libritts/cosyvoice2/data/esd-emo-grpo/valid/samp_3/0004_000356_生气.wav	/root/autodl-tmp/CosyVoice_dev/examples/libritts/cosyvoice2/data/esd-emo-grpo/valid/receive/0004_000356_生气.wav
/root/autodl-tmp/CosyVoice_dev/examples/libritts/cosyvoice2/data/esd-emo-grpo/valid/samp_3/0004_000357_生气.wav	/root/autodl-tmp/CosyVoice_dev/examples/libritts/cosyvoice2/data/esd-emo-grpo/valid/receive/0004_000357_生气.wav
/root/autodl-tmp/CosyVoice_dev/examples/libritts/cosyvoice2/data/esd-emo-grpo/valid/samp_3/0004_000358_生气.wav	/root/autodl-tmp/CosyVoice_dev/examples/libritts/cosyvoice2/data/esd-emo-grpo/valid/receive/0004_000358_生气.wav
/root/autodl-tmp/CosyVoice_dev/examples/libritts/cosyvoice2/data/esd-emo-grpo/valid/samp_3/0004_000359_生气.wav	/root/autodl-tmp/CosyVoice_dev/examples/libritts/cosyvoice2/data/esd-emo-grpo/valid/receive/0004_000359_生气.wav
/root/autodl-tmp/CosyVoice_dev/examples/libritts/cosyvoice2/data/esd-emo-grpo/valid/samp_3/0004_000360_生气.wav	/root/autodl-tmp/CosyVoice_dev/examples/libritts/cosyvoice2/data/esd-emo-grpo/valid/receive/0004_000360_生气.wav
/root/autodl-tmp/CosyVoice_dev/examples/libritts/cosyvoice2/data/esd-emo-grpo/valid/samp_3/0004_000361_生气.wav	/root/autodl-tmp/CosyVoice_dev/examples/libritts/cosyvoice2/data/esd-emo-grpo/valid/receive/0004_000361_生气.wav
/root/autodl-tmp/CosyVoice_dev/examples/libritts/cosyvoice2/data/esd-emo-grpo/valid/samp_3/0004_000362_生气.wav	/root/autodl-tmp/CosyVoice_dev/examples/libritts/cosyvoice2/data/esd-emo-grpo/valid/receive/0004_000362_生气.wav
/root/autodl-tmp/CosyVoice_dev/examples/libritts/cosyvoice2/data/esd-emo-grpo/valid/samp_3/0004_000363_生气.wav	/root/autodl-tmp/CosyVoice_dev/examples/libritts/cosyvoice2/data/esd-emo-grpo/valid/receive/0004_000363_生气.wav
/root/autodl-tmp/CosyVoice_dev/examples/libritts/cosyvoice2/data/esd-emo-grpo/valid/samp_3/0004_000364_生气.wav	/root/autodl-tmp/CosyVoice_dev/examples/libritts/cosyvoice2/data/esd-emo-grpo/valid/receive/0004_000364_生气.wav
/root/autodl-tmp/CosyVoice_dev/examples/libritts/cosyvoice2/data/esd-emo-grpo/valid/samp_3/0004_000365_生气.wav	/root/autodl-tmp/CosyVoice_dev/examples/libritts/cosyvoice2/data/esd-emo-grpo/valid/receive/0004_000365_生气.wav
/root/autodl-tmp/CosyVoice_dev/examples/libritts/cosyvoice2/data/esd-emo-grpo/valid/samp_3/0004_000366_生气.wav	/root/autodl-tmp/CosyVoice_dev/examples/libritts/cosyvoice2/data/esd-emo-grpo/valid/receive/0004_000366_生气.wav
/root/autodl-tmp/CosyVoice_dev/examples/libritts/cosyvoice2/data/esd-emo-grpo/valid/samp_3/0004_000367_生气.wav	/root/autodl-tmp/CosyVoice_dev/examples/libritts/cosyvoice2/data/esd-emo-grpo/valid/receive/0004_000367_生气.wav
/root/autodl-tmp/CosyVoice_dev/examples/libritts/cosyvoice2/data/esd-emo-grpo/valid/samp_3/0004_000368_生气.wav	/root/autodl-tmp/CosyVoice_dev/examples/libritts/cosyvoice2/data/esd-emo-grpo/valid/receive/0004_000368_生气.wav
/root/autodl-tmp/CosyVoice_dev/examples/libritts/cosyvoice2/data/esd-emo-grpo/valid/samp_3/0004_000369_生气.wav	/root/autodl-tmp/CosyVoice_dev/examples/libritts/cosyvoice2/data/esd-emo-grpo/valid/receive/0004_000369_生气.wav
/root/autodl-tmp/CosyVoice_dev/examples/libritts/cosyvoice2/data/esd-emo-grpo/valid/samp_3/0004_000370_生气.wav	/root/autodl-tmp/CosyVoice_dev/examples/libritts/cosyvoice2/data/esd-emo-grpo/valid/receive/0004_000370_生气.wav
/root/autodl-tmp/CosyVoice_dev/examples/libritts/cosyvoice2/data/esd-emo-grpo/valid/samp_3/0002_000713_快乐.wav	/root/autodl-tmp/CosyVoice_dev/examples/libritts/cosyvoice2/data/esd-emo-grpo/valid/receive/0002_000713_快乐.wav
/root/autodl-tmp/CosyVoice_dev/examples/libritts/cosyvoice2/data/esd-emo-grpo/valid/samp_3/0002_000714_快乐.wav	/root/autodl-tmp/CosyVoice_dev/examples/libritts/cosyvoice2/data/esd-emo-grpo/valid/receive/0002_000714_快乐.wav
/root/autodl-tmp/CosyVoice_dev/examples/libritts/cosyvoice2/data/esd-emo-grpo/valid/samp_3/0002_000715_快乐.wav	/root/autodl-tmp/CosyVoice_dev/examples/libritts/cosyvoice2/data/esd-emo-grpo/valid/receive/0002_000715_快乐.wav
/root/autodl-tmp/CosyVoice_dev/examples/libritts/cosyvoice2/data/esd-emo-grpo/valid/samp_3/0002_000716_快乐.wav	/root/autodl-tmp/CosyVoice_dev/examples/libritts/cosyvoice2/data/esd-emo-grpo/valid/receive/0002_000716_快乐.wav
/root/autodl-tmp/CosyVoice_dev/examples/libritts/cosyvoice2/data/esd-emo-grpo/valid/samp_3/0002_000717_快乐.wav	/root/autodl-tmp/CosyVoice_dev/examples/libritts/cosyvoice2/data/esd-emo-grpo/valid/receive/0002_000717_快乐.wav
/root/autodl-tmp/CosyVoice_dev/examples/libritts/cosyvoice2/data/esd-emo-grpo/valid/samp_3/0002_000718_快乐.wav	/root/autodl-tmp/CosyVoice_dev/examples/libritts/cosyvoice2/data/esd-emo-grpo/valid/receive/0002_000718_快乐.wav
/root/autodl-tmp/CosyVoice_dev/examples/libritts/cosyvoice2/data/esd-emo-grpo/valid/samp_3/0002_000719_快乐.wav	/root/autodl-tmp/CosyVoice_dev/examples/libritts/cosyvoice2/data/esd-emo-grpo/valid/receive/0002_000719_快乐.wav
/root/autodl-tmp/CosyVoice_dev/examples/libritts/cosyvoice2/data/esd-emo-grpo/valid/samp_3/0002_000720_快乐.wav	/root/autodl-tmp/CosyVoice_dev/examples/libritts/cosyvoice2/data/esd-emo-grpo/valid/receive/0002_000720_快乐.wav
/root/autodl-tmp/CosyVoice_dev/examples/libritts/cosyvoice2/data/esd-emo-grpo/valid/samp_3/0002_001051_伤心.wav	/root/autodl-tmp/CosyVoice_dev/examples/libritts/cosyvoice2/data/esd-emo-grpo/valid/receive/0002_001051_伤心.wav
/root/autodl-tmp/CosyVoice_dev/examples/libritts/cosyvoice2/data/esd-emo-grpo/valid/samp_3/0002_001052_伤心.wav	/root/autodl-tmp/CosyVoice_dev/examples/libritts/cosyvoice2/data/esd-emo-grpo/valid/receive/0002_001052_伤心.wav
/root/autodl-tmp/CosyVoice_dev/examples/libritts/cosyvoice2/data/esd-emo-grpo/valid/samp_3/0002_001053_伤心.wav	/root/autodl-tmp/CosyVoice_dev/examples/libritts/cosyvoice2/data/esd-emo-grpo/valid/receive/0002_001053_伤心.wav
/root/autodl-tmp/CosyVoice_dev/examples/libritts/cosyvoice2/data/esd-emo-grpo/valid/samp_3/0002_001054_伤心.wav	/root/autodl-tmp/CosyVoice_dev/examples/libritts/cosyvoice2/data/esd-emo-grpo/valid/receive/0002_001054_伤心.wav
/root/autodl-tmp/CosyVoice_dev/examples/libritts/cosyvoice2/data/esd-emo-grpo/valid/samp_3/0002_001055_伤心.wav	/root/autodl-tmp/CosyVoice_dev/examples/libritts/cosyvoice2/data/esd-emo-grpo/valid/receive/0002_001055_伤心.wav
/root/autodl-tmp/CosyVoice_dev/examples/libritts/cosyvoice2/data/esd-emo-grpo/valid/samp_3/0002_001056_伤心.wav	/root/autodl-tmp/CosyVoice_dev/examples/libritts/cosyvoice2/data/esd-emo-grpo/valid/receive/0002_001056_伤心.wav
/root/autodl-tmp/CosyVoice_dev/examples/libritts/cosyvoice2/data/esd-emo-grpo/valid/samp_3/0002_001057_伤心.wav	/root/autodl-tmp/CosyVoice_dev/examples/libritts/cosyvoice2/data/esd-emo-grpo/valid/receive/0002_001057_伤心.wav
/root/autodl-tmp/CosyVoice_dev/examples/libritts/cosyvoice2/data/esd-emo-grpo/valid/samp_3/0002_001058_伤心.wav	/root/autodl-tmp/CosyVoice_dev/examples/libritts/cosyvoice2/data/esd-emo-grpo/valid/receive/0002_001058_伤心.wav
/root/autodl-tmp/CosyVoice_dev/examples/libritts/cosyvoice2/data/esd-emo-grpo/valid/samp_3/0002_001059_伤心.wav	/root/autodl-tmp/CosyVoice_dev/examples/libritts/cosyvoice2/data/esd-emo-grpo/valid/receive/0002_001059_伤心.wav
/root/autodl-tmp/CosyVoice_dev/examples/libritts/cosyvoice2/data/esd-emo-grpo/valid/samp_3/0002_001060_伤心.wav	/root/autodl-tmp/CosyVoice_dev/examples/libritts/cosyvoice2/data/esd-emo-grpo/valid/receive/0002_001060_伤心.wav
/root/autodl-tmp/CosyVoice_dev/examples/libritts/cosyvoice2/data/esd-emo-grpo/valid/samp_3/0002_001061_伤心.wav	/root/autodl-tmp/CosyVoice_dev/examples/libritts/cosyvoice2/data/esd-emo-grpo/valid/receive/0002_001061_伤心.wav
/root/autodl-tmp/CosyVoice_dev/examples/libritts/cosyvoice2/data/esd-emo-grpo/valid/samp_3/0002_001062_伤心.wav	/root/autodl-tmp/CosyVoice_dev/examples/libritts/cosyvoice2/data/esd-emo-grpo/valid/receive/0002_001062_伤心.wav
/root/autodl-tmp/CosyVoice_dev/examples/libritts/cosyvoice2/data/esd-emo-grpo/valid/samp_3/0002_001063_伤心.wav	/root/autodl-tmp/CosyVoice_dev/examples/libritts/cosyvoice2/data/esd-emo-grpo/valid/receive/0002_001063_伤心.wav
/root/autodl-tmp/CosyVoice_dev/examples/libritts/cosyvoice2/data/esd-emo-grpo/valid/samp_3/0002_001064_伤心.wav	/root/autodl-tmp/CosyVoice_dev/examples/libritts/cosyvoice2/data/esd-emo-grpo/valid/receive/0002_001064_伤心.wav
/root/autodl-tmp/CosyVoice_dev/examples/libritts/cosyvoice2/data/esd-emo-grpo/valid/samp_3/0002_001065_伤心.wav	/root/autodl-tmp/CosyVoice_dev/examples/libritts/cosyvoice2/data/esd-emo-grpo/valid/receive/0002_001065_伤心.wav
/root/autodl-tmp/CosyVoice_dev/examples/libritts/cosyvoice2/data/esd-emo-grpo/valid/samp_3/0002_001066_伤心.wav	/root/autodl-tmp/CosyVoice_dev/examples/libritts/cosyvoice2/data/esd-emo-grpo/valid/receive/0002_001066_伤心.wav
/root/autodl-tmp/CosyVoice_dev/examples/libritts/cosyvoice2/data/esd-emo-grpo/valid/samp_3/0002_001067_伤心.wav	/root/autodl-tmp/CosyVoice_dev/examples/libritts/cosyvoice2/data/esd-emo-grpo/valid/receive/0002_001067_伤心.wav
/root/autodl-tmp/CosyVoice_dev/examples/libritts/cosyvoice2/data/esd-emo-grpo/valid/samp_3/0002_001068_伤心.wav	/root/autodl-tmp/CosyVoice_dev/examples/libritts/cosyvoice2/data/esd-emo-grpo/valid/receive/0002_001068_伤心.wav
/root/autodl-tmp/CosyVoice_dev/examples/libritts/cosyvoice2/data/esd-emo-grpo/valid/samp_3/0002_001069_伤心.wav	/root/autodl-tmp/CosyVoice_dev/examples/libritts/cosyvoice2/data/esd-emo-grpo/valid/receive/0002_001069_伤心.wav
/root/autodl-tmp/CosyVoice_dev/examples/libritts/cosyvoice2/data/esd-emo-grpo/valid/samp_3/0002_001070_伤心.wav	/root/autodl-tmp/CosyVoice_dev/examples/libritts/cosyvoice2/data/esd-emo-grpo/valid/receive/0002_001070_伤心.wav
/root/autodl-tmp/CosyVoice_dev/examples/libritts/cosyvoice2/data/esd-emo-grpo/valid/samp_3/0002_001401_惊喜.wav	/root/autodl-tmp/CosyVoice_dev/examples/libritts/cosyvoice2/data/esd-emo-grpo/valid/receive/0002_001401_惊喜.wav
/root/autodl-tmp/CosyVoice_dev/examples/libritts/cosyvoice2/data/esd-emo-grpo/valid/samp_3/0002_001402_惊喜.wav	/root/autodl-tmp/CosyVoice_dev/examples/libritts/cosyvoice2/data/esd-emo-grpo/valid/receive/0002_001402_惊喜.wav
/root/autodl-tmp/CosyVoice_dev/examples/libritts/cosyvoice2/data/esd-emo-grpo/valid/samp_3/0002_001403_惊喜.wav	/root/autodl-tmp/CosyVoice_dev/examples/libritts/cosyvoice2/data/esd-emo-grpo/valid/receive/0002_001403_惊喜.wav
/root/autodl-tmp/CosyVoice_dev/examples/libritts/cosyvoice2/data/esd-emo-grpo/valid/samp_3/0002_001404_惊喜.wav	/root/autodl-tmp/CosyVoice_dev/examples/libritts/cosyvoice2/data/esd-emo-grpo/valid/receive/0002_001404_惊喜.wav
/root/autodl-tmp/CosyVoice_dev/examples/libritts/cosyvoice2/data/esd-emo-grpo/valid/samp_3/0002_001405_惊喜.wav	/root/autodl-tmp/CosyVoice_dev/examples/libritts/cosyvoice2/data/esd-emo-grpo/valid/receive/0002_001405_惊喜.wav
/root/autodl-tmp/CosyVoice_dev/examples/libritts/cosyvoice2/data/esd-emo-grpo/valid/samp_3/0002_001406_惊喜.wav	/root/autodl-tmp/CosyVoice_dev/examples/libritts/cosyvoice2/data/esd-emo-grpo/valid/receive/0002_001406_惊喜.wav
/root/autodl-tmp/CosyVoice_dev/examples/libritts/cosyvoice2/data/esd-emo-grpo/valid/samp_3/0002_001407_惊喜.wav	/root/autodl-tmp/CosyVoice_dev/examples/libritts/cosyvoice2/data/esd-emo-grpo/valid/receive/0002_001407_惊喜.wav
/root/autodl-tmp/CosyVoice_dev/examples/libritts/cosyvoice2/data/esd-emo-grpo/valid/samp_3/0002_001408_惊喜.wav	/root/autodl-tmp/CosyVoice_dev/examples/libritts/cosyvoice2/data/esd-emo-grpo/valid/receive/0002_001408_惊喜.wav
/root/autodl-tmp/CosyVoice_dev/examples/libritts/cosyvoice2/data/esd-emo-grpo/valid/samp_3/0002_001409_惊喜.wav	/root/autodl-tmp/CosyVoice_dev/examples/libritts/cosyvoice2/data/esd-emo-grpo/valid/receive/0002_001409_惊喜.wav
/root/autodl-tmp/CosyVoice_dev/examples/libritts/cosyvoice2/data/esd-emo-grpo/valid/samp_3/0002_001410_惊喜.wav	/root/autodl-tmp/CosyVoice_dev/examples/libritts/cosyvoice2/data/esd-emo-grpo/valid/receive/0002_001410_惊喜.wav
/root/autodl-tmp/CosyVoice_dev/examples/libritts/cosyvoice2/data/esd-emo-grpo/valid/samp_3/0002_001411_惊喜.wav	/root/autodl-tmp/CosyVoice_dev/examples/libritts/cosyvoice2/data/esd-emo-grpo/valid/receive/0002_001411_惊喜.wav
/root/autodl-tmp/CosyVoice_dev/examples/libritts/cosyvoice2/data/esd-emo-grpo/valid/samp_3/0002_001412_惊喜.wav	/root/autodl-tmp/CosyVoice_dev/examples/libritts/cosyvoice2/data/esd-emo-grpo/valid/receive/0002_001412_惊喜.wav
/root/autodl-tmp/CosyVoice_dev/examples/libritts/cosyvoice2/data/esd-emo-grpo/valid/samp_3/0002_001413_惊喜.wav	/root/autodl-tmp/CosyVoice_dev/examples/libritts/cosyvoice2/data/esd-emo-grpo/valid/receive/0002_001413_惊喜.wav
/root/autodl-tmp/CosyVoice_dev/examples/libritts/cosyvoice2/data/esd-emo-grpo/valid/samp_3/0002_001414_惊喜.wav	/root/autodl-tmp/CosyVoice_dev/examples/libritts/cosyvoice2/data/esd-emo-grpo/valid/receive/0002_001414_惊喜.wav
/root/autodl-tmp/CosyVoice_dev/examples/libritts/cosyvoice2/data/esd-emo-grpo/valid/samp_3/0002_001415_惊喜.wav	/root/autodl-tmp/CosyVoice_dev/examples/libritts/cosyvoice2/data/esd-emo-grpo/valid/receive/0002_001415_惊喜.wav
/root/autodl-tmp/CosyVoice_dev/examples/libritts/cosyvoice2/data/esd-emo-grpo/valid/samp_3/0002_001416_惊喜.wav	/root/autodl-tmp/CosyVoice_dev/examples/libritts/cosyvoice2/data/esd-emo-grpo/valid/receive/0002_001416_惊喜.wav
/root/autodl-tmp/CosyVoice_dev/examples/libritts/cosyvoice2/data/esd-emo-grpo/valid/samp_3/0002_001417_惊喜.wav	/root/autodl-tmp/CosyVoice_dev/examples/libritts/cosyvoice2/data/esd-emo-grpo/valid/receive/0002_001417_惊喜.wav
/root/autodl-tmp/CosyVoice_dev/examples/libritts/cosyvoice2/data/esd-emo-grpo/valid/samp_3/0002_001418_惊喜.wav	/root/autodl-tmp/CosyVoice_dev/examples/libritts/cosyvoice2/data/esd-emo-grpo/valid/receive/0002_001418_惊喜.wav
/root/autodl-tmp/CosyVoice_dev/examples/libritts/cosyvoice2/data/esd-emo-grpo/valid/samp_3/0002_001419_惊喜.wav	/root/autodl-tmp/CosyVoice_dev/examples/libritts/cosyvoice2/data/esd-emo-grpo/valid/receive/0002_001419_惊喜.wav
/root/autodl-tmp/CosyVoice_dev/examples/libritts/cosyvoice2/data/esd-emo-grpo/valid/samp_3/0002_001420_惊喜.wav	/root/autodl-tmp/CosyVoice_dev/examples/libritts/cosyvoice2/data/esd-emo-grpo/valid/receive/0002_001420_惊喜.wav
/root/autodl-tmp/CosyVoice_dev/examples/libritts/cosyvoice2/data/esd-emo-grpo/valid/samp_3/0002_000001_冷静.wav	/root/autodl-tmp/CosyVoice_dev/examples/libritts/cosyvoice2/data/esd-emo-grpo/valid/receive/0002_000001_冷静.wav
/root/autodl-tmp/CosyVoice_dev/examples/libritts/cosyvoice2/data/esd-emo-grpo/valid/samp_3/0002_000002_冷静.wav	/root/autodl-tmp/CosyVoice_dev/examples/libritts/cosyvoice2/data/esd-emo-grpo/valid/receive/0002_000002_冷静.wav
/root/autodl-tmp/CosyVoice_dev/examples/libritts/cosyvoice2/data/esd-emo-grpo/valid/samp_3/0002_000003_冷静.wav	/root/autodl-tmp/CosyVoice_dev/examples/libritts/cosyvoice2/data/esd-emo-grpo/valid/receive/0002_000003_冷静.wav
/root/autodl-tmp/CosyVoice_dev/examples/libritts/cosyvoice2/data/esd-emo-grpo/valid/samp_3/0002_000004_冷静.wav	/root/autodl-tmp/CosyVoice_dev/examples/libritts/cosyvoice2/data/esd-emo-grpo/valid/receive/0002_000004_冷静.wav
/root/autodl-tmp/CosyVoice_dev/examples/libritts/cosyvoice2/data/esd-emo-grpo/valid/samp_3/0002_000005_冷静.wav	/root/autodl-tmp/CosyVoice_dev/examples/libritts/cosyvoice2/data/esd-emo-grpo/valid/receive/0002_000005_冷静.wav
/root/autodl-tmp/CosyVoice_dev/examples/libritts/cosyvoice2/data/esd-emo-grpo/valid/samp_3/0002_000006_冷静.wav	/root/autodl-tmp/CosyVoice_dev/examples/libritts/cosyvoice2/data/esd-emo-grpo/valid/receive/0002_000006_冷静.wav
/root/autodl-tmp/CosyVoice_dev/examples/libritts/cosyvoice2/data/esd-emo-grpo/valid/samp_3/0002_000007_冷静.wav	/root/autodl-tmp/CosyVoice_dev/examples/libritts/cosyvoice2/data/esd-emo-grpo/valid/receive/0002_000007_冷静.wav
/root/autodl-tmp/CosyVoice_dev/examples/libritts/cosyvoice2/data/esd-emo-grpo/valid/samp_3/0002_000008_冷静.wav	/root/autodl-tmp/CosyVoice_dev/examples/libritts/cosyvoice2/data/esd-emo-grpo/valid/receive/0002_000008_冷静.wav
/root/autodl-tmp/CosyVoice_dev/examples/libritts/cosyvoice2/data/esd-emo-grpo/valid/samp_3/0002_000009_冷静.wav	/root/autodl-tmp/CosyVoice_dev/examples/libritts/cosyvoice2/data/esd-emo-grpo/valid/receive/0002_000009_冷静.wav
/root/autodl-tmp/CosyVoice_dev/examples/libritts/cosyvoice2/data/esd-emo-grpo/valid/samp_3/0002_000010_冷静.wav	/root/autodl-tmp/CosyVoice_dev/examples/libritts/cosyvoice2/data/esd-emo-grpo/valid/receive/0002_000010_冷静.wav
/root/autodl-tmp/CosyVoice_dev/examples/libritts/cosyvoice2/data/esd-emo-grpo/valid/samp_3/0002_000011_冷静.wav	/root/autodl-tmp/CosyVoice_dev/examples/libritts/cosyvoice2/data/esd-emo-grpo/valid/receive/0002_000011_冷静.wav
/root/autodl-tmp/CosyVoice_dev/examples/libritts/cosyvoice2/data/esd-emo-grpo/valid/samp_3/0002_000012_冷静.wav	/root/autodl-tmp/CosyVoice_dev/examples/libritts/cosyvoice2/data/esd-emo-grpo/valid/receive/0002_000012_冷静.wav
/root/autodl-tmp/CosyVoice_dev/examples/libritts/cosyvoice2/data/esd-emo-grpo/valid/samp_3/0002_000013_冷静.wav	/root/autodl-tmp/CosyVoice_dev/examples/libritts/cosyvoice2/data/esd-emo-grpo/valid/receive/0002_000013_冷静.wav
/root/autodl-tmp/CosyVoice_dev/examples/libritts/cosyvoice2/data/esd-emo-grpo/valid/samp_3/0002_000014_冷静.wav	/root/autodl-tmp/CosyVoice_dev/examples/libritts/cosyvoice2/data/esd-emo-grpo/valid/receive/0002_000014_冷静.wav
/root/autodl-tmp/CosyVoice_dev/examples/libritts/cosyvoice2/data/esd-emo-grpo/valid/samp_3/0002_000015_冷静.wav	/root/autodl-tmp/CosyVoice_dev/examples/libritts/cosyvoice2/data/esd-emo-grpo/valid/receive/0002_000015_冷静.wav
/root/autodl-tmp/CosyVoice_dev/examples/libritts/cosyvoice2/data/esd-emo-grpo/valid/samp_3/0002_000016_冷静.wav	/root/autodl-tmp/CosyVoice_dev/examples/libritts/cosyvoice2/data/esd-emo-grpo/valid/receive/0002_000016_冷静.wav
/root/autodl-tmp/CosyVoice_dev/examples/libritts/cosyvoice2/data/esd-emo-grpo/valid/samp_3/0003_001401_惊喜.wav	/root/autodl-tmp/CosyVoice_dev/examples/libritts/cosyvoice2/data/esd-emo-grpo/valid/receive/0003_001401_惊喜.wav
/root/autodl-tmp/CosyVoice_dev/examples/libritts/cosyvoice2/data/esd-emo-grpo/valid/samp_3/0003_001402_惊喜.wav	/root/autodl-tmp/CosyVoice_dev/examples/libritts/cosyvoice2/data/esd-emo-grpo/valid/receive/0003_001402_惊喜.wav
/root/autodl-tmp/CosyVoice_dev/examples/libritts/cosyvoice2/data/esd-emo-grpo/valid/samp_3/0003_001403_惊喜.wav	/root/autodl-tmp/CosyVoice_dev/examples/libritts/cosyvoice2/data/esd-emo-grpo/valid/receive/0003_001403_惊喜.wav
/root/autodl-tmp/CosyVoice_dev/examples/libritts/cosyvoice2/data/esd-emo-grpo/valid/samp_3/0003_001404_惊喜.wav	/root/autodl-tmp/CosyVoice_dev/examples/libritts/cosyvoice2/data/esd-emo-grpo/valid/receive/0003_001404_惊喜.wav
/root/autodl-tmp/CosyVoice_dev/examples/libritts/cosyvoice2/data/esd-emo-grpo/valid/samp_3/0003_001405_惊喜.wav	/root/autodl-tmp/CosyVoice_dev/examples/libritts/cosyvoice2/data/esd-emo-grpo/valid/receive/0003_001405_惊喜.wav
/root/autodl-tmp/CosyVoice_dev/examples/libritts/cosyvoice2/data/esd-emo-grpo/valid/samp_3/0003_001406_惊喜.wav	/root/autodl-tmp/CosyVoice_dev/examples/libritts/cosyvoice2/data/esd-emo-grpo/valid/receive/0003_001406_惊喜.wav
/root/autodl-tmp/CosyVoice_dev/examples/libritts/cosyvoice2/data/esd-emo-grpo/valid/samp_3/0003_001407_惊喜.wav	/root/autodl-tmp/CosyVoice_dev/examples/libritts/cosyvoice2/data/esd-emo-grpo/valid/receive/0003_001407_惊喜.wav
/root/autodl-tmp/CosyVoice_dev/examples/libritts/cosyvoice2/data/esd-emo-grpo/valid/samp_3/0003_001408_惊喜.wav	/root/autodl-tmp/CosyVoice_dev/examples/libritts/cosyvoice2/data/esd-emo-grpo/valid/receive/0003_001408_惊喜.wav
/root/autodl-tmp/CosyVoice_dev/examples/libritts/cosyvoice2/data/esd-emo-grpo/valid/samp_3/0003_001409_惊喜.wav	/root/autodl-tmp/CosyVoice_dev/examples/libritts/cosyvoice2/data/esd-emo-grpo/valid/receive/0003_001409_惊喜.wav
/root/autodl-tmp/CosyVoice_dev/examples/libritts/cosyvoice2/data/esd-emo-grpo/valid/samp_3/0003_001410_惊喜.wav	/root/autodl-tmp/CosyVoice_dev/examples/libritts/cosyvoice2/data/esd-emo-grpo/valid/receive/0003_001410_惊喜.wav
/root/autodl-tmp/CosyVoice_dev/examples/libritts/cosyvoice2/data/esd-emo-grpo/valid/samp_3/0003_001411_惊喜.wav	/root/autodl-tmp/CosyVoice_dev/examples/libritts/cosyvoice2/data/esd-emo-grpo/valid/receive/0003_001411_惊喜.wav
/root/autodl-tmp/CosyVoice_dev/examples/libritts/cosyvoice2/data/esd-emo-grpo/valid/samp_3/0003_001412_惊喜.wav	/root/autodl-tmp/CosyVoice_dev/examples/libritts/cosyvoice2/data/esd-emo-grpo/valid/receive/0003_001412_惊喜.wav
/root/autodl-tmp/CosyVoice_dev/examples/libritts/cosyvoice2/data/esd-emo-grpo/valid/samp_3/0003_001413_惊喜.wav	/root/autodl-tmp/CosyVoice_dev/examples/libritts/cosyvoice2/data/esd-emo-grpo/valid/receive/0003_001413_惊喜.wav
/root/autodl-tmp/CosyVoice_dev/examples/libritts/cosyvoice2/data/esd-emo-grpo/valid/samp_3/0003_001414_惊喜.wav	/root/autodl-tmp/CosyVoice_dev/examples/libritts/cosyvoice2/data/esd-emo-grpo/valid/receive/0003_001414_惊喜.wav
/root/autodl-tmp/CosyVoice_dev/examples/libritts/cosyvoice2/data/esd-emo-grpo/valid/samp_3/0003_001415_惊喜.wav	/root/autodl-tmp/CosyVoice_dev/examples/libritts/cosyvoice2/data/esd-emo-grpo/valid/receive/0003_001415_惊喜.wav
/root/autodl-tmp/CosyVoice_dev/examples/libritts/cosyvoice2/data/esd-emo-grpo/valid/samp_3/0003_001416_惊喜.wav	/root/autodl-tmp/CosyVoice_dev/examples/libritts/cosyvoice2/data/esd-emo-grpo/valid/receive/0003_001416_惊喜.wav
/root/autodl-tmp/CosyVoice_dev/examples/libritts/cosyvoice2/data/esd-emo-grpo/valid/samp_3/0003_001417_惊喜.wav	/root/autodl-tmp/CosyVoice_dev/examples/libritts/cosyvoice2/data/esd-emo-grpo/valid/receive/0003_001417_惊喜.wav
/root/autodl-tmp/CosyVoice_dev/examples/libritts/cosyvoice2/data/esd-emo-grpo/valid/samp_3/0003_001418_惊喜.wav	/root/autodl-tmp/CosyVoice_dev/examples/libritts/cosyvoice2/data/esd-emo-grpo/valid/receive/0003_001418_惊喜.wav
/root/autodl-tmp/CosyVoice_dev/examples/libritts/cosyvoice2/data/esd-emo-grpo/valid/samp_3/0003_001419_惊喜.wav	/root/autodl-tmp/CosyVoice_dev/examples/libritts/cosyvoice2/data/esd-emo-grpo/valid/receive/0003_001419_惊喜.wav
/root/autodl-tmp/CosyVoice_dev/examples/libritts/cosyvoice2/data/esd-emo-grpo/valid/samp_3/0003_001420_惊喜.wav	/root/autodl-tmp/CosyVoice_dev/examples/libritts/cosyvoice2/data/esd-emo-grpo/valid/receive/0003_001420_惊喜.wav
/root/autodl-tmp/CosyVoice_dev/examples/libritts/cosyvoice2/data/esd-emo-grpo/valid/samp_3/0003_000001_冷静.wav	/root/autodl-tmp/CosyVoice_dev/examples/libritts/cosyvoice2/data/esd-emo-grpo/valid/receive/0003_000001_冷静.wav
/root/autodl-tmp/CosyVoice_dev/examples/libritts/cosyvoice2/data/esd-emo-grpo/valid/samp_3/0003_000002_冷静.wav	/root/autodl-tmp/CosyVoice_dev/examples/libritts/cosyvoice2/data/esd-emo-grpo/valid/receive/0003_000002_冷静.wav
/root/autodl-tmp/CosyVoice_dev/examples/libritts/cosyvoice2/data/esd-emo-grpo/valid/samp_3/0003_000003_冷静.wav	/root/autodl-tmp/CosyVoice_dev/examples/libritts/cosyvoice2/data/esd-emo-grpo/valid/receive/0003_000003_冷静.wav
/root/autodl-tmp/CosyVoice_dev/examples/libritts/cosyvoice2/data/esd-emo-grpo/valid/samp_3/0003_000004_冷静.wav	/root/autodl-tmp/CosyVoice_dev/examples/libritts/cosyvoice2/data/esd-emo-grpo/valid/receive/0003_000004_冷静.wav
/root/autodl-tmp/CosyVoice_dev/examples/libritts/cosyvoice2/data/esd-emo-grpo/valid/samp_3/0003_000005_冷静.wav	/root/autodl-tmp/CosyVoice_dev/examples/libritts/cosyvoice2/data/esd-emo-grpo/valid/receive/0003_000005_冷静.wav
/root/autodl-tmp/CosyVoice_dev/examples/libritts/cosyvoice2/data/esd-emo-grpo/valid/samp_3/0003_000006_冷静.wav	/root/autodl-tmp/CosyVoice_dev/examples/libritts/cosyvoice2/data/esd-emo-grpo/valid/receive/0003_000006_冷静.wav
/root/autodl-tmp/CosyVoice_dev/examples/libritts/cosyvoice2/data/esd-emo-grpo/valid/samp_3/0003_000007_冷静.wav	/root/autodl-tmp/CosyVoice_dev/examples/libritts/cosyvoice2/data/esd-emo-grpo/valid/receive/0003_000007_冷静.wav
/root/autodl-tmp/CosyVoice_dev/examples/libritts/cosyvoice2/data/esd-emo-grpo/valid/samp_3/0003_000008_冷静.wav	/root/autodl-tmp/CosyVoice_dev/examples/libritts/cosyvoice2/data/esd-emo-grpo/valid/receive/0003_000008_冷静.wav
/root/autodl-tmp/CosyVoice_dev/examples/libritts/cosyvoice2/data/esd-emo-grpo/valid/samp_3/0003_000009_冷静.wav	/root/autodl-tmp/CosyVoice_dev/examples/libritts/cosyvoice2/data/esd-emo-grpo/valid/receive/0003_000009_冷静.wav
/root/autodl-tmp/CosyVoice_dev/examples/libritts/cosyvoice2/data/esd-emo-grpo/valid/samp_3/0003_000010_冷静.wav	/root/autodl-tmp/CosyVoice_dev/examples/libritts/cosyvoice2/data/esd-emo-grpo/valid/receive/0003_000010_冷静.wav
/root/autodl-tmp/CosyVoice_dev/examples/libritts/cosyvoice2/data/esd-emo-grpo/valid/samp_3/0003_000011_冷静.wav	/root/autodl-tmp/CosyVoice_dev/examples/libritts/cosyvoice2/data/esd-emo-grpo/valid/receive/0003_000011_冷静.wav
/root/autodl-tmp/CosyVoice_dev/examples/libritts/cosyvoice2/data/esd-emo-grpo/valid/samp_3/0003_000012_冷静.wav	/root/autodl-tmp/CosyVoice_dev/examples/libritts/cosyvoice2/data/esd-emo-grpo/valid/receive/0003_000012_冷静.wav
/root/autodl-tmp/CosyVoice_dev/examples/libritts/cosyvoice2/data/esd-emo-grpo/valid/samp_3/0005_000005_冷静.wav	/root/autodl-tmp/CosyVoice_dev/examples/libritts/cosyvoice2/data/esd-emo-grpo/valid/receive/0005_000005_冷静.wav
/root/autodl-tmp/CosyVoice_dev/examples/libritts/cosyvoice2/data/esd-emo-grpo/valid/samp_3/0005_000006_冷静.wav	/root/autodl-tmp/CosyVoice_dev/examples/libritts/cosyvoice2/data/esd-emo-grpo/valid/receive/0005_000006_冷静.wav
/root/autodl-tmp/CosyVoice_dev/examples/libritts/cosyvoice2/data/esd-emo-grpo/valid/samp_3/0005_000007_冷静.wav	/root/autodl-tmp/CosyVoice_dev/examples/libritts/cosyvoice2/data/esd-emo-grpo/valid/receive/0005_000007_冷静.wav
/root/autodl-tmp/CosyVoice_dev/examples/libritts/cosyvoice2/data/esd-emo-grpo/valid/samp_3/0005_000008_冷静.wav	/root/autodl-tmp/CosyVoice_dev/examples/libritts/cosyvoice2/data/esd-emo-grpo/valid/receive/0005_000008_冷静.wav
/root/autodl-tmp/CosyVoice_dev/examples/libritts/cosyvoice2/data/esd-emo-grpo/valid/samp_3/0005_000009_冷静.wav	/root/autodl-tmp/CosyVoice_dev/examples/libritts/cosyvoice2/data/esd-emo-grpo/valid/receive/0005_000009_冷静.wav
/root/autodl-tmp/CosyVoice_dev/examples/libritts/cosyvoice2/data/esd-emo-grpo/valid/samp_3/0005_000010_冷静.wav	/root/autodl-tmp/CosyVoice_dev/examples/libritts/cosyvoice2/data/esd-emo-grpo/valid/receive/0005_000010_冷静.wav
/root/autodl-tmp/CosyVoice_dev/examples/libritts/cosyvoice2/data/esd-emo-grpo/valid/samp_3/0005_000011_冷静.wav	/root/autodl-tmp/CosyVoice_dev/examples/libritts/cosyvoice2/data/esd-emo-grpo/valid/receive/0005_000011_冷静.wav
/root/autodl-tmp/CosyVoice_dev/examples/libritts/cosyvoice2/data/esd-emo-grpo/valid/samp_3/0005_000012_冷静.wav	/root/autodl-tmp/CosyVoice_dev/examples/libritts/cosyvoice2/data/esd-emo-grpo/valid/receive/0005_000012_冷静.wav
/root/autodl-tmp/CosyVoice_dev/examples/libritts/cosyvoice2/data/esd-emo-grpo/valid/samp_3/0005_000013_冷静.wav	/root/autodl-tmp/CosyVoice_dev/examples/libritts/cosyvoice2/data/esd-emo-grpo/valid/receive/0005_000013_冷静.wav
/root/autodl-tmp/CosyVoice_dev/examples/libritts/cosyvoice2/data/esd-emo-grpo/valid/samp_3/0005_000014_冷静.wav	/root/autodl-tmp/CosyVoice_dev/examples/libritts/cosyvoice2/data/esd-emo-grpo/valid/receive/0005_000014_冷静.wav
/root/autodl-tmp/CosyVoice_dev/examples/libritts/cosyvoice2/data/esd-emo-grpo/valid/samp_3/0005_000015_冷静.wav	/root/autodl-tmp/CosyVoice_dev/examples/libritts/cosyvoice2/data/esd-emo-grpo/valid/receive/0005_000015_冷静.wav
/root/autodl-tmp/CosyVoice_dev/examples/libritts/cosyvoice2/data/esd-emo-grpo/valid/samp_3/0005_000016_冷静.wav	/root/autodl-tmp/CosyVoice_dev/examples/libritts/cosyvoice2/data/esd-emo-grpo/valid/receive/0005_000016_冷静.wav
/root/autodl-tmp/CosyVoice_dev/examples/libritts/cosyvoice2/data/esd-emo-grpo/valid/samp_3/0005_000017_冷静.wav	/root/autodl-tmp/CosyVoice_dev/examples/libritts/cosyvoice2/data/esd-emo-grpo/valid/receive/0005_000017_冷静.wav
/root/autodl-tmp/CosyVoice_dev/examples/libritts/cosyvoice2/data/esd-emo-grpo/valid/samp_3/0005_000018_冷静.wav	/root/autodl-tmp/CosyVoice_dev/examples/libritts/cosyvoice2/data/esd-emo-grpo/valid/receive/0005_000018_冷静.wav
/root/autodl-tmp/CosyVoice_dev/examples/libritts/cosyvoice2/data/esd-emo-grpo/valid/samp_3/0005_000019_冷静.wav	/root/autodl-tmp/CosyVoice_dev/examples/libritts/cosyvoice2/data/esd-emo-grpo/valid/receive/0005_000019_冷静.wav
/root/autodl-tmp/CosyVoice_dev/examples/libritts/cosyvoice2/data/esd-emo-grpo/valid/samp_3/0005_000020_冷静.wav	/root/autodl-tmp/CosyVoice_dev/examples/libritts/cosyvoice2/data/esd-emo-grpo/valid/receive/0005_000020_冷静.wav
/root/autodl-tmp/CosyVoice_dev/examples/libritts/cosyvoice2/data/esd-emo-grpo/valid/samp_3/0005_000351_生气.wav	/root/autodl-tmp/CosyVoice_dev/examples/libritts/cosyvoice2/data/esd-emo-grpo/valid/receive/0005_000351_生气.wav
/root/autodl-tmp/CosyVoice_dev/examples/libritts/cosyvoice2/data/esd-emo-grpo/valid/samp_3/0005_000352_生气.wav	/root/autodl-tmp/CosyVoice_dev/examples/libritts/cosyvoice2/data/esd-emo-grpo/valid/receive/0005_000352_生气.wav
/root/autodl-tmp/CosyVoice_dev/examples/libritts/cosyvoice2/data/esd-emo-grpo/valid/samp_3/0005_000353_生气.wav	/root/autodl-tmp/CosyVoice_dev/examples/libritts/cosyvoice2/data/esd-emo-grpo/valid/receive/0005_000353_生气.wav
/root/autodl-tmp/CosyVoice_dev/examples/libritts/cosyvoice2/data/esd-emo-grpo/valid/samp_3/0005_000354_生气.wav	/root/autodl-tmp/CosyVoice_dev/examples/libritts/cosyvoice2/data/esd-emo-grpo/valid/receive/0005_000354_生气.wav
/root/autodl-tmp/CosyVoice_dev/examples/libritts/cosyvoice2/data/esd-emo-grpo/valid/samp_3/0005_000355_生气.wav	/root/autodl-tmp/CosyVoice_dev/examples/libritts/cosyvoice2/data/esd-emo-grpo/valid/receive/0005_000355_生气.wav
/root/autodl-tmp/CosyVoice_dev/examples/libritts/cosyvoice2/data/esd-emo-grpo/valid/samp_3/0005_000356_生气.wav	/root/autodl-tmp/CosyVoice_dev/examples/libritts/cosyvoice2/data/esd-emo-grpo/valid/receive/0005_000356_生气.wav
/root/autodl-tmp/CosyVoice_dev/examples/libritts/cosyvoice2/data/esd-emo-grpo/valid/samp_3/0005_000357_生气.wav	/root/autodl-tmp/CosyVoice_dev/examples/libritts/cosyvoice2/data/esd-emo-grpo/valid/receive/0005_000357_生气.wav
/root/autodl-tmp/CosyVoice_dev/examples/libritts/cosyvoice2/data/esd-emo-grpo/valid/samp_3/0005_000358_生气.wav	/root/autodl-tmp/CosyVoice_dev/examples/libritts/cosyvoice2/data/esd-emo-grpo/valid/receive/0005_000358_生气.wav
/root/autodl-tmp/CosyVoice_dev/examples/libritts/cosyvoice2/data/esd-emo-grpo/valid/samp_3/0005_000359_生气.wav	/root/autodl-tmp/CosyVoice_dev/examples/libritts/cosyvoice2/data/esd-emo-grpo/valid/receive/0005_000359_生气.wav
/root/autodl-tmp/CosyVoice_dev/examples/libritts/cosyvoice2/data/esd-emo-grpo/valid/samp_3/0005_000360_生气.wav	/root/autodl-tmp/CosyVoice_dev/examples/libritts/cosyvoice2/data/esd-emo-grpo/valid/receive/0005_000360_生气.wav
/root/autodl-tmp/CosyVoice_dev/examples/libritts/cosyvoice2/data/esd-emo-grpo/valid/samp_3/0005_000361_生气.wav	/root/autodl-tmp/CosyVoice_dev/examples/libritts/cosyvoice2/data/esd-emo-grpo/valid/receive/0005_000361_生气.wav
/root/autodl-tmp/CosyVoice_dev/examples/libritts/cosyvoice2/data/esd-emo-grpo/valid/samp_3/0005_000362_生气.wav	/root/autodl-tmp/CosyVoice_dev/examples/libritts/cosyvoice2/data/esd-emo-grpo/valid/receive/0005_000362_生气.wav
/root/autodl-tmp/CosyVoice_dev/examples/libritts/cosyvoice2/data/esd-emo-grpo/valid/samp_3/0005_000363_生气.wav	/root/autodl-tmp/CosyVoice_dev/examples/libritts/cosyvoice2/data/esd-emo-grpo/valid/receive/0005_000363_生气.wav
/root/autodl-tmp/CosyVoice_dev/examples/libritts/cosyvoice2/data/esd-emo-grpo/valid/samp_3/0005_000364_生气.wav	/root/autodl-tmp/CosyVoice_dev/examples/libritts/cosyvoice2/data/esd-emo-grpo/valid/receive/0005_000364_生气.wav
/root/autodl-tmp/CosyVoice_dev/examples/libritts/cosyvoice2/data/esd-emo-grpo/valid/samp_3/0005_000365_生气.wav	/root/autodl-tmp/CosyVoice_dev/examples/libritts/cosyvoice2/data/esd-emo-grpo/valid/receive/0005_000365_生气.wav
/root/autodl-tmp/CosyVoice_dev/examples/libritts/cosyvoice2/data/esd-emo-grpo/valid/samp_3/0005_000366_生气.wav	/root/autodl-tmp/CosyVoice_dev/examples/libritts/cosyvoice2/data/esd-emo-grpo/valid/receive/0005_000366_生气.wav
/root/autodl-tmp/CosyVoice_dev/examples/libritts/cosyvoice2/data/esd-emo-grpo/valid/samp_3/0005_000367_生气.wav	/root/autodl-tmp/CosyVoice_dev/examples/libritts/cosyvoice2/data/esd-emo-grpo/valid/receive/0005_000367_生气.wav
/root/autodl-tmp/CosyVoice_dev/examples/libritts/cosyvoice2/data/esd-emo-grpo/valid/samp_3/0005_000368_生气.wav	/root/autodl-tmp/CosyVoice_dev/examples/libritts/cosyvoice2/data/esd-emo-grpo/valid/receive/0005_000368_生气.wav
/root/autodl-tmp/CosyVoice_dev/examples/libritts/cosyvoice2/data/esd-emo-grpo/valid/samp_3/0005_000369_生气.wav	/root/autodl-tmp/CosyVoice_dev/examples/libritts/cosyvoice2/data/esd-emo-grpo/valid/receive/0005_000369_生气.wav
/root/autodl-tmp/CosyVoice_dev/examples/libritts/cosyvoice2/data/esd-emo-grpo/valid/samp_3/0005_000370_生气.wav	/root/autodl-tmp/CosyVoice_dev/examples/libritts/cosyvoice2/data/esd-emo-grpo/valid/receive/0005_000370_生气.wav
/root/autodl-tmp/CosyVoice_dev/examples/libritts/cosyvoice2/data/esd-emo-grpo/valid/samp_3/0006_000701_快乐.wav	/root/autodl-tmp/CosyVoice_dev/examples/libritts/cosyvoice2/data/esd-emo-grpo/valid/receive/0006_000701_快乐.wav
/root/autodl-tmp/CosyVoice_dev/examples/libritts/cosyvoice2/data/esd-emo-grpo/valid/samp_3/0006_000702_快乐.wav	/root/autodl-tmp/CosyVoice_dev/examples/libritts/cosyvoice2/data/esd-emo-grpo/valid/receive/0006_000702_快乐.wav
/root/autodl-tmp/CosyVoice_dev/examples/libritts/cosyvoice2/data/esd-emo-grpo/valid/samp_3/0006_000703_快乐.wav	/root/autodl-tmp/CosyVoice_dev/examples/libritts/cosyvoice2/data/esd-emo-grpo/valid/receive/0006_000703_快乐.wav
/root/autodl-tmp/CosyVoice_dev/examples/libritts/cosyvoice2/data/esd-emo-grpo/valid/samp_3/0006_000704_快乐.wav	/root/autodl-tmp/CosyVoice_dev/examples/libritts/cosyvoice2/data/esd-emo-grpo/valid/receive/0006_000704_快乐.wav
/root/autodl-tmp/CosyVoice_dev/examples/libritts/cosyvoice2/data/esd-emo-grpo/valid/samp_3/0006_000705_快乐.wav	/root/autodl-tmp/CosyVoice_dev/examples/libritts/cosyvoice2/data/esd-emo-grpo/valid/receive/0006_000705_快乐.wav
/root/autodl-tmp/CosyVoice_dev/examples/libritts/cosyvoice2/data/esd-emo-grpo/valid/samp_3/0006_000706_快乐.wav	/root/autodl-tmp/CosyVoice_dev/examples/libritts/cosyvoice2/data/esd-emo-grpo/valid/receive/0006_000706_快乐.wav
/root/autodl-tmp/CosyVoice_dev/examples/libritts/cosyvoice2/data/esd-emo-grpo/valid/samp_3/0006_000707_快乐.wav	/root/autodl-tmp/CosyVoice_dev/examples/libritts/cosyvoice2/data/esd-emo-grpo/valid/receive/0006_000707_快乐.wav
/root/autodl-tmp/CosyVoice_dev/examples/libritts/cosyvoice2/data/esd-emo-grpo/valid/samp_3/0006_000708_快乐.wav	/root/autodl-tmp/CosyVoice_dev/examples/libritts/cosyvoice2/data/esd-emo-grpo/valid/receive/0006_000708_快乐.wav
/root/autodl-tmp/CosyVoice_dev/examples/libritts/cosyvoice2/data/esd-emo-grpo/valid/samp_3/0006_000709_快乐.wav	/root/autodl-tmp/CosyVoice_dev/examples/libritts/cosyvoice2/data/esd-emo-grpo/valid/receive/0006_000709_快乐.wav
/root/autodl-tmp/CosyVoice_dev/examples/libritts/cosyvoice2/data/esd-emo-grpo/valid/samp_3/0006_000710_快乐.wav	/root/autodl-tmp/CosyVoice_dev/examples/libritts/cosyvoice2/data/esd-emo-grpo/valid/receive/0006_000710_快乐.wav
/root/autodl-tmp/CosyVoice_dev/examples/libritts/cosyvoice2/data/esd-emo-grpo/valid/samp_3/0006_000711_快乐.wav	/root/autodl-tmp/CosyVoice_dev/examples/libritts/cosyvoice2/data/esd-emo-grpo/valid/receive/0006_000711_快乐.wav
/root/autodl-tmp/CosyVoice_dev/examples/libritts/cosyvoice2/data/esd-emo-grpo/valid/samp_3/0006_000712_快乐.wav	/root/autodl-tmp/CosyVoice_dev/examples/libritts/cosyvoice2/data/esd-emo-grpo/valid/receive/0006_000712_快乐.wav
/root/autodl-tmp/CosyVoice_dev/examples/libritts/cosyvoice2/data/esd-emo-grpo/valid/samp_3/0006_000713_快乐.wav	/root/autodl-tmp/CosyVoice_dev/examples/libritts/cosyvoice2/data/esd-emo-grpo/valid/receive/0006_000713_快乐.wav
/root/autodl-tmp/CosyVoice_dev/examples/libritts/cosyvoice2/data/esd-emo-grpo/valid/samp_3/0006_000714_快乐.wav	/root/autodl-tmp/CosyVoice_dev/examples/libritts/cosyvoice2/data/esd-emo-grpo/valid/receive/0006_000714_快乐.wav
/root/autodl-tmp/CosyVoice_dev/examples/libritts/cosyvoice2/data/esd-emo-grpo/valid/samp_3/0006_000715_快乐.wav	/root/autodl-tmp/CosyVoice_dev/examples/libritts/cosyvoice2/data/esd-emo-grpo/valid/receive/0006_000715_快乐.wav
/root/autodl-tmp/CosyVoice_dev/examples/libritts/cosyvoice2/data/esd-emo-grpo/valid/samp_3/0006_000716_快乐.wav	/root/autodl-tmp/CosyVoice_dev/examples/libritts/cosyvoice2/data/esd-emo-grpo/valid/receive/0006_000716_快乐.wav
/root/autodl-tmp/CosyVoice_dev/examples/libritts/cosyvoice2/data/esd-emo-grpo/valid/samp_3/0006_000717_快乐.wav	/root/autodl-tmp/CosyVoice_dev/examples/libritts/cosyvoice2/data/esd-emo-grpo/valid/receive/0006_000717_快乐.wav
/root/autodl-tmp/CosyVoice_dev/examples/libritts/cosyvoice2/data/esd-emo-grpo/valid/samp_3/0006_000718_快乐.wav	/root/autodl-tmp/CosyVoice_dev/examples/libritts/cosyvoice2/data/esd-emo-grpo/valid/receive/0006_000718_快乐.wav
/root/autodl-tmp/CosyVoice_dev/examples/libritts/cosyvoice2/data/esd-emo-grpo/valid/samp_3/0006_000719_快乐.wav	/root/autodl-tmp/CosyVoice_dev/examples/libritts/cosyvoice2/data/esd-emo-grpo/valid/receive/0006_000719_快乐.wav
/root/autodl-tmp/CosyVoice_dev/examples/libritts/cosyvoice2/data/esd-emo-grpo/valid/samp_3/0006_000720_快乐.wav	/root/autodl-tmp/CosyVoice_dev/examples/libritts/cosyvoice2/data/esd-emo-grpo/valid/receive/0006_000720_快乐.wav
/root/autodl-tmp/CosyVoice_dev/examples/libritts/cosyvoice2/data/esd-emo-grpo/valid/samp_3/0006_001051_伤心.wav	/root/autodl-tmp/CosyVoice_dev/examples/libritts/cosyvoice2/data/esd-emo-grpo/valid/receive/0006_001051_伤心.wav
/root/autodl-tmp/CosyVoice_dev/examples/libritts/cosyvoice2/data/esd-emo-grpo/valid/samp_3/0006_001052_伤心.wav	/root/autodl-tmp/CosyVoice_dev/examples/libritts/cosyvoice2/data/esd-emo-grpo/valid/receive/0006_001052_伤心.wav
/root/autodl-tmp/CosyVoice_dev/examples/libritts/cosyvoice2/data/esd-emo-grpo/valid/samp_3/0006_001053_伤心.wav	/root/autodl-tmp/CosyVoice_dev/examples/libritts/cosyvoice2/data/esd-emo-grpo/valid/receive/0006_001053_伤心.wav
/root/autodl-tmp/CosyVoice_dev/examples/libritts/cosyvoice2/data/esd-emo-grpo/valid/samp_3/0006_001054_伤心.wav	/root/autodl-tmp/CosyVoice_dev/examples/libritts/cosyvoice2/data/esd-emo-grpo/valid/receive/0006_001054_伤心.wav
/root/autodl-tmp/CosyVoice_dev/examples/libritts/cosyvoice2/data/esd-emo-grpo/valid/samp_3/0006_001055_伤心.wav	/root/autodl-tmp/CosyVoice_dev/examples/libritts/cosyvoice2/data/esd-emo-grpo/valid/receive/0006_001055_伤心.wav
/root/autodl-tmp/CosyVoice_dev/examples/libritts/cosyvoice2/data/esd-emo-grpo/valid/samp_3/0006_001056_伤心.wav	/root/autodl-tmp/CosyVoice_dev/examples/libritts/cosyvoice2/data/esd-emo-grpo/valid/receive/0006_001056_伤心.wav
/root/autodl-tmp/CosyVoice_dev/examples/libritts/cosyvoice2/data/esd-emo-grpo/valid/samp_3/0006_001057_伤心.wav	/root/autodl-tmp/CosyVoice_dev/examples/libritts/cosyvoice2/data/esd-emo-grpo/valid/receive/0006_001057_伤心.wav
/root/autodl-tmp/CosyVoice_dev/examples/libritts/cosyvoice2/data/esd-emo-grpo/valid/samp_3/0006_001058_伤心.wav	/root/autodl-tmp/CosyVoice_dev/examples/libritts/cosyvoice2/data/esd-emo-grpo/valid/receive/0006_001058_伤心.wav
/root/autodl-tmp/CosyVoice_dev/examples/libritts/cosyvoice2/data/esd-emo-grpo/valid/samp_3/0005_000701_快乐.wav	/root/autodl-tmp/CosyVoice_dev/examples/libritts/cosyvoice2/data/esd-emo-grpo/valid/receive/0005_000701_快乐.wav
/root/autodl-tmp/CosyVoice_dev/examples/libritts/cosyvoice2/data/esd-emo-grpo/valid/samp_3/0005_000702_快乐.wav	/root/autodl-tmp/CosyVoice_dev/examples/libritts/cosyvoice2/data/esd-emo-grpo/valid/receive/0005_000702_快乐.wav
/root/autodl-tmp/CosyVoice_dev/examples/libritts/cosyvoice2/data/esd-emo-grpo/valid/samp_3/0005_000703_快乐.wav	/root/autodl-tmp/CosyVoice_dev/examples/libritts/cosyvoice2/data/esd-emo-grpo/valid/receive/0005_000703_快乐.wav
/root/autodl-tmp/CosyVoice_dev/examples/libritts/cosyvoice2/data/esd-emo-grpo/valid/samp_3/0005_000704_快乐.wav	/root/autodl-tmp/CosyVoice_dev/examples/libritts/cosyvoice2/data/esd-emo-grpo/valid/receive/0005_000704_快乐.wav
/root/autodl-tmp/CosyVoice_dev/examples/libritts/cosyvoice2/data/esd-emo-grpo/valid/samp_3/0005_000705_快乐.wav	/root/autodl-tmp/CosyVoice_dev/examples/libritts/cosyvoice2/data/esd-emo-grpo/valid/receive/0005_000705_快乐.wav
/root/autodl-tmp/CosyVoice_dev/examples/libritts/cosyvoice2/data/esd-emo-grpo/valid/samp_3/0005_000706_快乐.wav	/root/autodl-tmp/CosyVoice_dev/examples/libritts/cosyvoice2/data/esd-emo-grpo/valid/receive/0005_000706_快乐.wav
/root/autodl-tmp/CosyVoice_dev/examples/libritts/cosyvoice2/data/esd-emo-grpo/valid/samp_3/0005_000707_快乐.wav	/root/autodl-tmp/CosyVoice_dev/examples/libritts/cosyvoice2/data/esd-emo-grpo/valid/receive/0005_000707_快乐.wav
/root/autodl-tmp/CosyVoice_dev/examples/libritts/cosyvoice2/data/esd-emo-grpo/valid/samp_3/0005_000708_快乐.wav	/root/autodl-tmp/CosyVoice_dev/examples/libritts/cosyvoice2/data/esd-emo-grpo/valid/receive/0005_000708_快乐.wav
/root/autodl-tmp/CosyVoice_dev/examples/libritts/cosyvoice2/data/esd-emo-grpo/valid/samp_3/0005_000709_快乐.wav	/root/autodl-tmp/CosyVoice_dev/examples/libritts/cosyvoice2/data/esd-emo-grpo/valid/receive/0005_000709_快乐.wav
/root/autodl-tmp/CosyVoice_dev/examples/libritts/cosyvoice2/data/esd-emo-grpo/valid/samp_3/0005_000710_快乐.wav	/root/autodl-tmp/CosyVoice_dev/examples/libritts/cosyvoice2/data/esd-emo-grpo/valid/receive/0005_000710_快乐.wav
/root/autodl-tmp/CosyVoice_dev/examples/libritts/cosyvoice2/data/esd-emo-grpo/valid/samp_3/0005_000711_快乐.wav	/root/autodl-tmp/CosyVoice_dev/examples/libritts/cosyvoice2/data/esd-emo-grpo/valid/receive/0005_000711_快乐.wav
/root/autodl-tmp/CosyVoice_dev/examples/libritts/cosyvoice2/data/esd-emo-grpo/valid/samp_3/0005_000712_快乐.wav	/root/autodl-tmp/CosyVoice_dev/examples/libritts/cosyvoice2/data/esd-emo-grpo/valid/receive/0005_000712_快乐.wav
/root/autodl-tmp/CosyVoice_dev/examples/libritts/cosyvoice2/data/esd-emo-grpo/valid/samp_3/0005_000713_快乐.wav	/root/autodl-tmp/CosyVoice_dev/examples/libritts/cosyvoice2/data/esd-emo-grpo/valid/receive/0005_000713_快乐.wav
/root/autodl-tmp/CosyVoice_dev/examples/libritts/cosyvoice2/data/esd-emo-grpo/valid/samp_3/0005_000714_快乐.wav	/root/autodl-tmp/CosyVoice_dev/examples/libritts/cosyvoice2/data/esd-emo-grpo/valid/receive/0005_000714_快乐.wav
/root/autodl-tmp/CosyVoice_dev/examples/libritts/cosyvoice2/data/esd-emo-grpo/valid/samp_3/0005_000715_快乐.wav	/root/autodl-tmp/CosyVoice_dev/examples/libritts/cosyvoice2/data/esd-emo-grpo/valid/receive/0005_000715_快乐.wav
/root/autodl-tmp/CosyVoice_dev/examples/libritts/cosyvoice2/data/esd-emo-grpo/valid/samp_3/0005_000716_快乐.wav	/root/autodl-tmp/CosyVoice_dev/examples/libritts/cosyvoice2/data/esd-emo-grpo/valid/receive/0005_000716_快乐.wav
/root/autodl-tmp/CosyVoice_dev/examples/libritts/cosyvoice2/data/esd-emo-grpo/valid/samp_3/0005_000717_快乐.wav	/root/autodl-tmp/CosyVoice_dev/examples/libritts/cosyvoice2/data/esd-emo-grpo/valid/receive/0005_000717_快乐.wav
/root/autodl-tmp/CosyVoice_dev/examples/libritts/cosyvoice2/data/esd-emo-grpo/valid/samp_3/0005_000718_快乐.wav	/root/autodl-tmp/CosyVoice_dev/examples/libritts/cosyvoice2/data/esd-emo-grpo/valid/receive/0005_000718_快乐.wav
/root/autodl-tmp/CosyVoice_dev/examples/libritts/cosyvoice2/data/esd-emo-grpo/valid/samp_3/0005_000719_快乐.wav	/root/autodl-tmp/CosyVoice_dev/examples/libritts/cosyvoice2/data/esd-emo-grpo/valid/receive/0005_000719_快乐.wav
/root/autodl-tmp/CosyVoice_dev/examples/libritts/cosyvoice2/data/esd-emo-grpo/valid/samp_3/0005_000720_快乐.wav	/root/autodl-tmp/CosyVoice_dev/examples/libritts/cosyvoice2/data/esd-emo-grpo/valid/receive/0005_000720_快乐.wav
/root/autodl-tmp/CosyVoice_dev/examples/libritts/cosyvoice2/data/esd-emo-grpo/valid/samp_3/0005_001051_伤心.wav	/root/autodl-tmp/CosyVoice_dev/examples/libritts/cosyvoice2/data/esd-emo-grpo/valid/receive/0005_001051_伤心.wav
/root/autodl-tmp/CosyVoice_dev/examples/libritts/cosyvoice2/data/esd-emo-grpo/valid/samp_3/0005_001052_伤心.wav	/root/autodl-tmp/CosyVoice_dev/examples/libritts/cosyvoice2/data/esd-emo-grpo/valid/receive/0005_001052_伤心.wav
/root/autodl-tmp/CosyVoice_dev/examples/libritts/cosyvoice2/data/esd-emo-grpo/valid/samp_3/0005_001053_伤心.wav	/root/autodl-tmp/CosyVoice_dev/examples/libritts/cosyvoice2/data/esd-emo-grpo/valid/receive/0005_001053_伤心.wav
/root/autodl-tmp/CosyVoice_dev/examples/libritts/cosyvoice2/data/esd-emo-grpo/valid/samp_3/0005_001054_伤心.wav	/root/autodl-tmp/CosyVoice_dev/examples/libritts/cosyvoice2/data/esd-emo-grpo/valid/receive/0005_001054_伤心.wav
/root/autodl-tmp/CosyVoice_dev/examples/libritts/cosyvoice2/data/esd-emo-grpo/valid/samp_3/0005_001055_伤心.wav	/root/autodl-tmp/CosyVoice_dev/examples/libritts/cosyvoice2/data/esd-emo-grpo/valid/receive/0005_001055_伤心.wav
/root/autodl-tmp/CosyVoice_dev/examples/libritts/cosyvoice2/data/esd-emo-grpo/valid/samp_3/0005_001056_伤心.wav	/root/autodl-tmp/CosyVoice_dev/examples/libritts/cosyvoice2/data/esd-emo-grpo/valid/receive/0005_001056_伤心.wav
/root/autodl-tmp/CosyVoice_dev/examples/libritts/cosyvoice2/data/esd-emo-grpo/valid/samp_3/0005_001057_伤心.wav	/root/autodl-tmp/CosyVoice_dev/examples/libritts/cosyvoice2/data/esd-emo-grpo/valid/receive/0005_001057_伤心.wav
/root/autodl-tmp/CosyVoice_dev/examples/libritts/cosyvoice2/data/esd-emo-grpo/valid/samp_3/0005_001058_伤心.wav	/root/autodl-tmp/CosyVoice_dev/examples/libritts/cosyvoice2/data/esd-emo-grpo/valid/receive/0005_001058_伤心.wav
/root/autodl-tmp/CosyVoice_dev/examples/libritts/cosyvoice2/data/esd-emo-grpo/valid/samp_3/0005_001059_伤心.wav	/root/autodl-tmp/CosyVoice_dev/examples/libritts/cosyvoice2/data/esd-emo-grpo/valid/receive/0005_001059_伤心.wav
/root/autodl-tmp/CosyVoice_dev/examples/libritts/cosyvoice2/data/esd-emo-grpo/valid/samp_3/0005_001060_伤心.wav	/root/autodl-tmp/CosyVoice_dev/examples/libritts/cosyvoice2/data/esd-emo-grpo/valid/receive/0005_001060_伤心.wav
/root/autodl-tmp/CosyVoice_dev/examples/libritts/cosyvoice2/data/esd-emo-grpo/valid/samp_3/0005_001061_伤心.wav	/root/autodl-tmp/CosyVoice_dev/examples/libritts/cosyvoice2/data/esd-emo-grpo/valid/receive/0005_001061_伤心.wav
/root/autodl-tmp/CosyVoice_dev/examples/libritts/cosyvoice2/data/esd-emo-grpo/valid/samp_3/0005_001062_伤心.wav	/root/autodl-tmp/CosyVoice_dev/examples/libritts/cosyvoice2/data/esd-emo-grpo/valid/receive/0005_001062_伤心.wav
/root/autodl-tmp/CosyVoice_dev/examples/libritts/cosyvoice2/data/esd-emo-grpo/valid/samp_3/0006_001059_伤心.wav	/root/autodl-tmp/CosyVoice_dev/examples/libritts/cosyvoice2/data/esd-emo-grpo/valid/receive/0006_001059_伤心.wav
/root/autodl-tmp/CosyVoice_dev/examples/libritts/cosyvoice2/data/esd-emo-grpo/valid/samp_3/0006_001060_伤心.wav	/root/autodl-tmp/CosyVoice_dev/examples/libritts/cosyvoice2/data/esd-emo-grpo/valid/receive/0006_001060_伤心.wav
/root/autodl-tmp/CosyVoice_dev/examples/libritts/cosyvoice2/data/esd-emo-grpo/valid/samp_3/0006_001061_伤心.wav	/root/autodl-tmp/CosyVoice_dev/examples/libritts/cosyvoice2/data/esd-emo-grpo/valid/receive/0006_001061_伤心.wav
/root/autodl-tmp/CosyVoice_dev/examples/libritts/cosyvoice2/data/esd-emo-grpo/valid/samp_3/0006_001062_伤心.wav	/root/autodl-tmp/CosyVoice_dev/examples/libritts/cosyvoice2/data/esd-emo-grpo/valid/receive/0006_001062_伤心.wav
/root/autodl-tmp/CosyVoice_dev/examples/libritts/cosyvoice2/data/esd-emo-grpo/valid/samp_3/0006_001063_伤心.wav	/root/autodl-tmp/CosyVoice_dev/examples/libritts/cosyvoice2/data/esd-emo-grpo/valid/receive/0006_001063_伤心.wav
/root/autodl-tmp/CosyVoice_dev/examples/libritts/cosyvoice2/data/esd-emo-grpo/valid/samp_3/0006_001064_伤心.wav	/root/autodl-tmp/CosyVoice_dev/examples/libritts/cosyvoice2/data/esd-emo-grpo/valid/receive/0006_001064_伤心.wav
/root/autodl-tmp/CosyVoice_dev/examples/libritts/cosyvoice2/data/esd-emo-grpo/valid/samp_3/0006_001065_伤心.wav	/root/autodl-tmp/CosyVoice_dev/examples/libritts/cosyvoice2/data/esd-emo-grpo/valid/receive/0006_001065_伤心.wav
/root/autodl-tmp/CosyVoice_dev/examples/libritts/cosyvoice2/data/esd-emo-grpo/valid/samp_3/0006_001066_伤心.wav	/root/autodl-tmp/CosyVoice_dev/examples/libritts/cosyvoice2/data/esd-emo-grpo/valid/receive/0006_001066_伤心.wav
/root/autodl-tmp/CosyVoice_dev/examples/libritts/cosyvoice2/data/esd-emo-grpo/valid/samp_3/0006_001067_伤心.wav	/root/autodl-tmp/CosyVoice_dev/examples/libritts/cosyvoice2/data/esd-emo-grpo/valid/receive/0006_001067_伤心.wav
/root/autodl-tmp/CosyVoice_dev/examples/libritts/cosyvoice2/data/esd-emo-grpo/valid/samp_3/0006_001068_伤心.wav	/root/autodl-tmp/CosyVoice_dev/examples/libritts/cosyvoice2/data/esd-emo-grpo/valid/receive/0006_001068_伤心.wav
/root/autodl-tmp/CosyVoice_dev/examples/libritts/cosyvoice2/data/esd-emo-grpo/valid/samp_3/0006_001069_伤心.wav	/root/autodl-tmp/CosyVoice_dev/examples/libritts/cosyvoice2/data/esd-emo-grpo/valid/receive/0006_001069_伤心.wav
/root/autodl-tmp/CosyVoice_dev/examples/libritts/cosyvoice2/data/esd-emo-grpo/valid/samp_3/0006_001070_伤心.wav	/root/autodl-tmp/CosyVoice_dev/examples/libritts/cosyvoice2/data/esd-emo-grpo/valid/receive/0006_001070_伤心.wav
/root/autodl-tmp/CosyVoice_dev/examples/libritts/cosyvoice2/data/esd-emo-grpo/valid/samp_3/0006_001401_惊喜.wav	/root/autodl-tmp/CosyVoice_dev/examples/libritts/cosyvoice2/data/esd-emo-grpo/valid/receive/0006_001401_惊喜.wav
/root/autodl-tmp/CosyVoice_dev/examples/libritts/cosyvoice2/data/esd-emo-grpo/valid/samp_3/0006_001402_惊喜.wav	/root/autodl-tmp/CosyVoice_dev/examples/libritts/cosyvoice2/data/esd-emo-grpo/valid/receive/0006_001402_惊喜.wav
/root/autodl-tmp/CosyVoice_dev/examples/libritts/cosyvoice2/data/esd-emo-grpo/valid/samp_3/0006_001403_惊喜.wav	/root/autodl-tmp/CosyVoice_dev/examples/libritts/cosyvoice2/data/esd-emo-grpo/valid/receive/0006_001403_惊喜.wav
/root/autodl-tmp/CosyVoice_dev/examples/libritts/cosyvoice2/data/esd-emo-grpo/valid/samp_3/0006_001404_惊喜.wav	/root/autodl-tmp/CosyVoice_dev/examples/libritts/cosyvoice2/data/esd-emo-grpo/valid/receive/0006_001404_惊喜.wav
/root/autodl-tmp/CosyVoice_dev/examples/libritts/cosyvoice2/data/esd-emo-grpo/valid/samp_3/0006_001405_惊喜.wav	/root/autodl-tmp/CosyVoice_dev/examples/libritts/cosyvoice2/data/esd-emo-grpo/valid/receive/0006_001405_惊喜.wav
/root/autodl-tmp/CosyVoice_dev/examples/libritts/cosyvoice2/data/esd-emo-grpo/valid/samp_3/0006_001406_惊喜.wav	/root/autodl-tmp/CosyVoice_dev/examples/libritts/cosyvoice2/data/esd-emo-grpo/valid/receive/0006_001406_惊喜.wav
/root/autodl-tmp/CosyVoice_dev/examples/libritts/cosyvoice2/data/esd-emo-grpo/valid/samp_3/0006_001407_惊喜.wav	/root/autodl-tmp/CosyVoice_dev/examples/libritts/cosyvoice2/data/esd-emo-grpo/valid/receive/0006_001407_惊喜.wav
/root/autodl-tmp/CosyVoice_dev/examples/libritts/cosyvoice2/data/esd-emo-grpo/valid/samp_3/0006_001408_惊喜.wav	/root/autodl-tmp/CosyVoice_dev/examples/libritts/cosyvoice2/data/esd-emo-grpo/valid/receive/0006_001408_惊喜.wav
/root/autodl-tmp/CosyVoice_dev/examples/libritts/cosyvoice2/data/esd-emo-grpo/valid/samp_3/0006_001409_惊喜.wav	/root/autodl-tmp/CosyVoice_dev/examples/libritts/cosyvoice2/data/esd-emo-grpo/valid/receive/0006_001409_惊喜.wav
/root/autodl-tmp/CosyVoice_dev/examples/libritts/cosyvoice2/data/esd-emo-grpo/valid/samp_3/0006_001410_惊喜.wav	/root/autodl-tmp/CosyVoice_dev/examples/libritts/cosyvoice2/data/esd-emo-grpo/valid/receive/0006_001410_惊喜.wav
/root/autodl-tmp/CosyVoice_dev/examples/libritts/cosyvoice2/data/esd-emo-grpo/valid/samp_3/0006_001411_惊喜.wav	/root/autodl-tmp/CosyVoice_dev/examples/libritts/cosyvoice2/data/esd-emo-grpo/valid/receive/0006_001411_惊喜.wav
/root/autodl-tmp/CosyVoice_dev/examples/libritts/cosyvoice2/data/esd-emo-grpo/valid/samp_3/0006_001412_惊喜.wav	/root/autodl-tmp/CosyVoice_dev/examples/libritts/cosyvoice2/data/esd-emo-grpo/valid/receive/0006_001412_惊喜.wav
/root/autodl-tmp/CosyVoice_dev/examples/libritts/cosyvoice2/data/esd-emo-grpo/valid/samp_3/0006_001413_惊喜.wav	/root/autodl-tmp/CosyVoice_dev/examples/libritts/cosyvoice2/data/esd-emo-grpo/valid/receive/0006_001413_惊喜.wav
/root/autodl-tmp/CosyVoice_dev/examples/libritts/cosyvoice2/data/esd-emo-grpo/valid/samp_3/0006_001414_惊喜.wav	/root/autodl-tmp/CosyVoice_dev/examples/libritts/cosyvoice2/data/esd-emo-grpo/valid/receive/0006_001414_惊喜.wav
/root/autodl-tmp/CosyVoice_dev/examples/libritts/cosyvoice2/data/esd-emo-grpo/valid/samp_3/0006_001415_惊喜.wav	/root/autodl-tmp/CosyVoice_dev/examples/libritts/cosyvoice2/data/esd-emo-grpo/valid/receive/0006_001415_惊喜.wav
/root/autodl-tmp/CosyVoice_dev/examples/libritts/cosyvoice2/data/esd-emo-grpo/valid/samp_3/0006_001416_惊喜.wav	/root/autodl-tmp/CosyVoice_dev/examples/libritts/cosyvoice2/data/esd-emo-grpo/valid/receive/0006_001416_惊喜.wav
/root/autodl-tmp/CosyVoice_dev/examples/libritts/cosyvoice2/data/esd-emo-grpo/valid/samp_3/0006_001417_惊喜.wav	/root/autodl-tmp/CosyVoice_dev/examples/libritts/cosyvoice2/data/esd-emo-grpo/valid/receive/0006_001417_惊喜.wav
/root/autodl-tmp/CosyVoice_dev/examples/libritts/cosyvoice2/data/esd-emo-grpo/valid/samp_3/0006_001418_惊喜.wav	/root/autodl-tmp/CosyVoice_dev/examples/libritts/cosyvoice2/data/esd-emo-grpo/valid/receive/0006_001418_惊喜.wav
/root/autodl-tmp/CosyVoice_dev/examples/libritts/cosyvoice2/data/esd-emo-grpo/valid/samp_3/0006_001419_惊喜.wav	/root/autodl-tmp/CosyVoice_dev/examples/libritts/cosyvoice2/data/esd-emo-grpo/valid/receive/0006_001419_惊喜.wav
/root/autodl-tmp/CosyVoice_dev/examples/libritts/cosyvoice2/data/esd-emo-grpo/valid/samp_3/0006_001420_惊喜.wav	/root/autodl-tmp/CosyVoice_dev/examples/libritts/cosyvoice2/data/esd-emo-grpo/valid/receive/0006_001420_惊喜.wav
/root/autodl-tmp/CosyVoice_dev/examples/libritts/cosyvoice2/data/esd-emo-grpo/valid/samp_3/0006_000001_冷静.wav	/root/autodl-tmp/CosyVoice_dev/examples/libritts/cosyvoice2/data/esd-emo-grpo/valid/receive/0006_000001_冷静.wav
/root/autodl-tmp/CosyVoice_dev/examples/libritts/cosyvoice2/data/esd-emo-grpo/valid/samp_3/0006_000002_冷静.wav	/root/autodl-tmp/CosyVoice_dev/examples/libritts/cosyvoice2/data/esd-emo-grpo/valid/receive/0006_000002_冷静.wav
/root/autodl-tmp/CosyVoice_dev/examples/libritts/cosyvoice2/data/esd-emo-grpo/valid/samp_3/0006_000003_冷静.wav	/root/autodl-tmp/CosyVoice_dev/examples/libritts/cosyvoice2/data/esd-emo-grpo/valid/receive/0006_000003_冷静.wav
/root/autodl-tmp/CosyVoice_dev/examples/libritts/cosyvoice2/data/esd-emo-grpo/valid/samp_3/0006_000004_冷静.wav	/root/autodl-tmp/CosyVoice_dev/examples/libritts/cosyvoice2/data/esd-emo-grpo/valid/receive/0006_000004_冷静.wav
/root/autodl-tmp/CosyVoice_dev/examples/libritts/cosyvoice2/data/esd-emo-grpo/valid/samp_3/0006_000005_冷静.wav	/root/autodl-tmp/CosyVoice_dev/examples/libritts/cosyvoice2/data/esd-emo-grpo/valid/receive/0006_000005_冷静.wav
/root/autodl-tmp/CosyVoice_dev/examples/libritts/cosyvoice2/data/esd-emo-grpo/valid/samp_3/0006_000006_冷静.wav	/root/autodl-tmp/CosyVoice_dev/examples/libritts/cosyvoice2/data/esd-emo-grpo/valid/receive/0006_000006_冷静.wav
/root/autodl-tmp/CosyVoice_dev/examples/libritts/cosyvoice2/data/esd-emo-grpo/valid/samp_3/0006_000007_冷静.wav	/root/autodl-tmp/CosyVoice_dev/examples/libritts/cosyvoice2/data/esd-emo-grpo/valid/receive/0006_000007_冷静.wav
/root/autodl-tmp/CosyVoice_dev/examples/libritts/cosyvoice2/data/esd-emo-grpo/valid/samp_3/0006_000008_冷静.wav	/root/autodl-tmp/CosyVoice_dev/examples/libritts/cosyvoice2/data/esd-emo-grpo/valid/receive/0006_000008_冷静.wav
/root/autodl-tmp/CosyVoice_dev/examples/libritts/cosyvoice2/data/esd-emo-grpo/valid/samp_3/0006_000009_冷静.wav	/root/autodl-tmp/CosyVoice_dev/examples/libritts/cosyvoice2/data/esd-emo-grpo/valid/receive/0006_000009_冷静.wav
/root/autodl-tmp/CosyVoice_dev/examples/libritts/cosyvoice2/data/esd-emo-grpo/valid/samp_3/0006_000010_冷静.wav	/root/autodl-tmp/CosyVoice_dev/examples/libritts/cosyvoice2/data/esd-emo-grpo/valid/receive/0006_000010_冷静.wav
/root/autodl-tmp/CosyVoice_dev/examples/libritts/cosyvoice2/data/esd-emo-grpo/valid/samp_3/0006_000011_冷静.wav	/root/autodl-tmp/CosyVoice_dev/examples/libritts/cosyvoice2/data/esd-emo-grpo/valid/receive/0006_000011_冷静.wav
/root/autodl-tmp/CosyVoice_dev/examples/libritts/cosyvoice2/data/esd-emo-grpo/valid/samp_3/0006_000012_冷静.wav	/root/autodl-tmp/CosyVoice_dev/examples/libritts/cosyvoice2/data/esd-emo-grpo/valid/receive/0006_000012_冷静.wav
/root/autodl-tmp/CosyVoice_dev/examples/libritts/cosyvoice2/data/esd-emo-grpo/valid/samp_3/0006_000013_冷静.wav	/root/autodl-tmp/CosyVoice_dev/examples/libritts/cosyvoice2/data/esd-emo-grpo/valid/receive/0006_000013_冷静.wav
/root/autodl-tmp/CosyVoice_dev/examples/libritts/cosyvoice2/data/esd-emo-grpo/valid/samp_3/0006_000014_冷静.wav	/root/autodl-tmp/CosyVoice_dev/examples/libritts/cosyvoice2/data/esd-emo-grpo/valid/receive/0006_000014_冷静.wav
/root/autodl-tmp/CosyVoice_dev/examples/libritts/cosyvoice2/data/esd-emo-grpo/valid/samp_3/0006_000015_冷静.wav	/root/autodl-tmp/CosyVoice_dev/examples/libritts/cosyvoice2/data/esd-emo-grpo/valid/receive/0006_000015_冷静.wav
/root/autodl-tmp/CosyVoice_dev/examples/libritts/cosyvoice2/data/esd-emo-grpo/valid/samp_3/0006_000016_冷静.wav	/root/autodl-tmp/CosyVoice_dev/examples/libritts/cosyvoice2/data/esd-emo-grpo/valid/receive/0006_000016_冷静.wav
/root/autodl-tmp/CosyVoice_dev/examples/libritts/cosyvoice2/data/esd-emo-grpo/valid/samp_3/0006_000017_冷静.wav	/root/autodl-tmp/CosyVoice_dev/examples/libritts/cosyvoice2/data/esd-emo-grpo/valid/receive/0006_000017_冷静.wav
/root/autodl-tmp/CosyVoice_dev/examples/libritts/cosyvoice2/data/esd-emo-grpo/valid/samp_3/0006_000018_冷静.wav	/root/autodl-tmp/CosyVoice_dev/examples/libritts/cosyvoice2/data/esd-emo-grpo/valid/receive/0006_000018_冷静.wav
/root/autodl-tmp/CosyVoice_dev/examples/libritts/cosyvoice2/data/esd-emo-grpo/valid/samp_3/0006_000019_冷静.wav	/root/autodl-tmp/CosyVoice_dev/examples/libritts/cosyvoice2/data/esd-emo-grpo/valid/receive/0006_000019_冷静.wav
/root/autodl-tmp/CosyVoice_dev/examples/libritts/cosyvoice2/data/esd-emo-grpo/valid/samp_3/0006_000020_冷静.wav	/root/autodl-tmp/CosyVoice_dev/examples/libritts/cosyvoice2/data/esd-emo-grpo/valid/receive/0006_000020_冷静.wav
/root/autodl-tmp/CosyVoice_dev/examples/libritts/cosyvoice2/data/esd-emo-grpo/valid/samp_3/0006_000351_生气.wav	/root/autodl-tmp/CosyVoice_dev/examples/libritts/cosyvoice2/data/esd-emo-grpo/valid/receive/0006_000351_生气.wav
/root/autodl-tmp/CosyVoice_dev/examples/libritts/cosyvoice2/data/esd-emo-grpo/valid/samp_3/0006_000352_生气.wav	/root/autodl-tmp/CosyVoice_dev/examples/libritts/cosyvoice2/data/esd-emo-grpo/valid/receive/0006_000352_生气.wav
/root/autodl-tmp/CosyVoice_dev/examples/libritts/cosyvoice2/data/esd-emo-grpo/valid/samp_3/0006_000353_生气.wav	/root/autodl-tmp/CosyVoice_dev/examples/libritts/cosyvoice2/data/esd-emo-grpo/valid/receive/0006_000353_生气.wav
/root/autodl-tmp/CosyVoice_dev/examples/libritts/cosyvoice2/data/esd-emo-grpo/valid/samp_3/0006_000354_生气.wav	/root/autodl-tmp/CosyVoice_dev/examples/libritts/cosyvoice2/data/esd-emo-grpo/valid/receive/0006_000354_生气.wav
/root/autodl-tmp/CosyVoice_dev/examples/libritts/cosyvoice2/data/esd-emo-grpo/valid/samp_3/0006_000355_生气.wav	/root/autodl-tmp/CosyVoice_dev/examples/libritts/cosyvoice2/data/esd-emo-grpo/valid/receive/0006_000355_生气.wav
/root/autodl-tmp/CosyVoice_dev/examples/libritts/cosyvoice2/data/esd-emo-grpo/valid/samp_3/0006_000356_生气.wav	/root/autodl-tmp/CosyVoice_dev/examples/libritts/cosyvoice2/data/esd-emo-grpo/valid/receive/0006_000356_生气.wav
/root/autodl-tmp/CosyVoice_dev/examples/libritts/cosyvoice2/data/esd-emo-grpo/valid/samp_3/0006_000357_生气.wav	/root/autodl-tmp/CosyVoice_dev/examples/libritts/cosyvoice2/data/esd-emo-grpo/valid/receive/0006_000357_生气.wav
/root/autodl-tmp/CosyVoice_dev/examples/libritts/cosyvoice2/data/esd-emo-grpo/valid/samp_3/0006_000358_生气.wav	/root/autodl-tmp/CosyVoice_dev/examples/libritts/cosyvoice2/data/esd-emo-grpo/valid/receive/0006_000358_生气.wav
/root/autodl-tmp/CosyVoice_dev/examples/libritts/cosyvoice2/data/esd-emo-grpo/valid/samp_3/0006_000359_生气.wav	/root/autodl-tmp/CosyVoice_dev/examples/libritts/cosyvoice2/data/esd-emo-grpo/valid/receive/0006_000359_生气.wav
/root/autodl-tmp/CosyVoice_dev/examples/libritts/cosyvoice2/data/esd-emo-grpo/valid/samp_3/0006_000360_生气.wav	/root/autodl-tmp/CosyVoice_dev/examples/libritts/cosyvoice2/data/esd-emo-grpo/valid/receive/0006_000360_生气.wav
/root/autodl-tmp/CosyVoice_dev/examples/libritts/cosyvoice2/data/esd-emo-grpo/valid/samp_3/0006_000361_生气.wav	/root/autodl-tmp/CosyVoice_dev/examples/libritts/cosyvoice2/data/esd-emo-grpo/valid/receive/0006_000361_生气.wav
/root/autodl-tmp/CosyVoice_dev/examples/libritts/cosyvoice2/data/esd-emo-grpo/valid/samp_3/0006_000362_生气.wav	/root/autodl-tmp/CosyVoice_dev/examples/libritts/cosyvoice2/data/esd-emo-grpo/valid/receive/0006_000362_生气.wav
/root/autodl-tmp/CosyVoice_dev/examples/libritts/cosyvoice2/data/esd-emo-grpo/valid/samp_3/0006_000363_生气.wav	/root/autodl-tmp/CosyVoice_dev/examples/libritts/cosyvoice2/data/esd-emo-grpo/valid/receive/0006_000363_生气.wav
/root/autodl-tmp/CosyVoice_dev/examples/libritts/cosyvoice2/data/esd-emo-grpo/valid/samp_3/0006_000364_生气.wav	/root/autodl-tmp/CosyVoice_dev/examples/libritts/cosyvoice2/data/esd-emo-grpo/valid/receive/0006_000364_生气.wav
/root/autodl-tmp/CosyVoice_dev/examples/libritts/cosyvoice2/data/esd-emo-grpo/valid/samp_3/0006_000365_生气.wav	/root/autodl-tmp/CosyVoice_dev/examples/libritts/cosyvoice2/data/esd-emo-grpo/valid/receive/0006_000365_生气.wav
/root/autodl-tmp/CosyVoice_dev/examples/libritts/cosyvoice2/data/esd-emo-grpo/valid/samp_3/0006_000366_生气.wav	/root/autodl-tmp/CosyVoice_dev/examples/libritts/cosyvoice2/data/esd-emo-grpo/valid/receive/0006_000366_生气.wav
/root/autodl-tmp/CosyVoice_dev/examples/libritts/cosyvoice2/data/esd-emo-grpo/valid/samp_3/0006_000367_生气.wav	/root/autodl-tmp/CosyVoice_dev/examples/libritts/cosyvoice2/data/esd-emo-grpo/valid/receive/0006_000367_生气.wav
/root/autodl-tmp/CosyVoice_dev/examples/libritts/cosyvoice2/data/esd-emo-grpo/valid/samp_3/0006_000368_生气.wav	/root/autodl-tmp/CosyVoice_dev/examples/libritts/cosyvoice2/data/esd-emo-grpo/valid/receive/0006_000368_生气.wav
/root/autodl-tmp/CosyVoice_dev/examples/libritts/cosyvoice2/data/esd-emo-grpo/valid/samp_3/0006_000369_生气.wav	/root/autodl-tmp/CosyVoice_dev/examples/libritts/cosyvoice2/data/esd-emo-grpo/valid/receive/0006_000369_生气.wav
/root/autodl-tmp/CosyVoice_dev/examples/libritts/cosyvoice2/data/esd-emo-grpo/valid/samp_3/0006_000370_生气.wav	/root/autodl-tmp/CosyVoice_dev/examples/libritts/cosyvoice2/data/esd-emo-grpo/valid/receive/0006_000370_生气.wav
/root/autodl-tmp/CosyVoice_dev/examples/libritts/cosyvoice2/data/esd-emo-grpo/valid/samp_3/0007_000701_快乐.wav	/root/autodl-tmp/CosyVoice_dev/examples/libritts/cosyvoice2/data/esd-emo-grpo/valid/receive/0007_000701_快乐.wav
/root/autodl-tmp/CosyVoice_dev/examples/libritts/cosyvoice2/data/esd-emo-grpo/valid/samp_3/0007_000702_快乐.wav	/root/autodl-tmp/CosyVoice_dev/examples/libritts/cosyvoice2/data/esd-emo-grpo/valid/receive/0007_000702_快乐.wav
/root/autodl-tmp/CosyVoice_dev/examples/libritts/cosyvoice2/data/esd-emo-grpo/valid/samp_3/0007_000703_快乐.wav	/root/autodl-tmp/CosyVoice_dev/examples/libritts/cosyvoice2/data/esd-emo-grpo/valid/receive/0007_000703_快乐.wav
/root/autodl-tmp/CosyVoice_dev/examples/libritts/cosyvoice2/data/esd-emo-grpo/valid/samp_3/0007_000704_快乐.wav	/root/autodl-tmp/CosyVoice_dev/examples/libritts/cosyvoice2/data/esd-emo-grpo/valid/receive/0007_000704_快乐.wav
/root/autodl-tmp/CosyVoice_dev/examples/libritts/cosyvoice2/data/esd-emo-grpo/valid/samp_3/0007_000705_快乐.wav	/root/autodl-tmp/CosyVoice_dev/examples/libritts/cosyvoice2/data/esd-emo-grpo/valid/receive/0007_000705_快乐.wav
/root/autodl-tmp/CosyVoice_dev/examples/libritts/cosyvoice2/data/esd-emo-grpo/valid/samp_3/0007_000706_快乐.wav	/root/autodl-tmp/CosyVoice_dev/examples/libritts/cosyvoice2/data/esd-emo-grpo/valid/receive/0007_000706_快乐.wav
/root/autodl-tmp/CosyVoice_dev/examples/libritts/cosyvoice2/data/esd-emo-grpo/valid/samp_3/0007_000707_快乐.wav	/root/autodl-tmp/CosyVoice_dev/examples/libritts/cosyvoice2/data/esd-emo-grpo/valid/receive/0007_000707_快乐.wav
/root/autodl-tmp/CosyVoice_dev/examples/libritts/cosyvoice2/data/esd-emo-grpo/valid/samp_3/0007_000708_快乐.wav	/root/autodl-tmp/CosyVoice_dev/examples/libritts/cosyvoice2/data/esd-emo-grpo/valid/receive/0007_000708_快乐.wav
/root/autodl-tmp/CosyVoice_dev/examples/libritts/cosyvoice2/data/esd-emo-grpo/valid/samp_3/0007_000709_快乐.wav	/root/autodl-tmp/CosyVoice_dev/examples/libritts/cosyvoice2/data/esd-emo-grpo/valid/receive/0007_000709_快乐.wav
/root/autodl-tmp/CosyVoice_dev/examples/libritts/cosyvoice2/data/esd-emo-grpo/valid/samp_3/0007_000710_快乐.wav	/root/autodl-tmp/CosyVoice_dev/examples/libritts/cosyvoice2/data/esd-emo-grpo/valid/receive/0007_000710_快乐.wav
/root/autodl-tmp/CosyVoice_dev/examples/libritts/cosyvoice2/data/esd-emo-grpo/valid/samp_3/0007_000711_快乐.wav	/root/autodl-tmp/CosyVoice_dev/examples/libritts/cosyvoice2/data/esd-emo-grpo/valid/receive/0007_000711_快乐.wav
/root/autodl-tmp/CosyVoice_dev/examples/libritts/cosyvoice2/data/esd-emo-grpo/valid/samp_3/0007_000712_快乐.wav	/root/autodl-tmp/CosyVoice_dev/examples/libritts/cosyvoice2/data/esd-emo-grpo/valid/receive/0007_000712_快乐.wav
/root/autodl-tmp/CosyVoice_dev/examples/libritts/cosyvoice2/data/esd-emo-grpo/valid/samp_3/0007_000713_快乐.wav	/root/autodl-tmp/CosyVoice_dev/examples/libritts/cosyvoice2/data/esd-emo-grpo/valid/receive/0007_000713_快乐.wav
/root/autodl-tmp/CosyVoice_dev/examples/libritts/cosyvoice2/data/esd-emo-grpo/valid/samp_3/0007_000714_快乐.wav	/root/autodl-tmp/CosyVoice_dev/examples/libritts/cosyvoice2/data/esd-emo-grpo/valid/receive/0007_000714_快乐.wav
/root/autodl-tmp/CosyVoice_dev/examples/libritts/cosyvoice2/data/esd-emo-grpo/valid/samp_3/0007_000715_快乐.wav	/root/autodl-tmp/CosyVoice_dev/examples/libritts/cosyvoice2/data/esd-emo-grpo/valid/receive/0007_000715_快乐.wav
/root/autodl-tmp/CosyVoice_dev/examples/libritts/cosyvoice2/data/esd-emo-grpo/valid/samp_3/0007_000716_快乐.wav	/root/autodl-tmp/CosyVoice_dev/examples/libritts/cosyvoice2/data/esd-emo-grpo/valid/receive/0007_000716_快乐.wav
/root/autodl-tmp/CosyVoice_dev/examples/libritts/cosyvoice2/data/esd-emo-grpo/valid/samp_3/0007_000717_快乐.wav	/root/autodl-tmp/CosyVoice_dev/examples/libritts/cosyvoice2/data/esd-emo-grpo/valid/receive/0007_000717_快乐.wav
/root/autodl-tmp/CosyVoice_dev/examples/libritts/cosyvoice2/data/esd-emo-grpo/valid/samp_3/0007_000718_快乐.wav	/root/autodl-tmp/CosyVoice_dev/examples/libritts/cosyvoice2/data/esd-emo-grpo/valid/receive/0007_000718_快乐.wav
/root/autodl-tmp/CosyVoice_dev/examples/libritts/cosyvoice2/data/esd-emo-grpo/valid/samp_3/0007_000719_快乐.wav	/root/autodl-tmp/CosyVoice_dev/examples/libritts/cosyvoice2/data/esd-emo-grpo/valid/receive/0007_000719_快乐.wav
/root/autodl-tmp/CosyVoice_dev/examples/libritts/cosyvoice2/data/esd-emo-grpo/valid/samp_3/0007_000720_快乐.wav	/root/autodl-tmp/CosyVoice_dev/examples/libritts/cosyvoice2/data/esd-emo-grpo/valid/receive/0007_000720_快乐.wav
/root/autodl-tmp/CosyVoice_dev/examples/libritts/cosyvoice2/data/esd-emo-grpo/valid/samp_3/0007_001051_伤心.wav	/root/autodl-tmp/CosyVoice_dev/examples/libritts/cosyvoice2/data/esd-emo-grpo/valid/receive/0007_001051_伤心.wav
/root/autodl-tmp/CosyVoice_dev/examples/libritts/cosyvoice2/data/esd-emo-grpo/valid/samp_3/0007_001052_伤心.wav	/root/autodl-tmp/CosyVoice_dev/examples/libritts/cosyvoice2/data/esd-emo-grpo/valid/receive/0007_001052_伤心.wav
/root/autodl-tmp/CosyVoice_dev/examples/libritts/cosyvoice2/data/esd-emo-grpo/valid/samp_3/0007_001053_伤心.wav	/root/autodl-tmp/CosyVoice_dev/examples/libritts/cosyvoice2/data/esd-emo-grpo/valid/receive/0007_001053_伤心.wav
/root/autodl-tmp/CosyVoice_dev/examples/libritts/cosyvoice2/data/esd-emo-grpo/valid/samp_3/0007_001054_伤心.wav	/root/autodl-tmp/CosyVoice_dev/examples/libritts/cosyvoice2/data/esd-emo-grpo/valid/receive/0007_001054_伤心.wav
/root/autodl-tmp/CosyVoice_dev/examples/libritts/cosyvoice2/data/esd-emo-grpo/valid/samp_3/0007_001055_伤心.wav	/root/autodl-tmp/CosyVoice_dev/examples/libritts/cosyvoice2/data/esd-emo-grpo/valid/receive/0007_001055_伤心.wav
/root/autodl-tmp/CosyVoice_dev/examples/libritts/cosyvoice2/data/esd-emo-grpo/valid/samp_3/0007_001056_伤心.wav	/root/autodl-tmp/CosyVoice_dev/examples/libritts/cosyvoice2/data/esd-emo-grpo/valid/receive/0007_001056_伤心.wav
/root/autodl-tmp/CosyVoice_dev/examples/libritts/cosyvoice2/data/esd-emo-grpo/valid/samp_3/0007_001057_伤心.wav	/root/autodl-tmp/CosyVoice_dev/examples/libritts/cosyvoice2/data/esd-emo-grpo/valid/receive/0007_001057_伤心.wav
/root/autodl-tmp/CosyVoice_dev/examples/libritts/cosyvoice2/data/esd-emo-grpo/valid/samp_3/0007_001058_伤心.wav	/root/autodl-tmp/CosyVoice_dev/examples/libritts/cosyvoice2/data/esd-emo-grpo/valid/receive/0007_001058_伤心.wav
/root/autodl-tmp/CosyVoice_dev/examples/libritts/cosyvoice2/data/esd-emo-grpo/valid/samp_3/0007_001059_伤心.wav	/root/autodl-tmp/CosyVoice_dev/examples/libritts/cosyvoice2/data/esd-emo-grpo/valid/receive/0007_001059_伤心.wav
/root/autodl-tmp/CosyVoice_dev/examples/libritts/cosyvoice2/data/esd-emo-grpo/valid/samp_3/0007_001060_伤心.wav	/root/autodl-tmp/CosyVoice_dev/examples/libritts/cosyvoice2/data/esd-emo-grpo/valid/receive/0007_001060_伤心.wav
/root/autodl-tmp/CosyVoice_dev/examples/libritts/cosyvoice2/data/esd-emo-grpo/valid/samp_3/0007_001061_伤心.wav	/root/autodl-tmp/CosyVoice_dev/examples/libritts/cosyvoice2/data/esd-emo-grpo/valid/receive/0007_001061_伤心.wav
/root/autodl-tmp/CosyVoice_dev/examples/libritts/cosyvoice2/data/esd-emo-grpo/valid/samp_3/0007_001062_伤心.wav	/root/autodl-tmp/CosyVoice_dev/examples/libritts/cosyvoice2/data/esd-emo-grpo/valid/receive/0007_001062_伤心.wav
/root/autodl-tmp/CosyVoice_dev/examples/libritts/cosyvoice2/data/esd-emo-grpo/valid/samp_3/0007_001063_伤心.wav	/root/autodl-tmp/CosyVoice_dev/examples/libritts/cosyvoice2/data/esd-emo-grpo/valid/receive/0007_001063_伤心.wav
/root/autodl-tmp/CosyVoice_dev/examples/libritts/cosyvoice2/data/esd-emo-grpo/valid/samp_3/0007_001064_伤心.wav	/root/autodl-tmp/CosyVoice_dev/examples/libritts/cosyvoice2/data/esd-emo-grpo/valid/receive/0007_001064_伤心.wav
/root/autodl-tmp/CosyVoice_dev/examples/libritts/cosyvoice2/data/esd-emo-grpo/valid/samp_3/0007_001065_伤心.wav	/root/autodl-tmp/CosyVoice_dev/examples/libritts/cosyvoice2/data/esd-emo-grpo/valid/receive/0007_001065_伤心.wav
/root/autodl-tmp/CosyVoice_dev/examples/libritts/cosyvoice2/data/esd-emo-grpo/valid/samp_3/0007_001066_伤心.wav	/root/autodl-tmp/CosyVoice_dev/examples/libritts/cosyvoice2/data/esd-emo-grpo/valid/receive/0007_001066_伤心.wav
/root/autodl-tmp/CosyVoice_dev/examples/libritts/cosyvoice2/data/esd-emo-grpo/valid/samp_3/0007_001067_伤心.wav	/root/autodl-tmp/CosyVoice_dev/examples/libritts/cosyvoice2/data/esd-emo-grpo/valid/receive/0007_001067_伤心.wav
/root/autodl-tmp/CosyVoice_dev/examples/libritts/cosyvoice2/data/esd-emo-grpo/valid/samp_3/0007_001068_伤心.wav	/root/autodl-tmp/CosyVoice_dev/examples/libritts/cosyvoice2/data/esd-emo-grpo/valid/receive/0007_001068_伤心.wav
/root/autodl-tmp/CosyVoice_dev/examples/libritts/cosyvoice2/data/esd-emo-grpo/valid/samp_3/0007_001069_伤心.wav	/root/autodl-tmp/CosyVoice_dev/examples/libritts/cosyvoice2/data/esd-emo-grpo/valid/receive/0007_001069_伤心.wav
/root/autodl-tmp/CosyVoice_dev/examples/libritts/cosyvoice2/data/esd-emo-grpo/valid/samp_3/0007_001070_伤心.wav	/root/autodl-tmp/CosyVoice_dev/examples/libritts/cosyvoice2/data/esd-emo-grpo/valid/receive/0007_001070_伤心.wav
/root/autodl-tmp/CosyVoice_dev/examples/libritts/cosyvoice2/data/esd-emo-grpo/valid/samp_3/0007_001401_惊喜.wav	/root/autodl-tmp/CosyVoice_dev/examples/libritts/cosyvoice2/data/esd-emo-grpo/valid/receive/0007_001401_惊喜.wav
/root/autodl-tmp/CosyVoice_dev/examples/libritts/cosyvoice2/data/esd-emo-grpo/valid/samp_3/0007_001402_惊喜.wav	/root/autodl-tmp/CosyVoice_dev/examples/libritts/cosyvoice2/data/esd-emo-grpo/valid/receive/0007_001402_惊喜.wav
/root/autodl-tmp/CosyVoice_dev/examples/libritts/cosyvoice2/data/esd-emo-grpo/valid/samp_3/0007_001403_惊喜.wav	/root/autodl-tmp/CosyVoice_dev/examples/libritts/cosyvoice2/data/esd-emo-grpo/valid/receive/0007_001403_惊喜.wav
/root/autodl-tmp/CosyVoice_dev/examples/libritts/cosyvoice2/data/esd-emo-grpo/valid/samp_3/0007_001404_惊喜.wav	/root/autodl-tmp/CosyVoice_dev/examples/libritts/cosyvoice2/data/esd-emo-grpo/valid/receive/0007_001404_惊喜.wav
/root/autodl-tmp/CosyVoice_dev/examples/libritts/cosyvoice2/data/esd-emo-grpo/valid/samp_3/0007_001405_惊喜.wav	/root/autodl-tmp/CosyVoice_dev/examples/libritts/cosyvoice2/data/esd-emo-grpo/valid/receive/0007_001405_惊喜.wav
/root/autodl-tmp/CosyVoice_dev/examples/libritts/cosyvoice2/data/esd-emo-grpo/valid/samp_3/0007_001406_惊喜.wav	/root/autodl-tmp/CosyVoice_dev/examples/libritts/cosyvoice2/data/esd-emo-grpo/valid/receive/0007_001406_惊喜.wav
/root/autodl-tmp/CosyVoice_dev/examples/libritts/cosyvoice2/data/esd-emo-grpo/valid/samp_3/0007_001407_惊喜.wav	/root/autodl-tmp/CosyVoice_dev/examples/libritts/cosyvoice2/data/esd-emo-grpo/valid/receive/0007_001407_惊喜.wav
/root/autodl-tmp/CosyVoice_dev/examples/libritts/cosyvoice2/data/esd-emo-grpo/valid/samp_3/0007_001408_惊喜.wav	/root/autodl-tmp/CosyVoice_dev/examples/libritts/cosyvoice2/data/esd-emo-grpo/valid/receive/0007_001408_惊喜.wav
/root/autodl-tmp/CosyVoice_dev/examples/libritts/cosyvoice2/data/esd-emo-grpo/valid/samp_3/0007_001409_惊喜.wav	/root/autodl-tmp/CosyVoice_dev/examples/libritts/cosyvoice2/data/esd-emo-grpo/valid/receive/0007_001409_惊喜.wav
/root/autodl-tmp/CosyVoice_dev/examples/libritts/cosyvoice2/data/esd-emo-grpo/valid/samp_3/0007_001410_惊喜.wav	/root/autodl-tmp/CosyVoice_dev/examples/libritts/cosyvoice2/data/esd-emo-grpo/valid/receive/0007_001410_惊喜.wav
/root/autodl-tmp/CosyVoice_dev/examples/libritts/cosyvoice2/data/esd-emo-grpo/valid/samp_3/0007_001411_惊喜.wav	/root/autodl-tmp/CosyVoice_dev/examples/libritts/cosyvoice2/data/esd-emo-grpo/valid/receive/0007_001411_惊喜.wav
/root/autodl-tmp/CosyVoice_dev/examples/libritts/cosyvoice2/data/esd-emo-grpo/valid/samp_3/0007_001412_惊喜.wav	/root/autodl-tmp/CosyVoice_dev/examples/libritts/cosyvoice2/data/esd-emo-grpo/valid/receive/0007_001412_惊喜.wav
/root/autodl-tmp/CosyVoice_dev/examples/libritts/cosyvoice2/data/esd-emo-grpo/valid/samp_3/0007_001413_惊喜.wav	/root/autodl-tmp/CosyVoice_dev/examples/libritts/cosyvoice2/data/esd-emo-grpo/valid/receive/0007_001413_惊喜.wav
/root/autodl-tmp/CosyVoice_dev/examples/libritts/cosyvoice2/data/esd-emo-grpo/valid/samp_3/0007_001414_惊喜.wav	/root/autodl-tmp/CosyVoice_dev/examples/libritts/cosyvoice2/data/esd-emo-grpo/valid/receive/0007_001414_惊喜.wav
/root/autodl-tmp/CosyVoice_dev/examples/libritts/cosyvoice2/data/esd-emo-grpo/valid/samp_3/0007_001415_惊喜.wav	/root/autodl-tmp/CosyVoice_dev/examples/libritts/cosyvoice2/data/esd-emo-grpo/valid/receive/0007_001415_惊喜.wav
/root/autodl-tmp/CosyVoice_dev/examples/libritts/cosyvoice2/data/esd-emo-grpo/valid/samp_3/0007_001416_惊喜.wav	/root/autodl-tmp/CosyVoice_dev/examples/libritts/cosyvoice2/data/esd-emo-grpo/valid/receive/0007_001416_惊喜.wav
/root/autodl-tmp/CosyVoice_dev/examples/libritts/cosyvoice2/data/esd-emo-grpo/valid/samp_3/0007_001417_惊喜.wav	/root/autodl-tmp/CosyVoice_dev/examples/libritts/cosyvoice2/data/esd-emo-grpo/valid/receive/0007_001417_惊喜.wav
/root/autodl-tmp/CosyVoice_dev/examples/libritts/cosyvoice2/data/esd-emo-grpo/valid/samp_3/0007_001418_惊喜.wav	/root/autodl-tmp/CosyVoice_dev/examples/libritts/cosyvoice2/data/esd-emo-grpo/valid/receive/0007_001418_惊喜.wav
/root/autodl-tmp/CosyVoice_dev/examples/libritts/cosyvoice2/data/esd-emo-grpo/valid/samp_3/0007_001419_惊喜.wav	/root/autodl-tmp/CosyVoice_dev/examples/libritts/cosyvoice2/data/esd-emo-grpo/valid/receive/0007_001419_惊喜.wav
/root/autodl-tmp/CosyVoice_dev/examples/libritts/cosyvoice2/data/esd-emo-grpo/valid/samp_3/0007_001420_惊喜.wav	/root/autodl-tmp/CosyVoice_dev/examples/libritts/cosyvoice2/data/esd-emo-grpo/valid/receive/0007_001420_惊喜.wav
/root/autodl-tmp/CosyVoice_dev/examples/libritts/cosyvoice2/data/esd-emo-grpo/valid/samp_3/0007_000001_冷静.wav	/root/autodl-tmp/CosyVoice_dev/examples/libritts/cosyvoice2/data/esd-emo-grpo/valid/receive/0007_000001_冷静.wav
/root/autodl-tmp/CosyVoice_dev/examples/libritts/cosyvoice2/data/esd-emo-grpo/valid/samp_3/0007_000002_冷静.wav	/root/autodl-tmp/CosyVoice_dev/examples/libritts/cosyvoice2/data/esd-emo-grpo/valid/receive/0007_000002_冷静.wav
/root/autodl-tmp/CosyVoice_dev/examples/libritts/cosyvoice2/data/esd-emo-grpo/valid/samp_3/0007_000003_冷静.wav	/root/autodl-tmp/CosyVoice_dev/examples/libritts/cosyvoice2/data/esd-emo-grpo/valid/receive/0007_000003_冷静.wav
/root/autodl-tmp/CosyVoice_dev/examples/libritts/cosyvoice2/data/esd-emo-grpo/valid/samp_3/0007_000004_冷静.wav	/root/autodl-tmp/CosyVoice_dev/examples/libritts/cosyvoice2/data/esd-emo-grpo/valid/receive/0007_000004_冷静.wav
/root/autodl-tmp/CosyVoice_dev/examples/libritts/cosyvoice2/data/esd-emo-grpo/valid/samp_3/0007_000005_冷静.wav	/root/autodl-tmp/CosyVoice_dev/examples/libritts/cosyvoice2/data/esd-emo-grpo/valid/receive/0007_000005_冷静.wav
/root/autodl-tmp/CosyVoice_dev/examples/libritts/cosyvoice2/data/esd-emo-grpo/valid/samp_3/0007_000006_冷静.wav	/root/autodl-tmp/CosyVoice_dev/examples/libritts/cosyvoice2/data/esd-emo-grpo/valid/receive/0007_000006_冷静.wav
/root/autodl-tmp/CosyVoice_dev/examples/libritts/cosyvoice2/data/esd-emo-grpo/valid/samp_3/0007_000007_冷静.wav	/root/autodl-tmp/CosyVoice_dev/examples/libritts/cosyvoice2/data/esd-emo-grpo/valid/receive/0007_000007_冷静.wav
/root/autodl-tmp/CosyVoice_dev/examples/libritts/cosyvoice2/data/esd-emo-grpo/valid/samp_3/0007_000008_冷静.wav	/root/autodl-tmp/CosyVoice_dev/examples/libritts/cosyvoice2/data/esd-emo-grpo/valid/receive/0007_000008_冷静.wav
/root/autodl-tmp/CosyVoice_dev/examples/libritts/cosyvoice2/data/esd-emo-grpo/valid/samp_3/0007_000009_冷静.wav	/root/autodl-tmp/CosyVoice_dev/examples/libritts/cosyvoice2/data/esd-emo-grpo/valid/receive/0007_000009_冷静.wav
/root/autodl-tmp/CosyVoice_dev/examples/libritts/cosyvoice2/data/esd-emo-grpo/valid/samp_3/0007_000010_冷静.wav	/root/autodl-tmp/CosyVoice_dev/examples/libritts/cosyvoice2/data/esd-emo-grpo/valid/receive/0007_000010_冷静.wav
/root/autodl-tmp/CosyVoice_dev/examples/libritts/cosyvoice2/data/esd-emo-grpo/valid/samp_3/0007_000011_冷静.wav	/root/autodl-tmp/CosyVoice_dev/examples/libritts/cosyvoice2/data/esd-emo-grpo/valid/receive/0007_000011_冷静.wav
/root/autodl-tmp/CosyVoice_dev/examples/libritts/cosyvoice2/data/esd-emo-grpo/valid/samp_3/0007_000012_冷静.wav	/root/autodl-tmp/CosyVoice_dev/examples/libritts/cosyvoice2/data/esd-emo-grpo/valid/receive/0007_000012_冷静.wav
/root/autodl-tmp/CosyVoice_dev/examples/libritts/cosyvoice2/data/esd-emo-grpo/valid/samp_3/0007_000013_冷静.wav	/root/autodl-tmp/CosyVoice_dev/examples/libritts/cosyvoice2/data/esd-emo-grpo/valid/receive/0007_000013_冷静.wav
/root/autodl-tmp/CosyVoice_dev/examples/libritts/cosyvoice2/data/esd-emo-grpo/valid/samp_3/0007_000014_冷静.wav	/root/autodl-tmp/CosyVoice_dev/examples/libritts/cosyvoice2/data/esd-emo-grpo/valid/receive/0007_000014_冷静.wav
/root/autodl-tmp/CosyVoice_dev/examples/libritts/cosyvoice2/data/esd-emo-grpo/valid/samp_3/0007_000015_冷静.wav	/root/autodl-tmp/CosyVoice_dev/examples/libritts/cosyvoice2/data/esd-emo-grpo/valid/receive/0007_000015_冷静.wav
/root/autodl-tmp/CosyVoice_dev/examples/libritts/cosyvoice2/data/esd-emo-grpo/valid/samp_3/0007_000016_冷静.wav	/root/autodl-tmp/CosyVoice_dev/examples/libritts/cosyvoice2/data/esd-emo-grpo/valid/receive/0007_000016_冷静.wav
/root/autodl-tmp/CosyVoice_dev/examples/libritts/cosyvoice2/data/esd-emo-grpo/valid/samp_3/0007_000017_冷静.wav	/root/autodl-tmp/CosyVoice_dev/examples/libritts/cosyvoice2/data/esd-emo-grpo/valid/receive/0007_000017_冷静.wav
/root/autodl-tmp/CosyVoice_dev/examples/libritts/cosyvoice2/data/esd-emo-grpo/valid/samp_3/0007_000018_冷静.wav	/root/autodl-tmp/CosyVoice_dev/examples/libritts/cosyvoice2/data/esd-emo-grpo/valid/receive/0007_000018_冷静.wav
/root/autodl-tmp/CosyVoice_dev/examples/libritts/cosyvoice2/data/esd-emo-grpo/valid/samp_3/0007_000019_冷静.wav	/root/autodl-tmp/CosyVoice_dev/examples/libritts/cosyvoice2/data/esd-emo-grpo/valid/receive/0007_000019_冷静.wav
/root/autodl-tmp/CosyVoice_dev/examples/libritts/cosyvoice2/data/esd-emo-grpo/valid/samp_3/0007_000020_冷静.wav	/root/autodl-tmp/CosyVoice_dev/examples/libritts/cosyvoice2/data/esd-emo-grpo/valid/receive/0007_000020_冷静.wav
/root/autodl-tmp/CosyVoice_dev/examples/libritts/cosyvoice2/data/esd-emo-grpo/valid/samp_3/0007_000351_生气.wav	/root/autodl-tmp/CosyVoice_dev/examples/libritts/cosyvoice2/data/esd-emo-grpo/valid/receive/0007_000351_生气.wav
/root/autodl-tmp/CosyVoice_dev/examples/libritts/cosyvoice2/data/esd-emo-grpo/valid/samp_3/0007_000352_生气.wav	/root/autodl-tmp/CosyVoice_dev/examples/libritts/cosyvoice2/data/esd-emo-grpo/valid/receive/0007_000352_生气.wav
/root/autodl-tmp/CosyVoice_dev/examples/libritts/cosyvoice2/data/esd-emo-grpo/valid/samp_3/0007_000353_生气.wav	/root/autodl-tmp/CosyVoice_dev/examples/libritts/cosyvoice2/data/esd-emo-grpo/valid/receive/0007_000353_生气.wav
/root/autodl-tmp/CosyVoice_dev/examples/libritts/cosyvoice2/data/esd-emo-grpo/valid/samp_3/0007_000354_生气.wav	/root/autodl-tmp/CosyVoice_dev/examples/libritts/cosyvoice2/data/esd-emo-grpo/valid/receive/0007_000354_生气.wav
/root/autodl-tmp/CosyVoice_dev/examples/libritts/cosyvoice2/data/esd-emo-grpo/valid/samp_3/0007_000355_生气.wav	/root/autodl-tmp/CosyVoice_dev/examples/libritts/cosyvoice2/data/esd-emo-grpo/valid/receive/0007_000355_生气.wav
/root/autodl-tmp/CosyVoice_dev/examples/libritts/cosyvoice2/data/esd-emo-grpo/valid/samp_3/0007_000356_生气.wav	/root/autodl-tmp/CosyVoice_dev/examples/libritts/cosyvoice2/data/esd-emo-grpo/valid/receive/0007_000356_生气.wav
/root/autodl-tmp/CosyVoice_dev/examples/libritts/cosyvoice2/data/esd-emo-grpo/valid/samp_3/0007_000357_生气.wav	/root/autodl-tmp/CosyVoice_dev/examples/libritts/cosyvoice2/data/esd-emo-grpo/valid/receive/0007_000357_生气.wav
/root/autodl-tmp/CosyVoice_dev/examples/libritts/cosyvoice2/data/esd-emo-grpo/valid/samp_3/0007_000358_生气.wav	/root/autodl-tmp/CosyVoice_dev/examples/libritts/cosyvoice2/data/esd-emo-grpo/valid/receive/0007_000358_生气.wav
/root/autodl-tmp/CosyVoice_dev/examples/libritts/cosyvoice2/data/esd-emo-grpo/valid/samp_3/0007_000359_生气.wav	/root/autodl-tmp/CosyVoice_dev/examples/libritts/cosyvoice2/data/esd-emo-grpo/valid/receive/0007_000359_生气.wav
/root/autodl-tmp/CosyVoice_dev/examples/libritts/cosyvoice2/data/esd-emo-grpo/valid/samp_3/0007_000360_生气.wav	/root/autodl-tmp/CosyVoice_dev/examples/libritts/cosyvoice2/data/esd-emo-grpo/valid/receive/0007_000360_生气.wav
/root/autodl-tmp/CosyVoice_dev/examples/libritts/cosyvoice2/data/esd-emo-grpo/valid/samp_3/0007_000361_生气.wav	/root/autodl-tmp/CosyVoice_dev/examples/libritts/cosyvoice2/data/esd-emo-grpo/valid/receive/0007_000361_生气.wav
/root/autodl-tmp/CosyVoice_dev/examples/libritts/cosyvoice2/data/esd-emo-grpo/valid/samp_3/0007_000362_生气.wav	/root/autodl-tmp/CosyVoice_dev/examples/libritts/cosyvoice2/data/esd-emo-grpo/valid/receive/0007_000362_生气.wav
/root/autodl-tmp/CosyVoice_dev/examples/libritts/cosyvoice2/data/esd-emo-grpo/valid/samp_3/0007_000363_生气.wav	/root/autodl-tmp/CosyVoice_dev/examples/libritts/cosyvoice2/data/esd-emo-grpo/valid/receive/0007_000363_生气.wav
/root/autodl-tmp/CosyVoice_dev/examples/libritts/cosyvoice2/data/esd-emo-grpo/valid/samp_3/0007_000364_生气.wav	/root/autodl-tmp/CosyVoice_dev/examples/libritts/cosyvoice2/data/esd-emo-grpo/valid/receive/0007_000364_生气.wav
/root/autodl-tmp/CosyVoice_dev/examples/libritts/cosyvoice2/data/esd-emo-grpo/valid/samp_3/0007_000365_生气.wav	/root/autodl-tmp/CosyVoice_dev/examples/libritts/cosyvoice2/data/esd-emo-grpo/valid/receive/0007_000365_生气.wav
/root/autodl-tmp/CosyVoice_dev/examples/libritts/cosyvoice2/data/esd-emo-grpo/valid/samp_3/0007_000366_生气.wav	/root/autodl-tmp/CosyVoice_dev/examples/libritts/cosyvoice2/data/esd-emo-grpo/valid/receive/0007_000366_生气.wav
/root/autodl-tmp/CosyVoice_dev/examples/libritts/cosyvoice2/data/esd-emo-grpo/valid/samp_3/0007_000367_生气.wav	/root/autodl-tmp/CosyVoice_dev/examples/libritts/cosyvoice2/data/esd-emo-grpo/valid/receive/0007_000367_生气.wav
/root/autodl-tmp/CosyVoice_dev/examples/libritts/cosyvoice2/data/esd-emo-grpo/valid/samp_3/0007_000368_生气.wav	/root/autodl-tmp/CosyVoice_dev/examples/libritts/cosyvoice2/data/esd-emo-grpo/valid/receive/0007_000368_生气.wav
/root/autodl-tmp/CosyVoice_dev/examples/libritts/cosyvoice2/data/esd-emo-grpo/valid/samp_3/0007_000369_生气.wav	/root/autodl-tmp/CosyVoice_dev/examples/libritts/cosyvoice2/data/esd-emo-grpo/valid/receive/0007_000369_生气.wav
/root/autodl-tmp/CosyVoice_dev/examples/libritts/cosyvoice2/data/esd-emo-grpo/valid/samp_3/0007_000370_生气.wav	/root/autodl-tmp/CosyVoice_dev/examples/libritts/cosyvoice2/data/esd-emo-grpo/valid/receive/0007_000370_生气.wav
/root/autodl-tmp/CosyVoice_dev/examples/libritts/cosyvoice2/data/esd-emo-grpo/valid/samp_3/0008_000701_快乐.wav	/root/autodl-tmp/CosyVoice_dev/examples/libritts/cosyvoice2/data/esd-emo-grpo/valid/receive/0008_000701_快乐.wav
/root/autodl-tmp/CosyVoice_dev/examples/libritts/cosyvoice2/data/esd-emo-grpo/valid/samp_3/0008_000702_快乐.wav	/root/autodl-tmp/CosyVoice_dev/examples/libritts/cosyvoice2/data/esd-emo-grpo/valid/receive/0008_000702_快乐.wav
/root/autodl-tmp/CosyVoice_dev/examples/libritts/cosyvoice2/data/esd-emo-grpo/valid/samp_3/0008_000703_快乐.wav	/root/autodl-tmp/CosyVoice_dev/examples/libritts/cosyvoice2/data/esd-emo-grpo/valid/receive/0008_000703_快乐.wav
/root/autodl-tmp/CosyVoice_dev/examples/libritts/cosyvoice2/data/esd-emo-grpo/valid/samp_3/0008_000704_快乐.wav	/root/autodl-tmp/CosyVoice_dev/examples/libritts/cosyvoice2/data/esd-emo-grpo/valid/receive/0008_000704_快乐.wav
/root/autodl-tmp/CosyVoice_dev/examples/libritts/cosyvoice2/data/esd-emo-grpo/valid/samp_3/0008_000705_快乐.wav	/root/autodl-tmp/CosyVoice_dev/examples/libritts/cosyvoice2/data/esd-emo-grpo/valid/receive/0008_000705_快乐.wav
/root/autodl-tmp/CosyVoice_dev/examples/libritts/cosyvoice2/data/esd-emo-grpo/valid/samp_3/0008_000706_快乐.wav	/root/autodl-tmp/CosyVoice_dev/examples/libritts/cosyvoice2/data/esd-emo-grpo/valid/receive/0008_000706_快乐.wav
/root/autodl-tmp/CosyVoice_dev/examples/libritts/cosyvoice2/data/esd-emo-grpo/valid/samp_3/0008_000707_快乐.wav	/root/autodl-tmp/CosyVoice_dev/examples/libritts/cosyvoice2/data/esd-emo-grpo/valid/receive/0008_000707_快乐.wav
/root/autodl-tmp/CosyVoice_dev/examples/libritts/cosyvoice2/data/esd-emo-grpo/valid/samp_3/0008_000708_快乐.wav	/root/autodl-tmp/CosyVoice_dev/examples/libritts/cosyvoice2/data/esd-emo-grpo/valid/receive/0008_000708_快乐.wav
/root/autodl-tmp/CosyVoice_dev/examples/libritts/cosyvoice2/data/esd-emo-grpo/valid/samp_3/0008_000709_快乐.wav	/root/autodl-tmp/CosyVoice_dev/examples/libritts/cosyvoice2/data/esd-emo-grpo/valid/receive/0008_000709_快乐.wav
/root/autodl-tmp/CosyVoice_dev/examples/libritts/cosyvoice2/data/esd-emo-grpo/valid/samp_3/0008_000710_快乐.wav	/root/autodl-tmp/CosyVoice_dev/examples/libritts/cosyvoice2/data/esd-emo-grpo/valid/receive/0008_000710_快乐.wav
/root/autodl-tmp/CosyVoice_dev/examples/libritts/cosyvoice2/data/esd-emo-grpo/valid/samp_3/0008_000711_快乐.wav	/root/autodl-tmp/CosyVoice_dev/examples/libritts/cosyvoice2/data/esd-emo-grpo/valid/receive/0008_000711_快乐.wav
/root/autodl-tmp/CosyVoice_dev/examples/libritts/cosyvoice2/data/esd-emo-grpo/valid/samp_3/0008_000712_快乐.wav	/root/autodl-tmp/CosyVoice_dev/examples/libritts/cosyvoice2/data/esd-emo-grpo/valid/receive/0008_000712_快乐.wav
/root/autodl-tmp/CosyVoice_dev/examples/libritts/cosyvoice2/data/esd-emo-grpo/valid/samp_3/0008_000713_快乐.wav	/root/autodl-tmp/CosyVoice_dev/examples/libritts/cosyvoice2/data/esd-emo-grpo/valid/receive/0008_000713_快乐.wav
/root/autodl-tmp/CosyVoice_dev/examples/libritts/cosyvoice2/data/esd-emo-grpo/valid/samp_3/0008_000714_快乐.wav	/root/autodl-tmp/CosyVoice_dev/examples/libritts/cosyvoice2/data/esd-emo-grpo/valid/receive/0008_000714_快乐.wav
/root/autodl-tmp/CosyVoice_dev/examples/libritts/cosyvoice2/data/esd-emo-grpo/valid/samp_3/0008_000715_快乐.wav	/root/autodl-tmp/CosyVoice_dev/examples/libritts/cosyvoice2/data/esd-emo-grpo/valid/receive/0008_000715_快乐.wav
/root/autodl-tmp/CosyVoice_dev/examples/libritts/cosyvoice2/data/esd-emo-grpo/valid/samp_3/0008_000716_快乐.wav	/root/autodl-tmp/CosyVoice_dev/examples/libritts/cosyvoice2/data/esd-emo-grpo/valid/receive/0008_000716_快乐.wav
/root/autodl-tmp/CosyVoice_dev/examples/libritts/cosyvoice2/data/esd-emo-grpo/valid/samp_3/0008_000717_快乐.wav	/root/autodl-tmp/CosyVoice_dev/examples/libritts/cosyvoice2/data/esd-emo-grpo/valid/receive/0008_000717_快乐.wav
/root/autodl-tmp/CosyVoice_dev/examples/libritts/cosyvoice2/data/esd-emo-grpo/valid/samp_3/0008_000718_快乐.wav	/root/autodl-tmp/CosyVoice_dev/examples/libritts/cosyvoice2/data/esd-emo-grpo/valid/receive/0008_000718_快乐.wav
/root/autodl-tmp/CosyVoice_dev/examples/libritts/cosyvoice2/data/esd-emo-grpo/valid/samp_3/0008_000719_快乐.wav	/root/autodl-tmp/CosyVoice_dev/examples/libritts/cosyvoice2/data/esd-emo-grpo/valid/receive/0008_000719_快乐.wav
/root/autodl-tmp/CosyVoice_dev/examples/libritts/cosyvoice2/data/esd-emo-grpo/valid/samp_3/0008_000720_快乐.wav	/root/autodl-tmp/CosyVoice_dev/examples/libritts/cosyvoice2/data/esd-emo-grpo/valid/receive/0008_000720_快乐.wav
/root/autodl-tmp/CosyVoice_dev/examples/libritts/cosyvoice2/data/esd-emo-grpo/valid/samp_3/0008_001051_伤心.wav	/root/autodl-tmp/CosyVoice_dev/examples/libritts/cosyvoice2/data/esd-emo-grpo/valid/receive/0008_001051_伤心.wav
/root/autodl-tmp/CosyVoice_dev/examples/libritts/cosyvoice2/data/esd-emo-grpo/valid/samp_3/0008_001052_伤心.wav	/root/autodl-tmp/CosyVoice_dev/examples/libritts/cosyvoice2/data/esd-emo-grpo/valid/receive/0008_001052_伤心.wav
/root/autodl-tmp/CosyVoice_dev/examples/libritts/cosyvoice2/data/esd-emo-grpo/valid/samp_3/0008_001053_伤心.wav	/root/autodl-tmp/CosyVoice_dev/examples/libritts/cosyvoice2/data/esd-emo-grpo/valid/receive/0008_001053_伤心.wav
/root/autodl-tmp/CosyVoice_dev/examples/libritts/cosyvoice2/data/esd-emo-grpo/valid/samp_3/0008_001054_伤心.wav	/root/autodl-tmp/CosyVoice_dev/examples/libritts/cosyvoice2/data/esd-emo-grpo/valid/receive/0008_001054_伤心.wav
/root/autodl-tmp/CosyVoice_dev/examples/libritts/cosyvoice2/data/esd-emo-grpo/valid/samp_3/0008_001055_伤心.wav	/root/autodl-tmp/CosyVoice_dev/examples/libritts/cosyvoice2/data/esd-emo-grpo/valid/receive/0008_001055_伤心.wav
/root/autodl-tmp/CosyVoice_dev/examples/libritts/cosyvoice2/data/esd-emo-grpo/valid/samp_3/0008_001056_伤心.wav	/root/autodl-tmp/CosyVoice_dev/examples/libritts/cosyvoice2/data/esd-emo-grpo/valid/receive/0008_001056_伤心.wav
/root/autodl-tmp/CosyVoice_dev/examples/libritts/cosyvoice2/data/esd-emo-grpo/valid/samp_3/0008_001057_伤心.wav	/root/autodl-tmp/CosyVoice_dev/examples/libritts/cosyvoice2/data/esd-emo-grpo/valid/receive/0008_001057_伤心.wav
/root/autodl-tmp/CosyVoice_dev/examples/libritts/cosyvoice2/data/esd-emo-grpo/valid/samp_3/0008_001058_伤心.wav	/root/autodl-tmp/CosyVoice_dev/examples/libritts/cosyvoice2/data/esd-emo-grpo/valid/receive/0008_001058_伤心.wav
/root/autodl-tmp/CosyVoice_dev/examples/libritts/cosyvoice2/data/esd-emo-grpo/valid/samp_3/0008_001059_伤心.wav	/root/autodl-tmp/CosyVoice_dev/examples/libritts/cosyvoice2/data/esd-emo-grpo/valid/receive/0008_001059_伤心.wav
/root/autodl-tmp/CosyVoice_dev/examples/libritts/cosyvoice2/data/esd-emo-grpo/valid/samp_3/0008_001060_伤心.wav	/root/autodl-tmp/CosyVoice_dev/examples/libritts/cosyvoice2/data/esd-emo-grpo/valid/receive/0008_001060_伤心.wav
/root/autodl-tmp/CosyVoice_dev/examples/libritts/cosyvoice2/data/esd-emo-grpo/valid/samp_3/0008_001061_伤心.wav	/root/autodl-tmp/CosyVoice_dev/examples/libritts/cosyvoice2/data/esd-emo-grpo/valid/receive/0008_001061_伤心.wav
/root/autodl-tmp/CosyVoice_dev/examples/libritts/cosyvoice2/data/esd-emo-grpo/valid/samp_3/0008_001062_伤心.wav	/root/autodl-tmp/CosyVoice_dev/examples/libritts/cosyvoice2/data/esd-emo-grpo/valid/receive/0008_001062_伤心.wav
/root/autodl-tmp/CosyVoice_dev/examples/libritts/cosyvoice2/data/esd-emo-grpo/valid/samp_3/0008_001063_伤心.wav	/root/autodl-tmp/CosyVoice_dev/examples/libritts/cosyvoice2/data/esd-emo-grpo/valid/receive/0008_001063_伤心.wav
/root/autodl-tmp/CosyVoice_dev/examples/libritts/cosyvoice2/data/esd-emo-grpo/valid/samp_3/0008_001064_伤心.wav	/root/autodl-tmp/CosyVoice_dev/examples/libritts/cosyvoice2/data/esd-emo-grpo/valid/receive/0008_001064_伤心.wav
/root/autodl-tmp/CosyVoice_dev/examples/libritts/cosyvoice2/data/esd-emo-grpo/valid/samp_3/0008_001065_伤心.wav	/root/autodl-tmp/CosyVoice_dev/examples/libritts/cosyvoice2/data/esd-emo-grpo/valid/receive/0008_001065_伤心.wav
/root/autodl-tmp/CosyVoice_dev/examples/libritts/cosyvoice2/data/esd-emo-grpo/valid/samp_3/0008_001066_伤心.wav	/root/autodl-tmp/CosyVoice_dev/examples/libritts/cosyvoice2/data/esd-emo-grpo/valid/receive/0008_001066_伤心.wav
/root/autodl-tmp/CosyVoice_dev/examples/libritts/cosyvoice2/data/esd-emo-grpo/valid/samp_3/0008_001067_伤心.wav	/root/autodl-tmp/CosyVoice_dev/examples/libritts/cosyvoice2/data/esd-emo-grpo/valid/receive/0008_001067_伤心.wav
/root/autodl-tmp/CosyVoice_dev/examples/libritts/cosyvoice2/data/esd-emo-grpo/valid/samp_3/0008_001068_伤心.wav	/root/autodl-tmp/CosyVoice_dev/examples/libritts/cosyvoice2/data/esd-emo-grpo/valid/receive/0008_001068_伤心.wav
/root/autodl-tmp/CosyVoice_dev/examples/libritts/cosyvoice2/data/esd-emo-grpo/valid/samp_3/0008_001069_伤心.wav	/root/autodl-tmp/CosyVoice_dev/examples/libritts/cosyvoice2/data/esd-emo-grpo/valid/receive/0008_001069_伤心.wav
/root/autodl-tmp/CosyVoice_dev/examples/libritts/cosyvoice2/data/esd-emo-grpo/valid/samp_3/0008_001070_伤心.wav	/root/autodl-tmp/CosyVoice_dev/examples/libritts/cosyvoice2/data/esd-emo-grpo/valid/receive/0008_001070_伤心.wav
/root/autodl-tmp/CosyVoice_dev/examples/libritts/cosyvoice2/data/esd-emo-grpo/valid/samp_3/0008_001401_惊喜.wav	/root/autodl-tmp/CosyVoice_dev/examples/libritts/cosyvoice2/data/esd-emo-grpo/valid/receive/0008_001401_惊喜.wav
/root/autodl-tmp/CosyVoice_dev/examples/libritts/cosyvoice2/data/esd-emo-grpo/valid/samp_3/0008_001402_惊喜.wav	/root/autodl-tmp/CosyVoice_dev/examples/libritts/cosyvoice2/data/esd-emo-grpo/valid/receive/0008_001402_惊喜.wav
/root/autodl-tmp/CosyVoice_dev/examples/libritts/cosyvoice2/data/esd-emo-grpo/valid/samp_3/0008_001403_惊喜.wav	/root/autodl-tmp/CosyVoice_dev/examples/libritts/cosyvoice2/data/esd-emo-grpo/valid/receive/0008_001403_惊喜.wav
/root/autodl-tmp/CosyVoice_dev/examples/libritts/cosyvoice2/data/esd-emo-grpo/valid/samp_3/0008_001404_惊喜.wav	/root/autodl-tmp/CosyVoice_dev/examples/libritts/cosyvoice2/data/esd-emo-grpo/valid/receive/0008_001404_惊喜.wav
/root/autodl-tmp/CosyVoice_dev/examples/libritts/cosyvoice2/data/esd-emo-grpo/valid/samp_3/0008_001405_惊喜.wav	/root/autodl-tmp/CosyVoice_dev/examples/libritts/cosyvoice2/data/esd-emo-grpo/valid/receive/0008_001405_惊喜.wav
/root/autodl-tmp/CosyVoice_dev/examples/libritts/cosyvoice2/data/esd-emo-grpo/valid/samp_3/0008_001406_惊喜.wav	/root/autodl-tmp/CosyVoice_dev/examples/libritts/cosyvoice2/data/esd-emo-grpo/valid/receive/0008_001406_惊喜.wav
/root/autodl-tmp/CosyVoice_dev/examples/libritts/cosyvoice2/data/esd-emo-grpo/valid/samp_3/0008_001407_惊喜.wav	/root/autodl-tmp/CosyVoice_dev/examples/libritts/cosyvoice2/data/esd-emo-grpo/valid/receive/0008_001407_惊喜.wav
/root/autodl-tmp/CosyVoice_dev/examples/libritts/cosyvoice2/data/esd-emo-grpo/valid/samp_3/0008_001408_惊喜.wav	/root/autodl-tmp/CosyVoice_dev/examples/libritts/cosyvoice2/data/esd-emo-grpo/valid/receive/0008_001408_惊喜.wav
/root/autodl-tmp/CosyVoice_dev/examples/libritts/cosyvoice2/data/esd-emo-grpo/valid/samp_3/0008_001409_惊喜.wav	/root/autodl-tmp/CosyVoice_dev/examples/libritts/cosyvoice2/data/esd-emo-grpo/valid/receive/0008_001409_惊喜.wav
/root/autodl-tmp/CosyVoice_dev/examples/libritts/cosyvoice2/data/esd-emo-grpo/valid/samp_3/0008_001410_惊喜.wav	/root/autodl-tmp/CosyVoice_dev/examples/libritts/cosyvoice2/data/esd-emo-grpo/valid/receive/0008_001410_惊喜.wav
/root/autodl-tmp/CosyVoice_dev/examples/libritts/cosyvoice2/data/esd-emo-grpo/valid/samp_3/0008_001411_惊喜.wav	/root/autodl-tmp/CosyVoice_dev/examples/libritts/cosyvoice2/data/esd-emo-grpo/valid/receive/0008_001411_惊喜.wav
/root/autodl-tmp/CosyVoice_dev/examples/libritts/cosyvoice2/data/esd-emo-grpo/valid/samp_3/0008_001412_惊喜.wav	/root/autodl-tmp/CosyVoice_dev/examples/libritts/cosyvoice2/data/esd-emo-grpo/valid/receive/0008_001412_惊喜.wav
/root/autodl-tmp/CosyVoice_dev/examples/libritts/cosyvoice2/data/esd-emo-grpo/valid/samp_3/0008_001413_惊喜.wav	/root/autodl-tmp/CosyVoice_dev/examples/libritts/cosyvoice2/data/esd-emo-grpo/valid/receive/0008_001413_惊喜.wav
/root/autodl-tmp/CosyVoice_dev/examples/libritts/cosyvoice2/data/esd-emo-grpo/valid/samp_3/0008_001414_惊喜.wav	/root/autodl-tmp/CosyVoice_dev/examples/libritts/cosyvoice2/data/esd-emo-grpo/valid/receive/0008_001414_惊喜.wav
/root/autodl-tmp/CosyVoice_dev/examples/libritts/cosyvoice2/data/esd-emo-grpo/valid/samp_3/0008_001415_惊喜.wav	/root/autodl-tmp/CosyVoice_dev/examples/libritts/cosyvoice2/data/esd-emo-grpo/valid/receive/0008_001415_惊喜.wav
/root/autodl-tmp/CosyVoice_dev/examples/libritts/cosyvoice2/data/esd-emo-grpo/valid/samp_3/0008_001416_惊喜.wav	/root/autodl-tmp/CosyVoice_dev/examples/libritts/cosyvoice2/data/esd-emo-grpo/valid/receive/0008_001416_惊喜.wav
/root/autodl-tmp/CosyVoice_dev/examples/libritts/cosyvoice2/data/esd-emo-grpo/valid/samp_3/0008_001417_惊喜.wav	/root/autodl-tmp/CosyVoice_dev/examples/libritts/cosyvoice2/data/esd-emo-grpo/valid/receive/0008_001417_惊喜.wav
/root/autodl-tmp/CosyVoice_dev/examples/libritts/cosyvoice2/data/esd-emo-grpo/valid/samp_3/0008_001418_惊喜.wav	/root/autodl-tmp/CosyVoice_dev/examples/libritts/cosyvoice2/data/esd-emo-grpo/valid/receive/0008_001418_惊喜.wav
/root/autodl-tmp/CosyVoice_dev/examples/libritts/cosyvoice2/data/esd-emo-grpo/valid/samp_3/0008_001419_惊喜.wav	/root/autodl-tmp/CosyVoice_dev/examples/libritts/cosyvoice2/data/esd-emo-grpo/valid/receive/0008_001419_惊喜.wav
/root/autodl-tmp/CosyVoice_dev/examples/libritts/cosyvoice2/data/esd-emo-grpo/valid/samp_3/0008_001420_惊喜.wav	/root/autodl-tmp/CosyVoice_dev/examples/libritts/cosyvoice2/data/esd-emo-grpo/valid/receive/0008_001420_惊喜.wav
/root/autodl-tmp/CosyVoice_dev/examples/libritts/cosyvoice2/data/esd-emo-grpo/valid/samp_3/0008_000001_冷静.wav	/root/autodl-tmp/CosyVoice_dev/examples/libritts/cosyvoice2/data/esd-emo-grpo/valid/receive/0008_000001_冷静.wav
/root/autodl-tmp/CosyVoice_dev/examples/libritts/cosyvoice2/data/esd-emo-grpo/valid/samp_3/0008_000002_冷静.wav	/root/autodl-tmp/CosyVoice_dev/examples/libritts/cosyvoice2/data/esd-emo-grpo/valid/receive/0008_000002_冷静.wav
/root/autodl-tmp/CosyVoice_dev/examples/libritts/cosyvoice2/data/esd-emo-grpo/valid/samp_3/0008_000003_冷静.wav	/root/autodl-tmp/CosyVoice_dev/examples/libritts/cosyvoice2/data/esd-emo-grpo/valid/receive/0008_000003_冷静.wav
/root/autodl-tmp/CosyVoice_dev/examples/libritts/cosyvoice2/data/esd-emo-grpo/valid/samp_3/0008_000004_冷静.wav	/root/autodl-tmp/CosyVoice_dev/examples/libritts/cosyvoice2/data/esd-emo-grpo/valid/receive/0008_000004_冷静.wav
/root/autodl-tmp/CosyVoice_dev/examples/libritts/cosyvoice2/data/esd-emo-grpo/valid/samp_3/0008_000005_冷静.wav	/root/autodl-tmp/CosyVoice_dev/examples/libritts/cosyvoice2/data/esd-emo-grpo/valid/receive/0008_000005_冷静.wav
/root/autodl-tmp/CosyVoice_dev/examples/libritts/cosyvoice2/data/esd-emo-grpo/valid/samp_3/0008_000006_冷静.wav	/root/autodl-tmp/CosyVoice_dev/examples/libritts/cosyvoice2/data/esd-emo-grpo/valid/receive/0008_000006_冷静.wav
/root/autodl-tmp/CosyVoice_dev/examples/libritts/cosyvoice2/data/esd-emo-grpo/valid/samp_3/0008_000007_冷静.wav	/root/autodl-tmp/CosyVoice_dev/examples/libritts/cosyvoice2/data/esd-emo-grpo/valid/receive/0008_000007_冷静.wav
/root/autodl-tmp/CosyVoice_dev/examples/libritts/cosyvoice2/data/esd-emo-grpo/valid/samp_3/0008_000008_冷静.wav	/root/autodl-tmp/CosyVoice_dev/examples/libritts/cosyvoice2/data/esd-emo-grpo/valid/receive/0008_000008_冷静.wav
/root/autodl-tmp/CosyVoice_dev/examples/libritts/cosyvoice2/data/esd-emo-grpo/valid/samp_3/0008_000009_冷静.wav	/root/autodl-tmp/CosyVoice_dev/examples/libritts/cosyvoice2/data/esd-emo-grpo/valid/receive/0008_000009_冷静.wav
/root/autodl-tmp/CosyVoice_dev/examples/libritts/cosyvoice2/data/esd-emo-grpo/valid/samp_3/0008_000010_冷静.wav	/root/autodl-tmp/CosyVoice_dev/examples/libritts/cosyvoice2/data/esd-emo-grpo/valid/receive/0008_000010_冷静.wav
/root/autodl-tmp/CosyVoice_dev/examples/libritts/cosyvoice2/data/esd-emo-grpo/valid/samp_3/0008_000011_冷静.wav	/root/autodl-tmp/CosyVoice_dev/examples/libritts/cosyvoice2/data/esd-emo-grpo/valid/receive/0008_000011_冷静.wav
/root/autodl-tmp/CosyVoice_dev/examples/libritts/cosyvoice2/data/esd-emo-grpo/valid/samp_3/0008_000012_冷静.wav	/root/autodl-tmp/CosyVoice_dev/examples/libritts/cosyvoice2/data/esd-emo-grpo/valid/receive/0008_000012_冷静.wav
/root/autodl-tmp/CosyVoice_dev/examples/libritts/cosyvoice2/data/esd-emo-grpo/valid/samp_3/0008_000013_冷静.wav	/root/autodl-tmp/CosyVoice_dev/examples/libritts/cosyvoice2/data/esd-emo-grpo/valid/receive/0008_000013_冷静.wav
/root/autodl-tmp/CosyVoice_dev/examples/libritts/cosyvoice2/data/esd-emo-grpo/valid/samp_3/0008_000014_冷静.wav	/root/autodl-tmp/CosyVoice_dev/examples/libritts/cosyvoice2/data/esd-emo-grpo/valid/receive/0008_000014_冷静.wav
/root/autodl-tmp/CosyVoice_dev/examples/libritts/cosyvoice2/data/esd-emo-grpo/valid/samp_3/0008_000015_冷静.wav	/root/autodl-tmp/CosyVoice_dev/examples/libritts/cosyvoice2/data/esd-emo-grpo/valid/receive/0008_000015_冷静.wav
/root/autodl-tmp/CosyVoice_dev/examples/libritts/cosyvoice2/data/esd-emo-grpo/valid/samp_3/0008_000016_冷静.wav	/root/autodl-tmp/CosyVoice_dev/examples/libritts/cosyvoice2/data/esd-emo-grpo/valid/receive/0008_000016_冷静.wav
/root/autodl-tmp/CosyVoice_dev/examples/libritts/cosyvoice2/data/esd-emo-grpo/valid/samp_3/0008_000017_冷静.wav	/root/autodl-tmp/CosyVoice_dev/examples/libritts/cosyvoice2/data/esd-emo-grpo/valid/receive/0008_000017_冷静.wav
/root/autodl-tmp/CosyVoice_dev/examples/libritts/cosyvoice2/data/esd-emo-grpo/valid/samp_3/0008_000018_冷静.wav	/root/autodl-tmp/CosyVoice_dev/examples/libritts/cosyvoice2/data/esd-emo-grpo/valid/receive/0008_000018_冷静.wav
/root/autodl-tmp/CosyVoice_dev/examples/libritts/cosyvoice2/data/esd-emo-grpo/valid/samp_3/0008_000019_冷静.wav	/root/autodl-tmp/CosyVoice_dev/examples/libritts/cosyvoice2/data/esd-emo-grpo/valid/receive/0008_000019_冷静.wav
/root/autodl-tmp/CosyVoice_dev/examples/libritts/cosyvoice2/data/esd-emo-grpo/valid/samp_3/0008_000020_冷静.wav	/root/autodl-tmp/CosyVoice_dev/examples/libritts/cosyvoice2/data/esd-emo-grpo/valid/receive/0008_000020_冷静.wav
/root/autodl-tmp/CosyVoice_dev/examples/libritts/cosyvoice2/data/esd-emo-grpo/valid/samp_3/0008_000351_生气.wav	/root/autodl-tmp/CosyVoice_dev/examples/libritts/cosyvoice2/data/esd-emo-grpo/valid/receive/0008_000351_生气.wav
/root/autodl-tmp/CosyVoice_dev/examples/libritts/cosyvoice2/data/esd-emo-grpo/valid/samp_3/0008_000352_生气.wav	/root/autodl-tmp/CosyVoice_dev/examples/libritts/cosyvoice2/data/esd-emo-grpo/valid/receive/0008_000352_生气.wav
/root/autodl-tmp/CosyVoice_dev/examples/libritts/cosyvoice2/data/esd-emo-grpo/valid/samp_3/0008_000353_生气.wav	/root/autodl-tmp/CosyVoice_dev/examples/libritts/cosyvoice2/data/esd-emo-grpo/valid/receive/0008_000353_生气.wav
/root/autodl-tmp/CosyVoice_dev/examples/libritts/cosyvoice2/data/esd-emo-grpo/valid/samp_3/0008_000354_生气.wav	/root/autodl-tmp/CosyVoice_dev/examples/libritts/cosyvoice2/data/esd-emo-grpo/valid/receive/0008_000354_生气.wav
/root/autodl-tmp/CosyVoice_dev/examples/libritts/cosyvoice2/data/esd-emo-grpo/valid/samp_3/0008_000355_生气.wav	/root/autodl-tmp/CosyVoice_dev/examples/libritts/cosyvoice2/data/esd-emo-grpo/valid/receive/0008_000355_生气.wav
/root/autodl-tmp/CosyVoice_dev/examples/libritts/cosyvoice2/data/esd-emo-grpo/valid/samp_3/0008_000356_生气.wav	/root/autodl-tmp/CosyVoice_dev/examples/libritts/cosyvoice2/data/esd-emo-grpo/valid/receive/0008_000356_生气.wav
/root/autodl-tmp/CosyVoice_dev/examples/libritts/cosyvoice2/data/esd-emo-grpo/valid/samp_3/0008_000357_生气.wav	/root/autodl-tmp/CosyVoice_dev/examples/libritts/cosyvoice2/data/esd-emo-grpo/valid/receive/0008_000357_生气.wav
/root/autodl-tmp/CosyVoice_dev/examples/libritts/cosyvoice2/data/esd-emo-grpo/valid/samp_3/0008_000358_生气.wav	/root/autodl-tmp/CosyVoice_dev/examples/libritts/cosyvoice2/data/esd-emo-grpo/valid/receive/0008_000358_生气.wav
/root/autodl-tmp/CosyVoice_dev/examples/libritts/cosyvoice2/data/esd-emo-grpo/valid/samp_3/0008_000359_生气.wav	/root/autodl-tmp/CosyVoice_dev/examples/libritts/cosyvoice2/data/esd-emo-grpo/valid/receive/0008_000359_生气.wav
/root/autodl-tmp/CosyVoice_dev/examples/libritts/cosyvoice2/data/esd-emo-grpo/valid/samp_3/0008_000360_生气.wav	/root/autodl-tmp/CosyVoice_dev/examples/libritts/cosyvoice2/data/esd-emo-grpo/valid/receive/0008_000360_生气.wav
/root/autodl-tmp/CosyVoice_dev/examples/libritts/cosyvoice2/data/esd-emo-grpo/valid/samp_3/0008_000361_生气.wav	/root/autodl-tmp/CosyVoice_dev/examples/libritts/cosyvoice2/data/esd-emo-grpo/valid/receive/0008_000361_生气.wav
/root/autodl-tmp/CosyVoice_dev/examples/libritts/cosyvoice2/data/esd-emo-grpo/valid/samp_3/0008_000362_生气.wav	/root/autodl-tmp/CosyVoice_dev/examples/libritts/cosyvoice2/data/esd-emo-grpo/valid/receive/0008_000362_生气.wav
/root/autodl-tmp/CosyVoice_dev/examples/libritts/cosyvoice2/data/esd-emo-grpo/valid/samp_3/0008_000363_生气.wav	/root/autodl-tmp/CosyVoice_dev/examples/libritts/cosyvoice2/data/esd-emo-grpo/valid/receive/0008_000363_生气.wav
/root/autodl-tmp/CosyVoice_dev/examples/libritts/cosyvoice2/data/esd-emo-grpo/valid/samp_3/0008_000364_生气.wav	/root/autodl-tmp/CosyVoice_dev/examples/libritts/cosyvoice2/data/esd-emo-grpo/valid/receive/0008_000364_生气.wav
/root/autodl-tmp/CosyVoice_dev/examples/libritts/cosyvoice2/data/esd-emo-grpo/valid/samp_3/0008_000365_生气.wav	/root/autodl-tmp/CosyVoice_dev/examples/libritts/cosyvoice2/data/esd-emo-grpo/valid/receive/0008_000365_生气.wav
/root/autodl-tmp/CosyVoice_dev/examples/libritts/cosyvoice2/data/esd-emo-grpo/valid/samp_3/0008_000366_生气.wav	/root/autodl-tmp/CosyVoice_dev/examples/libritts/cosyvoice2/data/esd-emo-grpo/valid/receive/0008_000366_生气.wav
/root/autodl-tmp/CosyVoice_dev/examples/libritts/cosyvoice2/data/esd-emo-grpo/valid/samp_3/0008_000367_生气.wav	/root/autodl-tmp/CosyVoice_dev/examples/libritts/cosyvoice2/data/esd-emo-grpo/valid/receive/0008_000367_生气.wav
/root/autodl-tmp/CosyVoice_dev/examples/libritts/cosyvoice2/data/esd-emo-grpo/valid/samp_3/0008_000368_生气.wav	/root/autodl-tmp/CosyVoice_dev/examples/libritts/cosyvoice2/data/esd-emo-grpo/valid/receive/0008_000368_生气.wav
/root/autodl-tmp/CosyVoice_dev/examples/libritts/cosyvoice2/data/esd-emo-grpo/valid/samp_3/0008_000369_生气.wav	/root/autodl-tmp/CosyVoice_dev/examples/libritts/cosyvoice2/data/esd-emo-grpo/valid/receive/0008_000369_生气.wav
/root/autodl-tmp/CosyVoice_dev/examples/libritts/cosyvoice2/data/esd-emo-grpo/valid/samp_3/0008_000370_生气.wav	/root/autodl-tmp/CosyVoice_dev/examples/libritts/cosyvoice2/data/esd-emo-grpo/valid/receive/0008_000370_生气.wav
/root/autodl-tmp/CosyVoice_dev/examples/libritts/cosyvoice2/data/esd-emo-grpo/valid/samp_3/0009_000701_快乐.wav	/root/autodl-tmp/CosyVoice_dev/examples/libritts/cosyvoice2/data/esd-emo-grpo/valid/receive/0009_000701_快乐.wav
/root/autodl-tmp/CosyVoice_dev/examples/libritts/cosyvoice2/data/esd-emo-grpo/valid/samp_3/0009_000702_快乐.wav	/root/autodl-tmp/CosyVoice_dev/examples/libritts/cosyvoice2/data/esd-emo-grpo/valid/receive/0009_000702_快乐.wav
/root/autodl-tmp/CosyVoice_dev/examples/libritts/cosyvoice2/data/esd-emo-grpo/valid/samp_3/0009_000703_快乐.wav	/root/autodl-tmp/CosyVoice_dev/examples/libritts/cosyvoice2/data/esd-emo-grpo/valid/receive/0009_000703_快乐.wav
/root/autodl-tmp/CosyVoice_dev/examples/libritts/cosyvoice2/data/esd-emo-grpo/valid/samp_3/0009_000704_快乐.wav	/root/autodl-tmp/CosyVoice_dev/examples/libritts/cosyvoice2/data/esd-emo-grpo/valid/receive/0009_000704_快乐.wav
/root/autodl-tmp/CosyVoice_dev/examples/libritts/cosyvoice2/data/esd-emo-grpo/valid/samp_3/0009_000705_快乐.wav	/root/autodl-tmp/CosyVoice_dev/examples/libritts/cosyvoice2/data/esd-emo-grpo/valid/receive/0009_000705_快乐.wav
/root/autodl-tmp/CosyVoice_dev/examples/libritts/cosyvoice2/data/esd-emo-grpo/valid/samp_3/0009_000706_快乐.wav	/root/autodl-tmp/CosyVoice_dev/examples/libritts/cosyvoice2/data/esd-emo-grpo/valid/receive/0009_000706_快乐.wav
/root/autodl-tmp/CosyVoice_dev/examples/libritts/cosyvoice2/data/esd-emo-grpo/valid/samp_3/0009_000707_快乐.wav	/root/autodl-tmp/CosyVoice_dev/examples/libritts/cosyvoice2/data/esd-emo-grpo/valid/receive/0009_000707_快乐.wav
/root/autodl-tmp/CosyVoice_dev/examples/libritts/cosyvoice2/data/esd-emo-grpo/valid/samp_3/0009_000708_快乐.wav	/root/autodl-tmp/CosyVoice_dev/examples/libritts/cosyvoice2/data/esd-emo-grpo/valid/receive/0009_000708_快乐.wav
/root/autodl-tmp/CosyVoice_dev/examples/libritts/cosyvoice2/data/esd-emo-grpo/valid/samp_3/0009_000709_快乐.wav	/root/autodl-tmp/CosyVoice_dev/examples/libritts/cosyvoice2/data/esd-emo-grpo/valid/receive/0009_000709_快乐.wav
/root/autodl-tmp/CosyVoice_dev/examples/libritts/cosyvoice2/data/esd-emo-grpo/valid/samp_3/0009_000710_快乐.wav	/root/autodl-tmp/CosyVoice_dev/examples/libritts/cosyvoice2/data/esd-emo-grpo/valid/receive/0009_000710_快乐.wav
/root/autodl-tmp/CosyVoice_dev/examples/libritts/cosyvoice2/data/esd-emo-grpo/valid/samp_3/0009_000711_快乐.wav	/root/autodl-tmp/CosyVoice_dev/examples/libritts/cosyvoice2/data/esd-emo-grpo/valid/receive/0009_000711_快乐.wav
/root/autodl-tmp/CosyVoice_dev/examples/libritts/cosyvoice2/data/esd-emo-grpo/valid/samp_3/0009_000712_快乐.wav	/root/autodl-tmp/CosyVoice_dev/examples/libritts/cosyvoice2/data/esd-emo-grpo/valid/receive/0009_000712_快乐.wav
/root/autodl-tmp/CosyVoice_dev/examples/libritts/cosyvoice2/data/esd-emo-grpo/valid/samp_3/0009_000713_快乐.wav	/root/autodl-tmp/CosyVoice_dev/examples/libritts/cosyvoice2/data/esd-emo-grpo/valid/receive/0009_000713_快乐.wav
/root/autodl-tmp/CosyVoice_dev/examples/libritts/cosyvoice2/data/esd-emo-grpo/valid/samp_3/0009_000714_快乐.wav	/root/autodl-tmp/CosyVoice_dev/examples/libritts/cosyvoice2/data/esd-emo-grpo/valid/receive/0009_000714_快乐.wav
/root/autodl-tmp/CosyVoice_dev/examples/libritts/cosyvoice2/data/esd-emo-grpo/valid/samp_3/0009_000715_快乐.wav	/root/autodl-tmp/CosyVoice_dev/examples/libritts/cosyvoice2/data/esd-emo-grpo/valid/receive/0009_000715_快乐.wav
/root/autodl-tmp/CosyVoice_dev/examples/libritts/cosyvoice2/data/esd-emo-grpo/valid/samp_3/0009_000716_快乐.wav	/root/autodl-tmp/CosyVoice_dev/examples/libritts/cosyvoice2/data/esd-emo-grpo/valid/receive/0009_000716_快乐.wav
/root/autodl-tmp/CosyVoice_dev/examples/libritts/cosyvoice2/data/esd-emo-grpo/valid/samp_3/0009_000717_快乐.wav	/root/autodl-tmp/CosyVoice_dev/examples/libritts/cosyvoice2/data/esd-emo-grpo/valid/receive/0009_000717_快乐.wav
/root/autodl-tmp/CosyVoice_dev/examples/libritts/cosyvoice2/data/esd-emo-grpo/valid/samp_3/0009_000718_快乐.wav	/root/autodl-tmp/CosyVoice_dev/examples/libritts/cosyvoice2/data/esd-emo-grpo/valid/receive/0009_000718_快乐.wav
/root/autodl-tmp/CosyVoice_dev/examples/libritts/cosyvoice2/data/esd-emo-grpo/valid/samp_3/0009_000719_快乐.wav	/root/autodl-tmp/CosyVoice_dev/examples/libritts/cosyvoice2/data/esd-emo-grpo/valid/receive/0009_000719_快乐.wav
/root/autodl-tmp/CosyVoice_dev/examples/libritts/cosyvoice2/data/esd-emo-grpo/valid/samp_3/0009_000720_快乐.wav	/root/autodl-tmp/CosyVoice_dev/examples/libritts/cosyvoice2/data/esd-emo-grpo/valid/receive/0009_000720_快乐.wav
/root/autodl-tmp/CosyVoice_dev/examples/libritts/cosyvoice2/data/esd-emo-grpo/valid/samp_3/0009_001051_伤心.wav	/root/autodl-tmp/CosyVoice_dev/examples/libritts/cosyvoice2/data/esd-emo-grpo/valid/receive/0009_001051_伤心.wav
/root/autodl-tmp/CosyVoice_dev/examples/libritts/cosyvoice2/data/esd-emo-grpo/valid/samp_3/0009_001052_伤心.wav	/root/autodl-tmp/CosyVoice_dev/examples/libritts/cosyvoice2/data/esd-emo-grpo/valid/receive/0009_001052_伤心.wav
/root/autodl-tmp/CosyVoice_dev/examples/libritts/cosyvoice2/data/esd-emo-grpo/valid/samp_3/0009_001053_伤心.wav	/root/autodl-tmp/CosyVoice_dev/examples/libritts/cosyvoice2/data/esd-emo-grpo/valid/receive/0009_001053_伤心.wav
/root/autodl-tmp/CosyVoice_dev/examples/libritts/cosyvoice2/data/esd-emo-grpo/valid/samp_3/0009_001054_伤心.wav	/root/autodl-tmp/CosyVoice_dev/examples/libritts/cosyvoice2/data/esd-emo-grpo/valid/receive/0009_001054_伤心.wav
/root/autodl-tmp/CosyVoice_dev/examples/libritts/cosyvoice2/data/esd-emo-grpo/valid/samp_3/0009_001055_伤心.wav	/root/autodl-tmp/CosyVoice_dev/examples/libritts/cosyvoice2/data/esd-emo-grpo/valid/receive/0009_001055_伤心.wav
/root/autodl-tmp/CosyVoice_dev/examples/libritts/cosyvoice2/data/esd-emo-grpo/valid/samp_3/0009_001056_伤心.wav	/root/autodl-tmp/CosyVoice_dev/examples/libritts/cosyvoice2/data/esd-emo-grpo/valid/receive/0009_001056_伤心.wav
/root/autodl-tmp/CosyVoice_dev/examples/libritts/cosyvoice2/data/esd-emo-grpo/valid/samp_3/0009_001057_伤心.wav	/root/autodl-tmp/CosyVoice_dev/examples/libritts/cosyvoice2/data/esd-emo-grpo/valid/receive/0009_001057_伤心.wav
/root/autodl-tmp/CosyVoice_dev/examples/libritts/cosyvoice2/data/esd-emo-grpo/valid/samp_3/0009_001058_伤心.wav	/root/autodl-tmp/CosyVoice_dev/examples/libritts/cosyvoice2/data/esd-emo-grpo/valid/receive/0009_001058_伤心.wav
/root/autodl-tmp/CosyVoice_dev/examples/libritts/cosyvoice2/data/esd-emo-grpo/valid/samp_3/0009_001059_伤心.wav	/root/autodl-tmp/CosyVoice_dev/examples/libritts/cosyvoice2/data/esd-emo-grpo/valid/receive/0009_001059_伤心.wav
/root/autodl-tmp/CosyVoice_dev/examples/libritts/cosyvoice2/data/esd-emo-grpo/valid/samp_3/0009_001060_伤心.wav	/root/autodl-tmp/CosyVoice_dev/examples/libritts/cosyvoice2/data/esd-emo-grpo/valid/receive/0009_001060_伤心.wav
/root/autodl-tmp/CosyVoice_dev/examples/libritts/cosyvoice2/data/esd-emo-grpo/valid/samp_3/0009_001061_伤心.wav	/root/autodl-tmp/CosyVoice_dev/examples/libritts/cosyvoice2/data/esd-emo-grpo/valid/receive/0009_001061_伤心.wav
/root/autodl-tmp/CosyVoice_dev/examples/libritts/cosyvoice2/data/esd-emo-grpo/valid/samp_3/0009_001062_伤心.wav	/root/autodl-tmp/CosyVoice_dev/examples/libritts/cosyvoice2/data/esd-emo-grpo/valid/receive/0009_001062_伤心.wav
/root/autodl-tmp/CosyVoice_dev/examples/libritts/cosyvoice2/data/esd-emo-grpo/valid/samp_3/0009_001063_伤心.wav	/root/autodl-tmp/CosyVoice_dev/examples/libritts/cosyvoice2/data/esd-emo-grpo/valid/receive/0009_001063_伤心.wav
/root/autodl-tmp/CosyVoice_dev/examples/libritts/cosyvoice2/data/esd-emo-grpo/valid/samp_3/0009_001064_伤心.wav	/root/autodl-tmp/CosyVoice_dev/examples/libritts/cosyvoice2/data/esd-emo-grpo/valid/receive/0009_001064_伤心.wav
/root/autodl-tmp/CosyVoice_dev/examples/libritts/cosyvoice2/data/esd-emo-grpo/valid/samp_3/0009_001065_伤心.wav	/root/autodl-tmp/CosyVoice_dev/examples/libritts/cosyvoice2/data/esd-emo-grpo/valid/receive/0009_001065_伤心.wav
/root/autodl-tmp/CosyVoice_dev/examples/libritts/cosyvoice2/data/esd-emo-grpo/valid/samp_3/0009_001066_伤心.wav	/root/autodl-tmp/CosyVoice_dev/examples/libritts/cosyvoice2/data/esd-emo-grpo/valid/receive/0009_001066_伤心.wav
/root/autodl-tmp/CosyVoice_dev/examples/libritts/cosyvoice2/data/esd-emo-grpo/valid/samp_3/0009_001067_伤心.wav	/root/autodl-tmp/CosyVoice_dev/examples/libritts/cosyvoice2/data/esd-emo-grpo/valid/receive/0009_001067_伤心.wav
/root/autodl-tmp/CosyVoice_dev/examples/libritts/cosyvoice2/data/esd-emo-grpo/valid/samp_3/0009_001068_伤心.wav	/root/autodl-tmp/CosyVoice_dev/examples/libritts/cosyvoice2/data/esd-emo-grpo/valid/receive/0009_001068_伤心.wav
/root/autodl-tmp/CosyVoice_dev/examples/libritts/cosyvoice2/data/esd-emo-grpo/valid/samp_3/0009_001069_伤心.wav	/root/autodl-tmp/CosyVoice_dev/examples/libritts/cosyvoice2/data/esd-emo-grpo/valid/receive/0009_001069_伤心.wav
/root/autodl-tmp/CosyVoice_dev/examples/libritts/cosyvoice2/data/esd-emo-grpo/valid/samp_3/0009_001070_伤心.wav	/root/autodl-tmp/CosyVoice_dev/examples/libritts/cosyvoice2/data/esd-emo-grpo/valid/receive/0009_001070_伤心.wav
/root/autodl-tmp/CosyVoice_dev/examples/libritts/cosyvoice2/data/esd-emo-grpo/valid/samp_3/0009_001401_惊喜.wav	/root/autodl-tmp/CosyVoice_dev/examples/libritts/cosyvoice2/data/esd-emo-grpo/valid/receive/0009_001401_惊喜.wav
/root/autodl-tmp/CosyVoice_dev/examples/libritts/cosyvoice2/data/esd-emo-grpo/valid/samp_3/0009_001402_惊喜.wav	/root/autodl-tmp/CosyVoice_dev/examples/libritts/cosyvoice2/data/esd-emo-grpo/valid/receive/0009_001402_惊喜.wav
/root/autodl-tmp/CosyVoice_dev/examples/libritts/cosyvoice2/data/esd-emo-grpo/valid/samp_3/0009_001403_惊喜.wav	/root/autodl-tmp/CosyVoice_dev/examples/libritts/cosyvoice2/data/esd-emo-grpo/valid/receive/0009_001403_惊喜.wav
/root/autodl-tmp/CosyVoice_dev/examples/libritts/cosyvoice2/data/esd-emo-grpo/valid/samp_3/0009_001404_惊喜.wav	/root/autodl-tmp/CosyVoice_dev/examples/libritts/cosyvoice2/data/esd-emo-grpo/valid/receive/0009_001404_惊喜.wav
/root/autodl-tmp/CosyVoice_dev/examples/libritts/cosyvoice2/data/esd-emo-grpo/valid/samp_3/0009_001405_惊喜.wav	/root/autodl-tmp/CosyVoice_dev/examples/libritts/cosyvoice2/data/esd-emo-grpo/valid/receive/0009_001405_惊喜.wav
/root/autodl-tmp/CosyVoice_dev/examples/libritts/cosyvoice2/data/esd-emo-grpo/valid/samp_3/0009_001406_惊喜.wav	/root/autodl-tmp/CosyVoice_dev/examples/libritts/cosyvoice2/data/esd-emo-grpo/valid/receive/0009_001406_惊喜.wav
/root/autodl-tmp/CosyVoice_dev/examples/libritts/cosyvoice2/data/esd-emo-grpo/valid/samp_3/0009_001407_惊喜.wav	/root/autodl-tmp/CosyVoice_dev/examples/libritts/cosyvoice2/data/esd-emo-grpo/valid/receive/0009_001407_惊喜.wav
/root/autodl-tmp/CosyVoice_dev/examples/libritts/cosyvoice2/data/esd-emo-grpo/valid/samp_3/0009_001408_惊喜.wav	/root/autodl-tmp/CosyVoice_dev/examples/libritts/cosyvoice2/data/esd-emo-grpo/valid/receive/0009_001408_惊喜.wav
/root/autodl-tmp/CosyVoice_dev/examples/libritts/cosyvoice2/data/esd-emo-grpo/valid/samp_3/0009_001409_惊喜.wav	/root/autodl-tmp/CosyVoice_dev/examples/libritts/cosyvoice2/data/esd-emo-grpo/valid/receive/0009_001409_惊喜.wav
/root/autodl-tmp/CosyVoice_dev/examples/libritts/cosyvoice2/data/esd-emo-grpo/valid/samp_3/0009_001410_惊喜.wav	/root/autodl-tmp/CosyVoice_dev/examples/libritts/cosyvoice2/data/esd-emo-grpo/valid/receive/0009_001410_惊喜.wav
/root/autodl-tmp/CosyVoice_dev/examples/libritts/cosyvoice2/data/esd-emo-grpo/valid/samp_3/0009_001411_惊喜.wav	/root/autodl-tmp/CosyVoice_dev/examples/libritts/cosyvoice2/data/esd-emo-grpo/valid/receive/0009_001411_惊喜.wav
/root/autodl-tmp/CosyVoice_dev/examples/libritts/cosyvoice2/data/esd-emo-grpo/valid/samp_3/0009_001412_惊喜.wav	/root/autodl-tmp/CosyVoice_dev/examples/libritts/cosyvoice2/data/esd-emo-grpo/valid/receive/0009_001412_惊喜.wav
/root/autodl-tmp/CosyVoice_dev/examples/libritts/cosyvoice2/data/esd-emo-grpo/valid/samp_3/0009_001413_惊喜.wav	/root/autodl-tmp/CosyVoice_dev/examples/libritts/cosyvoice2/data/esd-emo-grpo/valid/receive/0009_001413_惊喜.wav
/root/autodl-tmp/CosyVoice_dev/examples/libritts/cosyvoice2/data/esd-emo-grpo/valid/samp_3/0009_001414_惊喜.wav	/root/autodl-tmp/CosyVoice_dev/examples/libritts/cosyvoice2/data/esd-emo-grpo/valid/receive/0009_001414_惊喜.wav
/root/autodl-tmp/CosyVoice_dev/examples/libritts/cosyvoice2/data/esd-emo-grpo/valid/samp_3/0009_001415_惊喜.wav	/root/autodl-tmp/CosyVoice_dev/examples/libritts/cosyvoice2/data/esd-emo-grpo/valid/receive/0009_001415_惊喜.wav
/root/autodl-tmp/CosyVoice_dev/examples/libritts/cosyvoice2/data/esd-emo-grpo/valid/samp_3/0009_001416_惊喜.wav	/root/autodl-tmp/CosyVoice_dev/examples/libritts/cosyvoice2/data/esd-emo-grpo/valid/receive/0009_001416_惊喜.wav
/root/autodl-tmp/CosyVoice_dev/examples/libritts/cosyvoice2/data/esd-emo-grpo/valid/samp_3/0009_001417_惊喜.wav	/root/autodl-tmp/CosyVoice_dev/examples/libritts/cosyvoice2/data/esd-emo-grpo/valid/receive/0009_001417_惊喜.wav
/root/autodl-tmp/CosyVoice_dev/examples/libritts/cosyvoice2/data/esd-emo-grpo/valid/samp_3/0009_001418_惊喜.wav	/root/autodl-tmp/CosyVoice_dev/examples/libritts/cosyvoice2/data/esd-emo-grpo/valid/receive/0009_001418_惊喜.wav
/root/autodl-tmp/CosyVoice_dev/examples/libritts/cosyvoice2/data/esd-emo-grpo/valid/samp_3/0009_001419_惊喜.wav	/root/autodl-tmp/CosyVoice_dev/examples/libritts/cosyvoice2/data/esd-emo-grpo/valid/receive/0009_001419_惊喜.wav
/root/autodl-tmp/CosyVoice_dev/examples/libritts/cosyvoice2/data/esd-emo-grpo/valid/samp_3/0009_001420_惊喜.wav	/root/autodl-tmp/CosyVoice_dev/examples/libritts/cosyvoice2/data/esd-emo-grpo/valid/receive/0009_001420_惊喜.wav
/root/autodl-tmp/CosyVoice_dev/examples/libritts/cosyvoice2/data/esd-emo-grpo/valid/samp_3/0009_000001_冷静.wav	/root/autodl-tmp/CosyVoice_dev/examples/libritts/cosyvoice2/data/esd-emo-grpo/valid/receive/0009_000001_冷静.wav
/root/autodl-tmp/CosyVoice_dev/examples/libritts/cosyvoice2/data/esd-emo-grpo/valid/samp_3/0009_000002_冷静.wav	/root/autodl-tmp/CosyVoice_dev/examples/libritts/cosyvoice2/data/esd-emo-grpo/valid/receive/0009_000002_冷静.wav
/root/autodl-tmp/CosyVoice_dev/examples/libritts/cosyvoice2/data/esd-emo-grpo/valid/samp_3/0009_000003_冷静.wav	/root/autodl-tmp/CosyVoice_dev/examples/libritts/cosyvoice2/data/esd-emo-grpo/valid/receive/0009_000003_冷静.wav
/root/autodl-tmp/CosyVoice_dev/examples/libritts/cosyvoice2/data/esd-emo-grpo/valid/samp_3/0009_000004_冷静.wav	/root/autodl-tmp/CosyVoice_dev/examples/libritts/cosyvoice2/data/esd-emo-grpo/valid/receive/0009_000004_冷静.wav
/root/autodl-tmp/CosyVoice_dev/examples/libritts/cosyvoice2/data/esd-emo-grpo/valid/samp_3/0009_000005_冷静.wav	/root/autodl-tmp/CosyVoice_dev/examples/libritts/cosyvoice2/data/esd-emo-grpo/valid/receive/0009_000005_冷静.wav
/root/autodl-tmp/CosyVoice_dev/examples/libritts/cosyvoice2/data/esd-emo-grpo/valid/samp_3/0009_000006_冷静.wav	/root/autodl-tmp/CosyVoice_dev/examples/libritts/cosyvoice2/data/esd-emo-grpo/valid/receive/0009_000006_冷静.wav
/root/autodl-tmp/CosyVoice_dev/examples/libritts/cosyvoice2/data/esd-emo-grpo/valid/samp_3/0009_000007_冷静.wav	/root/autodl-tmp/CosyVoice_dev/examples/libritts/cosyvoice2/data/esd-emo-grpo/valid/receive/0009_000007_冷静.wav
/root/autodl-tmp/CosyVoice_dev/examples/libritts/cosyvoice2/data/esd-emo-grpo/valid/samp_3/0009_000008_冷静.wav	/root/autodl-tmp/CosyVoice_dev/examples/libritts/cosyvoice2/data/esd-emo-grpo/valid/receive/0009_000008_冷静.wav
/root/autodl-tmp/CosyVoice_dev/examples/libritts/cosyvoice2/data/esd-emo-grpo/valid/samp_3/0009_000009_冷静.wav	/root/autodl-tmp/CosyVoice_dev/examples/libritts/cosyvoice2/data/esd-emo-grpo/valid/receive/0009_000009_冷静.wav
/root/autodl-tmp/CosyVoice_dev/examples/libritts/cosyvoice2/data/esd-emo-grpo/valid/samp_3/0009_000010_冷静.wav	/root/autodl-tmp/CosyVoice_dev/examples/libritts/cosyvoice2/data/esd-emo-grpo/valid/receive/0009_000010_冷静.wav
/root/autodl-tmp/CosyVoice_dev/examples/libritts/cosyvoice2/data/esd-emo-grpo/valid/samp_3/0009_000011_冷静.wav	/root/autodl-tmp/CosyVoice_dev/examples/libritts/cosyvoice2/data/esd-emo-grpo/valid/receive/0009_000011_冷静.wav
/root/autodl-tmp/CosyVoice_dev/examples/libritts/cosyvoice2/data/esd-emo-grpo/valid/samp_3/0009_000012_冷静.wav	/root/autodl-tmp/CosyVoice_dev/examples/libritts/cosyvoice2/data/esd-emo-grpo/valid/receive/0009_000012_冷静.wav
/root/autodl-tmp/CosyVoice_dev/examples/libritts/cosyvoice2/data/esd-emo-grpo/valid/samp_3/0009_000013_冷静.wav	/root/autodl-tmp/CosyVoice_dev/examples/libritts/cosyvoice2/data/esd-emo-grpo/valid/receive/0009_000013_冷静.wav
/root/autodl-tmp/CosyVoice_dev/examples/libritts/cosyvoice2/data/esd-emo-grpo/valid/samp_3/0009_000014_冷静.wav	/root/autodl-tmp/CosyVoice_dev/examples/libritts/cosyvoice2/data/esd-emo-grpo/valid/receive/0009_000014_冷静.wav
/root/autodl-tmp/CosyVoice_dev/examples/libritts/cosyvoice2/data/esd-emo-grpo/valid/samp_3/0009_000015_冷静.wav	/root/autodl-tmp/CosyVoice_dev/examples/libritts/cosyvoice2/data/esd-emo-grpo/valid/receive/0009_000015_冷静.wav
/root/autodl-tmp/CosyVoice_dev/examples/libritts/cosyvoice2/data/esd-emo-grpo/valid/samp_3/0009_000016_冷静.wav	/root/autodl-tmp/CosyVoice_dev/examples/libritts/cosyvoice2/data/esd-emo-grpo/valid/receive/0009_000016_冷静.wav
/root/autodl-tmp/CosyVoice_dev/examples/libritts/cosyvoice2/data/esd-emo-grpo/valid/samp_3/0009_000017_冷静.wav	/root/autodl-tmp/CosyVoice_dev/examples/libritts/cosyvoice2/data/esd-emo-grpo/valid/receive/0009_000017_冷静.wav
/root/autodl-tmp/CosyVoice_dev/examples/libritts/cosyvoice2/data/esd-emo-grpo/valid/samp_3/0009_000018_冷静.wav	/root/autodl-tmp/CosyVoice_dev/examples/libritts/cosyvoice2/data/esd-emo-grpo/valid/receive/0009_000018_冷静.wav
/root/autodl-tmp/CosyVoice_dev/examples/libritts/cosyvoice2/data/esd-emo-grpo/valid/samp_3/0009_000019_冷静.wav	/root/autodl-tmp/CosyVoice_dev/examples/libritts/cosyvoice2/data/esd-emo-grpo/valid/receive/0009_000019_冷静.wav
/root/autodl-tmp/CosyVoice_dev/examples/libritts/cosyvoice2/data/esd-emo-grpo/valid/samp_3/0009_000020_冷静.wav	/root/autodl-tmp/CosyVoice_dev/examples/libritts/cosyvoice2/data/esd-emo-grpo/valid/receive/0009_000020_冷静.wav
/root/autodl-tmp/CosyVoice_dev/examples/libritts/cosyvoice2/data/esd-emo-grpo/valid/samp_3/0009_000351_生气.wav	/root/autodl-tmp/CosyVoice_dev/examples/libritts/cosyvoice2/data/esd-emo-grpo/valid/receive/0009_000351_生气.wav
/root/autodl-tmp/CosyVoice_dev/examples/libritts/cosyvoice2/data/esd-emo-grpo/valid/samp_3/0009_000352_生气.wav	/root/autodl-tmp/CosyVoice_dev/examples/libritts/cosyvoice2/data/esd-emo-grpo/valid/receive/0009_000352_生气.wav
/root/autodl-tmp/CosyVoice_dev/examples/libritts/cosyvoice2/data/esd-emo-grpo/valid/samp_3/0009_000353_生气.wav	/root/autodl-tmp/CosyVoice_dev/examples/libritts/cosyvoice2/data/esd-emo-grpo/valid/receive/0009_000353_生气.wav
/root/autodl-tmp/CosyVoice_dev/examples/libritts/cosyvoice2/data/esd-emo-grpo/valid/samp_3/0009_000354_生气.wav	/root/autodl-tmp/CosyVoice_dev/examples/libritts/cosyvoice2/data/esd-emo-grpo/valid/receive/0009_000354_生气.wav
/root/autodl-tmp/CosyVoice_dev/examples/libritts/cosyvoice2/data/esd-emo-grpo/valid/samp_3/0009_000355_生气.wav	/root/autodl-tmp/CosyVoice_dev/examples/libritts/cosyvoice2/data/esd-emo-grpo/valid/receive/0009_000355_生气.wav
/root/autodl-tmp/CosyVoice_dev/examples/libritts/cosyvoice2/data/esd-emo-grpo/valid/samp_3/0009_000356_生气.wav	/root/autodl-tmp/CosyVoice_dev/examples/libritts/cosyvoice2/data/esd-emo-grpo/valid/receive/0009_000356_生气.wav
/root/autodl-tmp/CosyVoice_dev/examples/libritts/cosyvoice2/data/esd-emo-grpo/valid/samp_3/0009_000357_生气.wav	/root/autodl-tmp/CosyVoice_dev/examples/libritts/cosyvoice2/data/esd-emo-grpo/valid/receive/0009_000357_生气.wav
/root/autodl-tmp/CosyVoice_dev/examples/libritts/cosyvoice2/data/esd-emo-grpo/valid/samp_3/0009_000358_生气.wav	/root/autodl-tmp/CosyVoice_dev/examples/libritts/cosyvoice2/data/esd-emo-grpo/valid/receive/0009_000358_生气.wav
/root/autodl-tmp/CosyVoice_dev/examples/libritts/cosyvoice2/data/esd-emo-grpo/valid/samp_3/0009_000359_生气.wav	/root/autodl-tmp/CosyVoice_dev/examples/libritts/cosyvoice2/data/esd-emo-grpo/valid/receive/0009_000359_生气.wav
/root/autodl-tmp/CosyVoice_dev/examples/libritts/cosyvoice2/data/esd-emo-grpo/valid/samp_3/0009_000360_生气.wav	/root/autodl-tmp/CosyVoice_dev/examples/libritts/cosyvoice2/data/esd-emo-grpo/valid/receive/0009_000360_生气.wav
/root/autodl-tmp/CosyVoice_dev/examples/libritts/cosyvoice2/data/esd-emo-grpo/valid/samp_3/0009_000361_生气.wav	/root/autodl-tmp/CosyVoice_dev/examples/libritts/cosyvoice2/data/esd-emo-grpo/valid/receive/0009_000361_生气.wav
/root/autodl-tmp/CosyVoice_dev/examples/libritts/cosyvoice2/data/esd-emo-grpo/valid/samp_3/0009_000362_生气.wav	/root/autodl-tmp/CosyVoice_dev/examples/libritts/cosyvoice2/data/esd-emo-grpo/valid/receive/0009_000362_生气.wav
/root/autodl-tmp/CosyVoice_dev/examples/libritts/cosyvoice2/data/esd-emo-grpo/valid/samp_3/0009_000363_生气.wav	/root/autodl-tmp/CosyVoice_dev/examples/libritts/cosyvoice2/data/esd-emo-grpo/valid/receive/0009_000363_生气.wav
/root/autodl-tmp/CosyVoice_dev/examples/libritts/cosyvoice2/data/esd-emo-grpo/valid/samp_3/0009_000364_生气.wav	/root/autodl-tmp/CosyVoice_dev/examples/libritts/cosyvoice2/data/esd-emo-grpo/valid/receive/0009_000364_生气.wav
/root/autodl-tmp/CosyVoice_dev/examples/libritts/cosyvoice2/data/esd-emo-grpo/valid/samp_3/0009_000365_生气.wav	/root/autodl-tmp/CosyVoice_dev/examples/libritts/cosyvoice2/data/esd-emo-grpo/valid/receive/0009_000365_生气.wav
/root/autodl-tmp/CosyVoice_dev/examples/libritts/cosyvoice2/data/esd-emo-grpo/valid/samp_3/0009_000366_生气.wav	/root/autodl-tmp/CosyVoice_dev/examples/libritts/cosyvoice2/data/esd-emo-grpo/valid/receive/0009_000366_生气.wav
/root/autodl-tmp/CosyVoice_dev/examples/libritts/cosyvoice2/data/esd-emo-grpo/valid/samp_3/0009_000367_生气.wav	/root/autodl-tmp/CosyVoice_dev/examples/libritts/cosyvoice2/data/esd-emo-grpo/valid/receive/0009_000367_生气.wav
/root/autodl-tmp/CosyVoice_dev/examples/libritts/cosyvoice2/data/esd-emo-grpo/valid/samp_3/0009_000368_生气.wav	/root/autodl-tmp/CosyVoice_dev/examples/libritts/cosyvoice2/data/esd-emo-grpo/valid/receive/0009_000368_生气.wav
/root/autodl-tmp/CosyVoice_dev/examples/libritts/cosyvoice2/data/esd-emo-grpo/valid/samp_3/0009_000369_生气.wav	/root/autodl-tmp/CosyVoice_dev/examples/libritts/cosyvoice2/data/esd-emo-grpo/valid/receive/0009_000369_生气.wav
/root/autodl-tmp/CosyVoice_dev/examples/libritts/cosyvoice2/data/esd-emo-grpo/valid/samp_3/0009_000370_生气.wav	/root/autodl-tmp/CosyVoice_dev/examples/libritts/cosyvoice2/data/esd-emo-grpo/valid/receive/0009_000370_生气.wav
/root/autodl-tmp/CosyVoice_dev/examples/libritts/cosyvoice2/data/esd-emo-grpo/valid/samp_3/0010_000701_快乐.wav	/root/autodl-tmp/CosyVoice_dev/examples/libritts/cosyvoice2/data/esd-emo-grpo/valid/receive/0010_000701_快乐.wav
/root/autodl-tmp/CosyVoice_dev/examples/libritts/cosyvoice2/data/esd-emo-grpo/valid/samp_3/0010_000702_快乐.wav	/root/autodl-tmp/CosyVoice_dev/examples/libritts/cosyvoice2/data/esd-emo-grpo/valid/receive/0010_000702_快乐.wav
/root/autodl-tmp/CosyVoice_dev/examples/libritts/cosyvoice2/data/esd-emo-grpo/valid/samp_3/0010_000703_快乐.wav	/root/autodl-tmp/CosyVoice_dev/examples/libritts/cosyvoice2/data/esd-emo-grpo/valid/receive/0010_000703_快乐.wav
/root/autodl-tmp/CosyVoice_dev/examples/libritts/cosyvoice2/data/esd-emo-grpo/valid/samp_3/0010_000704_快乐.wav	/root/autodl-tmp/CosyVoice_dev/examples/libritts/cosyvoice2/data/esd-emo-grpo/valid/receive/0010_000704_快乐.wav
/root/autodl-tmp/CosyVoice_dev/examples/libritts/cosyvoice2/data/esd-emo-grpo/valid/samp_3/0010_000705_快乐.wav	/root/autodl-tmp/CosyVoice_dev/examples/libritts/cosyvoice2/data/esd-emo-grpo/valid/receive/0010_000705_快乐.wav
/root/autodl-tmp/CosyVoice_dev/examples/libritts/cosyvoice2/data/esd-emo-grpo/valid/samp_3/0010_000706_快乐.wav	/root/autodl-tmp/CosyVoice_dev/examples/libritts/cosyvoice2/data/esd-emo-grpo/valid/receive/0010_000706_快乐.wav
/root/autodl-tmp/CosyVoice_dev/examples/libritts/cosyvoice2/data/esd-emo-grpo/valid/samp_3/0010_000707_快乐.wav	/root/autodl-tmp/CosyVoice_dev/examples/libritts/cosyvoice2/data/esd-emo-grpo/valid/receive/0010_000707_快乐.wav
/root/autodl-tmp/CosyVoice_dev/examples/libritts/cosyvoice2/data/esd-emo-grpo/valid/samp_3/0010_000708_快乐.wav	/root/autodl-tmp/CosyVoice_dev/examples/libritts/cosyvoice2/data/esd-emo-grpo/valid/receive/0010_000708_快乐.wav
/root/autodl-tmp/CosyVoice_dev/examples/libritts/cosyvoice2/data/esd-emo-grpo/valid/samp_3/0010_000709_快乐.wav	/root/autodl-tmp/CosyVoice_dev/examples/libritts/cosyvoice2/data/esd-emo-grpo/valid/receive/0010_000709_快乐.wav
/root/autodl-tmp/CosyVoice_dev/examples/libritts/cosyvoice2/data/esd-emo-grpo/valid/samp_3/0010_000710_快乐.wav	/root/autodl-tmp/CosyVoice_dev/examples/libritts/cosyvoice2/data/esd-emo-grpo/valid/receive/0010_000710_快乐.wav
/root/autodl-tmp/CosyVoice_dev/examples/libritts/cosyvoice2/data/esd-emo-grpo/valid/samp_3/0010_000711_快乐.wav	/root/autodl-tmp/CosyVoice_dev/examples/libritts/cosyvoice2/data/esd-emo-grpo/valid/receive/0010_000711_快乐.wav
/root/autodl-tmp/CosyVoice_dev/examples/libritts/cosyvoice2/data/esd-emo-grpo/valid/samp_3/0010_000712_快乐.wav	/root/autodl-tmp/CosyVoice_dev/examples/libritts/cosyvoice2/data/esd-emo-grpo/valid/receive/0010_000712_快乐.wav
/root/autodl-tmp/CosyVoice_dev/examples/libritts/cosyvoice2/data/esd-emo-grpo/valid/samp_3/0010_000713_快乐.wav	/root/autodl-tmp/CosyVoice_dev/examples/libritts/cosyvoice2/data/esd-emo-grpo/valid/receive/0010_000713_快乐.wav
/root/autodl-tmp/CosyVoice_dev/examples/libritts/cosyvoice2/data/esd-emo-grpo/valid/samp_3/0010_000714_快乐.wav	/root/autodl-tmp/CosyVoice_dev/examples/libritts/cosyvoice2/data/esd-emo-grpo/valid/receive/0010_000714_快乐.wav
/root/autodl-tmp/CosyVoice_dev/examples/libritts/cosyvoice2/data/esd-emo-grpo/valid/samp_3/0010_000715_快乐.wav	/root/autodl-tmp/CosyVoice_dev/examples/libritts/cosyvoice2/data/esd-emo-grpo/valid/receive/0010_000715_快乐.wav
/root/autodl-tmp/CosyVoice_dev/examples/libritts/cosyvoice2/data/esd-emo-grpo/valid/samp_3/0010_000716_快乐.wav	/root/autodl-tmp/CosyVoice_dev/examples/libritts/cosyvoice2/data/esd-emo-grpo/valid/receive/0010_000716_快乐.wav
/root/autodl-tmp/CosyVoice_dev/examples/libritts/cosyvoice2/data/esd-emo-grpo/valid/samp_3/0010_000717_快乐.wav	/root/autodl-tmp/CosyVoice_dev/examples/libritts/cosyvoice2/data/esd-emo-grpo/valid/receive/0010_000717_快乐.wav
/root/autodl-tmp/CosyVoice_dev/examples/libritts/cosyvoice2/data/esd-emo-grpo/valid/samp_3/0010_000718_快乐.wav	/root/autodl-tmp/CosyVoice_dev/examples/libritts/cosyvoice2/data/esd-emo-grpo/valid/receive/0010_000718_快乐.wav
/root/autodl-tmp/CosyVoice_dev/examples/libritts/cosyvoice2/data/esd-emo-grpo/valid/samp_3/0010_000719_快乐.wav	/root/autodl-tmp/CosyVoice_dev/examples/libritts/cosyvoice2/data/esd-emo-grpo/valid/receive/0010_000719_快乐.wav
/root/autodl-tmp/CosyVoice_dev/examples/libritts/cosyvoice2/data/esd-emo-grpo/valid/samp_3/0010_000720_快乐.wav	/root/autodl-tmp/CosyVoice_dev/examples/libritts/cosyvoice2/data/esd-emo-grpo/valid/receive/0010_000720_快乐.wav
/root/autodl-tmp/CosyVoice_dev/examples/libritts/cosyvoice2/data/esd-emo-grpo/valid/samp_3/0010_001051_伤心.wav	/root/autodl-tmp/CosyVoice_dev/examples/libritts/cosyvoice2/data/esd-emo-grpo/valid/receive/0010_001051_伤心.wav
/root/autodl-tmp/CosyVoice_dev/examples/libritts/cosyvoice2/data/esd-emo-grpo/valid/samp_3/0010_001052_伤心.wav	/root/autodl-tmp/CosyVoice_dev/examples/libritts/cosyvoice2/data/esd-emo-grpo/valid/receive/0010_001052_伤心.wav
/root/autodl-tmp/CosyVoice_dev/examples/libritts/cosyvoice2/data/esd-emo-grpo/valid/samp_3/0010_001053_伤心.wav	/root/autodl-tmp/CosyVoice_dev/examples/libritts/cosyvoice2/data/esd-emo-grpo/valid/receive/0010_001053_伤心.wav
/root/autodl-tmp/CosyVoice_dev/examples/libritts/cosyvoice2/data/esd-emo-grpo/valid/samp_3/0010_001054_伤心.wav	/root/autodl-tmp/CosyVoice_dev/examples/libritts/cosyvoice2/data/esd-emo-grpo/valid/receive/0010_001054_伤心.wav
/root/autodl-tmp/CosyVoice_dev/examples/libritts/cosyvoice2/data/esd-emo-grpo/valid/samp_3/0010_001055_伤心.wav	/root/autodl-tmp/CosyVoice_dev/examples/libritts/cosyvoice2/data/esd-emo-grpo/valid/receive/0010_001055_伤心.wav
/root/autodl-tmp/CosyVoice_dev/examples/libritts/cosyvoice2/data/esd-emo-grpo/valid/samp_3/0010_001056_伤心.wav	/root/autodl-tmp/CosyVoice_dev/examples/libritts/cosyvoice2/data/esd-emo-grpo/valid/receive/0010_001056_伤心.wav
/root/autodl-tmp/CosyVoice_dev/examples/libritts/cosyvoice2/data/esd-emo-grpo/valid/samp_3/0010_001057_伤心.wav	/root/autodl-tmp/CosyVoice_dev/examples/libritts/cosyvoice2/data/esd-emo-grpo/valid/receive/0010_001057_伤心.wav
/root/autodl-tmp/CosyVoice_dev/examples/libritts/cosyvoice2/data/esd-emo-grpo/valid/samp_3/0010_001058_伤心.wav	/root/autodl-tmp/CosyVoice_dev/examples/libritts/cosyvoice2/data/esd-emo-grpo/valid/receive/0010_001058_伤心.wav
/root/autodl-tmp/CosyVoice_dev/examples/libritts/cosyvoice2/data/esd-emo-grpo/valid/samp_3/0010_001059_伤心.wav	/root/autodl-tmp/CosyVoice_dev/examples/libritts/cosyvoice2/data/esd-emo-grpo/valid/receive/0010_001059_伤心.wav
/root/autodl-tmp/CosyVoice_dev/examples/libritts/cosyvoice2/data/esd-emo-grpo/valid/samp_3/0010_001060_伤心.wav	/root/autodl-tmp/CosyVoice_dev/examples/libritts/cosyvoice2/data/esd-emo-grpo/valid/receive/0010_001060_伤心.wav
/root/autodl-tmp/CosyVoice_dev/examples/libritts/cosyvoice2/data/esd-emo-grpo/valid/samp_3/0010_001061_伤心.wav	/root/autodl-tmp/CosyVoice_dev/examples/libritts/cosyvoice2/data/esd-emo-grpo/valid/receive/0010_001061_伤心.wav
/root/autodl-tmp/CosyVoice_dev/examples/libritts/cosyvoice2/data/esd-emo-grpo/valid/samp_3/0010_001062_伤心.wav	/root/autodl-tmp/CosyVoice_dev/examples/libritts/cosyvoice2/data/esd-emo-grpo/valid/receive/0010_001062_伤心.wav
/root/autodl-tmp/CosyVoice_dev/examples/libritts/cosyvoice2/data/esd-emo-grpo/valid/samp_3/0010_001063_伤心.wav	/root/autodl-tmp/CosyVoice_dev/examples/libritts/cosyvoice2/data/esd-emo-grpo/valid/receive/0010_001063_伤心.wav
/root/autodl-tmp/CosyVoice_dev/examples/libritts/cosyvoice2/data/esd-emo-grpo/valid/samp_3/0010_001064_伤心.wav	/root/autodl-tmp/CosyVoice_dev/examples/libritts/cosyvoice2/data/esd-emo-grpo/valid/receive/0010_001064_伤心.wav
/root/autodl-tmp/CosyVoice_dev/examples/libritts/cosyvoice2/data/esd-emo-grpo/valid/samp_3/0010_001065_伤心.wav	/root/autodl-tmp/CosyVoice_dev/examples/libritts/cosyvoice2/data/esd-emo-grpo/valid/receive/0010_001065_伤心.wav
/root/autodl-tmp/CosyVoice_dev/examples/libritts/cosyvoice2/data/esd-emo-grpo/valid/samp_3/0010_001066_伤心.wav	/root/autodl-tmp/CosyVoice_dev/examples/libritts/cosyvoice2/data/esd-emo-grpo/valid/receive/0010_001066_伤心.wav
/root/autodl-tmp/CosyVoice_dev/examples/libritts/cosyvoice2/data/esd-emo-grpo/valid/samp_3/0010_001067_伤心.wav	/root/autodl-tmp/CosyVoice_dev/examples/libritts/cosyvoice2/data/esd-emo-grpo/valid/receive/0010_001067_伤心.wav
/root/autodl-tmp/CosyVoice_dev/examples/libritts/cosyvoice2/data/esd-emo-grpo/valid/samp_3/0010_001068_伤心.wav	/root/autodl-tmp/CosyVoice_dev/examples/libritts/cosyvoice2/data/esd-emo-grpo/valid/receive/0010_001068_伤心.wav
/root/autodl-tmp/CosyVoice_dev/examples/libritts/cosyvoice2/data/esd-emo-grpo/valid/samp_3/0010_001069_伤心.wav	/root/autodl-tmp/CosyVoice_dev/examples/libritts/cosyvoice2/data/esd-emo-grpo/valid/receive/0010_001069_伤心.wav
/root/autodl-tmp/CosyVoice_dev/examples/libritts/cosyvoice2/data/esd-emo-grpo/valid/samp_3/0010_001070_伤心.wav	/root/autodl-tmp/CosyVoice_dev/examples/libritts/cosyvoice2/data/esd-emo-grpo/valid/receive/0010_001070_伤心.wav
/root/autodl-tmp/CosyVoice_dev/examples/libritts/cosyvoice2/data/esd-emo-grpo/valid/samp_3/0010_001401_惊喜.wav	/root/autodl-tmp/CosyVoice_dev/examples/libritts/cosyvoice2/data/esd-emo-grpo/valid/receive/0010_001401_惊喜.wav
/root/autodl-tmp/CosyVoice_dev/examples/libritts/cosyvoice2/data/esd-emo-grpo/valid/samp_3/0010_001402_惊喜.wav	/root/autodl-tmp/CosyVoice_dev/examples/libritts/cosyvoice2/data/esd-emo-grpo/valid/receive/0010_001402_惊喜.wav
/root/autodl-tmp/CosyVoice_dev/examples/libritts/cosyvoice2/data/esd-emo-grpo/valid/samp_3/0010_001403_惊喜.wav	/root/autodl-tmp/CosyVoice_dev/examples/libritts/cosyvoice2/data/esd-emo-grpo/valid/receive/0010_001403_惊喜.wav
/root/autodl-tmp/CosyVoice_dev/examples/libritts/cosyvoice2/data/esd-emo-grpo/valid/samp_3/0010_001404_惊喜.wav	/root/autodl-tmp/CosyVoice_dev/examples/libritts/cosyvoice2/data/esd-emo-grpo/valid/receive/0010_001404_惊喜.wav
/root/autodl-tmp/CosyVoice_dev/examples/libritts/cosyvoice2/data/esd-emo-grpo/valid/samp_3/0010_001405_惊喜.wav	/root/autodl-tmp/CosyVoice_dev/examples/libritts/cosyvoice2/data/esd-emo-grpo/valid/receive/0010_001405_惊喜.wav
/root/autodl-tmp/CosyVoice_dev/examples/libritts/cosyvoice2/data/esd-emo-grpo/valid/samp_3/0010_001406_惊喜.wav	/root/autodl-tmp/CosyVoice_dev/examples/libritts/cosyvoice2/data/esd-emo-grpo/valid/receive/0010_001406_惊喜.wav
/root/autodl-tmp/CosyVoice_dev/examples/libritts/cosyvoice2/data/esd-emo-grpo/valid/samp_3/0010_001407_惊喜.wav	/root/autodl-tmp/CosyVoice_dev/examples/libritts/cosyvoice2/data/esd-emo-grpo/valid/receive/0010_001407_惊喜.wav
/root/autodl-tmp/CosyVoice_dev/examples/libritts/cosyvoice2/data/esd-emo-grpo/valid/samp_3/0010_001408_惊喜.wav	/root/autodl-tmp/CosyVoice_dev/examples/libritts/cosyvoice2/data/esd-emo-grpo/valid/receive/0010_001408_惊喜.wav
/root/autodl-tmp/CosyVoice_dev/examples/libritts/cosyvoice2/data/esd-emo-grpo/valid/samp_3/0010_001409_惊喜.wav	/root/autodl-tmp/CosyVoice_dev/examples/libritts/cosyvoice2/data/esd-emo-grpo/valid/receive/0010_001409_惊喜.wav
/root/autodl-tmp/CosyVoice_dev/examples/libritts/cosyvoice2/data/esd-emo-grpo/valid/samp_3/0010_001410_惊喜.wav	/root/autodl-tmp/CosyVoice_dev/examples/libritts/cosyvoice2/data/esd-emo-grpo/valid/receive/0010_001410_惊喜.wav
/root/autodl-tmp/CosyVoice_dev/examples/libritts/cosyvoice2/data/esd-emo-grpo/valid/samp_3/0010_001411_惊喜.wav	/root/autodl-tmp/CosyVoice_dev/examples/libritts/cosyvoice2/data/esd-emo-grpo/valid/receive/0010_001411_惊喜.wav
/root/autodl-tmp/CosyVoice_dev/examples/libritts/cosyvoice2/data/esd-emo-grpo/valid/samp_3/0010_001412_惊喜.wav	/root/autodl-tmp/CosyVoice_dev/examples/libritts/cosyvoice2/data/esd-emo-grpo/valid/receive/0010_001412_惊喜.wav
/root/autodl-tmp/CosyVoice_dev/examples/libritts/cosyvoice2/data/esd-emo-grpo/valid/samp_3/0010_001413_惊喜.wav	/root/autodl-tmp/CosyVoice_dev/examples/libritts/cosyvoice2/data/esd-emo-grpo/valid/receive/0010_001413_惊喜.wav
/root/autodl-tmp/CosyVoice_dev/examples/libritts/cosyvoice2/data/esd-emo-grpo/valid/samp_3/0010_001414_惊喜.wav	/root/autodl-tmp/CosyVoice_dev/examples/libritts/cosyvoice2/data/esd-emo-grpo/valid/receive/0010_001414_惊喜.wav
/root/autodl-tmp/CosyVoice_dev/examples/libritts/cosyvoice2/data/esd-emo-grpo/valid/samp_3/0010_001415_惊喜.wav	/root/autodl-tmp/CosyVoice_dev/examples/libritts/cosyvoice2/data/esd-emo-grpo/valid/receive/0010_001415_惊喜.wav
/root/autodl-tmp/CosyVoice_dev/examples/libritts/cosyvoice2/data/esd-emo-grpo/valid/samp_3/0010_001416_惊喜.wav	/root/autodl-tmp/CosyVoice_dev/examples/libritts/cosyvoice2/data/esd-emo-grpo/valid/receive/0010_001416_惊喜.wav
/root/autodl-tmp/CosyVoice_dev/examples/libritts/cosyvoice2/data/esd-emo-grpo/valid/samp_3/0010_001417_惊喜.wav	/root/autodl-tmp/CosyVoice_dev/examples/libritts/cosyvoice2/data/esd-emo-grpo/valid/receive/0010_001417_惊喜.wav
/root/autodl-tmp/CosyVoice_dev/examples/libritts/cosyvoice2/data/esd-emo-grpo/valid/samp_3/0010_001418_惊喜.wav	/root/autodl-tmp/CosyVoice_dev/examples/libritts/cosyvoice2/data/esd-emo-grpo/valid/receive/0010_001418_惊喜.wav
/root/autodl-tmp/CosyVoice_dev/examples/libritts/cosyvoice2/data/esd-emo-grpo/valid/samp_3/0010_001419_惊喜.wav	/root/autodl-tmp/CosyVoice_dev/examples/libritts/cosyvoice2/data/esd-emo-grpo/valid/receive/0010_001419_惊喜.wav
/root/autodl-tmp/CosyVoice_dev/examples/libritts/cosyvoice2/data/esd-emo-grpo/valid/samp_3/0010_001420_惊喜.wav	/root/autodl-tmp/CosyVoice_dev/examples/libritts/cosyvoice2/data/esd-emo-grpo/valid/receive/0010_001420_惊喜.wav
/root/autodl-tmp/CosyVoice_dev/examples/libritts/cosyvoice2/data/esd-emo-grpo/valid/samp_3/0010_000001_冷静.wav	/root/autodl-tmp/CosyVoice_dev/examples/libritts/cosyvoice2/data/esd-emo-grpo/valid/receive/0010_000001_冷静.wav
/root/autodl-tmp/CosyVoice_dev/examples/libritts/cosyvoice2/data/esd-emo-grpo/valid/samp_3/0010_000002_冷静.wav	/root/autodl-tmp/CosyVoice_dev/examples/libritts/cosyvoice2/data/esd-emo-grpo/valid/receive/0010_000002_冷静.wav
/root/autodl-tmp/CosyVoice_dev/examples/libritts/cosyvoice2/data/esd-emo-grpo/valid/samp_3/0010_000003_冷静.wav	/root/autodl-tmp/CosyVoice_dev/examples/libritts/cosyvoice2/data/esd-emo-grpo/valid/receive/0010_000003_冷静.wav
/root/autodl-tmp/CosyVoice_dev/examples/libritts/cosyvoice2/data/esd-emo-grpo/valid/samp_3/0010_000004_冷静.wav	/root/autodl-tmp/CosyVoice_dev/examples/libritts/cosyvoice2/data/esd-emo-grpo/valid/receive/0010_000004_冷静.wav
/root/autodl-tmp/CosyVoice_dev/examples/libritts/cosyvoice2/data/esd-emo-grpo/valid/samp_3/0010_000005_冷静.wav	/root/autodl-tmp/CosyVoice_dev/examples/libritts/cosyvoice2/data/esd-emo-grpo/valid/receive/0010_000005_冷静.wav
/root/autodl-tmp/CosyVoice_dev/examples/libritts/cosyvoice2/data/esd-emo-grpo/valid/samp_3/0010_000006_冷静.wav	/root/autodl-tmp/CosyVoice_dev/examples/libritts/cosyvoice2/data/esd-emo-grpo/valid/receive/0010_000006_冷静.wav
/root/autodl-tmp/CosyVoice_dev/examples/libritts/cosyvoice2/data/esd-emo-grpo/valid/samp_3/0010_000007_冷静.wav	/root/autodl-tmp/CosyVoice_dev/examples/libritts/cosyvoice2/data/esd-emo-grpo/valid/receive/0010_000007_冷静.wav
/root/autodl-tmp/CosyVoice_dev/examples/libritts/cosyvoice2/data/esd-emo-grpo/valid/samp_3/0010_000008_冷静.wav	/root/autodl-tmp/CosyVoice_dev/examples/libritts/cosyvoice2/data/esd-emo-grpo/valid/receive/0010_000008_冷静.wav
/root/autodl-tmp/CosyVoice_dev/examples/libritts/cosyvoice2/data/esd-emo-grpo/valid/samp_3/0010_000009_冷静.wav	/root/autodl-tmp/CosyVoice_dev/examples/libritts/cosyvoice2/data/esd-emo-grpo/valid/receive/0010_000009_冷静.wav
/root/autodl-tmp/CosyVoice_dev/examples/libritts/cosyvoice2/data/esd-emo-grpo/valid/samp_3/0010_000010_冷静.wav	/root/autodl-tmp/CosyVoice_dev/examples/libritts/cosyvoice2/data/esd-emo-grpo/valid/receive/0010_000010_冷静.wav
/root/autodl-tmp/CosyVoice_dev/examples/libritts/cosyvoice2/data/esd-emo-grpo/valid/samp_3/0010_000011_冷静.wav	/root/autodl-tmp/CosyVoice_dev/examples/libritts/cosyvoice2/data/esd-emo-grpo/valid/receive/0010_000011_冷静.wav
/root/autodl-tmp/CosyVoice_dev/examples/libritts/cosyvoice2/data/esd-emo-grpo/valid/samp_3/0010_000012_冷静.wav	/root/autodl-tmp/CosyVoice_dev/examples/libritts/cosyvoice2/data/esd-emo-grpo/valid/receive/0010_000012_冷静.wav
/root/autodl-tmp/CosyVoice_dev/examples/libritts/cosyvoice2/data/esd-emo-grpo/valid/samp_3/0010_000013_冷静.wav	/root/autodl-tmp/CosyVoice_dev/examples/libritts/cosyvoice2/data/esd-emo-grpo/valid/receive/0010_000013_冷静.wav
/root/autodl-tmp/CosyVoice_dev/examples/libritts/cosyvoice2/data/esd-emo-grpo/valid/samp_3/0010_000014_冷静.wav	/root/autodl-tmp/CosyVoice_dev/examples/libritts/cosyvoice2/data/esd-emo-grpo/valid/receive/0010_000014_冷静.wav
/root/autodl-tmp/CosyVoice_dev/examples/libritts/cosyvoice2/data/esd-emo-grpo/valid/samp_3/0010_000015_冷静.wav	/root/autodl-tmp/CosyVoice_dev/examples/libritts/cosyvoice2/data/esd-emo-grpo/valid/receive/0010_000015_冷静.wav
/root/autodl-tmp/CosyVoice_dev/examples/libritts/cosyvoice2/data/esd-emo-grpo/valid/samp_3/0010_000016_冷静.wav	/root/autodl-tmp/CosyVoice_dev/examples/libritts/cosyvoice2/data/esd-emo-grpo/valid/receive/0010_000016_冷静.wav
/root/autodl-tmp/CosyVoice_dev/examples/libritts/cosyvoice2/data/esd-emo-grpo/valid/samp_3/0010_000017_冷静.wav	/root/autodl-tmp/CosyVoice_dev/examples/libritts/cosyvoice2/data/esd-emo-grpo/valid/receive/0010_000017_冷静.wav
/root/autodl-tmp/CosyVoice_dev/examples/libritts/cosyvoice2/data/esd-emo-grpo/valid/samp_3/0010_000018_冷静.wav	/root/autodl-tmp/CosyVoice_dev/examples/libritts/cosyvoice2/data/esd-emo-grpo/valid/receive/0010_000018_冷静.wav
/root/autodl-tmp/CosyVoice_dev/examples/libritts/cosyvoice2/data/esd-emo-grpo/valid/samp_3/0010_000019_冷静.wav	/root/autodl-tmp/CosyVoice_dev/examples/libritts/cosyvoice2/data/esd-emo-grpo/valid/receive/0010_000019_冷静.wav
/root/autodl-tmp/CosyVoice_dev/examples/libritts/cosyvoice2/data/esd-emo-grpo/valid/samp_3/0010_000020_冷静.wav	/root/autodl-tmp/CosyVoice_dev/examples/libritts/cosyvoice2/data/esd-emo-grpo/valid/receive/0010_000020_冷静.wav
/root/autodl-tmp/CosyVoice_dev/examples/libritts/cosyvoice2/data/esd-emo-grpo/valid/samp_3/0010_000351_生气.wav	/root/autodl-tmp/CosyVoice_dev/examples/libritts/cosyvoice2/data/esd-emo-grpo/valid/receive/0010_000351_生气.wav
/root/autodl-tmp/CosyVoice_dev/examples/libritts/cosyvoice2/data/esd-emo-grpo/valid/samp_3/0010_000352_生气.wav	/root/autodl-tmp/CosyVoice_dev/examples/libritts/cosyvoice2/data/esd-emo-grpo/valid/receive/0010_000352_生气.wav
/root/autodl-tmp/CosyVoice_dev/examples/libritts/cosyvoice2/data/esd-emo-grpo/valid/samp_3/0010_000353_生气.wav	/root/autodl-tmp/CosyVoice_dev/examples/libritts/cosyvoice2/data/esd-emo-grpo/valid/receive/0010_000353_生气.wav
/root/autodl-tmp/CosyVoice_dev/examples/libritts/cosyvoice2/data/esd-emo-grpo/valid/samp_3/0010_000354_生气.wav	/root/autodl-tmp/CosyVoice_dev/examples/libritts/cosyvoice2/data/esd-emo-grpo/valid/receive/0010_000354_生气.wav
/root/autodl-tmp/CosyVoice_dev/examples/libritts/cosyvoice2/data/esd-emo-grpo/valid/samp_3/0010_000355_生气.wav	/root/autodl-tmp/CosyVoice_dev/examples/libritts/cosyvoice2/data/esd-emo-grpo/valid/receive/0010_000355_生气.wav
/root/autodl-tmp/CosyVoice_dev/examples/libritts/cosyvoice2/data/esd-emo-grpo/valid/samp_3/0010_000356_生气.wav	/root/autodl-tmp/CosyVoice_dev/examples/libritts/cosyvoice2/data/esd-emo-grpo/valid/receive/0010_000356_生气.wav
/root/autodl-tmp/CosyVoice_dev/examples/libritts/cosyvoice2/data/esd-emo-grpo/valid/samp_3/0010_000357_生气.wav	/root/autodl-tmp/CosyVoice_dev/examples/libritts/cosyvoice2/data/esd-emo-grpo/valid/receive/0010_000357_生气.wav
/root/autodl-tmp/CosyVoice_dev/examples/libritts/cosyvoice2/data/esd-emo-grpo/valid/samp_3/0010_000358_生气.wav	/root/autodl-tmp/CosyVoice_dev/examples/libritts/cosyvoice2/data/esd-emo-grpo/valid/receive/0010_000358_生气.wav
/root/autodl-tmp/CosyVoice_dev/examples/libritts/cosyvoice2/data/esd-emo-grpo/valid/samp_3/0010_000359_生气.wav	/root/autodl-tmp/CosyVoice_dev/examples/libritts/cosyvoice2/data/esd-emo-grpo/valid/receive/0010_000359_生气.wav
/root/autodl-tmp/CosyVoice_dev/examples/libritts/cosyvoice2/data/esd-emo-grpo/valid/samp_3/0010_000360_生气.wav	/root/autodl-tmp/CosyVoice_dev/examples/libritts/cosyvoice2/data/esd-emo-grpo/valid/receive/0010_000360_生气.wav
/root/autodl-tmp/CosyVoice_dev/examples/libritts/cosyvoice2/data/esd-emo-grpo/valid/samp_3/0010_000361_生气.wav	/root/autodl-tmp/CosyVoice_dev/examples/libritts/cosyvoice2/data/esd-emo-grpo/valid/receive/0010_000361_生气.wav
/root/autodl-tmp/CosyVoice_dev/examples/libritts/cosyvoice2/data/esd-emo-grpo/valid/samp_3/0010_000362_生气.wav	/root/autodl-tmp/CosyVoice_dev/examples/libritts/cosyvoice2/data/esd-emo-grpo/valid/receive/0010_000362_生气.wav
/root/autodl-tmp/CosyVoice_dev/examples/libritts/cosyvoice2/data/esd-emo-grpo/valid/samp_3/0010_000363_生气.wav	/root/autodl-tmp/CosyVoice_dev/examples/libritts/cosyvoice2/data/esd-emo-grpo/valid/receive/0010_000363_生气.wav
/root/autodl-tmp/CosyVoice_dev/examples/libritts/cosyvoice2/data/esd-emo-grpo/valid/samp_3/0010_000364_生气.wav	/root/autodl-tmp/CosyVoice_dev/examples/libritts/cosyvoice2/data/esd-emo-grpo/valid/receive/0010_000364_生气.wav
/root/autodl-tmp/CosyVoice_dev/examples/libritts/cosyvoice2/data/esd-emo-grpo/valid/samp_3/0010_000365_生气.wav	/root/autodl-tmp/CosyVoice_dev/examples/libritts/cosyvoice2/data/esd-emo-grpo/valid/receive/0010_000365_生气.wav
/root/autodl-tmp/CosyVoice_dev/examples/libritts/cosyvoice2/data/esd-emo-grpo/valid/samp_3/0010_000366_生气.wav	/root/autodl-tmp/CosyVoice_dev/examples/libritts/cosyvoice2/data/esd-emo-grpo/valid/receive/0010_000366_生气.wav
/root/autodl-tmp/CosyVoice_dev/examples/libritts/cosyvoice2/data/esd-emo-grpo/valid/samp_3/0010_000367_生气.wav	/root/autodl-tmp/CosyVoice_dev/examples/libritts/cosyvoice2/data/esd-emo-grpo/valid/receive/0010_000367_生气.wav
/root/autodl-tmp/CosyVoice_dev/examples/libritts/cosyvoice2/data/esd-emo-grpo/valid/samp_3/0010_000368_生气.wav	/root/autodl-tmp/CosyVoice_dev/examples/libritts/cosyvoice2/data/esd-emo-grpo/valid/receive/0010_000368_生气.wav
/root/autodl-tmp/CosyVoice_dev/examples/libritts/cosyvoice2/data/esd-emo-grpo/valid/samp_3/0010_000369_生气.wav	/root/autodl-tmp/CosyVoice_dev/examples/libritts/cosyvoice2/data/esd-emo-grpo/valid/receive/0010_000369_生气.wav
/root/autodl-tmp/CosyVoice_dev/examples/libritts/cosyvoice2/data/esd-emo-grpo/valid/samp_3/0010_000370_生气.wav	/root/autodl-tmp/CosyVoice_dev/examples/libritts/cosyvoice2/data/esd-emo-grpo/valid/receive/0010_000370_生气.wav
/root/autodl-tmp/CosyVoice_dev/examples/libritts/cosyvoice2/data/esd-emo-grpo/valid/samp_4/0001_000701_快乐.wav	/root/autodl-tmp/CosyVoice_dev/examples/libritts/cosyvoice2/data/esd-emo-grpo/valid/receive/0001_000701_快乐.wav
/root/autodl-tmp/CosyVoice_dev/examples/libritts/cosyvoice2/data/esd-emo-grpo/valid/samp_4/0001_000702_快乐.wav	/root/autodl-tmp/CosyVoice_dev/examples/libritts/cosyvoice2/data/esd-emo-grpo/valid/receive/0001_000702_快乐.wav
/root/autodl-tmp/CosyVoice_dev/examples/libritts/cosyvoice2/data/esd-emo-grpo/valid/samp_4/0001_000703_快乐.wav	/root/autodl-tmp/CosyVoice_dev/examples/libritts/cosyvoice2/data/esd-emo-grpo/valid/receive/0001_000703_快乐.wav
/root/autodl-tmp/CosyVoice_dev/examples/libritts/cosyvoice2/data/esd-emo-grpo/valid/samp_4/0001_000704_快乐.wav	/root/autodl-tmp/CosyVoice_dev/examples/libritts/cosyvoice2/data/esd-emo-grpo/valid/receive/0001_000704_快乐.wav
/root/autodl-tmp/CosyVoice_dev/examples/libritts/cosyvoice2/data/esd-emo-grpo/valid/samp_4/0001_000705_快乐.wav	/root/autodl-tmp/CosyVoice_dev/examples/libritts/cosyvoice2/data/esd-emo-grpo/valid/receive/0001_000705_快乐.wav
/root/autodl-tmp/CosyVoice_dev/examples/libritts/cosyvoice2/data/esd-emo-grpo/valid/samp_4/0001_000706_快乐.wav	/root/autodl-tmp/CosyVoice_dev/examples/libritts/cosyvoice2/data/esd-emo-grpo/valid/receive/0001_000706_快乐.wav
/root/autodl-tmp/CosyVoice_dev/examples/libritts/cosyvoice2/data/esd-emo-grpo/valid/samp_4/0001_000707_快乐.wav	/root/autodl-tmp/CosyVoice_dev/examples/libritts/cosyvoice2/data/esd-emo-grpo/valid/receive/0001_000707_快乐.wav
/root/autodl-tmp/CosyVoice_dev/examples/libritts/cosyvoice2/data/esd-emo-grpo/valid/samp_4/0001_000708_快乐.wav	/root/autodl-tmp/CosyVoice_dev/examples/libritts/cosyvoice2/data/esd-emo-grpo/valid/receive/0001_000708_快乐.wav
/root/autodl-tmp/CosyVoice_dev/examples/libritts/cosyvoice2/data/esd-emo-grpo/valid/samp_4/0001_000709_快乐.wav	/root/autodl-tmp/CosyVoice_dev/examples/libritts/cosyvoice2/data/esd-emo-grpo/valid/receive/0001_000709_快乐.wav
/root/autodl-tmp/CosyVoice_dev/examples/libritts/cosyvoice2/data/esd-emo-grpo/valid/samp_4/0001_000710_快乐.wav	/root/autodl-tmp/CosyVoice_dev/examples/libritts/cosyvoice2/data/esd-emo-grpo/valid/receive/0001_000710_快乐.wav
/root/autodl-tmp/CosyVoice_dev/examples/libritts/cosyvoice2/data/esd-emo-grpo/valid/samp_4/0001_000711_快乐.wav	/root/autodl-tmp/CosyVoice_dev/examples/libritts/cosyvoice2/data/esd-emo-grpo/valid/receive/0001_000711_快乐.wav
/root/autodl-tmp/CosyVoice_dev/examples/libritts/cosyvoice2/data/esd-emo-grpo/valid/samp_4/0001_000712_快乐.wav	/root/autodl-tmp/CosyVoice_dev/examples/libritts/cosyvoice2/data/esd-emo-grpo/valid/receive/0001_000712_快乐.wav
/root/autodl-tmp/CosyVoice_dev/examples/libritts/cosyvoice2/data/esd-emo-grpo/valid/samp_4/0001_000713_快乐.wav	/root/autodl-tmp/CosyVoice_dev/examples/libritts/cosyvoice2/data/esd-emo-grpo/valid/receive/0001_000713_快乐.wav
/root/autodl-tmp/CosyVoice_dev/examples/libritts/cosyvoice2/data/esd-emo-grpo/valid/samp_4/0001_000714_快乐.wav	/root/autodl-tmp/CosyVoice_dev/examples/libritts/cosyvoice2/data/esd-emo-grpo/valid/receive/0001_000714_快乐.wav
/root/autodl-tmp/CosyVoice_dev/examples/libritts/cosyvoice2/data/esd-emo-grpo/valid/samp_4/0001_000715_快乐.wav	/root/autodl-tmp/CosyVoice_dev/examples/libritts/cosyvoice2/data/esd-emo-grpo/valid/receive/0001_000715_快乐.wav
/root/autodl-tmp/CosyVoice_dev/examples/libritts/cosyvoice2/data/esd-emo-grpo/valid/samp_4/0001_000716_快乐.wav	/root/autodl-tmp/CosyVoice_dev/examples/libritts/cosyvoice2/data/esd-emo-grpo/valid/receive/0001_000716_快乐.wav
/root/autodl-tmp/CosyVoice_dev/examples/libritts/cosyvoice2/data/esd-emo-grpo/valid/samp_4/0001_000717_快乐.wav	/root/autodl-tmp/CosyVoice_dev/examples/libritts/cosyvoice2/data/esd-emo-grpo/valid/receive/0001_000717_快乐.wav
/root/autodl-tmp/CosyVoice_dev/examples/libritts/cosyvoice2/data/esd-emo-grpo/valid/samp_4/0001_000718_快乐.wav	/root/autodl-tmp/CosyVoice_dev/examples/libritts/cosyvoice2/data/esd-emo-grpo/valid/receive/0001_000718_快乐.wav
/root/autodl-tmp/CosyVoice_dev/examples/libritts/cosyvoice2/data/esd-emo-grpo/valid/samp_4/0001_000719_快乐.wav	/root/autodl-tmp/CosyVoice_dev/examples/libritts/cosyvoice2/data/esd-emo-grpo/valid/receive/0001_000719_快乐.wav
/root/autodl-tmp/CosyVoice_dev/examples/libritts/cosyvoice2/data/esd-emo-grpo/valid/samp_4/0001_000720_快乐.wav	/root/autodl-tmp/CosyVoice_dev/examples/libritts/cosyvoice2/data/esd-emo-grpo/valid/receive/0001_000720_快乐.wav
/root/autodl-tmp/CosyVoice_dev/examples/libritts/cosyvoice2/data/esd-emo-grpo/valid/samp_4/0001_001051_伤心.wav	/root/autodl-tmp/CosyVoice_dev/examples/libritts/cosyvoice2/data/esd-emo-grpo/valid/receive/0001_001051_伤心.wav
/root/autodl-tmp/CosyVoice_dev/examples/libritts/cosyvoice2/data/esd-emo-grpo/valid/samp_4/0001_001052_伤心.wav	/root/autodl-tmp/CosyVoice_dev/examples/libritts/cosyvoice2/data/esd-emo-grpo/valid/receive/0001_001052_伤心.wav
/root/autodl-tmp/CosyVoice_dev/examples/libritts/cosyvoice2/data/esd-emo-grpo/valid/samp_4/0001_001053_伤心.wav	/root/autodl-tmp/CosyVoice_dev/examples/libritts/cosyvoice2/data/esd-emo-grpo/valid/receive/0001_001053_伤心.wav
/root/autodl-tmp/CosyVoice_dev/examples/libritts/cosyvoice2/data/esd-emo-grpo/valid/samp_4/0001_001054_伤心.wav	/root/autodl-tmp/CosyVoice_dev/examples/libritts/cosyvoice2/data/esd-emo-grpo/valid/receive/0001_001054_伤心.wav
/root/autodl-tmp/CosyVoice_dev/examples/libritts/cosyvoice2/data/esd-emo-grpo/valid/samp_4/0001_001055_伤心.wav	/root/autodl-tmp/CosyVoice_dev/examples/libritts/cosyvoice2/data/esd-emo-grpo/valid/receive/0001_001055_伤心.wav
/root/autodl-tmp/CosyVoice_dev/examples/libritts/cosyvoice2/data/esd-emo-grpo/valid/samp_4/0001_001056_伤心.wav	/root/autodl-tmp/CosyVoice_dev/examples/libritts/cosyvoice2/data/esd-emo-grpo/valid/receive/0001_001056_伤心.wav
/root/autodl-tmp/CosyVoice_dev/examples/libritts/cosyvoice2/data/esd-emo-grpo/valid/samp_4/0001_001057_伤心.wav	/root/autodl-tmp/CosyVoice_dev/examples/libritts/cosyvoice2/data/esd-emo-grpo/valid/receive/0001_001057_伤心.wav
/root/autodl-tmp/CosyVoice_dev/examples/libritts/cosyvoice2/data/esd-emo-grpo/valid/samp_4/0001_001058_伤心.wav	/root/autodl-tmp/CosyVoice_dev/examples/libritts/cosyvoice2/data/esd-emo-grpo/valid/receive/0001_001058_伤心.wav
/root/autodl-tmp/CosyVoice_dev/examples/libritts/cosyvoice2/data/esd-emo-grpo/valid/samp_4/0001_001059_伤心.wav	/root/autodl-tmp/CosyVoice_dev/examples/libritts/cosyvoice2/data/esd-emo-grpo/valid/receive/0001_001059_伤心.wav
/root/autodl-tmp/CosyVoice_dev/examples/libritts/cosyvoice2/data/esd-emo-grpo/valid/samp_4/0001_001060_伤心.wav	/root/autodl-tmp/CosyVoice_dev/examples/libritts/cosyvoice2/data/esd-emo-grpo/valid/receive/0001_001060_伤心.wav
/root/autodl-tmp/CosyVoice_dev/examples/libritts/cosyvoice2/data/esd-emo-grpo/valid/samp_4/0001_001061_伤心.wav	/root/autodl-tmp/CosyVoice_dev/examples/libritts/cosyvoice2/data/esd-emo-grpo/valid/receive/0001_001061_伤心.wav
/root/autodl-tmp/CosyVoice_dev/examples/libritts/cosyvoice2/data/esd-emo-grpo/valid/samp_4/0001_001062_伤心.wav	/root/autodl-tmp/CosyVoice_dev/examples/libritts/cosyvoice2/data/esd-emo-grpo/valid/receive/0001_001062_伤心.wav
/root/autodl-tmp/CosyVoice_dev/examples/libritts/cosyvoice2/data/esd-emo-grpo/valid/samp_4/0001_001063_伤心.wav	/root/autodl-tmp/CosyVoice_dev/examples/libritts/cosyvoice2/data/esd-emo-grpo/valid/receive/0001_001063_伤心.wav
/root/autodl-tmp/CosyVoice_dev/examples/libritts/cosyvoice2/data/esd-emo-grpo/valid/samp_4/0001_001064_伤心.wav	/root/autodl-tmp/CosyVoice_dev/examples/libritts/cosyvoice2/data/esd-emo-grpo/valid/receive/0001_001064_伤心.wav
/root/autodl-tmp/CosyVoice_dev/examples/libritts/cosyvoice2/data/esd-emo-grpo/valid/samp_4/0001_001065_伤心.wav	/root/autodl-tmp/CosyVoice_dev/examples/libritts/cosyvoice2/data/esd-emo-grpo/valid/receive/0001_001065_伤心.wav
/root/autodl-tmp/CosyVoice_dev/examples/libritts/cosyvoice2/data/esd-emo-grpo/valid/samp_4/0001_001066_伤心.wav	/root/autodl-tmp/CosyVoice_dev/examples/libritts/cosyvoice2/data/esd-emo-grpo/valid/receive/0001_001066_伤心.wav
/root/autodl-tmp/CosyVoice_dev/examples/libritts/cosyvoice2/data/esd-emo-grpo/valid/samp_4/0001_001067_伤心.wav	/root/autodl-tmp/CosyVoice_dev/examples/libritts/cosyvoice2/data/esd-emo-grpo/valid/receive/0001_001067_伤心.wav
/root/autodl-tmp/CosyVoice_dev/examples/libritts/cosyvoice2/data/esd-emo-grpo/valid/samp_4/0001_001068_伤心.wav	/root/autodl-tmp/CosyVoice_dev/examples/libritts/cosyvoice2/data/esd-emo-grpo/valid/receive/0001_001068_伤心.wav
/root/autodl-tmp/CosyVoice_dev/examples/libritts/cosyvoice2/data/esd-emo-grpo/valid/samp_4/0001_001069_伤心.wav	/root/autodl-tmp/CosyVoice_dev/examples/libritts/cosyvoice2/data/esd-emo-grpo/valid/receive/0001_001069_伤心.wav
/root/autodl-tmp/CosyVoice_dev/examples/libritts/cosyvoice2/data/esd-emo-grpo/valid/samp_4/0001_001070_伤心.wav	/root/autodl-tmp/CosyVoice_dev/examples/libritts/cosyvoice2/data/esd-emo-grpo/valid/receive/0001_001070_伤心.wav
/root/autodl-tmp/CosyVoice_dev/examples/libritts/cosyvoice2/data/esd-emo-grpo/valid/samp_4/0001_001401_惊喜.wav	/root/autodl-tmp/CosyVoice_dev/examples/libritts/cosyvoice2/data/esd-emo-grpo/valid/receive/0001_001401_惊喜.wav
/root/autodl-tmp/CosyVoice_dev/examples/libritts/cosyvoice2/data/esd-emo-grpo/valid/samp_4/0001_001402_惊喜.wav	/root/autodl-tmp/CosyVoice_dev/examples/libritts/cosyvoice2/data/esd-emo-grpo/valid/receive/0001_001402_惊喜.wav
/root/autodl-tmp/CosyVoice_dev/examples/libritts/cosyvoice2/data/esd-emo-grpo/valid/samp_4/0001_001403_惊喜.wav	/root/autodl-tmp/CosyVoice_dev/examples/libritts/cosyvoice2/data/esd-emo-grpo/valid/receive/0001_001403_惊喜.wav
/root/autodl-tmp/CosyVoice_dev/examples/libritts/cosyvoice2/data/esd-emo-grpo/valid/samp_4/0001_001404_惊喜.wav	/root/autodl-tmp/CosyVoice_dev/examples/libritts/cosyvoice2/data/esd-emo-grpo/valid/receive/0001_001404_惊喜.wav
/root/autodl-tmp/CosyVoice_dev/examples/libritts/cosyvoice2/data/esd-emo-grpo/valid/samp_4/0001_001405_惊喜.wav	/root/autodl-tmp/CosyVoice_dev/examples/libritts/cosyvoice2/data/esd-emo-grpo/valid/receive/0001_001405_惊喜.wav
/root/autodl-tmp/CosyVoice_dev/examples/libritts/cosyvoice2/data/esd-emo-grpo/valid/samp_4/0001_001406_惊喜.wav	/root/autodl-tmp/CosyVoice_dev/examples/libritts/cosyvoice2/data/esd-emo-grpo/valid/receive/0001_001406_惊喜.wav
/root/autodl-tmp/CosyVoice_dev/examples/libritts/cosyvoice2/data/esd-emo-grpo/valid/samp_4/0001_001407_惊喜.wav	/root/autodl-tmp/CosyVoice_dev/examples/libritts/cosyvoice2/data/esd-emo-grpo/valid/receive/0001_001407_惊喜.wav
/root/autodl-tmp/CosyVoice_dev/examples/libritts/cosyvoice2/data/esd-emo-grpo/valid/samp_4/0001_001408_惊喜.wav	/root/autodl-tmp/CosyVoice_dev/examples/libritts/cosyvoice2/data/esd-emo-grpo/valid/receive/0001_001408_惊喜.wav
/root/autodl-tmp/CosyVoice_dev/examples/libritts/cosyvoice2/data/esd-emo-grpo/valid/samp_4/0001_001409_惊喜.wav	/root/autodl-tmp/CosyVoice_dev/examples/libritts/cosyvoice2/data/esd-emo-grpo/valid/receive/0001_001409_惊喜.wav
/root/autodl-tmp/CosyVoice_dev/examples/libritts/cosyvoice2/data/esd-emo-grpo/valid/samp_4/0001_001410_惊喜.wav	/root/autodl-tmp/CosyVoice_dev/examples/libritts/cosyvoice2/data/esd-emo-grpo/valid/receive/0001_001410_惊喜.wav
/root/autodl-tmp/CosyVoice_dev/examples/libritts/cosyvoice2/data/esd-emo-grpo/valid/samp_4/0001_001411_惊喜.wav	/root/autodl-tmp/CosyVoice_dev/examples/libritts/cosyvoice2/data/esd-emo-grpo/valid/receive/0001_001411_惊喜.wav
/root/autodl-tmp/CosyVoice_dev/examples/libritts/cosyvoice2/data/esd-emo-grpo/valid/samp_4/0001_001412_惊喜.wav	/root/autodl-tmp/CosyVoice_dev/examples/libritts/cosyvoice2/data/esd-emo-grpo/valid/receive/0001_001412_惊喜.wav
/root/autodl-tmp/CosyVoice_dev/examples/libritts/cosyvoice2/data/esd-emo-grpo/valid/samp_4/0001_001413_惊喜.wav	/root/autodl-tmp/CosyVoice_dev/examples/libritts/cosyvoice2/data/esd-emo-grpo/valid/receive/0001_001413_惊喜.wav
/root/autodl-tmp/CosyVoice_dev/examples/libritts/cosyvoice2/data/esd-emo-grpo/valid/samp_4/0001_001414_惊喜.wav	/root/autodl-tmp/CosyVoice_dev/examples/libritts/cosyvoice2/data/esd-emo-grpo/valid/receive/0001_001414_惊喜.wav
/root/autodl-tmp/CosyVoice_dev/examples/libritts/cosyvoice2/data/esd-emo-grpo/valid/samp_4/0001_001415_惊喜.wav	/root/autodl-tmp/CosyVoice_dev/examples/libritts/cosyvoice2/data/esd-emo-grpo/valid/receive/0001_001415_惊喜.wav
/root/autodl-tmp/CosyVoice_dev/examples/libritts/cosyvoice2/data/esd-emo-grpo/valid/samp_4/0001_001416_惊喜.wav	/root/autodl-tmp/CosyVoice_dev/examples/libritts/cosyvoice2/data/esd-emo-grpo/valid/receive/0001_001416_惊喜.wav
/root/autodl-tmp/CosyVoice_dev/examples/libritts/cosyvoice2/data/esd-emo-grpo/valid/samp_4/0001_001417_惊喜.wav	/root/autodl-tmp/CosyVoice_dev/examples/libritts/cosyvoice2/data/esd-emo-grpo/valid/receive/0001_001417_惊喜.wav
/root/autodl-tmp/CosyVoice_dev/examples/libritts/cosyvoice2/data/esd-emo-grpo/valid/samp_4/0001_001418_惊喜.wav	/root/autodl-tmp/CosyVoice_dev/examples/libritts/cosyvoice2/data/esd-emo-grpo/valid/receive/0001_001418_惊喜.wav
/root/autodl-tmp/CosyVoice_dev/examples/libritts/cosyvoice2/data/esd-emo-grpo/valid/samp_4/0001_001419_惊喜.wav	/root/autodl-tmp/CosyVoice_dev/examples/libritts/cosyvoice2/data/esd-emo-grpo/valid/receive/0001_001419_惊喜.wav
/root/autodl-tmp/CosyVoice_dev/examples/libritts/cosyvoice2/data/esd-emo-grpo/valid/samp_4/0001_001420_惊喜.wav	/root/autodl-tmp/CosyVoice_dev/examples/libritts/cosyvoice2/data/esd-emo-grpo/valid/receive/0001_001420_惊喜.wav
/root/autodl-tmp/CosyVoice_dev/examples/libritts/cosyvoice2/data/esd-emo-grpo/valid/samp_4/0001_000001_冷静.wav	/root/autodl-tmp/CosyVoice_dev/examples/libritts/cosyvoice2/data/esd-emo-grpo/valid/receive/0001_000001_冷静.wav
/root/autodl-tmp/CosyVoice_dev/examples/libritts/cosyvoice2/data/esd-emo-grpo/valid/samp_4/0001_000002_冷静.wav	/root/autodl-tmp/CosyVoice_dev/examples/libritts/cosyvoice2/data/esd-emo-grpo/valid/receive/0001_000002_冷静.wav
/root/autodl-tmp/CosyVoice_dev/examples/libritts/cosyvoice2/data/esd-emo-grpo/valid/samp_4/0001_000003_冷静.wav	/root/autodl-tmp/CosyVoice_dev/examples/libritts/cosyvoice2/data/esd-emo-grpo/valid/receive/0001_000003_冷静.wav
/root/autodl-tmp/CosyVoice_dev/examples/libritts/cosyvoice2/data/esd-emo-grpo/valid/samp_4/0001_000004_冷静.wav	/root/autodl-tmp/CosyVoice_dev/examples/libritts/cosyvoice2/data/esd-emo-grpo/valid/receive/0001_000004_冷静.wav
/root/autodl-tmp/CosyVoice_dev/examples/libritts/cosyvoice2/data/esd-emo-grpo/valid/samp_4/0001_000005_冷静.wav	/root/autodl-tmp/CosyVoice_dev/examples/libritts/cosyvoice2/data/esd-emo-grpo/valid/receive/0001_000005_冷静.wav
/root/autodl-tmp/CosyVoice_dev/examples/libritts/cosyvoice2/data/esd-emo-grpo/valid/samp_4/0001_000006_冷静.wav	/root/autodl-tmp/CosyVoice_dev/examples/libritts/cosyvoice2/data/esd-emo-grpo/valid/receive/0001_000006_冷静.wav
/root/autodl-tmp/CosyVoice_dev/examples/libritts/cosyvoice2/data/esd-emo-grpo/valid/samp_4/0001_000007_冷静.wav	/root/autodl-tmp/CosyVoice_dev/examples/libritts/cosyvoice2/data/esd-emo-grpo/valid/receive/0001_000007_冷静.wav
/root/autodl-tmp/CosyVoice_dev/examples/libritts/cosyvoice2/data/esd-emo-grpo/valid/samp_4/0001_000008_冷静.wav	/root/autodl-tmp/CosyVoice_dev/examples/libritts/cosyvoice2/data/esd-emo-grpo/valid/receive/0001_000008_冷静.wav
/root/autodl-tmp/CosyVoice_dev/examples/libritts/cosyvoice2/data/esd-emo-grpo/valid/samp_4/0001_000009_冷静.wav	/root/autodl-tmp/CosyVoice_dev/examples/libritts/cosyvoice2/data/esd-emo-grpo/valid/receive/0001_000009_冷静.wav
/root/autodl-tmp/CosyVoice_dev/examples/libritts/cosyvoice2/data/esd-emo-grpo/valid/samp_4/0001_000010_冷静.wav	/root/autodl-tmp/CosyVoice_dev/examples/libritts/cosyvoice2/data/esd-emo-grpo/valid/receive/0001_000010_冷静.wav
/root/autodl-tmp/CosyVoice_dev/examples/libritts/cosyvoice2/data/esd-emo-grpo/valid/samp_4/0001_000011_冷静.wav	/root/autodl-tmp/CosyVoice_dev/examples/libritts/cosyvoice2/data/esd-emo-grpo/valid/receive/0001_000011_冷静.wav
/root/autodl-tmp/CosyVoice_dev/examples/libritts/cosyvoice2/data/esd-emo-grpo/valid/samp_4/0001_000012_冷静.wav	/root/autodl-tmp/CosyVoice_dev/examples/libritts/cosyvoice2/data/esd-emo-grpo/valid/receive/0001_000012_冷静.wav
/root/autodl-tmp/CosyVoice_dev/examples/libritts/cosyvoice2/data/esd-emo-grpo/valid/samp_4/0001_000013_冷静.wav	/root/autodl-tmp/CosyVoice_dev/examples/libritts/cosyvoice2/data/esd-emo-grpo/valid/receive/0001_000013_冷静.wav
/root/autodl-tmp/CosyVoice_dev/examples/libritts/cosyvoice2/data/esd-emo-grpo/valid/samp_4/0001_000014_冷静.wav	/root/autodl-tmp/CosyVoice_dev/examples/libritts/cosyvoice2/data/esd-emo-grpo/valid/receive/0001_000014_冷静.wav
/root/autodl-tmp/CosyVoice_dev/examples/libritts/cosyvoice2/data/esd-emo-grpo/valid/samp_4/0001_000015_冷静.wav	/root/autodl-tmp/CosyVoice_dev/examples/libritts/cosyvoice2/data/esd-emo-grpo/valid/receive/0001_000015_冷静.wav
/root/autodl-tmp/CosyVoice_dev/examples/libritts/cosyvoice2/data/esd-emo-grpo/valid/samp_4/0001_000016_冷静.wav	/root/autodl-tmp/CosyVoice_dev/examples/libritts/cosyvoice2/data/esd-emo-grpo/valid/receive/0001_000016_冷静.wav
/root/autodl-tmp/CosyVoice_dev/examples/libritts/cosyvoice2/data/esd-emo-grpo/valid/samp_4/0001_000017_冷静.wav	/root/autodl-tmp/CosyVoice_dev/examples/libritts/cosyvoice2/data/esd-emo-grpo/valid/receive/0001_000017_冷静.wav
/root/autodl-tmp/CosyVoice_dev/examples/libritts/cosyvoice2/data/esd-emo-grpo/valid/samp_4/0001_000018_冷静.wav	/root/autodl-tmp/CosyVoice_dev/examples/libritts/cosyvoice2/data/esd-emo-grpo/valid/receive/0001_000018_冷静.wav
/root/autodl-tmp/CosyVoice_dev/examples/libritts/cosyvoice2/data/esd-emo-grpo/valid/samp_4/0001_000019_冷静.wav	/root/autodl-tmp/CosyVoice_dev/examples/libritts/cosyvoice2/data/esd-emo-grpo/valid/receive/0001_000019_冷静.wav
/root/autodl-tmp/CosyVoice_dev/examples/libritts/cosyvoice2/data/esd-emo-grpo/valid/samp_4/0001_000020_冷静.wav	/root/autodl-tmp/CosyVoice_dev/examples/libritts/cosyvoice2/data/esd-emo-grpo/valid/receive/0001_000020_冷静.wav
/root/autodl-tmp/CosyVoice_dev/examples/libritts/cosyvoice2/data/esd-emo-grpo/valid/samp_4/0003_000013_冷静.wav	/root/autodl-tmp/CosyVoice_dev/examples/libritts/cosyvoice2/data/esd-emo-grpo/valid/receive/0003_000013_冷静.wav
/root/autodl-tmp/CosyVoice_dev/examples/libritts/cosyvoice2/data/esd-emo-grpo/valid/samp_4/0003_000014_冷静.wav	/root/autodl-tmp/CosyVoice_dev/examples/libritts/cosyvoice2/data/esd-emo-grpo/valid/receive/0003_000014_冷静.wav
/root/autodl-tmp/CosyVoice_dev/examples/libritts/cosyvoice2/data/esd-emo-grpo/valid/samp_4/0003_000015_冷静.wav	/root/autodl-tmp/CosyVoice_dev/examples/libritts/cosyvoice2/data/esd-emo-grpo/valid/receive/0003_000015_冷静.wav
/root/autodl-tmp/CosyVoice_dev/examples/libritts/cosyvoice2/data/esd-emo-grpo/valid/samp_4/0003_000016_冷静.wav	/root/autodl-tmp/CosyVoice_dev/examples/libritts/cosyvoice2/data/esd-emo-grpo/valid/receive/0003_000016_冷静.wav
/root/autodl-tmp/CosyVoice_dev/examples/libritts/cosyvoice2/data/esd-emo-grpo/valid/samp_4/0003_000017_冷静.wav	/root/autodl-tmp/CosyVoice_dev/examples/libritts/cosyvoice2/data/esd-emo-grpo/valid/receive/0003_000017_冷静.wav
/root/autodl-tmp/CosyVoice_dev/examples/libritts/cosyvoice2/data/esd-emo-grpo/valid/samp_4/0003_000018_冷静.wav	/root/autodl-tmp/CosyVoice_dev/examples/libritts/cosyvoice2/data/esd-emo-grpo/valid/receive/0003_000018_冷静.wav
/root/autodl-tmp/CosyVoice_dev/examples/libritts/cosyvoice2/data/esd-emo-grpo/valid/samp_4/0003_000019_冷静.wav	/root/autodl-tmp/CosyVoice_dev/examples/libritts/cosyvoice2/data/esd-emo-grpo/valid/receive/0003_000019_冷静.wav
/root/autodl-tmp/CosyVoice_dev/examples/libritts/cosyvoice2/data/esd-emo-grpo/valid/samp_4/0003_000020_冷静.wav	/root/autodl-tmp/CosyVoice_dev/examples/libritts/cosyvoice2/data/esd-emo-grpo/valid/receive/0003_000020_冷静.wav
/root/autodl-tmp/CosyVoice_dev/examples/libritts/cosyvoice2/data/esd-emo-grpo/valid/samp_4/0003_000351_生气.wav	/root/autodl-tmp/CosyVoice_dev/examples/libritts/cosyvoice2/data/esd-emo-grpo/valid/receive/0003_000351_生气.wav
/root/autodl-tmp/CosyVoice_dev/examples/libritts/cosyvoice2/data/esd-emo-grpo/valid/samp_4/0003_000352_生气.wav	/root/autodl-tmp/CosyVoice_dev/examples/libritts/cosyvoice2/data/esd-emo-grpo/valid/receive/0003_000352_生气.wav
/root/autodl-tmp/CosyVoice_dev/examples/libritts/cosyvoice2/data/esd-emo-grpo/valid/samp_4/0003_000353_生气.wav	/root/autodl-tmp/CosyVoice_dev/examples/libritts/cosyvoice2/data/esd-emo-grpo/valid/receive/0003_000353_生气.wav
/root/autodl-tmp/CosyVoice_dev/examples/libritts/cosyvoice2/data/esd-emo-grpo/valid/samp_4/0003_000354_生气.wav	/root/autodl-tmp/CosyVoice_dev/examples/libritts/cosyvoice2/data/esd-emo-grpo/valid/receive/0003_000354_生气.wav
/root/autodl-tmp/CosyVoice_dev/examples/libritts/cosyvoice2/data/esd-emo-grpo/valid/samp_4/0003_000355_生气.wav	/root/autodl-tmp/CosyVoice_dev/examples/libritts/cosyvoice2/data/esd-emo-grpo/valid/receive/0003_000355_生气.wav
/root/autodl-tmp/CosyVoice_dev/examples/libritts/cosyvoice2/data/esd-emo-grpo/valid/samp_4/0003_000356_生气.wav	/root/autodl-tmp/CosyVoice_dev/examples/libritts/cosyvoice2/data/esd-emo-grpo/valid/receive/0003_000356_生气.wav
/root/autodl-tmp/CosyVoice_dev/examples/libritts/cosyvoice2/data/esd-emo-grpo/valid/samp_4/0003_000357_生气.wav	/root/autodl-tmp/CosyVoice_dev/examples/libritts/cosyvoice2/data/esd-emo-grpo/valid/receive/0003_000357_生气.wav
/root/autodl-tmp/CosyVoice_dev/examples/libritts/cosyvoice2/data/esd-emo-grpo/valid/samp_4/0003_000358_生气.wav	/root/autodl-tmp/CosyVoice_dev/examples/libritts/cosyvoice2/data/esd-emo-grpo/valid/receive/0003_000358_生气.wav
/root/autodl-tmp/CosyVoice_dev/examples/libritts/cosyvoice2/data/esd-emo-grpo/valid/samp_4/0003_000359_生气.wav	/root/autodl-tmp/CosyVoice_dev/examples/libritts/cosyvoice2/data/esd-emo-grpo/valid/receive/0003_000359_生气.wav
/root/autodl-tmp/CosyVoice_dev/examples/libritts/cosyvoice2/data/esd-emo-grpo/valid/samp_4/0003_000360_生气.wav	/root/autodl-tmp/CosyVoice_dev/examples/libritts/cosyvoice2/data/esd-emo-grpo/valid/receive/0003_000360_生气.wav
/root/autodl-tmp/CosyVoice_dev/examples/libritts/cosyvoice2/data/esd-emo-grpo/valid/samp_4/0003_000361_生气.wav	/root/autodl-tmp/CosyVoice_dev/examples/libritts/cosyvoice2/data/esd-emo-grpo/valid/receive/0003_000361_生气.wav
/root/autodl-tmp/CosyVoice_dev/examples/libritts/cosyvoice2/data/esd-emo-grpo/valid/samp_4/0003_000362_生气.wav	/root/autodl-tmp/CosyVoice_dev/examples/libritts/cosyvoice2/data/esd-emo-grpo/valid/receive/0003_000362_生气.wav
/root/autodl-tmp/CosyVoice_dev/examples/libritts/cosyvoice2/data/esd-emo-grpo/valid/samp_4/0003_000363_生气.wav	/root/autodl-tmp/CosyVoice_dev/examples/libritts/cosyvoice2/data/esd-emo-grpo/valid/receive/0003_000363_生气.wav
/root/autodl-tmp/CosyVoice_dev/examples/libritts/cosyvoice2/data/esd-emo-grpo/valid/samp_4/0003_000364_生气.wav	/root/autodl-tmp/CosyVoice_dev/examples/libritts/cosyvoice2/data/esd-emo-grpo/valid/receive/0003_000364_生气.wav
/root/autodl-tmp/CosyVoice_dev/examples/libritts/cosyvoice2/data/esd-emo-grpo/valid/samp_4/0003_000365_生气.wav	/root/autodl-tmp/CosyVoice_dev/examples/libritts/cosyvoice2/data/esd-emo-grpo/valid/receive/0003_000365_生气.wav
/root/autodl-tmp/CosyVoice_dev/examples/libritts/cosyvoice2/data/esd-emo-grpo/valid/samp_4/0003_000366_生气.wav	/root/autodl-tmp/CosyVoice_dev/examples/libritts/cosyvoice2/data/esd-emo-grpo/valid/receive/0003_000366_生气.wav
/root/autodl-tmp/CosyVoice_dev/examples/libritts/cosyvoice2/data/esd-emo-grpo/valid/samp_4/0003_000367_生气.wav	/root/autodl-tmp/CosyVoice_dev/examples/libritts/cosyvoice2/data/esd-emo-grpo/valid/receive/0003_000367_生气.wav
/root/autodl-tmp/CosyVoice_dev/examples/libritts/cosyvoice2/data/esd-emo-grpo/valid/samp_4/0003_000368_生气.wav	/root/autodl-tmp/CosyVoice_dev/examples/libritts/cosyvoice2/data/esd-emo-grpo/valid/receive/0003_000368_生气.wav
/root/autodl-tmp/CosyVoice_dev/examples/libritts/cosyvoice2/data/esd-emo-grpo/valid/samp_4/0003_000369_生气.wav	/root/autodl-tmp/CosyVoice_dev/examples/libritts/cosyvoice2/data/esd-emo-grpo/valid/receive/0003_000369_生气.wav
/root/autodl-tmp/CosyVoice_dev/examples/libritts/cosyvoice2/data/esd-emo-grpo/valid/samp_4/0003_000370_生气.wav	/root/autodl-tmp/CosyVoice_dev/examples/libritts/cosyvoice2/data/esd-emo-grpo/valid/receive/0003_000370_生气.wav
/root/autodl-tmp/CosyVoice_dev/examples/libritts/cosyvoice2/data/esd-emo-grpo/valid/samp_4/0004_000701_快乐.wav	/root/autodl-tmp/CosyVoice_dev/examples/libritts/cosyvoice2/data/esd-emo-grpo/valid/receive/0004_000701_快乐.wav
/root/autodl-tmp/CosyVoice_dev/examples/libritts/cosyvoice2/data/esd-emo-grpo/valid/samp_4/0004_000702_快乐.wav	/root/autodl-tmp/CosyVoice_dev/examples/libritts/cosyvoice2/data/esd-emo-grpo/valid/receive/0004_000702_快乐.wav
/root/autodl-tmp/CosyVoice_dev/examples/libritts/cosyvoice2/data/esd-emo-grpo/valid/samp_4/0004_000703_快乐.wav	/root/autodl-tmp/CosyVoice_dev/examples/libritts/cosyvoice2/data/esd-emo-grpo/valid/receive/0004_000703_快乐.wav
/root/autodl-tmp/CosyVoice_dev/examples/libritts/cosyvoice2/data/esd-emo-grpo/valid/samp_4/0004_000704_快乐.wav	/root/autodl-tmp/CosyVoice_dev/examples/libritts/cosyvoice2/data/esd-emo-grpo/valid/receive/0004_000704_快乐.wav
/root/autodl-tmp/CosyVoice_dev/examples/libritts/cosyvoice2/data/esd-emo-grpo/valid/samp_4/0001_000351_生气.wav	/root/autodl-tmp/CosyVoice_dev/examples/libritts/cosyvoice2/data/esd-emo-grpo/valid/receive/0001_000351_生气.wav
/root/autodl-tmp/CosyVoice_dev/examples/libritts/cosyvoice2/data/esd-emo-grpo/valid/samp_4/0001_000352_生气.wav	/root/autodl-tmp/CosyVoice_dev/examples/libritts/cosyvoice2/data/esd-emo-grpo/valid/receive/0001_000352_生气.wav
/root/autodl-tmp/CosyVoice_dev/examples/libritts/cosyvoice2/data/esd-emo-grpo/valid/samp_4/0001_000353_生气.wav	/root/autodl-tmp/CosyVoice_dev/examples/libritts/cosyvoice2/data/esd-emo-grpo/valid/receive/0001_000353_生气.wav
/root/autodl-tmp/CosyVoice_dev/examples/libritts/cosyvoice2/data/esd-emo-grpo/valid/samp_4/0001_000354_生气.wav	/root/autodl-tmp/CosyVoice_dev/examples/libritts/cosyvoice2/data/esd-emo-grpo/valid/receive/0001_000354_生气.wav
/root/autodl-tmp/CosyVoice_dev/examples/libritts/cosyvoice2/data/esd-emo-grpo/valid/samp_4/0001_000355_生气.wav	/root/autodl-tmp/CosyVoice_dev/examples/libritts/cosyvoice2/data/esd-emo-grpo/valid/receive/0001_000355_生气.wav
/root/autodl-tmp/CosyVoice_dev/examples/libritts/cosyvoice2/data/esd-emo-grpo/valid/samp_4/0001_000356_生气.wav	/root/autodl-tmp/CosyVoice_dev/examples/libritts/cosyvoice2/data/esd-emo-grpo/valid/receive/0001_000356_生气.wav
/root/autodl-tmp/CosyVoice_dev/examples/libritts/cosyvoice2/data/esd-emo-grpo/valid/samp_4/0001_000357_生气.wav	/root/autodl-tmp/CosyVoice_dev/examples/libritts/cosyvoice2/data/esd-emo-grpo/valid/receive/0001_000357_生气.wav
/root/autodl-tmp/CosyVoice_dev/examples/libritts/cosyvoice2/data/esd-emo-grpo/valid/samp_4/0001_000358_生气.wav	/root/autodl-tmp/CosyVoice_dev/examples/libritts/cosyvoice2/data/esd-emo-grpo/valid/receive/0001_000358_生气.wav
/root/autodl-tmp/CosyVoice_dev/examples/libritts/cosyvoice2/data/esd-emo-grpo/valid/samp_4/0001_000359_生气.wav	/root/autodl-tmp/CosyVoice_dev/examples/libritts/cosyvoice2/data/esd-emo-grpo/valid/receive/0001_000359_生气.wav
/root/autodl-tmp/CosyVoice_dev/examples/libritts/cosyvoice2/data/esd-emo-grpo/valid/samp_4/0001_000360_生气.wav	/root/autodl-tmp/CosyVoice_dev/examples/libritts/cosyvoice2/data/esd-emo-grpo/valid/receive/0001_000360_生气.wav
/root/autodl-tmp/CosyVoice_dev/examples/libritts/cosyvoice2/data/esd-emo-grpo/valid/samp_4/0001_000361_生气.wav	/root/autodl-tmp/CosyVoice_dev/examples/libritts/cosyvoice2/data/esd-emo-grpo/valid/receive/0001_000361_生气.wav
/root/autodl-tmp/CosyVoice_dev/examples/libritts/cosyvoice2/data/esd-emo-grpo/valid/samp_4/0001_000362_生气.wav	/root/autodl-tmp/CosyVoice_dev/examples/libritts/cosyvoice2/data/esd-emo-grpo/valid/receive/0001_000362_生气.wav
/root/autodl-tmp/CosyVoice_dev/examples/libritts/cosyvoice2/data/esd-emo-grpo/valid/samp_4/0001_000363_生气.wav	/root/autodl-tmp/CosyVoice_dev/examples/libritts/cosyvoice2/data/esd-emo-grpo/valid/receive/0001_000363_生气.wav
/root/autodl-tmp/CosyVoice_dev/examples/libritts/cosyvoice2/data/esd-emo-grpo/valid/samp_4/0001_000364_生气.wav	/root/autodl-tmp/CosyVoice_dev/examples/libritts/cosyvoice2/data/esd-emo-grpo/valid/receive/0001_000364_生气.wav
/root/autodl-tmp/CosyVoice_dev/examples/libritts/cosyvoice2/data/esd-emo-grpo/valid/samp_4/0001_000365_生气.wav	/root/autodl-tmp/CosyVoice_dev/examples/libritts/cosyvoice2/data/esd-emo-grpo/valid/receive/0001_000365_生气.wav
/root/autodl-tmp/CosyVoice_dev/examples/libritts/cosyvoice2/data/esd-emo-grpo/valid/samp_4/0001_000366_生气.wav	/root/autodl-tmp/CosyVoice_dev/examples/libritts/cosyvoice2/data/esd-emo-grpo/valid/receive/0001_000366_生气.wav
/root/autodl-tmp/CosyVoice_dev/examples/libritts/cosyvoice2/data/esd-emo-grpo/valid/samp_4/0001_000367_生气.wav	/root/autodl-tmp/CosyVoice_dev/examples/libritts/cosyvoice2/data/esd-emo-grpo/valid/receive/0001_000367_生气.wav
/root/autodl-tmp/CosyVoice_dev/examples/libritts/cosyvoice2/data/esd-emo-grpo/valid/samp_4/0001_000368_生气.wav	/root/autodl-tmp/CosyVoice_dev/examples/libritts/cosyvoice2/data/esd-emo-grpo/valid/receive/0001_000368_生气.wav
/root/autodl-tmp/CosyVoice_dev/examples/libritts/cosyvoice2/data/esd-emo-grpo/valid/samp_4/0001_000369_生气.wav	/root/autodl-tmp/CosyVoice_dev/examples/libritts/cosyvoice2/data/esd-emo-grpo/valid/receive/0001_000369_生气.wav
/root/autodl-tmp/CosyVoice_dev/examples/libritts/cosyvoice2/data/esd-emo-grpo/valid/samp_4/0001_000370_生气.wav	/root/autodl-tmp/CosyVoice_dev/examples/libritts/cosyvoice2/data/esd-emo-grpo/valid/receive/0001_000370_生气.wav
/root/autodl-tmp/CosyVoice_dev/examples/libritts/cosyvoice2/data/esd-emo-grpo/valid/samp_4/0002_000701_快乐.wav	/root/autodl-tmp/CosyVoice_dev/examples/libritts/cosyvoice2/data/esd-emo-grpo/valid/receive/0002_000701_快乐.wav
/root/autodl-tmp/CosyVoice_dev/examples/libritts/cosyvoice2/data/esd-emo-grpo/valid/samp_4/0002_000702_快乐.wav	/root/autodl-tmp/CosyVoice_dev/examples/libritts/cosyvoice2/data/esd-emo-grpo/valid/receive/0002_000702_快乐.wav
/root/autodl-tmp/CosyVoice_dev/examples/libritts/cosyvoice2/data/esd-emo-grpo/valid/samp_4/0002_000703_快乐.wav	/root/autodl-tmp/CosyVoice_dev/examples/libritts/cosyvoice2/data/esd-emo-grpo/valid/receive/0002_000703_快乐.wav
/root/autodl-tmp/CosyVoice_dev/examples/libritts/cosyvoice2/data/esd-emo-grpo/valid/samp_4/0002_000704_快乐.wav	/root/autodl-tmp/CosyVoice_dev/examples/libritts/cosyvoice2/data/esd-emo-grpo/valid/receive/0002_000704_快乐.wav
/root/autodl-tmp/CosyVoice_dev/examples/libritts/cosyvoice2/data/esd-emo-grpo/valid/samp_4/0002_000705_快乐.wav	/root/autodl-tmp/CosyVoice_dev/examples/libritts/cosyvoice2/data/esd-emo-grpo/valid/receive/0002_000705_快乐.wav
/root/autodl-tmp/CosyVoice_dev/examples/libritts/cosyvoice2/data/esd-emo-grpo/valid/samp_4/0002_000706_快乐.wav	/root/autodl-tmp/CosyVoice_dev/examples/libritts/cosyvoice2/data/esd-emo-grpo/valid/receive/0002_000706_快乐.wav
/root/autodl-tmp/CosyVoice_dev/examples/libritts/cosyvoice2/data/esd-emo-grpo/valid/samp_4/0002_000707_快乐.wav	/root/autodl-tmp/CosyVoice_dev/examples/libritts/cosyvoice2/data/esd-emo-grpo/valid/receive/0002_000707_快乐.wav
/root/autodl-tmp/CosyVoice_dev/examples/libritts/cosyvoice2/data/esd-emo-grpo/valid/samp_4/0002_000708_快乐.wav	/root/autodl-tmp/CosyVoice_dev/examples/libritts/cosyvoice2/data/esd-emo-grpo/valid/receive/0002_000708_快乐.wav
/root/autodl-tmp/CosyVoice_dev/examples/libritts/cosyvoice2/data/esd-emo-grpo/valid/samp_4/0002_000709_快乐.wav	/root/autodl-tmp/CosyVoice_dev/examples/libritts/cosyvoice2/data/esd-emo-grpo/valid/receive/0002_000709_快乐.wav
/root/autodl-tmp/CosyVoice_dev/examples/libritts/cosyvoice2/data/esd-emo-grpo/valid/samp_4/0002_000710_快乐.wav	/root/autodl-tmp/CosyVoice_dev/examples/libritts/cosyvoice2/data/esd-emo-grpo/valid/receive/0002_000710_快乐.wav
/root/autodl-tmp/CosyVoice_dev/examples/libritts/cosyvoice2/data/esd-emo-grpo/valid/samp_4/0002_000711_快乐.wav	/root/autodl-tmp/CosyVoice_dev/examples/libritts/cosyvoice2/data/esd-emo-grpo/valid/receive/0002_000711_快乐.wav
/root/autodl-tmp/CosyVoice_dev/examples/libritts/cosyvoice2/data/esd-emo-grpo/valid/samp_4/0002_000712_快乐.wav	/root/autodl-tmp/CosyVoice_dev/examples/libritts/cosyvoice2/data/esd-emo-grpo/valid/receive/0002_000712_快乐.wav
/root/autodl-tmp/CosyVoice_dev/examples/libritts/cosyvoice2/data/esd-emo-grpo/valid/samp_4/0005_001063_伤心.wav	/root/autodl-tmp/CosyVoice_dev/examples/libritts/cosyvoice2/data/esd-emo-grpo/valid/receive/0005_001063_伤心.wav
/root/autodl-tmp/CosyVoice_dev/examples/libritts/cosyvoice2/data/esd-emo-grpo/valid/samp_4/0005_001064_伤心.wav	/root/autodl-tmp/CosyVoice_dev/examples/libritts/cosyvoice2/data/esd-emo-grpo/valid/receive/0005_001064_伤心.wav
/root/autodl-tmp/CosyVoice_dev/examples/libritts/cosyvoice2/data/esd-emo-grpo/valid/samp_4/0005_001065_伤心.wav	/root/autodl-tmp/CosyVoice_dev/examples/libritts/cosyvoice2/data/esd-emo-grpo/valid/receive/0005_001065_伤心.wav
/root/autodl-tmp/CosyVoice_dev/examples/libritts/cosyvoice2/data/esd-emo-grpo/valid/samp_4/0005_001066_伤心.wav	/root/autodl-tmp/CosyVoice_dev/examples/libritts/cosyvoice2/data/esd-emo-grpo/valid/receive/0005_001066_伤心.wav
/root/autodl-tmp/CosyVoice_dev/examples/libritts/cosyvoice2/data/esd-emo-grpo/valid/samp_4/0005_001067_伤心.wav	/root/autodl-tmp/CosyVoice_dev/examples/libritts/cosyvoice2/data/esd-emo-grpo/valid/receive/0005_001067_伤心.wav
/root/autodl-tmp/CosyVoice_dev/examples/libritts/cosyvoice2/data/esd-emo-grpo/valid/samp_4/0005_001068_伤心.wav	/root/autodl-tmp/CosyVoice_dev/examples/libritts/cosyvoice2/data/esd-emo-grpo/valid/receive/0005_001068_伤心.wav
/root/autodl-tmp/CosyVoice_dev/examples/libritts/cosyvoice2/data/esd-emo-grpo/valid/samp_4/0005_001069_伤心.wav	/root/autodl-tmp/CosyVoice_dev/examples/libritts/cosyvoice2/data/esd-emo-grpo/valid/receive/0005_001069_伤心.wav
/root/autodl-tmp/CosyVoice_dev/examples/libritts/cosyvoice2/data/esd-emo-grpo/valid/samp_4/0005_001070_伤心.wav	/root/autodl-tmp/CosyVoice_dev/examples/libritts/cosyvoice2/data/esd-emo-grpo/valid/receive/0005_001070_伤心.wav
/root/autodl-tmp/CosyVoice_dev/examples/libritts/cosyvoice2/data/esd-emo-grpo/valid/samp_4/0005_001401_惊喜.wav	/root/autodl-tmp/CosyVoice_dev/examples/libritts/cosyvoice2/data/esd-emo-grpo/valid/receive/0005_001401_惊喜.wav
/root/autodl-tmp/CosyVoice_dev/examples/libritts/cosyvoice2/data/esd-emo-grpo/valid/samp_4/0005_001402_惊喜.wav	/root/autodl-tmp/CosyVoice_dev/examples/libritts/cosyvoice2/data/esd-emo-grpo/valid/receive/0005_001402_惊喜.wav
/root/autodl-tmp/CosyVoice_dev/examples/libritts/cosyvoice2/data/esd-emo-grpo/valid/samp_4/0005_001403_惊喜.wav	/root/autodl-tmp/CosyVoice_dev/examples/libritts/cosyvoice2/data/esd-emo-grpo/valid/receive/0005_001403_惊喜.wav
/root/autodl-tmp/CosyVoice_dev/examples/libritts/cosyvoice2/data/esd-emo-grpo/valid/samp_4/0005_001404_惊喜.wav	/root/autodl-tmp/CosyVoice_dev/examples/libritts/cosyvoice2/data/esd-emo-grpo/valid/receive/0005_001404_惊喜.wav
/root/autodl-tmp/CosyVoice_dev/examples/libritts/cosyvoice2/data/esd-emo-grpo/valid/samp_4/0005_001405_惊喜.wav	/root/autodl-tmp/CosyVoice_dev/examples/libritts/cosyvoice2/data/esd-emo-grpo/valid/receive/0005_001405_惊喜.wav
/root/autodl-tmp/CosyVoice_dev/examples/libritts/cosyvoice2/data/esd-emo-grpo/valid/samp_4/0005_001406_惊喜.wav	/root/autodl-tmp/CosyVoice_dev/examples/libritts/cosyvoice2/data/esd-emo-grpo/valid/receive/0005_001406_惊喜.wav
/root/autodl-tmp/CosyVoice_dev/examples/libritts/cosyvoice2/data/esd-emo-grpo/valid/samp_4/0005_001407_惊喜.wav	/root/autodl-tmp/CosyVoice_dev/examples/libritts/cosyvoice2/data/esd-emo-grpo/valid/receive/0005_001407_惊喜.wav
/root/autodl-tmp/CosyVoice_dev/examples/libritts/cosyvoice2/data/esd-emo-grpo/valid/samp_4/0005_001408_惊喜.wav	/root/autodl-tmp/CosyVoice_dev/examples/libritts/cosyvoice2/data/esd-emo-grpo/valid/receive/0005_001408_惊喜.wav
/root/autodl-tmp/CosyVoice_dev/examples/libritts/cosyvoice2/data/esd-emo-grpo/valid/samp_4/0005_001409_惊喜.wav	/root/autodl-tmp/CosyVoice_dev/examples/libritts/cosyvoice2/data/esd-emo-grpo/valid/receive/0005_001409_惊喜.wav
/root/autodl-tmp/CosyVoice_dev/examples/libritts/cosyvoice2/data/esd-emo-grpo/valid/samp_4/0005_001410_惊喜.wav	/root/autodl-tmp/CosyVoice_dev/examples/libritts/cosyvoice2/data/esd-emo-grpo/valid/receive/0005_001410_惊喜.wav
/root/autodl-tmp/CosyVoice_dev/examples/libritts/cosyvoice2/data/esd-emo-grpo/valid/samp_4/0005_001411_惊喜.wav	/root/autodl-tmp/CosyVoice_dev/examples/libritts/cosyvoice2/data/esd-emo-grpo/valid/receive/0005_001411_惊喜.wav
/root/autodl-tmp/CosyVoice_dev/examples/libritts/cosyvoice2/data/esd-emo-grpo/valid/samp_4/0005_001412_惊喜.wav	/root/autodl-tmp/CosyVoice_dev/examples/libritts/cosyvoice2/data/esd-emo-grpo/valid/receive/0005_001412_惊喜.wav
/root/autodl-tmp/CosyVoice_dev/examples/libritts/cosyvoice2/data/esd-emo-grpo/valid/samp_4/0005_001413_惊喜.wav	/root/autodl-tmp/CosyVoice_dev/examples/libritts/cosyvoice2/data/esd-emo-grpo/valid/receive/0005_001413_惊喜.wav
/root/autodl-tmp/CosyVoice_dev/examples/libritts/cosyvoice2/data/esd-emo-grpo/valid/samp_4/0005_001414_惊喜.wav	/root/autodl-tmp/CosyVoice_dev/examples/libritts/cosyvoice2/data/esd-emo-grpo/valid/receive/0005_001414_惊喜.wav
/root/autodl-tmp/CosyVoice_dev/examples/libritts/cosyvoice2/data/esd-emo-grpo/valid/samp_4/0005_001415_惊喜.wav	/root/autodl-tmp/CosyVoice_dev/examples/libritts/cosyvoice2/data/esd-emo-grpo/valid/receive/0005_001415_惊喜.wav
/root/autodl-tmp/CosyVoice_dev/examples/libritts/cosyvoice2/data/esd-emo-grpo/valid/samp_4/0005_001416_惊喜.wav	/root/autodl-tmp/CosyVoice_dev/examples/libritts/cosyvoice2/data/esd-emo-grpo/valid/receive/0005_001416_惊喜.wav
/root/autodl-tmp/CosyVoice_dev/examples/libritts/cosyvoice2/data/esd-emo-grpo/valid/samp_4/0005_001417_惊喜.wav	/root/autodl-tmp/CosyVoice_dev/examples/libritts/cosyvoice2/data/esd-emo-grpo/valid/receive/0005_001417_惊喜.wav
/root/autodl-tmp/CosyVoice_dev/examples/libritts/cosyvoice2/data/esd-emo-grpo/valid/samp_4/0005_001418_惊喜.wav	/root/autodl-tmp/CosyVoice_dev/examples/libritts/cosyvoice2/data/esd-emo-grpo/valid/receive/0005_001418_惊喜.wav
/root/autodl-tmp/CosyVoice_dev/examples/libritts/cosyvoice2/data/esd-emo-grpo/valid/samp_4/0005_001419_惊喜.wav	/root/autodl-tmp/CosyVoice_dev/examples/libritts/cosyvoice2/data/esd-emo-grpo/valid/receive/0005_001419_惊喜.wav
/root/autodl-tmp/CosyVoice_dev/examples/libritts/cosyvoice2/data/esd-emo-grpo/valid/samp_4/0005_001420_惊喜.wav	/root/autodl-tmp/CosyVoice_dev/examples/libritts/cosyvoice2/data/esd-emo-grpo/valid/receive/0005_001420_惊喜.wav
/root/autodl-tmp/CosyVoice_dev/examples/libritts/cosyvoice2/data/esd-emo-grpo/valid/samp_4/0005_000001_冷静.wav	/root/autodl-tmp/CosyVoice_dev/examples/libritts/cosyvoice2/data/esd-emo-grpo/valid/receive/0005_000001_冷静.wav
/root/autodl-tmp/CosyVoice_dev/examples/libritts/cosyvoice2/data/esd-emo-grpo/valid/samp_4/0005_000002_冷静.wav	/root/autodl-tmp/CosyVoice_dev/examples/libritts/cosyvoice2/data/esd-emo-grpo/valid/receive/0005_000002_冷静.wav
/root/autodl-tmp/CosyVoice_dev/examples/libritts/cosyvoice2/data/esd-emo-grpo/valid/samp_4/0005_000003_冷静.wav	/root/autodl-tmp/CosyVoice_dev/examples/libritts/cosyvoice2/data/esd-emo-grpo/valid/receive/0005_000003_冷静.wav
/root/autodl-tmp/CosyVoice_dev/examples/libritts/cosyvoice2/data/esd-emo-grpo/valid/samp_4/0005_000004_冷静.wav	/root/autodl-tmp/CosyVoice_dev/examples/libritts/cosyvoice2/data/esd-emo-grpo/valid/receive/0005_000004_冷静.wav
/root/autodl-tmp/CosyVoice_dev/examples/libritts/cosyvoice2/data/esd-emo-grpo/valid/samp_4/0002_000017_冷静.wav	/root/autodl-tmp/CosyVoice_dev/examples/libritts/cosyvoice2/data/esd-emo-grpo/valid/receive/0002_000017_冷静.wav
/root/autodl-tmp/CosyVoice_dev/examples/libritts/cosyvoice2/data/esd-emo-grpo/valid/samp_4/0002_000018_冷静.wav	/root/autodl-tmp/CosyVoice_dev/examples/libritts/cosyvoice2/data/esd-emo-grpo/valid/receive/0002_000018_冷静.wav
/root/autodl-tmp/CosyVoice_dev/examples/libritts/cosyvoice2/data/esd-emo-grpo/valid/samp_4/0002_000019_冷静.wav	/root/autodl-tmp/CosyVoice_dev/examples/libritts/cosyvoice2/data/esd-emo-grpo/valid/receive/0002_000019_冷静.wav
/root/autodl-tmp/CosyVoice_dev/examples/libritts/cosyvoice2/data/esd-emo-grpo/valid/samp_4/0002_000020_冷静.wav	/root/autodl-tmp/CosyVoice_dev/examples/libritts/cosyvoice2/data/esd-emo-grpo/valid/receive/0002_000020_冷静.wav
/root/autodl-tmp/CosyVoice_dev/examples/libritts/cosyvoice2/data/esd-emo-grpo/valid/samp_4/0002_000351_生气.wav	/root/autodl-tmp/CosyVoice_dev/examples/libritts/cosyvoice2/data/esd-emo-grpo/valid/receive/0002_000351_生气.wav
/root/autodl-tmp/CosyVoice_dev/examples/libritts/cosyvoice2/data/esd-emo-grpo/valid/samp_4/0002_000352_生气.wav	/root/autodl-tmp/CosyVoice_dev/examples/libritts/cosyvoice2/data/esd-emo-grpo/valid/receive/0002_000352_生气.wav
/root/autodl-tmp/CosyVoice_dev/examples/libritts/cosyvoice2/data/esd-emo-grpo/valid/samp_4/0002_000353_生气.wav	/root/autodl-tmp/CosyVoice_dev/examples/libritts/cosyvoice2/data/esd-emo-grpo/valid/receive/0002_000353_生气.wav
/root/autodl-tmp/CosyVoice_dev/examples/libritts/cosyvoice2/data/esd-emo-grpo/valid/samp_4/0002_000354_生气.wav	/root/autodl-tmp/CosyVoice_dev/examples/libritts/cosyvoice2/data/esd-emo-grpo/valid/receive/0002_000354_生气.wav
/root/autodl-tmp/CosyVoice_dev/examples/libritts/cosyvoice2/data/esd-emo-grpo/valid/samp_4/0002_000355_生气.wav	/root/autodl-tmp/CosyVoice_dev/examples/libritts/cosyvoice2/data/esd-emo-grpo/valid/receive/0002_000355_生气.wav
/root/autodl-tmp/CosyVoice_dev/examples/libritts/cosyvoice2/data/esd-emo-grpo/valid/samp_4/0002_000356_生气.wav	/root/autodl-tmp/CosyVoice_dev/examples/libritts/cosyvoice2/data/esd-emo-grpo/valid/receive/0002_000356_生气.wav
/root/autodl-tmp/CosyVoice_dev/examples/libritts/cosyvoice2/data/esd-emo-grpo/valid/samp_4/0002_000357_生气.wav	/root/autodl-tmp/CosyVoice_dev/examples/libritts/cosyvoice2/data/esd-emo-grpo/valid/receive/0002_000357_生气.wav
/root/autodl-tmp/CosyVoice_dev/examples/libritts/cosyvoice2/data/esd-emo-grpo/valid/samp_4/0002_000358_生气.wav	/root/autodl-tmp/CosyVoice_dev/examples/libritts/cosyvoice2/data/esd-emo-grpo/valid/receive/0002_000358_生气.wav
/root/autodl-tmp/CosyVoice_dev/examples/libritts/cosyvoice2/data/esd-emo-grpo/valid/samp_4/0002_000359_生气.wav	/root/autodl-tmp/CosyVoice_dev/examples/libritts/cosyvoice2/data/esd-emo-grpo/valid/receive/0002_000359_生气.wav
/root/autodl-tmp/CosyVoice_dev/examples/libritts/cosyvoice2/data/esd-emo-grpo/valid/samp_4/0002_000360_生气.wav	/root/autodl-tmp/CosyVoice_dev/examples/libritts/cosyvoice2/data/esd-emo-grpo/valid/receive/0002_000360_生气.wav
/root/autodl-tmp/CosyVoice_dev/examples/libritts/cosyvoice2/data/esd-emo-grpo/valid/samp_4/0002_000361_生气.wav	/root/autodl-tmp/CosyVoice_dev/examples/libritts/cosyvoice2/data/esd-emo-grpo/valid/receive/0002_000361_生气.wav
/root/autodl-tmp/CosyVoice_dev/examples/libritts/cosyvoice2/data/esd-emo-grpo/valid/samp_4/0002_000362_生气.wav	/root/autodl-tmp/CosyVoice_dev/examples/libritts/cosyvoice2/data/esd-emo-grpo/valid/receive/0002_000362_生气.wav
/root/autodl-tmp/CosyVoice_dev/examples/libritts/cosyvoice2/data/esd-emo-grpo/valid/samp_4/0002_000363_生气.wav	/root/autodl-tmp/CosyVoice_dev/examples/libritts/cosyvoice2/data/esd-emo-grpo/valid/receive/0002_000363_生气.wav
/root/autodl-tmp/CosyVoice_dev/examples/libritts/cosyvoice2/data/esd-emo-grpo/valid/samp_4/0002_000364_生气.wav	/root/autodl-tmp/CosyVoice_dev/examples/libritts/cosyvoice2/data/esd-emo-grpo/valid/receive/0002_000364_生气.wav
/root/autodl-tmp/CosyVoice_dev/examples/libritts/cosyvoice2/data/esd-emo-grpo/valid/samp_4/0002_000365_生气.wav	/root/autodl-tmp/CosyVoice_dev/examples/libritts/cosyvoice2/data/esd-emo-grpo/valid/receive/0002_000365_生气.wav
/root/autodl-tmp/CosyVoice_dev/examples/libritts/cosyvoice2/data/esd-emo-grpo/valid/samp_4/0002_000366_生气.wav	/root/autodl-tmp/CosyVoice_dev/examples/libritts/cosyvoice2/data/esd-emo-grpo/valid/receive/0002_000366_生气.wav
/root/autodl-tmp/CosyVoice_dev/examples/libritts/cosyvoice2/data/esd-emo-grpo/valid/samp_4/0002_000367_生气.wav	/root/autodl-tmp/CosyVoice_dev/examples/libritts/cosyvoice2/data/esd-emo-grpo/valid/receive/0002_000367_生气.wav
/root/autodl-tmp/CosyVoice_dev/examples/libritts/cosyvoice2/data/esd-emo-grpo/valid/samp_4/0002_000368_生气.wav	/root/autodl-tmp/CosyVoice_dev/examples/libritts/cosyvoice2/data/esd-emo-grpo/valid/receive/0002_000368_生气.wav
/root/autodl-tmp/CosyVoice_dev/examples/libritts/cosyvoice2/data/esd-emo-grpo/valid/samp_4/0002_000369_生气.wav	/root/autodl-tmp/CosyVoice_dev/examples/libritts/cosyvoice2/data/esd-emo-grpo/valid/receive/0002_000369_生气.wav
/root/autodl-tmp/CosyVoice_dev/examples/libritts/cosyvoice2/data/esd-emo-grpo/valid/samp_4/0002_000370_生气.wav	/root/autodl-tmp/CosyVoice_dev/examples/libritts/cosyvoice2/data/esd-emo-grpo/valid/receive/0002_000370_生气.wav
/root/autodl-tmp/CosyVoice_dev/examples/libritts/cosyvoice2/data/esd-emo-grpo/valid/samp_4/0003_000701_快乐.wav	/root/autodl-tmp/CosyVoice_dev/examples/libritts/cosyvoice2/data/esd-emo-grpo/valid/receive/0003_000701_快乐.wav
/root/autodl-tmp/CosyVoice_dev/examples/libritts/cosyvoice2/data/esd-emo-grpo/valid/samp_4/0003_000702_快乐.wav	/root/autodl-tmp/CosyVoice_dev/examples/libritts/cosyvoice2/data/esd-emo-grpo/valid/receive/0003_000702_快乐.wav
/root/autodl-tmp/CosyVoice_dev/examples/libritts/cosyvoice2/data/esd-emo-grpo/valid/samp_4/0003_000703_快乐.wav	/root/autodl-tmp/CosyVoice_dev/examples/libritts/cosyvoice2/data/esd-emo-grpo/valid/receive/0003_000703_快乐.wav
/root/autodl-tmp/CosyVoice_dev/examples/libritts/cosyvoice2/data/esd-emo-grpo/valid/samp_4/0003_000704_快乐.wav	/root/autodl-tmp/CosyVoice_dev/examples/libritts/cosyvoice2/data/esd-emo-grpo/valid/receive/0003_000704_快乐.wav
/root/autodl-tmp/CosyVoice_dev/examples/libritts/cosyvoice2/data/esd-emo-grpo/valid/samp_4/0003_000705_快乐.wav	/root/autodl-tmp/CosyVoice_dev/examples/libritts/cosyvoice2/data/esd-emo-grpo/valid/receive/0003_000705_快乐.wav
/root/autodl-tmp/CosyVoice_dev/examples/libritts/cosyvoice2/data/esd-emo-grpo/valid/samp_4/0003_000706_快乐.wav	/root/autodl-tmp/CosyVoice_dev/examples/libritts/cosyvoice2/data/esd-emo-grpo/valid/receive/0003_000706_快乐.wav
/root/autodl-tmp/CosyVoice_dev/examples/libritts/cosyvoice2/data/esd-emo-grpo/valid/samp_4/0003_000707_快乐.wav	/root/autodl-tmp/CosyVoice_dev/examples/libritts/cosyvoice2/data/esd-emo-grpo/valid/receive/0003_000707_快乐.wav
/root/autodl-tmp/CosyVoice_dev/examples/libritts/cosyvoice2/data/esd-emo-grpo/valid/samp_4/0003_000708_快乐.wav	/root/autodl-tmp/CosyVoice_dev/examples/libritts/cosyvoice2/data/esd-emo-grpo/valid/receive/0003_000708_快乐.wav
/root/autodl-tmp/CosyVoice_dev/examples/libritts/cosyvoice2/data/esd-emo-grpo/valid/samp_4/0003_000709_快乐.wav	/root/autodl-tmp/CosyVoice_dev/examples/libritts/cosyvoice2/data/esd-emo-grpo/valid/receive/0003_000709_快乐.wav
/root/autodl-tmp/CosyVoice_dev/examples/libritts/cosyvoice2/data/esd-emo-grpo/valid/samp_4/0003_000710_快乐.wav	/root/autodl-tmp/CosyVoice_dev/examples/libritts/cosyvoice2/data/esd-emo-grpo/valid/receive/0003_000710_快乐.wav
/root/autodl-tmp/CosyVoice_dev/examples/libritts/cosyvoice2/data/esd-emo-grpo/valid/samp_4/0003_000711_快乐.wav	/root/autodl-tmp/CosyVoice_dev/examples/libritts/cosyvoice2/data/esd-emo-grpo/valid/receive/0003_000711_快乐.wav
/root/autodl-tmp/CosyVoice_dev/examples/libritts/cosyvoice2/data/esd-emo-grpo/valid/samp_4/0003_000712_快乐.wav	/root/autodl-tmp/CosyVoice_dev/examples/libritts/cosyvoice2/data/esd-emo-grpo/valid/receive/0003_000712_快乐.wav
/root/autodl-tmp/CosyVoice_dev/examples/libritts/cosyvoice2/data/esd-emo-grpo/valid/samp_4/0003_000713_快乐.wav	/root/autodl-tmp/CosyVoice_dev/examples/libritts/cosyvoice2/data/esd-emo-grpo/valid/receive/0003_000713_快乐.wav
/root/autodl-tmp/CosyVoice_dev/examples/libritts/cosyvoice2/data/esd-emo-grpo/valid/samp_4/0003_000714_快乐.wav	/root/autodl-tmp/CosyVoice_dev/examples/libritts/cosyvoice2/data/esd-emo-grpo/valid/receive/0003_000714_快乐.wav
/root/autodl-tmp/CosyVoice_dev/examples/libritts/cosyvoice2/data/esd-emo-grpo/valid/samp_4/0003_000715_快乐.wav	/root/autodl-tmp/CosyVoice_dev/examples/libritts/cosyvoice2/data/esd-emo-grpo/valid/receive/0003_000715_快乐.wav
/root/autodl-tmp/CosyVoice_dev/examples/libritts/cosyvoice2/data/esd-emo-grpo/valid/samp_4/0003_000716_快乐.wav	/root/autodl-tmp/CosyVoice_dev/examples/libritts/cosyvoice2/data/esd-emo-grpo/valid/receive/0003_000716_快乐.wav
/root/autodl-tmp/CosyVoice_dev/examples/libritts/cosyvoice2/data/esd-emo-grpo/valid/samp_4/0003_000717_快乐.wav	/root/autodl-tmp/CosyVoice_dev/examples/libritts/cosyvoice2/data/esd-emo-grpo/valid/receive/0003_000717_快乐.wav
/root/autodl-tmp/CosyVoice_dev/examples/libritts/cosyvoice2/data/esd-emo-grpo/valid/samp_4/0003_000718_快乐.wav	/root/autodl-tmp/CosyVoice_dev/examples/libritts/cosyvoice2/data/esd-emo-grpo/valid/receive/0003_000718_快乐.wav
/root/autodl-tmp/CosyVoice_dev/examples/libritts/cosyvoice2/data/esd-emo-grpo/valid/samp_4/0003_000719_快乐.wav	/root/autodl-tmp/CosyVoice_dev/examples/libritts/cosyvoice2/data/esd-emo-grpo/valid/receive/0003_000719_快乐.wav
/root/autodl-tmp/CosyVoice_dev/examples/libritts/cosyvoice2/data/esd-emo-grpo/valid/samp_4/0003_000720_快乐.wav	/root/autodl-tmp/CosyVoice_dev/examples/libritts/cosyvoice2/data/esd-emo-grpo/valid/receive/0003_000720_快乐.wav
/root/autodl-tmp/CosyVoice_dev/examples/libritts/cosyvoice2/data/esd-emo-grpo/valid/samp_4/0003_001051_伤心.wav	/root/autodl-tmp/CosyVoice_dev/examples/libritts/cosyvoice2/data/esd-emo-grpo/valid/receive/0003_001051_伤心.wav
/root/autodl-tmp/CosyVoice_dev/examples/libritts/cosyvoice2/data/esd-emo-grpo/valid/samp_4/0003_001052_伤心.wav	/root/autodl-tmp/CosyVoice_dev/examples/libritts/cosyvoice2/data/esd-emo-grpo/valid/receive/0003_001052_伤心.wav
/root/autodl-tmp/CosyVoice_dev/examples/libritts/cosyvoice2/data/esd-emo-grpo/valid/samp_4/0003_001053_伤心.wav	/root/autodl-tmp/CosyVoice_dev/examples/libritts/cosyvoice2/data/esd-emo-grpo/valid/receive/0003_001053_伤心.wav
/root/autodl-tmp/CosyVoice_dev/examples/libritts/cosyvoice2/data/esd-emo-grpo/valid/samp_4/0003_001054_伤心.wav	/root/autodl-tmp/CosyVoice_dev/examples/libritts/cosyvoice2/data/esd-emo-grpo/valid/receive/0003_001054_伤心.wav
/root/autodl-tmp/CosyVoice_dev/examples/libritts/cosyvoice2/data/esd-emo-grpo/valid/samp_4/0003_001055_伤心.wav	/root/autodl-tmp/CosyVoice_dev/examples/libritts/cosyvoice2/data/esd-emo-grpo/valid/receive/0003_001055_伤心.wav
/root/autodl-tmp/CosyVoice_dev/examples/libritts/cosyvoice2/data/esd-emo-grpo/valid/samp_4/0003_001056_伤心.wav	/root/autodl-tmp/CosyVoice_dev/examples/libritts/cosyvoice2/data/esd-emo-grpo/valid/receive/0003_001056_伤心.wav
/root/autodl-tmp/CosyVoice_dev/examples/libritts/cosyvoice2/data/esd-emo-grpo/valid/samp_4/0003_001057_伤心.wav	/root/autodl-tmp/CosyVoice_dev/examples/libritts/cosyvoice2/data/esd-emo-grpo/valid/receive/0003_001057_伤心.wav
/root/autodl-tmp/CosyVoice_dev/examples/libritts/cosyvoice2/data/esd-emo-grpo/valid/samp_4/0003_001058_伤心.wav	/root/autodl-tmp/CosyVoice_dev/examples/libritts/cosyvoice2/data/esd-emo-grpo/valid/receive/0003_001058_伤心.wav
/root/autodl-tmp/CosyVoice_dev/examples/libritts/cosyvoice2/data/esd-emo-grpo/valid/samp_4/0003_001059_伤心.wav	/root/autodl-tmp/CosyVoice_dev/examples/libritts/cosyvoice2/data/esd-emo-grpo/valid/receive/0003_001059_伤心.wav
/root/autodl-tmp/CosyVoice_dev/examples/libritts/cosyvoice2/data/esd-emo-grpo/valid/samp_4/0003_001060_伤心.wav	/root/autodl-tmp/CosyVoice_dev/examples/libritts/cosyvoice2/data/esd-emo-grpo/valid/receive/0003_001060_伤心.wav
/root/autodl-tmp/CosyVoice_dev/examples/libritts/cosyvoice2/data/esd-emo-grpo/valid/samp_4/0003_001061_伤心.wav	/root/autodl-tmp/CosyVoice_dev/examples/libritts/cosyvoice2/data/esd-emo-grpo/valid/receive/0003_001061_伤心.wav
/root/autodl-tmp/CosyVoice_dev/examples/libritts/cosyvoice2/data/esd-emo-grpo/valid/samp_4/0003_001062_伤心.wav	/root/autodl-tmp/CosyVoice_dev/examples/libritts/cosyvoice2/data/esd-emo-grpo/valid/receive/0003_001062_伤心.wav
/root/autodl-tmp/CosyVoice_dev/examples/libritts/cosyvoice2/data/esd-emo-grpo/valid/samp_4/0003_001063_伤心.wav	/root/autodl-tmp/CosyVoice_dev/examples/libritts/cosyvoice2/data/esd-emo-grpo/valid/receive/0003_001063_伤心.wav
/root/autodl-tmp/CosyVoice_dev/examples/libritts/cosyvoice2/data/esd-emo-grpo/valid/samp_4/0003_001064_伤心.wav	/root/autodl-tmp/CosyVoice_dev/examples/libritts/cosyvoice2/data/esd-emo-grpo/valid/receive/0003_001064_伤心.wav
/root/autodl-tmp/CosyVoice_dev/examples/libritts/cosyvoice2/data/esd-emo-grpo/valid/samp_4/0003_001065_伤心.wav	/root/autodl-tmp/CosyVoice_dev/examples/libritts/cosyvoice2/data/esd-emo-grpo/valid/receive/0003_001065_伤心.wav
/root/autodl-tmp/CosyVoice_dev/examples/libritts/cosyvoice2/data/esd-emo-grpo/valid/samp_4/0003_001066_伤心.wav	/root/autodl-tmp/CosyVoice_dev/examples/libritts/cosyvoice2/data/esd-emo-grpo/valid/receive/0003_001066_伤心.wav
/root/autodl-tmp/CosyVoice_dev/examples/libritts/cosyvoice2/data/esd-emo-grpo/valid/samp_4/0003_001067_伤心.wav	/root/autodl-tmp/CosyVoice_dev/examples/libritts/cosyvoice2/data/esd-emo-grpo/valid/receive/0003_001067_伤心.wav
/root/autodl-tmp/CosyVoice_dev/examples/libritts/cosyvoice2/data/esd-emo-grpo/valid/samp_4/0003_001068_伤心.wav	/root/autodl-tmp/CosyVoice_dev/examples/libritts/cosyvoice2/data/esd-emo-grpo/valid/receive/0003_001068_伤心.wav
/root/autodl-tmp/CosyVoice_dev/examples/libritts/cosyvoice2/data/esd-emo-grpo/valid/samp_4/0003_001069_伤心.wav	/root/autodl-tmp/CosyVoice_dev/examples/libritts/cosyvoice2/data/esd-emo-grpo/valid/receive/0003_001069_伤心.wav
/root/autodl-tmp/CosyVoice_dev/examples/libritts/cosyvoice2/data/esd-emo-grpo/valid/samp_4/0003_001070_伤心.wav	/root/autodl-tmp/CosyVoice_dev/examples/libritts/cosyvoice2/data/esd-emo-grpo/valid/receive/0003_001070_伤心.wav
/root/autodl-tmp/CosyVoice_dev/examples/libritts/cosyvoice2/data/esd-emo-grpo/valid/samp_4/0004_000705_快乐.wav	/root/autodl-tmp/CosyVoice_dev/examples/libritts/cosyvoice2/data/esd-emo-grpo/valid/receive/0004_000705_快乐.wav
/root/autodl-tmp/CosyVoice_dev/examples/libritts/cosyvoice2/data/esd-emo-grpo/valid/samp_4/0004_000706_快乐.wav	/root/autodl-tmp/CosyVoice_dev/examples/libritts/cosyvoice2/data/esd-emo-grpo/valid/receive/0004_000706_快乐.wav
/root/autodl-tmp/CosyVoice_dev/examples/libritts/cosyvoice2/data/esd-emo-grpo/valid/samp_4/0004_000707_快乐.wav	/root/autodl-tmp/CosyVoice_dev/examples/libritts/cosyvoice2/data/esd-emo-grpo/valid/receive/0004_000707_快乐.wav
/root/autodl-tmp/CosyVoice_dev/examples/libritts/cosyvoice2/data/esd-emo-grpo/valid/samp_4/0004_000708_快乐.wav	/root/autodl-tmp/CosyVoice_dev/examples/libritts/cosyvoice2/data/esd-emo-grpo/valid/receive/0004_000708_快乐.wav
/root/autodl-tmp/CosyVoice_dev/examples/libritts/cosyvoice2/data/esd-emo-grpo/valid/samp_4/0004_000709_快乐.wav	/root/autodl-tmp/CosyVoice_dev/examples/libritts/cosyvoice2/data/esd-emo-grpo/valid/receive/0004_000709_快乐.wav
/root/autodl-tmp/CosyVoice_dev/examples/libritts/cosyvoice2/data/esd-emo-grpo/valid/samp_4/0004_000710_快乐.wav	/root/autodl-tmp/CosyVoice_dev/examples/libritts/cosyvoice2/data/esd-emo-grpo/valid/receive/0004_000710_快乐.wav
/root/autodl-tmp/CosyVoice_dev/examples/libritts/cosyvoice2/data/esd-emo-grpo/valid/samp_4/0004_000711_快乐.wav	/root/autodl-tmp/CosyVoice_dev/examples/libritts/cosyvoice2/data/esd-emo-grpo/valid/receive/0004_000711_快乐.wav
/root/autodl-tmp/CosyVoice_dev/examples/libritts/cosyvoice2/data/esd-emo-grpo/valid/samp_4/0004_000712_快乐.wav	/root/autodl-tmp/CosyVoice_dev/examples/libritts/cosyvoice2/data/esd-emo-grpo/valid/receive/0004_000712_快乐.wav
/root/autodl-tmp/CosyVoice_dev/examples/libritts/cosyvoice2/data/esd-emo-grpo/valid/samp_4/0004_000713_快乐.wav	/root/autodl-tmp/CosyVoice_dev/examples/libritts/cosyvoice2/data/esd-emo-grpo/valid/receive/0004_000713_快乐.wav
/root/autodl-tmp/CosyVoice_dev/examples/libritts/cosyvoice2/data/esd-emo-grpo/valid/samp_4/0004_000714_快乐.wav	/root/autodl-tmp/CosyVoice_dev/examples/libritts/cosyvoice2/data/esd-emo-grpo/valid/receive/0004_000714_快乐.wav
/root/autodl-tmp/CosyVoice_dev/examples/libritts/cosyvoice2/data/esd-emo-grpo/valid/samp_4/0004_000715_快乐.wav	/root/autodl-tmp/CosyVoice_dev/examples/libritts/cosyvoice2/data/esd-emo-grpo/valid/receive/0004_000715_快乐.wav
/root/autodl-tmp/CosyVoice_dev/examples/libritts/cosyvoice2/data/esd-emo-grpo/valid/samp_4/0004_000716_快乐.wav	/root/autodl-tmp/CosyVoice_dev/examples/libritts/cosyvoice2/data/esd-emo-grpo/valid/receive/0004_000716_快乐.wav
/root/autodl-tmp/CosyVoice_dev/examples/libritts/cosyvoice2/data/esd-emo-grpo/valid/samp_4/0004_000717_快乐.wav	/root/autodl-tmp/CosyVoice_dev/examples/libritts/cosyvoice2/data/esd-emo-grpo/valid/receive/0004_000717_快乐.wav
/root/autodl-tmp/CosyVoice_dev/examples/libritts/cosyvoice2/data/esd-emo-grpo/valid/samp_4/0004_000718_快乐.wav	/root/autodl-tmp/CosyVoice_dev/examples/libritts/cosyvoice2/data/esd-emo-grpo/valid/receive/0004_000718_快乐.wav
/root/autodl-tmp/CosyVoice_dev/examples/libritts/cosyvoice2/data/esd-emo-grpo/valid/samp_4/0004_000719_快乐.wav	/root/autodl-tmp/CosyVoice_dev/examples/libritts/cosyvoice2/data/esd-emo-grpo/valid/receive/0004_000719_快乐.wav
/root/autodl-tmp/CosyVoice_dev/examples/libritts/cosyvoice2/data/esd-emo-grpo/valid/samp_4/0004_000720_快乐.wav	/root/autodl-tmp/CosyVoice_dev/examples/libritts/cosyvoice2/data/esd-emo-grpo/valid/receive/0004_000720_快乐.wav
/root/autodl-tmp/CosyVoice_dev/examples/libritts/cosyvoice2/data/esd-emo-grpo/valid/samp_4/0004_001051_伤心.wav	/root/autodl-tmp/CosyVoice_dev/examples/libritts/cosyvoice2/data/esd-emo-grpo/valid/receive/0004_001051_伤心.wav
/root/autodl-tmp/CosyVoice_dev/examples/libritts/cosyvoice2/data/esd-emo-grpo/valid/samp_4/0004_001052_伤心.wav	/root/autodl-tmp/CosyVoice_dev/examples/libritts/cosyvoice2/data/esd-emo-grpo/valid/receive/0004_001052_伤心.wav
/root/autodl-tmp/CosyVoice_dev/examples/libritts/cosyvoice2/data/esd-emo-grpo/valid/samp_4/0004_001053_伤心.wav	/root/autodl-tmp/CosyVoice_dev/examples/libritts/cosyvoice2/data/esd-emo-grpo/valid/receive/0004_001053_伤心.wav
/root/autodl-tmp/CosyVoice_dev/examples/libritts/cosyvoice2/data/esd-emo-grpo/valid/samp_4/0004_001054_伤心.wav	/root/autodl-tmp/CosyVoice_dev/examples/libritts/cosyvoice2/data/esd-emo-grpo/valid/receive/0004_001054_伤心.wav
/root/autodl-tmp/CosyVoice_dev/examples/libritts/cosyvoice2/data/esd-emo-grpo/valid/samp_4/0004_001055_伤心.wav	/root/autodl-tmp/CosyVoice_dev/examples/libritts/cosyvoice2/data/esd-emo-grpo/valid/receive/0004_001055_伤心.wav
/root/autodl-tmp/CosyVoice_dev/examples/libritts/cosyvoice2/data/esd-emo-grpo/valid/samp_4/0004_001056_伤心.wav	/root/autodl-tmp/CosyVoice_dev/examples/libritts/cosyvoice2/data/esd-emo-grpo/valid/receive/0004_001056_伤心.wav
/root/autodl-tmp/CosyVoice_dev/examples/libritts/cosyvoice2/data/esd-emo-grpo/valid/samp_4/0004_001057_伤心.wav	/root/autodl-tmp/CosyVoice_dev/examples/libritts/cosyvoice2/data/esd-emo-grpo/valid/receive/0004_001057_伤心.wav
/root/autodl-tmp/CosyVoice_dev/examples/libritts/cosyvoice2/data/esd-emo-grpo/valid/samp_4/0004_001058_伤心.wav	/root/autodl-tmp/CosyVoice_dev/examples/libritts/cosyvoice2/data/esd-emo-grpo/valid/receive/0004_001058_伤心.wav
/root/autodl-tmp/CosyVoice_dev/examples/libritts/cosyvoice2/data/esd-emo-grpo/valid/samp_4/0004_001059_伤心.wav	/root/autodl-tmp/CosyVoice_dev/examples/libritts/cosyvoice2/data/esd-emo-grpo/valid/receive/0004_001059_伤心.wav
/root/autodl-tmp/CosyVoice_dev/examples/libritts/cosyvoice2/data/esd-emo-grpo/valid/samp_4/0004_001060_伤心.wav	/root/autodl-tmp/CosyVoice_dev/examples/libritts/cosyvoice2/data/esd-emo-grpo/valid/receive/0004_001060_伤心.wav
/root/autodl-tmp/CosyVoice_dev/examples/libritts/cosyvoice2/data/esd-emo-grpo/valid/samp_4/0004_001061_伤心.wav	/root/autodl-tmp/CosyVoice_dev/examples/libritts/cosyvoice2/data/esd-emo-grpo/valid/receive/0004_001061_伤心.wav
/root/autodl-tmp/CosyVoice_dev/examples/libritts/cosyvoice2/data/esd-emo-grpo/valid/samp_4/0004_001062_伤心.wav	/root/autodl-tmp/CosyVoice_dev/examples/libritts/cosyvoice2/data/esd-emo-grpo/valid/receive/0004_001062_伤心.wav
/root/autodl-tmp/CosyVoice_dev/examples/libritts/cosyvoice2/data/esd-emo-grpo/valid/samp_4/0004_001063_伤心.wav	/root/autodl-tmp/CosyVoice_dev/examples/libritts/cosyvoice2/data/esd-emo-grpo/valid/receive/0004_001063_伤心.wav
/root/autodl-tmp/CosyVoice_dev/examples/libritts/cosyvoice2/data/esd-emo-grpo/valid/samp_4/0004_001064_伤心.wav	/root/autodl-tmp/CosyVoice_dev/examples/libritts/cosyvoice2/data/esd-emo-grpo/valid/receive/0004_001064_伤心.wav
/root/autodl-tmp/CosyVoice_dev/examples/libritts/cosyvoice2/data/esd-emo-grpo/valid/samp_4/0004_001065_伤心.wav	/root/autodl-tmp/CosyVoice_dev/examples/libritts/cosyvoice2/data/esd-emo-grpo/valid/receive/0004_001065_伤心.wav
/root/autodl-tmp/CosyVoice_dev/examples/libritts/cosyvoice2/data/esd-emo-grpo/valid/samp_4/0004_001066_伤心.wav	/root/autodl-tmp/CosyVoice_dev/examples/libritts/cosyvoice2/data/esd-emo-grpo/valid/receive/0004_001066_伤心.wav
/root/autodl-tmp/CosyVoice_dev/examples/libritts/cosyvoice2/data/esd-emo-grpo/valid/samp_4/0004_001067_伤心.wav	/root/autodl-tmp/CosyVoice_dev/examples/libritts/cosyvoice2/data/esd-emo-grpo/valid/receive/0004_001067_伤心.wav
/root/autodl-tmp/CosyVoice_dev/examples/libritts/cosyvoice2/data/esd-emo-grpo/valid/samp_4/0004_001068_伤心.wav	/root/autodl-tmp/CosyVoice_dev/examples/libritts/cosyvoice2/data/esd-emo-grpo/valid/receive/0004_001068_伤心.wav
/root/autodl-tmp/CosyVoice_dev/examples/libritts/cosyvoice2/data/esd-emo-grpo/valid/samp_4/0004_001069_伤心.wav	/root/autodl-tmp/CosyVoice_dev/examples/libritts/cosyvoice2/data/esd-emo-grpo/valid/receive/0004_001069_伤心.wav
/root/autodl-tmp/CosyVoice_dev/examples/libritts/cosyvoice2/data/esd-emo-grpo/valid/samp_4/0004_001070_伤心.wav	/root/autodl-tmp/CosyVoice_dev/examples/libritts/cosyvoice2/data/esd-emo-grpo/valid/receive/0004_001070_伤心.wav
/root/autodl-tmp/CosyVoice_dev/examples/libritts/cosyvoice2/data/esd-emo-grpo/valid/samp_4/0004_001401_惊喜.wav	/root/autodl-tmp/CosyVoice_dev/examples/libritts/cosyvoice2/data/esd-emo-grpo/valid/receive/0004_001401_惊喜.wav
/root/autodl-tmp/CosyVoice_dev/examples/libritts/cosyvoice2/data/esd-emo-grpo/valid/samp_4/0004_001402_惊喜.wav	/root/autodl-tmp/CosyVoice_dev/examples/libritts/cosyvoice2/data/esd-emo-grpo/valid/receive/0004_001402_惊喜.wav
/root/autodl-tmp/CosyVoice_dev/examples/libritts/cosyvoice2/data/esd-emo-grpo/valid/samp_4/0004_001403_惊喜.wav	/root/autodl-tmp/CosyVoice_dev/examples/libritts/cosyvoice2/data/esd-emo-grpo/valid/receive/0004_001403_惊喜.wav
/root/autodl-tmp/CosyVoice_dev/examples/libritts/cosyvoice2/data/esd-emo-grpo/valid/samp_4/0004_001404_惊喜.wav	/root/autodl-tmp/CosyVoice_dev/examples/libritts/cosyvoice2/data/esd-emo-grpo/valid/receive/0004_001404_惊喜.wav
/root/autodl-tmp/CosyVoice_dev/examples/libritts/cosyvoice2/data/esd-emo-grpo/valid/samp_4/0004_001405_惊喜.wav	/root/autodl-tmp/CosyVoice_dev/examples/libritts/cosyvoice2/data/esd-emo-grpo/valid/receive/0004_001405_惊喜.wav
/root/autodl-tmp/CosyVoice_dev/examples/libritts/cosyvoice2/data/esd-emo-grpo/valid/samp_4/0004_001406_惊喜.wav	/root/autodl-tmp/CosyVoice_dev/examples/libritts/cosyvoice2/data/esd-emo-grpo/valid/receive/0004_001406_惊喜.wav
/root/autodl-tmp/CosyVoice_dev/examples/libritts/cosyvoice2/data/esd-emo-grpo/valid/samp_4/0004_001407_惊喜.wav	/root/autodl-tmp/CosyVoice_dev/examples/libritts/cosyvoice2/data/esd-emo-grpo/valid/receive/0004_001407_惊喜.wav
/root/autodl-tmp/CosyVoice_dev/examples/libritts/cosyvoice2/data/esd-emo-grpo/valid/samp_4/0004_001408_惊喜.wav	/root/autodl-tmp/CosyVoice_dev/examples/libritts/cosyvoice2/data/esd-emo-grpo/valid/receive/0004_001408_惊喜.wav
/root/autodl-tmp/CosyVoice_dev/examples/libritts/cosyvoice2/data/esd-emo-grpo/valid/samp_4/0004_001409_惊喜.wav	/root/autodl-tmp/CosyVoice_dev/examples/libritts/cosyvoice2/data/esd-emo-grpo/valid/receive/0004_001409_惊喜.wav
/root/autodl-tmp/CosyVoice_dev/examples/libritts/cosyvoice2/data/esd-emo-grpo/valid/samp_4/0004_001410_惊喜.wav	/root/autodl-tmp/CosyVoice_dev/examples/libritts/cosyvoice2/data/esd-emo-grpo/valid/receive/0004_001410_惊喜.wav
/root/autodl-tmp/CosyVoice_dev/examples/libritts/cosyvoice2/data/esd-emo-grpo/valid/samp_4/0004_001411_惊喜.wav	/root/autodl-tmp/CosyVoice_dev/examples/libritts/cosyvoice2/data/esd-emo-grpo/valid/receive/0004_001411_惊喜.wav
/root/autodl-tmp/CosyVoice_dev/examples/libritts/cosyvoice2/data/esd-emo-grpo/valid/samp_4/0004_001412_惊喜.wav	/root/autodl-tmp/CosyVoice_dev/examples/libritts/cosyvoice2/data/esd-emo-grpo/valid/receive/0004_001412_惊喜.wav
/root/autodl-tmp/CosyVoice_dev/examples/libritts/cosyvoice2/data/esd-emo-grpo/valid/samp_4/0004_001413_惊喜.wav	/root/autodl-tmp/CosyVoice_dev/examples/libritts/cosyvoice2/data/esd-emo-grpo/valid/receive/0004_001413_惊喜.wav
/root/autodl-tmp/CosyVoice_dev/examples/libritts/cosyvoice2/data/esd-emo-grpo/valid/samp_4/0004_001414_惊喜.wav	/root/autodl-tmp/CosyVoice_dev/examples/libritts/cosyvoice2/data/esd-emo-grpo/valid/receive/0004_001414_惊喜.wav
/root/autodl-tmp/CosyVoice_dev/examples/libritts/cosyvoice2/data/esd-emo-grpo/valid/samp_4/0004_001415_惊喜.wav	/root/autodl-tmp/CosyVoice_dev/examples/libritts/cosyvoice2/data/esd-emo-grpo/valid/receive/0004_001415_惊喜.wav
/root/autodl-tmp/CosyVoice_dev/examples/libritts/cosyvoice2/data/esd-emo-grpo/valid/samp_4/0004_001416_惊喜.wav	/root/autodl-tmp/CosyVoice_dev/examples/libritts/cosyvoice2/data/esd-emo-grpo/valid/receive/0004_001416_惊喜.wav
/root/autodl-tmp/CosyVoice_dev/examples/libritts/cosyvoice2/data/esd-emo-grpo/valid/samp_4/0004_001417_惊喜.wav	/root/autodl-tmp/CosyVoice_dev/examples/libritts/cosyvoice2/data/esd-emo-grpo/valid/receive/0004_001417_惊喜.wav
/root/autodl-tmp/CosyVoice_dev/examples/libritts/cosyvoice2/data/esd-emo-grpo/valid/samp_4/0004_001418_惊喜.wav	/root/autodl-tmp/CosyVoice_dev/examples/libritts/cosyvoice2/data/esd-emo-grpo/valid/receive/0004_001418_惊喜.wav
/root/autodl-tmp/CosyVoice_dev/examples/libritts/cosyvoice2/data/esd-emo-grpo/valid/samp_4/0004_001419_惊喜.wav	/root/autodl-tmp/CosyVoice_dev/examples/libritts/cosyvoice2/data/esd-emo-grpo/valid/receive/0004_001419_惊喜.wav
/root/autodl-tmp/CosyVoice_dev/examples/libritts/cosyvoice2/data/esd-emo-grpo/valid/samp_4/0004_001420_惊喜.wav	/root/autodl-tmp/CosyVoice_dev/examples/libritts/cosyvoice2/data/esd-emo-grpo/valid/receive/0004_001420_惊喜.wav
/root/autodl-tmp/CosyVoice_dev/examples/libritts/cosyvoice2/data/esd-emo-grpo/valid/samp_4/0004_000001_冷静.wav	/root/autodl-tmp/CosyVoice_dev/examples/libritts/cosyvoice2/data/esd-emo-grpo/valid/receive/0004_000001_冷静.wav
/root/autodl-tmp/CosyVoice_dev/examples/libritts/cosyvoice2/data/esd-emo-grpo/valid/samp_4/0004_000002_冷静.wav	/root/autodl-tmp/CosyVoice_dev/examples/libritts/cosyvoice2/data/esd-emo-grpo/valid/receive/0004_000002_冷静.wav
/root/autodl-tmp/CosyVoice_dev/examples/libritts/cosyvoice2/data/esd-emo-grpo/valid/samp_4/0004_000003_冷静.wav	/root/autodl-tmp/CosyVoice_dev/examples/libritts/cosyvoice2/data/esd-emo-grpo/valid/receive/0004_000003_冷静.wav
/root/autodl-tmp/CosyVoice_dev/examples/libritts/cosyvoice2/data/esd-emo-grpo/valid/samp_4/0004_000004_冷静.wav	/root/autodl-tmp/CosyVoice_dev/examples/libritts/cosyvoice2/data/esd-emo-grpo/valid/receive/0004_000004_冷静.wav
/root/autodl-tmp/CosyVoice_dev/examples/libritts/cosyvoice2/data/esd-emo-grpo/valid/samp_4/0004_000005_冷静.wav	/root/autodl-tmp/CosyVoice_dev/examples/libritts/cosyvoice2/data/esd-emo-grpo/valid/receive/0004_000005_冷静.wav
/root/autodl-tmp/CosyVoice_dev/examples/libritts/cosyvoice2/data/esd-emo-grpo/valid/samp_4/0004_000006_冷静.wav	/root/autodl-tmp/CosyVoice_dev/examples/libritts/cosyvoice2/data/esd-emo-grpo/valid/receive/0004_000006_冷静.wav
/root/autodl-tmp/CosyVoice_dev/examples/libritts/cosyvoice2/data/esd-emo-grpo/valid/samp_4/0004_000007_冷静.wav	/root/autodl-tmp/CosyVoice_dev/examples/libritts/cosyvoice2/data/esd-emo-grpo/valid/receive/0004_000007_冷静.wav
/root/autodl-tmp/CosyVoice_dev/examples/libritts/cosyvoice2/data/esd-emo-grpo/valid/samp_4/0004_000008_冷静.wav	/root/autodl-tmp/CosyVoice_dev/examples/libritts/cosyvoice2/data/esd-emo-grpo/valid/receive/0004_000008_冷静.wav
/root/autodl-tmp/CosyVoice_dev/examples/libritts/cosyvoice2/data/esd-emo-grpo/valid/samp_4/0004_000009_冷静.wav	/root/autodl-tmp/CosyVoice_dev/examples/libritts/cosyvoice2/data/esd-emo-grpo/valid/receive/0004_000009_冷静.wav
/root/autodl-tmp/CosyVoice_dev/examples/libritts/cosyvoice2/data/esd-emo-grpo/valid/samp_4/0004_000010_冷静.wav	/root/autodl-tmp/CosyVoice_dev/examples/libritts/cosyvoice2/data/esd-emo-grpo/valid/receive/0004_000010_冷静.wav
/root/autodl-tmp/CosyVoice_dev/examples/libritts/cosyvoice2/data/esd-emo-grpo/valid/samp_4/0004_000011_冷静.wav	/root/autodl-tmp/CosyVoice_dev/examples/libritts/cosyvoice2/data/esd-emo-grpo/valid/receive/0004_000011_冷静.wav
/root/autodl-tmp/CosyVoice_dev/examples/libritts/cosyvoice2/data/esd-emo-grpo/valid/samp_4/0004_000012_冷静.wav	/root/autodl-tmp/CosyVoice_dev/examples/libritts/cosyvoice2/data/esd-emo-grpo/valid/receive/0004_000012_冷静.wav
/root/autodl-tmp/CosyVoice_dev/examples/libritts/cosyvoice2/data/esd-emo-grpo/valid/samp_4/0004_000013_冷静.wav	/root/autodl-tmp/CosyVoice_dev/examples/libritts/cosyvoice2/data/esd-emo-grpo/valid/receive/0004_000013_冷静.wav
/root/autodl-tmp/CosyVoice_dev/examples/libritts/cosyvoice2/data/esd-emo-grpo/valid/samp_4/0004_000014_冷静.wav	/root/autodl-tmp/CosyVoice_dev/examples/libritts/cosyvoice2/data/esd-emo-grpo/valid/receive/0004_000014_冷静.wav
/root/autodl-tmp/CosyVoice_dev/examples/libritts/cosyvoice2/data/esd-emo-grpo/valid/samp_4/0004_000015_冷静.wav	/root/autodl-tmp/CosyVoice_dev/examples/libritts/cosyvoice2/data/esd-emo-grpo/valid/receive/0004_000015_冷静.wav
/root/autodl-tmp/CosyVoice_dev/examples/libritts/cosyvoice2/data/esd-emo-grpo/valid/samp_4/0004_000016_冷静.wav	/root/autodl-tmp/CosyVoice_dev/examples/libritts/cosyvoice2/data/esd-emo-grpo/valid/receive/0004_000016_冷静.wav
/root/autodl-tmp/CosyVoice_dev/examples/libritts/cosyvoice2/data/esd-emo-grpo/valid/samp_4/0004_000017_冷静.wav	/root/autodl-tmp/CosyVoice_dev/examples/libritts/cosyvoice2/data/esd-emo-grpo/valid/receive/0004_000017_冷静.wav
/root/autodl-tmp/CosyVoice_dev/examples/libritts/cosyvoice2/data/esd-emo-grpo/valid/samp_4/0004_000018_冷静.wav	/root/autodl-tmp/CosyVoice_dev/examples/libritts/cosyvoice2/data/esd-emo-grpo/valid/receive/0004_000018_冷静.wav
/root/autodl-tmp/CosyVoice_dev/examples/libritts/cosyvoice2/data/esd-emo-grpo/valid/samp_4/0004_000019_冷静.wav	/root/autodl-tmp/CosyVoice_dev/examples/libritts/cosyvoice2/data/esd-emo-grpo/valid/receive/0004_000019_冷静.wav
/root/autodl-tmp/CosyVoice_dev/examples/libritts/cosyvoice2/data/esd-emo-grpo/valid/samp_4/0004_000020_冷静.wav	/root/autodl-tmp/CosyVoice_dev/examples/libritts/cosyvoice2/data/esd-emo-grpo/valid/receive/0004_000020_冷静.wav
/root/autodl-tmp/CosyVoice_dev/examples/libritts/cosyvoice2/data/esd-emo-grpo/valid/samp_4/0004_000351_生气.wav	/root/autodl-tmp/CosyVoice_dev/examples/libritts/cosyvoice2/data/esd-emo-grpo/valid/receive/0004_000351_生气.wav
/root/autodl-tmp/CosyVoice_dev/examples/libritts/cosyvoice2/data/esd-emo-grpo/valid/samp_4/0004_000352_生气.wav	/root/autodl-tmp/CosyVoice_dev/examples/libritts/cosyvoice2/data/esd-emo-grpo/valid/receive/0004_000352_生气.wav
/root/autodl-tmp/CosyVoice_dev/examples/libritts/cosyvoice2/data/esd-emo-grpo/valid/samp_4/0004_000353_生气.wav	/root/autodl-tmp/CosyVoice_dev/examples/libritts/cosyvoice2/data/esd-emo-grpo/valid/receive/0004_000353_生气.wav
/root/autodl-tmp/CosyVoice_dev/examples/libritts/cosyvoice2/data/esd-emo-grpo/valid/samp_4/0004_000354_生气.wav	/root/autodl-tmp/CosyVoice_dev/examples/libritts/cosyvoice2/data/esd-emo-grpo/valid/receive/0004_000354_生气.wav
/root/autodl-tmp/CosyVoice_dev/examples/libritts/cosyvoice2/data/esd-emo-grpo/valid/samp_4/0004_000355_生气.wav	/root/autodl-tmp/CosyVoice_dev/examples/libritts/cosyvoice2/data/esd-emo-grpo/valid/receive/0004_000355_生气.wav
/root/autodl-tmp/CosyVoice_dev/examples/libritts/cosyvoice2/data/esd-emo-grpo/valid/samp_4/0004_000356_生气.wav	/root/autodl-tmp/CosyVoice_dev/examples/libritts/cosyvoice2/data/esd-emo-grpo/valid/receive/0004_000356_生气.wav
/root/autodl-tmp/CosyVoice_dev/examples/libritts/cosyvoice2/data/esd-emo-grpo/valid/samp_4/0004_000357_生气.wav	/root/autodl-tmp/CosyVoice_dev/examples/libritts/cosyvoice2/data/esd-emo-grpo/valid/receive/0004_000357_生气.wav
/root/autodl-tmp/CosyVoice_dev/examples/libritts/cosyvoice2/data/esd-emo-grpo/valid/samp_4/0004_000358_生气.wav	/root/autodl-tmp/CosyVoice_dev/examples/libritts/cosyvoice2/data/esd-emo-grpo/valid/receive/0004_000358_生气.wav
/root/autodl-tmp/CosyVoice_dev/examples/libritts/cosyvoice2/data/esd-emo-grpo/valid/samp_4/0004_000359_生气.wav	/root/autodl-tmp/CosyVoice_dev/examples/libritts/cosyvoice2/data/esd-emo-grpo/valid/receive/0004_000359_生气.wav
/root/autodl-tmp/CosyVoice_dev/examples/libritts/cosyvoice2/data/esd-emo-grpo/valid/samp_4/0004_000360_生气.wav	/root/autodl-tmp/CosyVoice_dev/examples/libritts/cosyvoice2/data/esd-emo-grpo/valid/receive/0004_000360_生气.wav
/root/autodl-tmp/CosyVoice_dev/examples/libritts/cosyvoice2/data/esd-emo-grpo/valid/samp_4/0004_000361_生气.wav	/root/autodl-tmp/CosyVoice_dev/examples/libritts/cosyvoice2/data/esd-emo-grpo/valid/receive/0004_000361_生气.wav
/root/autodl-tmp/CosyVoice_dev/examples/libritts/cosyvoice2/data/esd-emo-grpo/valid/samp_4/0004_000362_生气.wav	/root/autodl-tmp/CosyVoice_dev/examples/libritts/cosyvoice2/data/esd-emo-grpo/valid/receive/0004_000362_生气.wav
/root/autodl-tmp/CosyVoice_dev/examples/libritts/cosyvoice2/data/esd-emo-grpo/valid/samp_4/0004_000363_生气.wav	/root/autodl-tmp/CosyVoice_dev/examples/libritts/cosyvoice2/data/esd-emo-grpo/valid/receive/0004_000363_生气.wav
/root/autodl-tmp/CosyVoice_dev/examples/libritts/cosyvoice2/data/esd-emo-grpo/valid/samp_4/0004_000364_生气.wav	/root/autodl-tmp/CosyVoice_dev/examples/libritts/cosyvoice2/data/esd-emo-grpo/valid/receive/0004_000364_生气.wav
/root/autodl-tmp/CosyVoice_dev/examples/libritts/cosyvoice2/data/esd-emo-grpo/valid/samp_4/0004_000365_生气.wav	/root/autodl-tmp/CosyVoice_dev/examples/libritts/cosyvoice2/data/esd-emo-grpo/valid/receive/0004_000365_生气.wav
/root/autodl-tmp/CosyVoice_dev/examples/libritts/cosyvoice2/data/esd-emo-grpo/valid/samp_4/0004_000366_生气.wav	/root/autodl-tmp/CosyVoice_dev/examples/libritts/cosyvoice2/data/esd-emo-grpo/valid/receive/0004_000366_生气.wav
/root/autodl-tmp/CosyVoice_dev/examples/libritts/cosyvoice2/data/esd-emo-grpo/valid/samp_4/0004_000367_生气.wav	/root/autodl-tmp/CosyVoice_dev/examples/libritts/cosyvoice2/data/esd-emo-grpo/valid/receive/0004_000367_生气.wav
/root/autodl-tmp/CosyVoice_dev/examples/libritts/cosyvoice2/data/esd-emo-grpo/valid/samp_4/0004_000368_生气.wav	/root/autodl-tmp/CosyVoice_dev/examples/libritts/cosyvoice2/data/esd-emo-grpo/valid/receive/0004_000368_生气.wav
/root/autodl-tmp/CosyVoice_dev/examples/libritts/cosyvoice2/data/esd-emo-grpo/valid/samp_4/0004_000369_生气.wav	/root/autodl-tmp/CosyVoice_dev/examples/libritts/cosyvoice2/data/esd-emo-grpo/valid/receive/0004_000369_生气.wav
/root/autodl-tmp/CosyVoice_dev/examples/libritts/cosyvoice2/data/esd-emo-grpo/valid/samp_4/0004_000370_生气.wav	/root/autodl-tmp/CosyVoice_dev/examples/libritts/cosyvoice2/data/esd-emo-grpo/valid/receive/0004_000370_生气.wav
/root/autodl-tmp/CosyVoice_dev/examples/libritts/cosyvoice2/data/esd-emo-grpo/valid/samp_4/0002_000713_快乐.wav	/root/autodl-tmp/CosyVoice_dev/examples/libritts/cosyvoice2/data/esd-emo-grpo/valid/receive/0002_000713_快乐.wav
/root/autodl-tmp/CosyVoice_dev/examples/libritts/cosyvoice2/data/esd-emo-grpo/valid/samp_4/0002_000714_快乐.wav	/root/autodl-tmp/CosyVoice_dev/examples/libritts/cosyvoice2/data/esd-emo-grpo/valid/receive/0002_000714_快乐.wav
/root/autodl-tmp/CosyVoice_dev/examples/libritts/cosyvoice2/data/esd-emo-grpo/valid/samp_4/0002_000715_快乐.wav	/root/autodl-tmp/CosyVoice_dev/examples/libritts/cosyvoice2/data/esd-emo-grpo/valid/receive/0002_000715_快乐.wav
/root/autodl-tmp/CosyVoice_dev/examples/libritts/cosyvoice2/data/esd-emo-grpo/valid/samp_4/0002_000716_快乐.wav	/root/autodl-tmp/CosyVoice_dev/examples/libritts/cosyvoice2/data/esd-emo-grpo/valid/receive/0002_000716_快乐.wav
/root/autodl-tmp/CosyVoice_dev/examples/libritts/cosyvoice2/data/esd-emo-grpo/valid/samp_4/0002_000717_快乐.wav	/root/autodl-tmp/CosyVoice_dev/examples/libritts/cosyvoice2/data/esd-emo-grpo/valid/receive/0002_000717_快乐.wav
/root/autodl-tmp/CosyVoice_dev/examples/libritts/cosyvoice2/data/esd-emo-grpo/valid/samp_4/0002_000718_快乐.wav	/root/autodl-tmp/CosyVoice_dev/examples/libritts/cosyvoice2/data/esd-emo-grpo/valid/receive/0002_000718_快乐.wav
/root/autodl-tmp/CosyVoice_dev/examples/libritts/cosyvoice2/data/esd-emo-grpo/valid/samp_4/0002_000719_快乐.wav	/root/autodl-tmp/CosyVoice_dev/examples/libritts/cosyvoice2/data/esd-emo-grpo/valid/receive/0002_000719_快乐.wav
/root/autodl-tmp/CosyVoice_dev/examples/libritts/cosyvoice2/data/esd-emo-grpo/valid/samp_4/0002_000720_快乐.wav	/root/autodl-tmp/CosyVoice_dev/examples/libritts/cosyvoice2/data/esd-emo-grpo/valid/receive/0002_000720_快乐.wav
/root/autodl-tmp/CosyVoice_dev/examples/libritts/cosyvoice2/data/esd-emo-grpo/valid/samp_4/0002_001051_伤心.wav	/root/autodl-tmp/CosyVoice_dev/examples/libritts/cosyvoice2/data/esd-emo-grpo/valid/receive/0002_001051_伤心.wav
/root/autodl-tmp/CosyVoice_dev/examples/libritts/cosyvoice2/data/esd-emo-grpo/valid/samp_4/0002_001052_伤心.wav	/root/autodl-tmp/CosyVoice_dev/examples/libritts/cosyvoice2/data/esd-emo-grpo/valid/receive/0002_001052_伤心.wav
/root/autodl-tmp/CosyVoice_dev/examples/libritts/cosyvoice2/data/esd-emo-grpo/valid/samp_4/0002_001053_伤心.wav	/root/autodl-tmp/CosyVoice_dev/examples/libritts/cosyvoice2/data/esd-emo-grpo/valid/receive/0002_001053_伤心.wav
/root/autodl-tmp/CosyVoice_dev/examples/libritts/cosyvoice2/data/esd-emo-grpo/valid/samp_4/0002_001054_伤心.wav	/root/autodl-tmp/CosyVoice_dev/examples/libritts/cosyvoice2/data/esd-emo-grpo/valid/receive/0002_001054_伤心.wav
/root/autodl-tmp/CosyVoice_dev/examples/libritts/cosyvoice2/data/esd-emo-grpo/valid/samp_4/0002_001055_伤心.wav	/root/autodl-tmp/CosyVoice_dev/examples/libritts/cosyvoice2/data/esd-emo-grpo/valid/receive/0002_001055_伤心.wav
/root/autodl-tmp/CosyVoice_dev/examples/libritts/cosyvoice2/data/esd-emo-grpo/valid/samp_4/0002_001056_伤心.wav	/root/autodl-tmp/CosyVoice_dev/examples/libritts/cosyvoice2/data/esd-emo-grpo/valid/receive/0002_001056_伤心.wav
/root/autodl-tmp/CosyVoice_dev/examples/libritts/cosyvoice2/data/esd-emo-grpo/valid/samp_4/0002_001057_伤心.wav	/root/autodl-tmp/CosyVoice_dev/examples/libritts/cosyvoice2/data/esd-emo-grpo/valid/receive/0002_001057_伤心.wav
/root/autodl-tmp/CosyVoice_dev/examples/libritts/cosyvoice2/data/esd-emo-grpo/valid/samp_4/0002_001058_伤心.wav	/root/autodl-tmp/CosyVoice_dev/examples/libritts/cosyvoice2/data/esd-emo-grpo/valid/receive/0002_001058_伤心.wav
/root/autodl-tmp/CosyVoice_dev/examples/libritts/cosyvoice2/data/esd-emo-grpo/valid/samp_4/0002_001059_伤心.wav	/root/autodl-tmp/CosyVoice_dev/examples/libritts/cosyvoice2/data/esd-emo-grpo/valid/receive/0002_001059_伤心.wav
/root/autodl-tmp/CosyVoice_dev/examples/libritts/cosyvoice2/data/esd-emo-grpo/valid/samp_4/0002_001060_伤心.wav	/root/autodl-tmp/CosyVoice_dev/examples/libritts/cosyvoice2/data/esd-emo-grpo/valid/receive/0002_001060_伤心.wav
/root/autodl-tmp/CosyVoice_dev/examples/libritts/cosyvoice2/data/esd-emo-grpo/valid/samp_4/0002_001061_伤心.wav	/root/autodl-tmp/CosyVoice_dev/examples/libritts/cosyvoice2/data/esd-emo-grpo/valid/receive/0002_001061_伤心.wav
/root/autodl-tmp/CosyVoice_dev/examples/libritts/cosyvoice2/data/esd-emo-grpo/valid/samp_4/0002_001062_伤心.wav	/root/autodl-tmp/CosyVoice_dev/examples/libritts/cosyvoice2/data/esd-emo-grpo/valid/receive/0002_001062_伤心.wav
/root/autodl-tmp/CosyVoice_dev/examples/libritts/cosyvoice2/data/esd-emo-grpo/valid/samp_4/0002_001063_伤心.wav	/root/autodl-tmp/CosyVoice_dev/examples/libritts/cosyvoice2/data/esd-emo-grpo/valid/receive/0002_001063_伤心.wav
/root/autodl-tmp/CosyVoice_dev/examples/libritts/cosyvoice2/data/esd-emo-grpo/valid/samp_4/0002_001064_伤心.wav	/root/autodl-tmp/CosyVoice_dev/examples/libritts/cosyvoice2/data/esd-emo-grpo/valid/receive/0002_001064_伤心.wav
/root/autodl-tmp/CosyVoice_dev/examples/libritts/cosyvoice2/data/esd-emo-grpo/valid/samp_4/0002_001065_伤心.wav	/root/autodl-tmp/CosyVoice_dev/examples/libritts/cosyvoice2/data/esd-emo-grpo/valid/receive/0002_001065_伤心.wav
/root/autodl-tmp/CosyVoice_dev/examples/libritts/cosyvoice2/data/esd-emo-grpo/valid/samp_4/0002_001066_伤心.wav	/root/autodl-tmp/CosyVoice_dev/examples/libritts/cosyvoice2/data/esd-emo-grpo/valid/receive/0002_001066_伤心.wav
/root/autodl-tmp/CosyVoice_dev/examples/libritts/cosyvoice2/data/esd-emo-grpo/valid/samp_4/0002_001067_伤心.wav	/root/autodl-tmp/CosyVoice_dev/examples/libritts/cosyvoice2/data/esd-emo-grpo/valid/receive/0002_001067_伤心.wav
/root/autodl-tmp/CosyVoice_dev/examples/libritts/cosyvoice2/data/esd-emo-grpo/valid/samp_4/0002_001068_伤心.wav	/root/autodl-tmp/CosyVoice_dev/examples/libritts/cosyvoice2/data/esd-emo-grpo/valid/receive/0002_001068_伤心.wav
/root/autodl-tmp/CosyVoice_dev/examples/libritts/cosyvoice2/data/esd-emo-grpo/valid/samp_4/0002_001069_伤心.wav	/root/autodl-tmp/CosyVoice_dev/examples/libritts/cosyvoice2/data/esd-emo-grpo/valid/receive/0002_001069_伤心.wav
/root/autodl-tmp/CosyVoice_dev/examples/libritts/cosyvoice2/data/esd-emo-grpo/valid/samp_4/0002_001070_伤心.wav	/root/autodl-tmp/CosyVoice_dev/examples/libritts/cosyvoice2/data/esd-emo-grpo/valid/receive/0002_001070_伤心.wav
/root/autodl-tmp/CosyVoice_dev/examples/libritts/cosyvoice2/data/esd-emo-grpo/valid/samp_4/0002_001401_惊喜.wav	/root/autodl-tmp/CosyVoice_dev/examples/libritts/cosyvoice2/data/esd-emo-grpo/valid/receive/0002_001401_惊喜.wav
/root/autodl-tmp/CosyVoice_dev/examples/libritts/cosyvoice2/data/esd-emo-grpo/valid/samp_4/0002_001402_惊喜.wav	/root/autodl-tmp/CosyVoice_dev/examples/libritts/cosyvoice2/data/esd-emo-grpo/valid/receive/0002_001402_惊喜.wav
/root/autodl-tmp/CosyVoice_dev/examples/libritts/cosyvoice2/data/esd-emo-grpo/valid/samp_4/0002_001403_惊喜.wav	/root/autodl-tmp/CosyVoice_dev/examples/libritts/cosyvoice2/data/esd-emo-grpo/valid/receive/0002_001403_惊喜.wav
/root/autodl-tmp/CosyVoice_dev/examples/libritts/cosyvoice2/data/esd-emo-grpo/valid/samp_4/0002_001404_惊喜.wav	/root/autodl-tmp/CosyVoice_dev/examples/libritts/cosyvoice2/data/esd-emo-grpo/valid/receive/0002_001404_惊喜.wav
/root/autodl-tmp/CosyVoice_dev/examples/libritts/cosyvoice2/data/esd-emo-grpo/valid/samp_4/0002_001405_惊喜.wav	/root/autodl-tmp/CosyVoice_dev/examples/libritts/cosyvoice2/data/esd-emo-grpo/valid/receive/0002_001405_惊喜.wav
/root/autodl-tmp/CosyVoice_dev/examples/libritts/cosyvoice2/data/esd-emo-grpo/valid/samp_4/0002_001406_惊喜.wav	/root/autodl-tmp/CosyVoice_dev/examples/libritts/cosyvoice2/data/esd-emo-grpo/valid/receive/0002_001406_惊喜.wav
/root/autodl-tmp/CosyVoice_dev/examples/libritts/cosyvoice2/data/esd-emo-grpo/valid/samp_4/0002_001407_惊喜.wav	/root/autodl-tmp/CosyVoice_dev/examples/libritts/cosyvoice2/data/esd-emo-grpo/valid/receive/0002_001407_惊喜.wav
/root/autodl-tmp/CosyVoice_dev/examples/libritts/cosyvoice2/data/esd-emo-grpo/valid/samp_4/0002_001408_惊喜.wav	/root/autodl-tmp/CosyVoice_dev/examples/libritts/cosyvoice2/data/esd-emo-grpo/valid/receive/0002_001408_惊喜.wav
/root/autodl-tmp/CosyVoice_dev/examples/libritts/cosyvoice2/data/esd-emo-grpo/valid/samp_4/0002_001409_惊喜.wav	/root/autodl-tmp/CosyVoice_dev/examples/libritts/cosyvoice2/data/esd-emo-grpo/valid/receive/0002_001409_惊喜.wav
/root/autodl-tmp/CosyVoice_dev/examples/libritts/cosyvoice2/data/esd-emo-grpo/valid/samp_4/0002_001410_惊喜.wav	/root/autodl-tmp/CosyVoice_dev/examples/libritts/cosyvoice2/data/esd-emo-grpo/valid/receive/0002_001410_惊喜.wav
/root/autodl-tmp/CosyVoice_dev/examples/libritts/cosyvoice2/data/esd-emo-grpo/valid/samp_4/0002_001411_惊喜.wav	/root/autodl-tmp/CosyVoice_dev/examples/libritts/cosyvoice2/data/esd-emo-grpo/valid/receive/0002_001411_惊喜.wav
/root/autodl-tmp/CosyVoice_dev/examples/libritts/cosyvoice2/data/esd-emo-grpo/valid/samp_4/0002_001412_惊喜.wav	/root/autodl-tmp/CosyVoice_dev/examples/libritts/cosyvoice2/data/esd-emo-grpo/valid/receive/0002_001412_惊喜.wav
/root/autodl-tmp/CosyVoice_dev/examples/libritts/cosyvoice2/data/esd-emo-grpo/valid/samp_4/0002_001413_惊喜.wav	/root/autodl-tmp/CosyVoice_dev/examples/libritts/cosyvoice2/data/esd-emo-grpo/valid/receive/0002_001413_惊喜.wav
/root/autodl-tmp/CosyVoice_dev/examples/libritts/cosyvoice2/data/esd-emo-grpo/valid/samp_4/0002_001414_惊喜.wav	/root/autodl-tmp/CosyVoice_dev/examples/libritts/cosyvoice2/data/esd-emo-grpo/valid/receive/0002_001414_惊喜.wav
/root/autodl-tmp/CosyVoice_dev/examples/libritts/cosyvoice2/data/esd-emo-grpo/valid/samp_4/0002_001415_惊喜.wav	/root/autodl-tmp/CosyVoice_dev/examples/libritts/cosyvoice2/data/esd-emo-grpo/valid/receive/0002_001415_惊喜.wav
/root/autodl-tmp/CosyVoice_dev/examples/libritts/cosyvoice2/data/esd-emo-grpo/valid/samp_4/0002_001416_惊喜.wav	/root/autodl-tmp/CosyVoice_dev/examples/libritts/cosyvoice2/data/esd-emo-grpo/valid/receive/0002_001416_惊喜.wav
/root/autodl-tmp/CosyVoice_dev/examples/libritts/cosyvoice2/data/esd-emo-grpo/valid/samp_4/0002_001417_惊喜.wav	/root/autodl-tmp/CosyVoice_dev/examples/libritts/cosyvoice2/data/esd-emo-grpo/valid/receive/0002_001417_惊喜.wav
/root/autodl-tmp/CosyVoice_dev/examples/libritts/cosyvoice2/data/esd-emo-grpo/valid/samp_4/0002_001418_惊喜.wav	/root/autodl-tmp/CosyVoice_dev/examples/libritts/cosyvoice2/data/esd-emo-grpo/valid/receive/0002_001418_惊喜.wav
/root/autodl-tmp/CosyVoice_dev/examples/libritts/cosyvoice2/data/esd-emo-grpo/valid/samp_4/0002_001419_惊喜.wav	/root/autodl-tmp/CosyVoice_dev/examples/libritts/cosyvoice2/data/esd-emo-grpo/valid/receive/0002_001419_惊喜.wav
/root/autodl-tmp/CosyVoice_dev/examples/libritts/cosyvoice2/data/esd-emo-grpo/valid/samp_4/0002_001420_惊喜.wav	/root/autodl-tmp/CosyVoice_dev/examples/libritts/cosyvoice2/data/esd-emo-grpo/valid/receive/0002_001420_惊喜.wav
/root/autodl-tmp/CosyVoice_dev/examples/libritts/cosyvoice2/data/esd-emo-grpo/valid/samp_4/0002_000001_冷静.wav	/root/autodl-tmp/CosyVoice_dev/examples/libritts/cosyvoice2/data/esd-emo-grpo/valid/receive/0002_000001_冷静.wav
/root/autodl-tmp/CosyVoice_dev/examples/libritts/cosyvoice2/data/esd-emo-grpo/valid/samp_4/0002_000002_冷静.wav	/root/autodl-tmp/CosyVoice_dev/examples/libritts/cosyvoice2/data/esd-emo-grpo/valid/receive/0002_000002_冷静.wav
/root/autodl-tmp/CosyVoice_dev/examples/libritts/cosyvoice2/data/esd-emo-grpo/valid/samp_4/0002_000003_冷静.wav	/root/autodl-tmp/CosyVoice_dev/examples/libritts/cosyvoice2/data/esd-emo-grpo/valid/receive/0002_000003_冷静.wav
/root/autodl-tmp/CosyVoice_dev/examples/libritts/cosyvoice2/data/esd-emo-grpo/valid/samp_4/0002_000004_冷静.wav	/root/autodl-tmp/CosyVoice_dev/examples/libritts/cosyvoice2/data/esd-emo-grpo/valid/receive/0002_000004_冷静.wav
/root/autodl-tmp/CosyVoice_dev/examples/libritts/cosyvoice2/data/esd-emo-grpo/valid/samp_4/0002_000005_冷静.wav	/root/autodl-tmp/CosyVoice_dev/examples/libritts/cosyvoice2/data/esd-emo-grpo/valid/receive/0002_000005_冷静.wav
/root/autodl-tmp/CosyVoice_dev/examples/libritts/cosyvoice2/data/esd-emo-grpo/valid/samp_4/0002_000006_冷静.wav	/root/autodl-tmp/CosyVoice_dev/examples/libritts/cosyvoice2/data/esd-emo-grpo/valid/receive/0002_000006_冷静.wav
/root/autodl-tmp/CosyVoice_dev/examples/libritts/cosyvoice2/data/esd-emo-grpo/valid/samp_4/0002_000007_冷静.wav	/root/autodl-tmp/CosyVoice_dev/examples/libritts/cosyvoice2/data/esd-emo-grpo/valid/receive/0002_000007_冷静.wav
/root/autodl-tmp/CosyVoice_dev/examples/libritts/cosyvoice2/data/esd-emo-grpo/valid/samp_4/0002_000008_冷静.wav	/root/autodl-tmp/CosyVoice_dev/examples/libritts/cosyvoice2/data/esd-emo-grpo/valid/receive/0002_000008_冷静.wav
/root/autodl-tmp/CosyVoice_dev/examples/libritts/cosyvoice2/data/esd-emo-grpo/valid/samp_4/0002_000009_冷静.wav	/root/autodl-tmp/CosyVoice_dev/examples/libritts/cosyvoice2/data/esd-emo-grpo/valid/receive/0002_000009_冷静.wav
/root/autodl-tmp/CosyVoice_dev/examples/libritts/cosyvoice2/data/esd-emo-grpo/valid/samp_4/0002_000010_冷静.wav	/root/autodl-tmp/CosyVoice_dev/examples/libritts/cosyvoice2/data/esd-emo-grpo/valid/receive/0002_000010_冷静.wav
/root/autodl-tmp/CosyVoice_dev/examples/libritts/cosyvoice2/data/esd-emo-grpo/valid/samp_4/0002_000011_冷静.wav	/root/autodl-tmp/CosyVoice_dev/examples/libritts/cosyvoice2/data/esd-emo-grpo/valid/receive/0002_000011_冷静.wav
/root/autodl-tmp/CosyVoice_dev/examples/libritts/cosyvoice2/data/esd-emo-grpo/valid/samp_4/0002_000012_冷静.wav	/root/autodl-tmp/CosyVoice_dev/examples/libritts/cosyvoice2/data/esd-emo-grpo/valid/receive/0002_000012_冷静.wav
/root/autodl-tmp/CosyVoice_dev/examples/libritts/cosyvoice2/data/esd-emo-grpo/valid/samp_4/0002_000013_冷静.wav	/root/autodl-tmp/CosyVoice_dev/examples/libritts/cosyvoice2/data/esd-emo-grpo/valid/receive/0002_000013_冷静.wav
/root/autodl-tmp/CosyVoice_dev/examples/libritts/cosyvoice2/data/esd-emo-grpo/valid/samp_4/0002_000014_冷静.wav	/root/autodl-tmp/CosyVoice_dev/examples/libritts/cosyvoice2/data/esd-emo-grpo/valid/receive/0002_000014_冷静.wav
/root/autodl-tmp/CosyVoice_dev/examples/libritts/cosyvoice2/data/esd-emo-grpo/valid/samp_4/0002_000015_冷静.wav	/root/autodl-tmp/CosyVoice_dev/examples/libritts/cosyvoice2/data/esd-emo-grpo/valid/receive/0002_000015_冷静.wav
/root/autodl-tmp/CosyVoice_dev/examples/libritts/cosyvoice2/data/esd-emo-grpo/valid/samp_4/0002_000016_冷静.wav	/root/autodl-tmp/CosyVoice_dev/examples/libritts/cosyvoice2/data/esd-emo-grpo/valid/receive/0002_000016_冷静.wav
/root/autodl-tmp/CosyVoice_dev/examples/libritts/cosyvoice2/data/esd-emo-grpo/valid/samp_4/0003_001401_惊喜.wav	/root/autodl-tmp/CosyVoice_dev/examples/libritts/cosyvoice2/data/esd-emo-grpo/valid/receive/0003_001401_惊喜.wav
/root/autodl-tmp/CosyVoice_dev/examples/libritts/cosyvoice2/data/esd-emo-grpo/valid/samp_4/0003_001402_惊喜.wav	/root/autodl-tmp/CosyVoice_dev/examples/libritts/cosyvoice2/data/esd-emo-grpo/valid/receive/0003_001402_惊喜.wav
/root/autodl-tmp/CosyVoice_dev/examples/libritts/cosyvoice2/data/esd-emo-grpo/valid/samp_4/0003_001403_惊喜.wav	/root/autodl-tmp/CosyVoice_dev/examples/libritts/cosyvoice2/data/esd-emo-grpo/valid/receive/0003_001403_惊喜.wav
/root/autodl-tmp/CosyVoice_dev/examples/libritts/cosyvoice2/data/esd-emo-grpo/valid/samp_4/0003_001404_惊喜.wav	/root/autodl-tmp/CosyVoice_dev/examples/libritts/cosyvoice2/data/esd-emo-grpo/valid/receive/0003_001404_惊喜.wav
/root/autodl-tmp/CosyVoice_dev/examples/libritts/cosyvoice2/data/esd-emo-grpo/valid/samp_4/0003_001405_惊喜.wav	/root/autodl-tmp/CosyVoice_dev/examples/libritts/cosyvoice2/data/esd-emo-grpo/valid/receive/0003_001405_惊喜.wav
/root/autodl-tmp/CosyVoice_dev/examples/libritts/cosyvoice2/data/esd-emo-grpo/valid/samp_4/0003_001406_惊喜.wav	/root/autodl-tmp/CosyVoice_dev/examples/libritts/cosyvoice2/data/esd-emo-grpo/valid/receive/0003_001406_惊喜.wav
/root/autodl-tmp/CosyVoice_dev/examples/libritts/cosyvoice2/data/esd-emo-grpo/valid/samp_4/0003_001407_惊喜.wav	/root/autodl-tmp/CosyVoice_dev/examples/libritts/cosyvoice2/data/esd-emo-grpo/valid/receive/0003_001407_惊喜.wav
/root/autodl-tmp/CosyVoice_dev/examples/libritts/cosyvoice2/data/esd-emo-grpo/valid/samp_4/0003_001408_惊喜.wav	/root/autodl-tmp/CosyVoice_dev/examples/libritts/cosyvoice2/data/esd-emo-grpo/valid/receive/0003_001408_惊喜.wav
/root/autodl-tmp/CosyVoice_dev/examples/libritts/cosyvoice2/data/esd-emo-grpo/valid/samp_4/0003_001409_惊喜.wav	/root/autodl-tmp/CosyVoice_dev/examples/libritts/cosyvoice2/data/esd-emo-grpo/valid/receive/0003_001409_惊喜.wav
/root/autodl-tmp/CosyVoice_dev/examples/libritts/cosyvoice2/data/esd-emo-grpo/valid/samp_4/0003_001410_惊喜.wav	/root/autodl-tmp/CosyVoice_dev/examples/libritts/cosyvoice2/data/esd-emo-grpo/valid/receive/0003_001410_惊喜.wav
/root/autodl-tmp/CosyVoice_dev/examples/libritts/cosyvoice2/data/esd-emo-grpo/valid/samp_4/0003_001411_惊喜.wav	/root/autodl-tmp/CosyVoice_dev/examples/libritts/cosyvoice2/data/esd-emo-grpo/valid/receive/0003_001411_惊喜.wav
/root/autodl-tmp/CosyVoice_dev/examples/libritts/cosyvoice2/data/esd-emo-grpo/valid/samp_4/0003_001412_惊喜.wav	/root/autodl-tmp/CosyVoice_dev/examples/libritts/cosyvoice2/data/esd-emo-grpo/valid/receive/0003_001412_惊喜.wav
/root/autodl-tmp/CosyVoice_dev/examples/libritts/cosyvoice2/data/esd-emo-grpo/valid/samp_4/0003_001413_惊喜.wav	/root/autodl-tmp/CosyVoice_dev/examples/libritts/cosyvoice2/data/esd-emo-grpo/valid/receive/0003_001413_惊喜.wav
/root/autodl-tmp/CosyVoice_dev/examples/libritts/cosyvoice2/data/esd-emo-grpo/valid/samp_4/0003_001414_惊喜.wav	/root/autodl-tmp/CosyVoice_dev/examples/libritts/cosyvoice2/data/esd-emo-grpo/valid/receive/0003_001414_惊喜.wav
/root/autodl-tmp/CosyVoice_dev/examples/libritts/cosyvoice2/data/esd-emo-grpo/valid/samp_4/0003_001415_惊喜.wav	/root/autodl-tmp/CosyVoice_dev/examples/libritts/cosyvoice2/data/esd-emo-grpo/valid/receive/0003_001415_惊喜.wav
/root/autodl-tmp/CosyVoice_dev/examples/libritts/cosyvoice2/data/esd-emo-grpo/valid/samp_4/0003_001416_惊喜.wav	/root/autodl-tmp/CosyVoice_dev/examples/libritts/cosyvoice2/data/esd-emo-grpo/valid/receive/0003_001416_惊喜.wav
/root/autodl-tmp/CosyVoice_dev/examples/libritts/cosyvoice2/data/esd-emo-grpo/valid/samp_4/0003_001417_惊喜.wav	/root/autodl-tmp/CosyVoice_dev/examples/libritts/cosyvoice2/data/esd-emo-grpo/valid/receive/0003_001417_惊喜.wav
/root/autodl-tmp/CosyVoice_dev/examples/libritts/cosyvoice2/data/esd-emo-grpo/valid/samp_4/0003_001418_惊喜.wav	/root/autodl-tmp/CosyVoice_dev/examples/libritts/cosyvoice2/data/esd-emo-grpo/valid/receive/0003_001418_惊喜.wav
/root/autodl-tmp/CosyVoice_dev/examples/libritts/cosyvoice2/data/esd-emo-grpo/valid/samp_4/0003_001419_惊喜.wav	/root/autodl-tmp/CosyVoice_dev/examples/libritts/cosyvoice2/data/esd-emo-grpo/valid/receive/0003_001419_惊喜.wav
/root/autodl-tmp/CosyVoice_dev/examples/libritts/cosyvoice2/data/esd-emo-grpo/valid/samp_4/0003_001420_惊喜.wav	/root/autodl-tmp/CosyVoice_dev/examples/libritts/cosyvoice2/data/esd-emo-grpo/valid/receive/0003_001420_惊喜.wav
/root/autodl-tmp/CosyVoice_dev/examples/libritts/cosyvoice2/data/esd-emo-grpo/valid/samp_4/0003_000001_冷静.wav	/root/autodl-tmp/CosyVoice_dev/examples/libritts/cosyvoice2/data/esd-emo-grpo/valid/receive/0003_000001_冷静.wav
/root/autodl-tmp/CosyVoice_dev/examples/libritts/cosyvoice2/data/esd-emo-grpo/valid/samp_4/0003_000002_冷静.wav	/root/autodl-tmp/CosyVoice_dev/examples/libritts/cosyvoice2/data/esd-emo-grpo/valid/receive/0003_000002_冷静.wav
/root/autodl-tmp/CosyVoice_dev/examples/libritts/cosyvoice2/data/esd-emo-grpo/valid/samp_4/0003_000003_冷静.wav	/root/autodl-tmp/CosyVoice_dev/examples/libritts/cosyvoice2/data/esd-emo-grpo/valid/receive/0003_000003_冷静.wav
/root/autodl-tmp/CosyVoice_dev/examples/libritts/cosyvoice2/data/esd-emo-grpo/valid/samp_4/0003_000004_冷静.wav	/root/autodl-tmp/CosyVoice_dev/examples/libritts/cosyvoice2/data/esd-emo-grpo/valid/receive/0003_000004_冷静.wav
/root/autodl-tmp/CosyVoice_dev/examples/libritts/cosyvoice2/data/esd-emo-grpo/valid/samp_4/0003_000005_冷静.wav	/root/autodl-tmp/CosyVoice_dev/examples/libritts/cosyvoice2/data/esd-emo-grpo/valid/receive/0003_000005_冷静.wav
/root/autodl-tmp/CosyVoice_dev/examples/libritts/cosyvoice2/data/esd-emo-grpo/valid/samp_4/0003_000006_冷静.wav	/root/autodl-tmp/CosyVoice_dev/examples/libritts/cosyvoice2/data/esd-emo-grpo/valid/receive/0003_000006_冷静.wav
/root/autodl-tmp/CosyVoice_dev/examples/libritts/cosyvoice2/data/esd-emo-grpo/valid/samp_4/0003_000007_冷静.wav	/root/autodl-tmp/CosyVoice_dev/examples/libritts/cosyvoice2/data/esd-emo-grpo/valid/receive/0003_000007_冷静.wav
/root/autodl-tmp/CosyVoice_dev/examples/libritts/cosyvoice2/data/esd-emo-grpo/valid/samp_4/0003_000008_冷静.wav	/root/autodl-tmp/CosyVoice_dev/examples/libritts/cosyvoice2/data/esd-emo-grpo/valid/receive/0003_000008_冷静.wav
/root/autodl-tmp/CosyVoice_dev/examples/libritts/cosyvoice2/data/esd-emo-grpo/valid/samp_4/0003_000009_冷静.wav	/root/autodl-tmp/CosyVoice_dev/examples/libritts/cosyvoice2/data/esd-emo-grpo/valid/receive/0003_000009_冷静.wav
/root/autodl-tmp/CosyVoice_dev/examples/libritts/cosyvoice2/data/esd-emo-grpo/valid/samp_4/0003_000010_冷静.wav	/root/autodl-tmp/CosyVoice_dev/examples/libritts/cosyvoice2/data/esd-emo-grpo/valid/receive/0003_000010_冷静.wav
/root/autodl-tmp/CosyVoice_dev/examples/libritts/cosyvoice2/data/esd-emo-grpo/valid/samp_4/0003_000011_冷静.wav	/root/autodl-tmp/CosyVoice_dev/examples/libritts/cosyvoice2/data/esd-emo-grpo/valid/receive/0003_000011_冷静.wav
/root/autodl-tmp/CosyVoice_dev/examples/libritts/cosyvoice2/data/esd-emo-grpo/valid/samp_4/0003_000012_冷静.wav	/root/autodl-tmp/CosyVoice_dev/examples/libritts/cosyvoice2/data/esd-emo-grpo/valid/receive/0003_000012_冷静.wav
/root/autodl-tmp/CosyVoice_dev/examples/libritts/cosyvoice2/data/esd-emo-grpo/valid/samp_4/0005_000005_冷静.wav	/root/autodl-tmp/CosyVoice_dev/examples/libritts/cosyvoice2/data/esd-emo-grpo/valid/receive/0005_000005_冷静.wav
/root/autodl-tmp/CosyVoice_dev/examples/libritts/cosyvoice2/data/esd-emo-grpo/valid/samp_4/0005_000006_冷静.wav	/root/autodl-tmp/CosyVoice_dev/examples/libritts/cosyvoice2/data/esd-emo-grpo/valid/receive/0005_000006_冷静.wav
/root/autodl-tmp/CosyVoice_dev/examples/libritts/cosyvoice2/data/esd-emo-grpo/valid/samp_4/0005_000007_冷静.wav	/root/autodl-tmp/CosyVoice_dev/examples/libritts/cosyvoice2/data/esd-emo-grpo/valid/receive/0005_000007_冷静.wav
/root/autodl-tmp/CosyVoice_dev/examples/libritts/cosyvoice2/data/esd-emo-grpo/valid/samp_4/0005_000008_冷静.wav	/root/autodl-tmp/CosyVoice_dev/examples/libritts/cosyvoice2/data/esd-emo-grpo/valid/receive/0005_000008_冷静.wav
/root/autodl-tmp/CosyVoice_dev/examples/libritts/cosyvoice2/data/esd-emo-grpo/valid/samp_4/0005_000009_冷静.wav	/root/autodl-tmp/CosyVoice_dev/examples/libritts/cosyvoice2/data/esd-emo-grpo/valid/receive/0005_000009_冷静.wav
/root/autodl-tmp/CosyVoice_dev/examples/libritts/cosyvoice2/data/esd-emo-grpo/valid/samp_4/0005_000010_冷静.wav	/root/autodl-tmp/CosyVoice_dev/examples/libritts/cosyvoice2/data/esd-emo-grpo/valid/receive/0005_000010_冷静.wav
/root/autodl-tmp/CosyVoice_dev/examples/libritts/cosyvoice2/data/esd-emo-grpo/valid/samp_4/0005_000011_冷静.wav	/root/autodl-tmp/CosyVoice_dev/examples/libritts/cosyvoice2/data/esd-emo-grpo/valid/receive/0005_000011_冷静.wav
/root/autodl-tmp/CosyVoice_dev/examples/libritts/cosyvoice2/data/esd-emo-grpo/valid/samp_4/0005_000012_冷静.wav	/root/autodl-tmp/CosyVoice_dev/examples/libritts/cosyvoice2/data/esd-emo-grpo/valid/receive/0005_000012_冷静.wav
/root/autodl-tmp/CosyVoice_dev/examples/libritts/cosyvoice2/data/esd-emo-grpo/valid/samp_4/0005_000013_冷静.wav	/root/autodl-tmp/CosyVoice_dev/examples/libritts/cosyvoice2/data/esd-emo-grpo/valid/receive/0005_000013_冷静.wav
/root/autodl-tmp/CosyVoice_dev/examples/libritts/cosyvoice2/data/esd-emo-grpo/valid/samp_4/0005_000014_冷静.wav	/root/autodl-tmp/CosyVoice_dev/examples/libritts/cosyvoice2/data/esd-emo-grpo/valid/receive/0005_000014_冷静.wav
/root/autodl-tmp/CosyVoice_dev/examples/libritts/cosyvoice2/data/esd-emo-grpo/valid/samp_4/0005_000015_冷静.wav	/root/autodl-tmp/CosyVoice_dev/examples/libritts/cosyvoice2/data/esd-emo-grpo/valid/receive/0005_000015_冷静.wav
/root/autodl-tmp/CosyVoice_dev/examples/libritts/cosyvoice2/data/esd-emo-grpo/valid/samp_4/0005_000016_冷静.wav	/root/autodl-tmp/CosyVoice_dev/examples/libritts/cosyvoice2/data/esd-emo-grpo/valid/receive/0005_000016_冷静.wav
/root/autodl-tmp/CosyVoice_dev/examples/libritts/cosyvoice2/data/esd-emo-grpo/valid/samp_4/0005_000017_冷静.wav	/root/autodl-tmp/CosyVoice_dev/examples/libritts/cosyvoice2/data/esd-emo-grpo/valid/receive/0005_000017_冷静.wav
/root/autodl-tmp/CosyVoice_dev/examples/libritts/cosyvoice2/data/esd-emo-grpo/valid/samp_4/0005_000018_冷静.wav	/root/autodl-tmp/CosyVoice_dev/examples/libritts/cosyvoice2/data/esd-emo-grpo/valid/receive/0005_000018_冷静.wav
/root/autodl-tmp/CosyVoice_dev/examples/libritts/cosyvoice2/data/esd-emo-grpo/valid/samp_4/0005_000019_冷静.wav	/root/autodl-tmp/CosyVoice_dev/examples/libritts/cosyvoice2/data/esd-emo-grpo/valid/receive/0005_000019_冷静.wav
/root/autodl-tmp/CosyVoice_dev/examples/libritts/cosyvoice2/data/esd-emo-grpo/valid/samp_4/0005_000020_冷静.wav	/root/autodl-tmp/CosyVoice_dev/examples/libritts/cosyvoice2/data/esd-emo-grpo/valid/receive/0005_000020_冷静.wav
/root/autodl-tmp/CosyVoice_dev/examples/libritts/cosyvoice2/data/esd-emo-grpo/valid/samp_4/0005_000351_生气.wav	/root/autodl-tmp/CosyVoice_dev/examples/libritts/cosyvoice2/data/esd-emo-grpo/valid/receive/0005_000351_生气.wav
/root/autodl-tmp/CosyVoice_dev/examples/libritts/cosyvoice2/data/esd-emo-grpo/valid/samp_4/0005_000352_生气.wav	/root/autodl-tmp/CosyVoice_dev/examples/libritts/cosyvoice2/data/esd-emo-grpo/valid/receive/0005_000352_生气.wav
/root/autodl-tmp/CosyVoice_dev/examples/libritts/cosyvoice2/data/esd-emo-grpo/valid/samp_4/0005_000353_生气.wav	/root/autodl-tmp/CosyVoice_dev/examples/libritts/cosyvoice2/data/esd-emo-grpo/valid/receive/0005_000353_生气.wav
/root/autodl-tmp/CosyVoice_dev/examples/libritts/cosyvoice2/data/esd-emo-grpo/valid/samp_4/0005_000354_生气.wav	/root/autodl-tmp/CosyVoice_dev/examples/libritts/cosyvoice2/data/esd-emo-grpo/valid/receive/0005_000354_生气.wav
/root/autodl-tmp/CosyVoice_dev/examples/libritts/cosyvoice2/data/esd-emo-grpo/valid/samp_4/0005_000355_生气.wav	/root/autodl-tmp/CosyVoice_dev/examples/libritts/cosyvoice2/data/esd-emo-grpo/valid/receive/0005_000355_生气.wav
/root/autodl-tmp/CosyVoice_dev/examples/libritts/cosyvoice2/data/esd-emo-grpo/valid/samp_4/0005_000356_生气.wav	/root/autodl-tmp/CosyVoice_dev/examples/libritts/cosyvoice2/data/esd-emo-grpo/valid/receive/0005_000356_生气.wav
/root/autodl-tmp/CosyVoice_dev/examples/libritts/cosyvoice2/data/esd-emo-grpo/valid/samp_4/0005_000357_生气.wav	/root/autodl-tmp/CosyVoice_dev/examples/libritts/cosyvoice2/data/esd-emo-grpo/valid/receive/0005_000357_生气.wav
/root/autodl-tmp/CosyVoice_dev/examples/libritts/cosyvoice2/data/esd-emo-grpo/valid/samp_4/0005_000358_生气.wav	/root/autodl-tmp/CosyVoice_dev/examples/libritts/cosyvoice2/data/esd-emo-grpo/valid/receive/0005_000358_生气.wav
/root/autodl-tmp/CosyVoice_dev/examples/libritts/cosyvoice2/data/esd-emo-grpo/valid/samp_4/0005_000359_生气.wav	/root/autodl-tmp/CosyVoice_dev/examples/libritts/cosyvoice2/data/esd-emo-grpo/valid/receive/0005_000359_生气.wav
/root/autodl-tmp/CosyVoice_dev/examples/libritts/cosyvoice2/data/esd-emo-grpo/valid/samp_4/0005_000360_生气.wav	/root/autodl-tmp/CosyVoice_dev/examples/libritts/cosyvoice2/data/esd-emo-grpo/valid/receive/0005_000360_生气.wav
/root/autodl-tmp/CosyVoice_dev/examples/libritts/cosyvoice2/data/esd-emo-grpo/valid/samp_4/0005_000361_生气.wav	/root/autodl-tmp/CosyVoice_dev/examples/libritts/cosyvoice2/data/esd-emo-grpo/valid/receive/0005_000361_生气.wav
/root/autodl-tmp/CosyVoice_dev/examples/libritts/cosyvoice2/data/esd-emo-grpo/valid/samp_4/0005_000362_生气.wav	/root/autodl-tmp/CosyVoice_dev/examples/libritts/cosyvoice2/data/esd-emo-grpo/valid/receive/0005_000362_生气.wav
/root/autodl-tmp/CosyVoice_dev/examples/libritts/cosyvoice2/data/esd-emo-grpo/valid/samp_4/0005_000363_生气.wav	/root/autodl-tmp/CosyVoice_dev/examples/libritts/cosyvoice2/data/esd-emo-grpo/valid/receive/0005_000363_生气.wav
/root/autodl-tmp/CosyVoice_dev/examples/libritts/cosyvoice2/data/esd-emo-grpo/valid/samp_4/0005_000364_生气.wav	/root/autodl-tmp/CosyVoice_dev/examples/libritts/cosyvoice2/data/esd-emo-grpo/valid/receive/0005_000364_生气.wav
/root/autodl-tmp/CosyVoice_dev/examples/libritts/cosyvoice2/data/esd-emo-grpo/valid/samp_4/0005_000365_生气.wav	/root/autodl-tmp/CosyVoice_dev/examples/libritts/cosyvoice2/data/esd-emo-grpo/valid/receive/0005_000365_生气.wav
/root/autodl-tmp/CosyVoice_dev/examples/libritts/cosyvoice2/data/esd-emo-grpo/valid/samp_4/0005_000366_生气.wav	/root/autodl-tmp/CosyVoice_dev/examples/libritts/cosyvoice2/data/esd-emo-grpo/valid/receive/0005_000366_生气.wav
/root/autodl-tmp/CosyVoice_dev/examples/libritts/cosyvoice2/data/esd-emo-grpo/valid/samp_4/0005_000367_生气.wav	/root/autodl-tmp/CosyVoice_dev/examples/libritts/cosyvoice2/data/esd-emo-grpo/valid/receive/0005_000367_生气.wav
/root/autodl-tmp/CosyVoice_dev/examples/libritts/cosyvoice2/data/esd-emo-grpo/valid/samp_4/0005_000368_生气.wav	/root/autodl-tmp/CosyVoice_dev/examples/libritts/cosyvoice2/data/esd-emo-grpo/valid/receive/0005_000368_生气.wav
/root/autodl-tmp/CosyVoice_dev/examples/libritts/cosyvoice2/data/esd-emo-grpo/valid/samp_4/0005_000369_生气.wav	/root/autodl-tmp/CosyVoice_dev/examples/libritts/cosyvoice2/data/esd-emo-grpo/valid/receive/0005_000369_生气.wav
/root/autodl-tmp/CosyVoice_dev/examples/libritts/cosyvoice2/data/esd-emo-grpo/valid/samp_4/0005_000370_生气.wav	/root/autodl-tmp/CosyVoice_dev/examples/libritts/cosyvoice2/data/esd-emo-grpo/valid/receive/0005_000370_生气.wav
/root/autodl-tmp/CosyVoice_dev/examples/libritts/cosyvoice2/data/esd-emo-grpo/valid/samp_4/0006_000701_快乐.wav	/root/autodl-tmp/CosyVoice_dev/examples/libritts/cosyvoice2/data/esd-emo-grpo/valid/receive/0006_000701_快乐.wav
/root/autodl-tmp/CosyVoice_dev/examples/libritts/cosyvoice2/data/esd-emo-grpo/valid/samp_4/0006_000702_快乐.wav	/root/autodl-tmp/CosyVoice_dev/examples/libritts/cosyvoice2/data/esd-emo-grpo/valid/receive/0006_000702_快乐.wav
/root/autodl-tmp/CosyVoice_dev/examples/libritts/cosyvoice2/data/esd-emo-grpo/valid/samp_4/0006_000703_快乐.wav	/root/autodl-tmp/CosyVoice_dev/examples/libritts/cosyvoice2/data/esd-emo-grpo/valid/receive/0006_000703_快乐.wav
/root/autodl-tmp/CosyVoice_dev/examples/libritts/cosyvoice2/data/esd-emo-grpo/valid/samp_4/0006_000704_快乐.wav	/root/autodl-tmp/CosyVoice_dev/examples/libritts/cosyvoice2/data/esd-emo-grpo/valid/receive/0006_000704_快乐.wav
/root/autodl-tmp/CosyVoice_dev/examples/libritts/cosyvoice2/data/esd-emo-grpo/valid/samp_4/0006_000705_快乐.wav	/root/autodl-tmp/CosyVoice_dev/examples/libritts/cosyvoice2/data/esd-emo-grpo/valid/receive/0006_000705_快乐.wav
/root/autodl-tmp/CosyVoice_dev/examples/libritts/cosyvoice2/data/esd-emo-grpo/valid/samp_4/0006_000706_快乐.wav	/root/autodl-tmp/CosyVoice_dev/examples/libritts/cosyvoice2/data/esd-emo-grpo/valid/receive/0006_000706_快乐.wav
/root/autodl-tmp/CosyVoice_dev/examples/libritts/cosyvoice2/data/esd-emo-grpo/valid/samp_4/0006_000707_快乐.wav	/root/autodl-tmp/CosyVoice_dev/examples/libritts/cosyvoice2/data/esd-emo-grpo/valid/receive/0006_000707_快乐.wav
/root/autodl-tmp/CosyVoice_dev/examples/libritts/cosyvoice2/data/esd-emo-grpo/valid/samp_4/0006_000708_快乐.wav	/root/autodl-tmp/CosyVoice_dev/examples/libritts/cosyvoice2/data/esd-emo-grpo/valid/receive/0006_000708_快乐.wav
/root/autodl-tmp/CosyVoice_dev/examples/libritts/cosyvoice2/data/esd-emo-grpo/valid/samp_4/0006_000709_快乐.wav	/root/autodl-tmp/CosyVoice_dev/examples/libritts/cosyvoice2/data/esd-emo-grpo/valid/receive/0006_000709_快乐.wav
/root/autodl-tmp/CosyVoice_dev/examples/libritts/cosyvoice2/data/esd-emo-grpo/valid/samp_4/0006_000710_快乐.wav	/root/autodl-tmp/CosyVoice_dev/examples/libritts/cosyvoice2/data/esd-emo-grpo/valid/receive/0006_000710_快乐.wav
/root/autodl-tmp/CosyVoice_dev/examples/libritts/cosyvoice2/data/esd-emo-grpo/valid/samp_4/0006_000711_快乐.wav	/root/autodl-tmp/CosyVoice_dev/examples/libritts/cosyvoice2/data/esd-emo-grpo/valid/receive/0006_000711_快乐.wav
/root/autodl-tmp/CosyVoice_dev/examples/libritts/cosyvoice2/data/esd-emo-grpo/valid/samp_4/0006_000712_快乐.wav	/root/autodl-tmp/CosyVoice_dev/examples/libritts/cosyvoice2/data/esd-emo-grpo/valid/receive/0006_000712_快乐.wav
/root/autodl-tmp/CosyVoice_dev/examples/libritts/cosyvoice2/data/esd-emo-grpo/valid/samp_4/0006_000713_快乐.wav	/root/autodl-tmp/CosyVoice_dev/examples/libritts/cosyvoice2/data/esd-emo-grpo/valid/receive/0006_000713_快乐.wav
/root/autodl-tmp/CosyVoice_dev/examples/libritts/cosyvoice2/data/esd-emo-grpo/valid/samp_4/0006_000714_快乐.wav	/root/autodl-tmp/CosyVoice_dev/examples/libritts/cosyvoice2/data/esd-emo-grpo/valid/receive/0006_000714_快乐.wav
/root/autodl-tmp/CosyVoice_dev/examples/libritts/cosyvoice2/data/esd-emo-grpo/valid/samp_4/0006_000715_快乐.wav	/root/autodl-tmp/CosyVoice_dev/examples/libritts/cosyvoice2/data/esd-emo-grpo/valid/receive/0006_000715_快乐.wav
/root/autodl-tmp/CosyVoice_dev/examples/libritts/cosyvoice2/data/esd-emo-grpo/valid/samp_4/0006_000716_快乐.wav	/root/autodl-tmp/CosyVoice_dev/examples/libritts/cosyvoice2/data/esd-emo-grpo/valid/receive/0006_000716_快乐.wav
/root/autodl-tmp/CosyVoice_dev/examples/libritts/cosyvoice2/data/esd-emo-grpo/valid/samp_4/0006_000717_快乐.wav	/root/autodl-tmp/CosyVoice_dev/examples/libritts/cosyvoice2/data/esd-emo-grpo/valid/receive/0006_000717_快乐.wav
/root/autodl-tmp/CosyVoice_dev/examples/libritts/cosyvoice2/data/esd-emo-grpo/valid/samp_4/0006_000718_快乐.wav	/root/autodl-tmp/CosyVoice_dev/examples/libritts/cosyvoice2/data/esd-emo-grpo/valid/receive/0006_000718_快乐.wav
/root/autodl-tmp/CosyVoice_dev/examples/libritts/cosyvoice2/data/esd-emo-grpo/valid/samp_4/0006_000719_快乐.wav	/root/autodl-tmp/CosyVoice_dev/examples/libritts/cosyvoice2/data/esd-emo-grpo/valid/receive/0006_000719_快乐.wav
/root/autodl-tmp/CosyVoice_dev/examples/libritts/cosyvoice2/data/esd-emo-grpo/valid/samp_4/0006_000720_快乐.wav	/root/autodl-tmp/CosyVoice_dev/examples/libritts/cosyvoice2/data/esd-emo-grpo/valid/receive/0006_000720_快乐.wav
/root/autodl-tmp/CosyVoice_dev/examples/libritts/cosyvoice2/data/esd-emo-grpo/valid/samp_4/0006_001051_伤心.wav	/root/autodl-tmp/CosyVoice_dev/examples/libritts/cosyvoice2/data/esd-emo-grpo/valid/receive/0006_001051_伤心.wav
/root/autodl-tmp/CosyVoice_dev/examples/libritts/cosyvoice2/data/esd-emo-grpo/valid/samp_4/0006_001052_伤心.wav	/root/autodl-tmp/CosyVoice_dev/examples/libritts/cosyvoice2/data/esd-emo-grpo/valid/receive/0006_001052_伤心.wav
/root/autodl-tmp/CosyVoice_dev/examples/libritts/cosyvoice2/data/esd-emo-grpo/valid/samp_4/0006_001053_伤心.wav	/root/autodl-tmp/CosyVoice_dev/examples/libritts/cosyvoice2/data/esd-emo-grpo/valid/receive/0006_001053_伤心.wav
/root/autodl-tmp/CosyVoice_dev/examples/libritts/cosyvoice2/data/esd-emo-grpo/valid/samp_4/0006_001054_伤心.wav	/root/autodl-tmp/CosyVoice_dev/examples/libritts/cosyvoice2/data/esd-emo-grpo/valid/receive/0006_001054_伤心.wav
/root/autodl-tmp/CosyVoice_dev/examples/libritts/cosyvoice2/data/esd-emo-grpo/valid/samp_4/0006_001055_伤心.wav	/root/autodl-tmp/CosyVoice_dev/examples/libritts/cosyvoice2/data/esd-emo-grpo/valid/receive/0006_001055_伤心.wav
/root/autodl-tmp/CosyVoice_dev/examples/libritts/cosyvoice2/data/esd-emo-grpo/valid/samp_4/0006_001056_伤心.wav	/root/autodl-tmp/CosyVoice_dev/examples/libritts/cosyvoice2/data/esd-emo-grpo/valid/receive/0006_001056_伤心.wav
/root/autodl-tmp/CosyVoice_dev/examples/libritts/cosyvoice2/data/esd-emo-grpo/valid/samp_4/0006_001057_伤心.wav	/root/autodl-tmp/CosyVoice_dev/examples/libritts/cosyvoice2/data/esd-emo-grpo/valid/receive/0006_001057_伤心.wav
/root/autodl-tmp/CosyVoice_dev/examples/libritts/cosyvoice2/data/esd-emo-grpo/valid/samp_4/0006_001058_伤心.wav	/root/autodl-tmp/CosyVoice_dev/examples/libritts/cosyvoice2/data/esd-emo-grpo/valid/receive/0006_001058_伤心.wav
/root/autodl-tmp/CosyVoice_dev/examples/libritts/cosyvoice2/data/esd-emo-grpo/valid/samp_4/0005_000701_快乐.wav	/root/autodl-tmp/CosyVoice_dev/examples/libritts/cosyvoice2/data/esd-emo-grpo/valid/receive/0005_000701_快乐.wav
/root/autodl-tmp/CosyVoice_dev/examples/libritts/cosyvoice2/data/esd-emo-grpo/valid/samp_4/0005_000702_快乐.wav	/root/autodl-tmp/CosyVoice_dev/examples/libritts/cosyvoice2/data/esd-emo-grpo/valid/receive/0005_000702_快乐.wav
/root/autodl-tmp/CosyVoice_dev/examples/libritts/cosyvoice2/data/esd-emo-grpo/valid/samp_4/0005_000703_快乐.wav	/root/autodl-tmp/CosyVoice_dev/examples/libritts/cosyvoice2/data/esd-emo-grpo/valid/receive/0005_000703_快乐.wav
/root/autodl-tmp/CosyVoice_dev/examples/libritts/cosyvoice2/data/esd-emo-grpo/valid/samp_4/0005_000704_快乐.wav	/root/autodl-tmp/CosyVoice_dev/examples/libritts/cosyvoice2/data/esd-emo-grpo/valid/receive/0005_000704_快乐.wav
/root/autodl-tmp/CosyVoice_dev/examples/libritts/cosyvoice2/data/esd-emo-grpo/valid/samp_4/0005_000705_快乐.wav	/root/autodl-tmp/CosyVoice_dev/examples/libritts/cosyvoice2/data/esd-emo-grpo/valid/receive/0005_000705_快乐.wav
/root/autodl-tmp/CosyVoice_dev/examples/libritts/cosyvoice2/data/esd-emo-grpo/valid/samp_4/0005_000706_快乐.wav	/root/autodl-tmp/CosyVoice_dev/examples/libritts/cosyvoice2/data/esd-emo-grpo/valid/receive/0005_000706_快乐.wav
/root/autodl-tmp/CosyVoice_dev/examples/libritts/cosyvoice2/data/esd-emo-grpo/valid/samp_4/0005_000707_快乐.wav	/root/autodl-tmp/CosyVoice_dev/examples/libritts/cosyvoice2/data/esd-emo-grpo/valid/receive/0005_000707_快乐.wav
/root/autodl-tmp/CosyVoice_dev/examples/libritts/cosyvoice2/data/esd-emo-grpo/valid/samp_4/0005_000708_快乐.wav	/root/autodl-tmp/CosyVoice_dev/examples/libritts/cosyvoice2/data/esd-emo-grpo/valid/receive/0005_000708_快乐.wav
/root/autodl-tmp/CosyVoice_dev/examples/libritts/cosyvoice2/data/esd-emo-grpo/valid/samp_4/0005_000709_快乐.wav	/root/autodl-tmp/CosyVoice_dev/examples/libritts/cosyvoice2/data/esd-emo-grpo/valid/receive/0005_000709_快乐.wav
/root/autodl-tmp/CosyVoice_dev/examples/libritts/cosyvoice2/data/esd-emo-grpo/valid/samp_4/0005_000710_快乐.wav	/root/autodl-tmp/CosyVoice_dev/examples/libritts/cosyvoice2/data/esd-emo-grpo/valid/receive/0005_000710_快乐.wav
/root/autodl-tmp/CosyVoice_dev/examples/libritts/cosyvoice2/data/esd-emo-grpo/valid/samp_4/0005_000711_快乐.wav	/root/autodl-tmp/CosyVoice_dev/examples/libritts/cosyvoice2/data/esd-emo-grpo/valid/receive/0005_000711_快乐.wav
/root/autodl-tmp/CosyVoice_dev/examples/libritts/cosyvoice2/data/esd-emo-grpo/valid/samp_4/0005_000712_快乐.wav	/root/autodl-tmp/CosyVoice_dev/examples/libritts/cosyvoice2/data/esd-emo-grpo/valid/receive/0005_000712_快乐.wav
/root/autodl-tmp/CosyVoice_dev/examples/libritts/cosyvoice2/data/esd-emo-grpo/valid/samp_4/0005_000713_快乐.wav	/root/autodl-tmp/CosyVoice_dev/examples/libritts/cosyvoice2/data/esd-emo-grpo/valid/receive/0005_000713_快乐.wav
/root/autodl-tmp/CosyVoice_dev/examples/libritts/cosyvoice2/data/esd-emo-grpo/valid/samp_4/0005_000714_快乐.wav	/root/autodl-tmp/CosyVoice_dev/examples/libritts/cosyvoice2/data/esd-emo-grpo/valid/receive/0005_000714_快乐.wav
/root/autodl-tmp/CosyVoice_dev/examples/libritts/cosyvoice2/data/esd-emo-grpo/valid/samp_4/0005_000715_快乐.wav	/root/autodl-tmp/CosyVoice_dev/examples/libritts/cosyvoice2/data/esd-emo-grpo/valid/receive/0005_000715_快乐.wav
/root/autodl-tmp/CosyVoice_dev/examples/libritts/cosyvoice2/data/esd-emo-grpo/valid/samp_4/0005_000716_快乐.wav	/root/autodl-tmp/CosyVoice_dev/examples/libritts/cosyvoice2/data/esd-emo-grpo/valid/receive/0005_000716_快乐.wav
/root/autodl-tmp/CosyVoice_dev/examples/libritts/cosyvoice2/data/esd-emo-grpo/valid/samp_4/0005_000717_快乐.wav	/root/autodl-tmp/CosyVoice_dev/examples/libritts/cosyvoice2/data/esd-emo-grpo/valid/receive/0005_000717_快乐.wav
/root/autodl-tmp/CosyVoice_dev/examples/libritts/cosyvoice2/data/esd-emo-grpo/valid/samp_4/0005_000718_快乐.wav	/root/autodl-tmp/CosyVoice_dev/examples/libritts/cosyvoice2/data/esd-emo-grpo/valid/receive/0005_000718_快乐.wav
/root/autodl-tmp/CosyVoice_dev/examples/libritts/cosyvoice2/data/esd-emo-grpo/valid/samp_4/0005_000719_快乐.wav	/root/autodl-tmp/CosyVoice_dev/examples/libritts/cosyvoice2/data/esd-emo-grpo/valid/receive/0005_000719_快乐.wav
/root/autodl-tmp/CosyVoice_dev/examples/libritts/cosyvoice2/data/esd-emo-grpo/valid/samp_4/0005_000720_快乐.wav	/root/autodl-tmp/CosyVoice_dev/examples/libritts/cosyvoice2/data/esd-emo-grpo/valid/receive/0005_000720_快乐.wav
/root/autodl-tmp/CosyVoice_dev/examples/libritts/cosyvoice2/data/esd-emo-grpo/valid/samp_4/0005_001051_伤心.wav	/root/autodl-tmp/CosyVoice_dev/examples/libritts/cosyvoice2/data/esd-emo-grpo/valid/receive/0005_001051_伤心.wav
/root/autodl-tmp/CosyVoice_dev/examples/libritts/cosyvoice2/data/esd-emo-grpo/valid/samp_4/0005_001052_伤心.wav	/root/autodl-tmp/CosyVoice_dev/examples/libritts/cosyvoice2/data/esd-emo-grpo/valid/receive/0005_001052_伤心.wav
/root/autodl-tmp/CosyVoice_dev/examples/libritts/cosyvoice2/data/esd-emo-grpo/valid/samp_4/0005_001053_伤心.wav	/root/autodl-tmp/CosyVoice_dev/examples/libritts/cosyvoice2/data/esd-emo-grpo/valid/receive/0005_001053_伤心.wav
/root/autodl-tmp/CosyVoice_dev/examples/libritts/cosyvoice2/data/esd-emo-grpo/valid/samp_4/0005_001054_伤心.wav	/root/autodl-tmp/CosyVoice_dev/examples/libritts/cosyvoice2/data/esd-emo-grpo/valid/receive/0005_001054_伤心.wav
/root/autodl-tmp/CosyVoice_dev/examples/libritts/cosyvoice2/data/esd-emo-grpo/valid/samp_4/0005_001055_伤心.wav	/root/autodl-tmp/CosyVoice_dev/examples/libritts/cosyvoice2/data/esd-emo-grpo/valid/receive/0005_001055_伤心.wav
/root/autodl-tmp/CosyVoice_dev/examples/libritts/cosyvoice2/data/esd-emo-grpo/valid/samp_4/0005_001056_伤心.wav	/root/autodl-tmp/CosyVoice_dev/examples/libritts/cosyvoice2/data/esd-emo-grpo/valid/receive/0005_001056_伤心.wav
/root/autodl-tmp/CosyVoice_dev/examples/libritts/cosyvoice2/data/esd-emo-grpo/valid/samp_4/0005_001057_伤心.wav	/root/autodl-tmp/CosyVoice_dev/examples/libritts/cosyvoice2/data/esd-emo-grpo/valid/receive/0005_001057_伤心.wav
/root/autodl-tmp/CosyVoice_dev/examples/libritts/cosyvoice2/data/esd-emo-grpo/valid/samp_4/0005_001058_伤心.wav	/root/autodl-tmp/CosyVoice_dev/examples/libritts/cosyvoice2/data/esd-emo-grpo/valid/receive/0005_001058_伤心.wav
/root/autodl-tmp/CosyVoice_dev/examples/libritts/cosyvoice2/data/esd-emo-grpo/valid/samp_4/0005_001059_伤心.wav	/root/autodl-tmp/CosyVoice_dev/examples/libritts/cosyvoice2/data/esd-emo-grpo/valid/receive/0005_001059_伤心.wav
/root/autodl-tmp/CosyVoice_dev/examples/libritts/cosyvoice2/data/esd-emo-grpo/valid/samp_4/0005_001060_伤心.wav	/root/autodl-tmp/CosyVoice_dev/examples/libritts/cosyvoice2/data/esd-emo-grpo/valid/receive/0005_001060_伤心.wav
/root/autodl-tmp/CosyVoice_dev/examples/libritts/cosyvoice2/data/esd-emo-grpo/valid/samp_4/0005_001061_伤心.wav	/root/autodl-tmp/CosyVoice_dev/examples/libritts/cosyvoice2/data/esd-emo-grpo/valid/receive/0005_001061_伤心.wav
/root/autodl-tmp/CosyVoice_dev/examples/libritts/cosyvoice2/data/esd-emo-grpo/valid/samp_4/0005_001062_伤心.wav	/root/autodl-tmp/CosyVoice_dev/examples/libritts/cosyvoice2/data/esd-emo-grpo/valid/receive/0005_001062_伤心.wav
/root/autodl-tmp/CosyVoice_dev/examples/libritts/cosyvoice2/data/esd-emo-grpo/valid/samp_4/0006_001059_伤心.wav	/root/autodl-tmp/CosyVoice_dev/examples/libritts/cosyvoice2/data/esd-emo-grpo/valid/receive/0006_001059_伤心.wav
/root/autodl-tmp/CosyVoice_dev/examples/libritts/cosyvoice2/data/esd-emo-grpo/valid/samp_4/0006_001060_伤心.wav	/root/autodl-tmp/CosyVoice_dev/examples/libritts/cosyvoice2/data/esd-emo-grpo/valid/receive/0006_001060_伤心.wav
/root/autodl-tmp/CosyVoice_dev/examples/libritts/cosyvoice2/data/esd-emo-grpo/valid/samp_4/0006_001061_伤心.wav	/root/autodl-tmp/CosyVoice_dev/examples/libritts/cosyvoice2/data/esd-emo-grpo/valid/receive/0006_001061_伤心.wav
/root/autodl-tmp/CosyVoice_dev/examples/libritts/cosyvoice2/data/esd-emo-grpo/valid/samp_4/0006_001062_伤心.wav	/root/autodl-tmp/CosyVoice_dev/examples/libritts/cosyvoice2/data/esd-emo-grpo/valid/receive/0006_001062_伤心.wav
/root/autodl-tmp/CosyVoice_dev/examples/libritts/cosyvoice2/data/esd-emo-grpo/valid/samp_4/0006_001063_伤心.wav	/root/autodl-tmp/CosyVoice_dev/examples/libritts/cosyvoice2/data/esd-emo-grpo/valid/receive/0006_001063_伤心.wav
/root/autodl-tmp/CosyVoice_dev/examples/libritts/cosyvoice2/data/esd-emo-grpo/valid/samp_4/0006_001064_伤心.wav	/root/autodl-tmp/CosyVoice_dev/examples/libritts/cosyvoice2/data/esd-emo-grpo/valid/receive/0006_001064_伤心.wav
/root/autodl-tmp/CosyVoice_dev/examples/libritts/cosyvoice2/data/esd-emo-grpo/valid/samp_4/0006_001065_伤心.wav	/root/autodl-tmp/CosyVoice_dev/examples/libritts/cosyvoice2/data/esd-emo-grpo/valid/receive/0006_001065_伤心.wav
/root/autodl-tmp/CosyVoice_dev/examples/libritts/cosyvoice2/data/esd-emo-grpo/valid/samp_4/0006_001066_伤心.wav	/root/autodl-tmp/CosyVoice_dev/examples/libritts/cosyvoice2/data/esd-emo-grpo/valid/receive/0006_001066_伤心.wav
/root/autodl-tmp/CosyVoice_dev/examples/libritts/cosyvoice2/data/esd-emo-grpo/valid/samp_4/0006_001067_伤心.wav	/root/autodl-tmp/CosyVoice_dev/examples/libritts/cosyvoice2/data/esd-emo-grpo/valid/receive/0006_001067_伤心.wav
/root/autodl-tmp/CosyVoice_dev/examples/libritts/cosyvoice2/data/esd-emo-grpo/valid/samp_4/0006_001068_伤心.wav	/root/autodl-tmp/CosyVoice_dev/examples/libritts/cosyvoice2/data/esd-emo-grpo/valid/receive/0006_001068_伤心.wav
/root/autodl-tmp/CosyVoice_dev/examples/libritts/cosyvoice2/data/esd-emo-grpo/valid/samp_4/0006_001069_伤心.wav	/root/autodl-tmp/CosyVoice_dev/examples/libritts/cosyvoice2/data/esd-emo-grpo/valid/receive/0006_001069_伤心.wav
/root/autodl-tmp/CosyVoice_dev/examples/libritts/cosyvoice2/data/esd-emo-grpo/valid/samp_4/0006_001070_伤心.wav	/root/autodl-tmp/CosyVoice_dev/examples/libritts/cosyvoice2/data/esd-emo-grpo/valid/receive/0006_001070_伤心.wav
/root/autodl-tmp/CosyVoice_dev/examples/libritts/cosyvoice2/data/esd-emo-grpo/valid/samp_4/0006_001401_惊喜.wav	/root/autodl-tmp/CosyVoice_dev/examples/libritts/cosyvoice2/data/esd-emo-grpo/valid/receive/0006_001401_惊喜.wav
/root/autodl-tmp/CosyVoice_dev/examples/libritts/cosyvoice2/data/esd-emo-grpo/valid/samp_4/0006_001402_惊喜.wav	/root/autodl-tmp/CosyVoice_dev/examples/libritts/cosyvoice2/data/esd-emo-grpo/valid/receive/0006_001402_惊喜.wav
/root/autodl-tmp/CosyVoice_dev/examples/libritts/cosyvoice2/data/esd-emo-grpo/valid/samp_4/0006_001403_惊喜.wav	/root/autodl-tmp/CosyVoice_dev/examples/libritts/cosyvoice2/data/esd-emo-grpo/valid/receive/0006_001403_惊喜.wav
/root/autodl-tmp/CosyVoice_dev/examples/libritts/cosyvoice2/data/esd-emo-grpo/valid/samp_4/0006_001404_惊喜.wav	/root/autodl-tmp/CosyVoice_dev/examples/libritts/cosyvoice2/data/esd-emo-grpo/valid/receive/0006_001404_惊喜.wav
/root/autodl-tmp/CosyVoice_dev/examples/libritts/cosyvoice2/data/esd-emo-grpo/valid/samp_4/0006_001405_惊喜.wav	/root/autodl-tmp/CosyVoice_dev/examples/libritts/cosyvoice2/data/esd-emo-grpo/valid/receive/0006_001405_惊喜.wav
/root/autodl-tmp/CosyVoice_dev/examples/libritts/cosyvoice2/data/esd-emo-grpo/valid/samp_4/0006_001406_惊喜.wav	/root/autodl-tmp/CosyVoice_dev/examples/libritts/cosyvoice2/data/esd-emo-grpo/valid/receive/0006_001406_惊喜.wav
/root/autodl-tmp/CosyVoice_dev/examples/libritts/cosyvoice2/data/esd-emo-grpo/valid/samp_4/0006_001407_惊喜.wav	/root/autodl-tmp/CosyVoice_dev/examples/libritts/cosyvoice2/data/esd-emo-grpo/valid/receive/0006_001407_惊喜.wav
/root/autodl-tmp/CosyVoice_dev/examples/libritts/cosyvoice2/data/esd-emo-grpo/valid/samp_4/0006_001408_惊喜.wav	/root/autodl-tmp/CosyVoice_dev/examples/libritts/cosyvoice2/data/esd-emo-grpo/valid/receive/0006_001408_惊喜.wav
/root/autodl-tmp/CosyVoice_dev/examples/libritts/cosyvoice2/data/esd-emo-grpo/valid/samp_4/0006_001409_惊喜.wav	/root/autodl-tmp/CosyVoice_dev/examples/libritts/cosyvoice2/data/esd-emo-grpo/valid/receive/0006_001409_惊喜.wav
/root/autodl-tmp/CosyVoice_dev/examples/libritts/cosyvoice2/data/esd-emo-grpo/valid/samp_4/0006_001410_惊喜.wav	/root/autodl-tmp/CosyVoice_dev/examples/libritts/cosyvoice2/data/esd-emo-grpo/valid/receive/0006_001410_惊喜.wav
/root/autodl-tmp/CosyVoice_dev/examples/libritts/cosyvoice2/data/esd-emo-grpo/valid/samp_4/0006_001411_惊喜.wav	/root/autodl-tmp/CosyVoice_dev/examples/libritts/cosyvoice2/data/esd-emo-grpo/valid/receive/0006_001411_惊喜.wav
/root/autodl-tmp/CosyVoice_dev/examples/libritts/cosyvoice2/data/esd-emo-grpo/valid/samp_4/0006_001412_惊喜.wav	/root/autodl-tmp/CosyVoice_dev/examples/libritts/cosyvoice2/data/esd-emo-grpo/valid/receive/0006_001412_惊喜.wav
/root/autodl-tmp/CosyVoice_dev/examples/libritts/cosyvoice2/data/esd-emo-grpo/valid/samp_4/0006_001413_惊喜.wav	/root/autodl-tmp/CosyVoice_dev/examples/libritts/cosyvoice2/data/esd-emo-grpo/valid/receive/0006_001413_惊喜.wav
/root/autodl-tmp/CosyVoice_dev/examples/libritts/cosyvoice2/data/esd-emo-grpo/valid/samp_4/0006_001414_惊喜.wav	/root/autodl-tmp/CosyVoice_dev/examples/libritts/cosyvoice2/data/esd-emo-grpo/valid/receive/0006_001414_惊喜.wav
/root/autodl-tmp/CosyVoice_dev/examples/libritts/cosyvoice2/data/esd-emo-grpo/valid/samp_4/0006_001415_惊喜.wav	/root/autodl-tmp/CosyVoice_dev/examples/libritts/cosyvoice2/data/esd-emo-grpo/valid/receive/0006_001415_惊喜.wav
/root/autodl-tmp/CosyVoice_dev/examples/libritts/cosyvoice2/data/esd-emo-grpo/valid/samp_4/0006_001416_惊喜.wav	/root/autodl-tmp/CosyVoice_dev/examples/libritts/cosyvoice2/data/esd-emo-grpo/valid/receive/0006_001416_惊喜.wav
/root/autodl-tmp/CosyVoice_dev/examples/libritts/cosyvoice2/data/esd-emo-grpo/valid/samp_4/0006_001417_惊喜.wav	/root/autodl-tmp/CosyVoice_dev/examples/libritts/cosyvoice2/data/esd-emo-grpo/valid/receive/0006_001417_惊喜.wav
/root/autodl-tmp/CosyVoice_dev/examples/libritts/cosyvoice2/data/esd-emo-grpo/valid/samp_4/0006_001418_惊喜.wav	/root/autodl-tmp/CosyVoice_dev/examples/libritts/cosyvoice2/data/esd-emo-grpo/valid/receive/0006_001418_惊喜.wav
/root/autodl-tmp/CosyVoice_dev/examples/libritts/cosyvoice2/data/esd-emo-grpo/valid/samp_4/0006_001419_惊喜.wav	/root/autodl-tmp/CosyVoice_dev/examples/libritts/cosyvoice2/data/esd-emo-grpo/valid/receive/0006_001419_惊喜.wav
/root/autodl-tmp/CosyVoice_dev/examples/libritts/cosyvoice2/data/esd-emo-grpo/valid/samp_4/0006_001420_惊喜.wav	/root/autodl-tmp/CosyVoice_dev/examples/libritts/cosyvoice2/data/esd-emo-grpo/valid/receive/0006_001420_惊喜.wav
/root/autodl-tmp/CosyVoice_dev/examples/libritts/cosyvoice2/data/esd-emo-grpo/valid/samp_4/0006_000001_冷静.wav	/root/autodl-tmp/CosyVoice_dev/examples/libritts/cosyvoice2/data/esd-emo-grpo/valid/receive/0006_000001_冷静.wav
/root/autodl-tmp/CosyVoice_dev/examples/libritts/cosyvoice2/data/esd-emo-grpo/valid/samp_4/0006_000002_冷静.wav	/root/autodl-tmp/CosyVoice_dev/examples/libritts/cosyvoice2/data/esd-emo-grpo/valid/receive/0006_000002_冷静.wav
/root/autodl-tmp/CosyVoice_dev/examples/libritts/cosyvoice2/data/esd-emo-grpo/valid/samp_4/0006_000003_冷静.wav	/root/autodl-tmp/CosyVoice_dev/examples/libritts/cosyvoice2/data/esd-emo-grpo/valid/receive/0006_000003_冷静.wav
/root/autodl-tmp/CosyVoice_dev/examples/libritts/cosyvoice2/data/esd-emo-grpo/valid/samp_4/0006_000004_冷静.wav	/root/autodl-tmp/CosyVoice_dev/examples/libritts/cosyvoice2/data/esd-emo-grpo/valid/receive/0006_000004_冷静.wav
/root/autodl-tmp/CosyVoice_dev/examples/libritts/cosyvoice2/data/esd-emo-grpo/valid/samp_4/0006_000005_冷静.wav	/root/autodl-tmp/CosyVoice_dev/examples/libritts/cosyvoice2/data/esd-emo-grpo/valid/receive/0006_000005_冷静.wav
/root/autodl-tmp/CosyVoice_dev/examples/libritts/cosyvoice2/data/esd-emo-grpo/valid/samp_4/0006_000006_冷静.wav	/root/autodl-tmp/CosyVoice_dev/examples/libritts/cosyvoice2/data/esd-emo-grpo/valid/receive/0006_000006_冷静.wav
/root/autodl-tmp/CosyVoice_dev/examples/libritts/cosyvoice2/data/esd-emo-grpo/valid/samp_4/0006_000007_冷静.wav	/root/autodl-tmp/CosyVoice_dev/examples/libritts/cosyvoice2/data/esd-emo-grpo/valid/receive/0006_000007_冷静.wav
/root/autodl-tmp/CosyVoice_dev/examples/libritts/cosyvoice2/data/esd-emo-grpo/valid/samp_4/0006_000008_冷静.wav	/root/autodl-tmp/CosyVoice_dev/examples/libritts/cosyvoice2/data/esd-emo-grpo/valid/receive/0006_000008_冷静.wav
/root/autodl-tmp/CosyVoice_dev/examples/libritts/cosyvoice2/data/esd-emo-grpo/valid/samp_4/0006_000009_冷静.wav	/root/autodl-tmp/CosyVoice_dev/examples/libritts/cosyvoice2/data/esd-emo-grpo/valid/receive/0006_000009_冷静.wav
/root/autodl-tmp/CosyVoice_dev/examples/libritts/cosyvoice2/data/esd-emo-grpo/valid/samp_4/0006_000010_冷静.wav	/root/autodl-tmp/CosyVoice_dev/examples/libritts/cosyvoice2/data/esd-emo-grpo/valid/receive/0006_000010_冷静.wav
/root/autodl-tmp/CosyVoice_dev/examples/libritts/cosyvoice2/data/esd-emo-grpo/valid/samp_4/0006_000011_冷静.wav	/root/autodl-tmp/CosyVoice_dev/examples/libritts/cosyvoice2/data/esd-emo-grpo/valid/receive/0006_000011_冷静.wav
/root/autodl-tmp/CosyVoice_dev/examples/libritts/cosyvoice2/data/esd-emo-grpo/valid/samp_4/0006_000012_冷静.wav	/root/autodl-tmp/CosyVoice_dev/examples/libritts/cosyvoice2/data/esd-emo-grpo/valid/receive/0006_000012_冷静.wav
/root/autodl-tmp/CosyVoice_dev/examples/libritts/cosyvoice2/data/esd-emo-grpo/valid/samp_4/0006_000013_冷静.wav	/root/autodl-tmp/CosyVoice_dev/examples/libritts/cosyvoice2/data/esd-emo-grpo/valid/receive/0006_000013_冷静.wav
/root/autodl-tmp/CosyVoice_dev/examples/libritts/cosyvoice2/data/esd-emo-grpo/valid/samp_4/0006_000014_冷静.wav	/root/autodl-tmp/CosyVoice_dev/examples/libritts/cosyvoice2/data/esd-emo-grpo/valid/receive/0006_000014_冷静.wav
/root/autodl-tmp/CosyVoice_dev/examples/libritts/cosyvoice2/data/esd-emo-grpo/valid/samp_4/0006_000015_冷静.wav	/root/autodl-tmp/CosyVoice_dev/examples/libritts/cosyvoice2/data/esd-emo-grpo/valid/receive/0006_000015_冷静.wav
/root/autodl-tmp/CosyVoice_dev/examples/libritts/cosyvoice2/data/esd-emo-grpo/valid/samp_4/0006_000016_冷静.wav	/root/autodl-tmp/CosyVoice_dev/examples/libritts/cosyvoice2/data/esd-emo-grpo/valid/receive/0006_000016_冷静.wav
/root/autodl-tmp/CosyVoice_dev/examples/libritts/cosyvoice2/data/esd-emo-grpo/valid/samp_4/0006_000017_冷静.wav	/root/autodl-tmp/CosyVoice_dev/examples/libritts/cosyvoice2/data/esd-emo-grpo/valid/receive/0006_000017_冷静.wav
/root/autodl-tmp/CosyVoice_dev/examples/libritts/cosyvoice2/data/esd-emo-grpo/valid/samp_4/0006_000018_冷静.wav	/root/autodl-tmp/CosyVoice_dev/examples/libritts/cosyvoice2/data/esd-emo-grpo/valid/receive/0006_000018_冷静.wav
/root/autodl-tmp/CosyVoice_dev/examples/libritts/cosyvoice2/data/esd-emo-grpo/valid/samp_4/0006_000019_冷静.wav	/root/autodl-tmp/CosyVoice_dev/examples/libritts/cosyvoice2/data/esd-emo-grpo/valid/receive/0006_000019_冷静.wav
/root/autodl-tmp/CosyVoice_dev/examples/libritts/cosyvoice2/data/esd-emo-grpo/valid/samp_4/0006_000020_冷静.wav	/root/autodl-tmp/CosyVoice_dev/examples/libritts/cosyvoice2/data/esd-emo-grpo/valid/receive/0006_000020_冷静.wav
/root/autodl-tmp/CosyVoice_dev/examples/libritts/cosyvoice2/data/esd-emo-grpo/valid/samp_4/0006_000351_生气.wav	/root/autodl-tmp/CosyVoice_dev/examples/libritts/cosyvoice2/data/esd-emo-grpo/valid/receive/0006_000351_生气.wav
/root/autodl-tmp/CosyVoice_dev/examples/libritts/cosyvoice2/data/esd-emo-grpo/valid/samp_4/0006_000352_生气.wav	/root/autodl-tmp/CosyVoice_dev/examples/libritts/cosyvoice2/data/esd-emo-grpo/valid/receive/0006_000352_生气.wav
/root/autodl-tmp/CosyVoice_dev/examples/libritts/cosyvoice2/data/esd-emo-grpo/valid/samp_4/0006_000353_生气.wav	/root/autodl-tmp/CosyVoice_dev/examples/libritts/cosyvoice2/data/esd-emo-grpo/valid/receive/0006_000353_生气.wav
/root/autodl-tmp/CosyVoice_dev/examples/libritts/cosyvoice2/data/esd-emo-grpo/valid/samp_4/0006_000354_生气.wav	/root/autodl-tmp/CosyVoice_dev/examples/libritts/cosyvoice2/data/esd-emo-grpo/valid/receive/0006_000354_生气.wav
/root/autodl-tmp/CosyVoice_dev/examples/libritts/cosyvoice2/data/esd-emo-grpo/valid/samp_4/0006_000355_生气.wav	/root/autodl-tmp/CosyVoice_dev/examples/libritts/cosyvoice2/data/esd-emo-grpo/valid/receive/0006_000355_生气.wav
/root/autodl-tmp/CosyVoice_dev/examples/libritts/cosyvoice2/data/esd-emo-grpo/valid/samp_4/0006_000356_生气.wav	/root/autodl-tmp/CosyVoice_dev/examples/libritts/cosyvoice2/data/esd-emo-grpo/valid/receive/0006_000356_生气.wav
/root/autodl-tmp/CosyVoice_dev/examples/libritts/cosyvoice2/data/esd-emo-grpo/valid/samp_4/0006_000357_生气.wav	/root/autodl-tmp/CosyVoice_dev/examples/libritts/cosyvoice2/data/esd-emo-grpo/valid/receive/0006_000357_生气.wav
/root/autodl-tmp/CosyVoice_dev/examples/libritts/cosyvoice2/data/esd-emo-grpo/valid/samp_4/0006_000358_生气.wav	/root/autodl-tmp/CosyVoice_dev/examples/libritts/cosyvoice2/data/esd-emo-grpo/valid/receive/0006_000358_生气.wav
/root/autodl-tmp/CosyVoice_dev/examples/libritts/cosyvoice2/data/esd-emo-grpo/valid/samp_4/0006_000359_生气.wav	/root/autodl-tmp/CosyVoice_dev/examples/libritts/cosyvoice2/data/esd-emo-grpo/valid/receive/0006_000359_生气.wav
/root/autodl-tmp/CosyVoice_dev/examples/libritts/cosyvoice2/data/esd-emo-grpo/valid/samp_4/0006_000360_生气.wav	/root/autodl-tmp/CosyVoice_dev/examples/libritts/cosyvoice2/data/esd-emo-grpo/valid/receive/0006_000360_生气.wav
/root/autodl-tmp/CosyVoice_dev/examples/libritts/cosyvoice2/data/esd-emo-grpo/valid/samp_4/0006_000361_生气.wav	/root/autodl-tmp/CosyVoice_dev/examples/libritts/cosyvoice2/data/esd-emo-grpo/valid/receive/0006_000361_生气.wav
/root/autodl-tmp/CosyVoice_dev/examples/libritts/cosyvoice2/data/esd-emo-grpo/valid/samp_4/0006_000362_生气.wav	/root/autodl-tmp/CosyVoice_dev/examples/libritts/cosyvoice2/data/esd-emo-grpo/valid/receive/0006_000362_生气.wav
/root/autodl-tmp/CosyVoice_dev/examples/libritts/cosyvoice2/data/esd-emo-grpo/valid/samp_4/0006_000363_生气.wav	/root/autodl-tmp/CosyVoice_dev/examples/libritts/cosyvoice2/data/esd-emo-grpo/valid/receive/0006_000363_生气.wav
/root/autodl-tmp/CosyVoice_dev/examples/libritts/cosyvoice2/data/esd-emo-grpo/valid/samp_4/0006_000364_生气.wav	/root/autodl-tmp/CosyVoice_dev/examples/libritts/cosyvoice2/data/esd-emo-grpo/valid/receive/0006_000364_生气.wav
/root/autodl-tmp/CosyVoice_dev/examples/libritts/cosyvoice2/data/esd-emo-grpo/valid/samp_4/0006_000365_生气.wav	/root/autodl-tmp/CosyVoice_dev/examples/libritts/cosyvoice2/data/esd-emo-grpo/valid/receive/0006_000365_生气.wav
/root/autodl-tmp/CosyVoice_dev/examples/libritts/cosyvoice2/data/esd-emo-grpo/valid/samp_4/0006_000366_生气.wav	/root/autodl-tmp/CosyVoice_dev/examples/libritts/cosyvoice2/data/esd-emo-grpo/valid/receive/0006_000366_生气.wav
/root/autodl-tmp/CosyVoice_dev/examples/libritts/cosyvoice2/data/esd-emo-grpo/valid/samp_4/0006_000367_生气.wav	/root/autodl-tmp/CosyVoice_dev/examples/libritts/cosyvoice2/data/esd-emo-grpo/valid/receive/0006_000367_生气.wav
/root/autodl-tmp/CosyVoice_dev/examples/libritts/cosyvoice2/data/esd-emo-grpo/valid/samp_4/0006_000368_生气.wav	/root/autodl-tmp/CosyVoice_dev/examples/libritts/cosyvoice2/data/esd-emo-grpo/valid/receive/0006_000368_生气.wav
/root/autodl-tmp/CosyVoice_dev/examples/libritts/cosyvoice2/data/esd-emo-grpo/valid/samp_4/0006_000369_生气.wav	/root/autodl-tmp/CosyVoice_dev/examples/libritts/cosyvoice2/data/esd-emo-grpo/valid/receive/0006_000369_生气.wav
/root/autodl-tmp/CosyVoice_dev/examples/libritts/cosyvoice2/data/esd-emo-grpo/valid/samp_4/0006_000370_生气.wav	/root/autodl-tmp/CosyVoice_dev/examples/libritts/cosyvoice2/data/esd-emo-grpo/valid/receive/0006_000370_生气.wav
/root/autodl-tmp/CosyVoice_dev/examples/libritts/cosyvoice2/data/esd-emo-grpo/valid/samp_4/0007_000701_快乐.wav	/root/autodl-tmp/CosyVoice_dev/examples/libritts/cosyvoice2/data/esd-emo-grpo/valid/receive/0007_000701_快乐.wav
/root/autodl-tmp/CosyVoice_dev/examples/libritts/cosyvoice2/data/esd-emo-grpo/valid/samp_4/0007_000702_快乐.wav	/root/autodl-tmp/CosyVoice_dev/examples/libritts/cosyvoice2/data/esd-emo-grpo/valid/receive/0007_000702_快乐.wav
/root/autodl-tmp/CosyVoice_dev/examples/libritts/cosyvoice2/data/esd-emo-grpo/valid/samp_4/0007_000703_快乐.wav	/root/autodl-tmp/CosyVoice_dev/examples/libritts/cosyvoice2/data/esd-emo-grpo/valid/receive/0007_000703_快乐.wav
/root/autodl-tmp/CosyVoice_dev/examples/libritts/cosyvoice2/data/esd-emo-grpo/valid/samp_4/0007_000704_快乐.wav	/root/autodl-tmp/CosyVoice_dev/examples/libritts/cosyvoice2/data/esd-emo-grpo/valid/receive/0007_000704_快乐.wav
/root/autodl-tmp/CosyVoice_dev/examples/libritts/cosyvoice2/data/esd-emo-grpo/valid/samp_4/0007_000705_快乐.wav	/root/autodl-tmp/CosyVoice_dev/examples/libritts/cosyvoice2/data/esd-emo-grpo/valid/receive/0007_000705_快乐.wav
/root/autodl-tmp/CosyVoice_dev/examples/libritts/cosyvoice2/data/esd-emo-grpo/valid/samp_4/0007_000706_快乐.wav	/root/autodl-tmp/CosyVoice_dev/examples/libritts/cosyvoice2/data/esd-emo-grpo/valid/receive/0007_000706_快乐.wav
/root/autodl-tmp/CosyVoice_dev/examples/libritts/cosyvoice2/data/esd-emo-grpo/valid/samp_4/0007_000707_快乐.wav	/root/autodl-tmp/CosyVoice_dev/examples/libritts/cosyvoice2/data/esd-emo-grpo/valid/receive/0007_000707_快乐.wav
/root/autodl-tmp/CosyVoice_dev/examples/libritts/cosyvoice2/data/esd-emo-grpo/valid/samp_4/0007_000708_快乐.wav	/root/autodl-tmp/CosyVoice_dev/examples/libritts/cosyvoice2/data/esd-emo-grpo/valid/receive/0007_000708_快乐.wav
/root/autodl-tmp/CosyVoice_dev/examples/libritts/cosyvoice2/data/esd-emo-grpo/valid/samp_4/0007_000709_快乐.wav	/root/autodl-tmp/CosyVoice_dev/examples/libritts/cosyvoice2/data/esd-emo-grpo/valid/receive/0007_000709_快乐.wav
/root/autodl-tmp/CosyVoice_dev/examples/libritts/cosyvoice2/data/esd-emo-grpo/valid/samp_4/0007_000710_快乐.wav	/root/autodl-tmp/CosyVoice_dev/examples/libritts/cosyvoice2/data/esd-emo-grpo/valid/receive/0007_000710_快乐.wav
/root/autodl-tmp/CosyVoice_dev/examples/libritts/cosyvoice2/data/esd-emo-grpo/valid/samp_4/0007_000711_快乐.wav	/root/autodl-tmp/CosyVoice_dev/examples/libritts/cosyvoice2/data/esd-emo-grpo/valid/receive/0007_000711_快乐.wav
/root/autodl-tmp/CosyVoice_dev/examples/libritts/cosyvoice2/data/esd-emo-grpo/valid/samp_4/0007_000712_快乐.wav	/root/autodl-tmp/CosyVoice_dev/examples/libritts/cosyvoice2/data/esd-emo-grpo/valid/receive/0007_000712_快乐.wav
/root/autodl-tmp/CosyVoice_dev/examples/libritts/cosyvoice2/data/esd-emo-grpo/valid/samp_4/0007_000713_快乐.wav	/root/autodl-tmp/CosyVoice_dev/examples/libritts/cosyvoice2/data/esd-emo-grpo/valid/receive/0007_000713_快乐.wav
/root/autodl-tmp/CosyVoice_dev/examples/libritts/cosyvoice2/data/esd-emo-grpo/valid/samp_4/0007_000714_快乐.wav	/root/autodl-tmp/CosyVoice_dev/examples/libritts/cosyvoice2/data/esd-emo-grpo/valid/receive/0007_000714_快乐.wav
/root/autodl-tmp/CosyVoice_dev/examples/libritts/cosyvoice2/data/esd-emo-grpo/valid/samp_4/0007_000715_快乐.wav	/root/autodl-tmp/CosyVoice_dev/examples/libritts/cosyvoice2/data/esd-emo-grpo/valid/receive/0007_000715_快乐.wav
/root/autodl-tmp/CosyVoice_dev/examples/libritts/cosyvoice2/data/esd-emo-grpo/valid/samp_4/0007_000716_快乐.wav	/root/autodl-tmp/CosyVoice_dev/examples/libritts/cosyvoice2/data/esd-emo-grpo/valid/receive/0007_000716_快乐.wav
/root/autodl-tmp/CosyVoice_dev/examples/libritts/cosyvoice2/data/esd-emo-grpo/valid/samp_4/0007_000717_快乐.wav	/root/autodl-tmp/CosyVoice_dev/examples/libritts/cosyvoice2/data/esd-emo-grpo/valid/receive/0007_000717_快乐.wav
/root/autodl-tmp/CosyVoice_dev/examples/libritts/cosyvoice2/data/esd-emo-grpo/valid/samp_4/0007_000718_快乐.wav	/root/autodl-tmp/CosyVoice_dev/examples/libritts/cosyvoice2/data/esd-emo-grpo/valid/receive/0007_000718_快乐.wav
/root/autodl-tmp/CosyVoice_dev/examples/libritts/cosyvoice2/data/esd-emo-grpo/valid/samp_4/0007_000719_快乐.wav	/root/autodl-tmp/CosyVoice_dev/examples/libritts/cosyvoice2/data/esd-emo-grpo/valid/receive/0007_000719_快乐.wav
/root/autodl-tmp/CosyVoice_dev/examples/libritts/cosyvoice2/data/esd-emo-grpo/valid/samp_4/0007_000720_快乐.wav	/root/autodl-tmp/CosyVoice_dev/examples/libritts/cosyvoice2/data/esd-emo-grpo/valid/receive/0007_000720_快乐.wav
/root/autodl-tmp/CosyVoice_dev/examples/libritts/cosyvoice2/data/esd-emo-grpo/valid/samp_4/0007_001051_伤心.wav	/root/autodl-tmp/CosyVoice_dev/examples/libritts/cosyvoice2/data/esd-emo-grpo/valid/receive/0007_001051_伤心.wav
/root/autodl-tmp/CosyVoice_dev/examples/libritts/cosyvoice2/data/esd-emo-grpo/valid/samp_4/0007_001052_伤心.wav	/root/autodl-tmp/CosyVoice_dev/examples/libritts/cosyvoice2/data/esd-emo-grpo/valid/receive/0007_001052_伤心.wav
/root/autodl-tmp/CosyVoice_dev/examples/libritts/cosyvoice2/data/esd-emo-grpo/valid/samp_4/0007_001053_伤心.wav	/root/autodl-tmp/CosyVoice_dev/examples/libritts/cosyvoice2/data/esd-emo-grpo/valid/receive/0007_001053_伤心.wav
/root/autodl-tmp/CosyVoice_dev/examples/libritts/cosyvoice2/data/esd-emo-grpo/valid/samp_4/0007_001054_伤心.wav	/root/autodl-tmp/CosyVoice_dev/examples/libritts/cosyvoice2/data/esd-emo-grpo/valid/receive/0007_001054_伤心.wav
/root/autodl-tmp/CosyVoice_dev/examples/libritts/cosyvoice2/data/esd-emo-grpo/valid/samp_4/0007_001055_伤心.wav	/root/autodl-tmp/CosyVoice_dev/examples/libritts/cosyvoice2/data/esd-emo-grpo/valid/receive/0007_001055_伤心.wav
/root/autodl-tmp/CosyVoice_dev/examples/libritts/cosyvoice2/data/esd-emo-grpo/valid/samp_4/0007_001056_伤心.wav	/root/autodl-tmp/CosyVoice_dev/examples/libritts/cosyvoice2/data/esd-emo-grpo/valid/receive/0007_001056_伤心.wav
/root/autodl-tmp/CosyVoice_dev/examples/libritts/cosyvoice2/data/esd-emo-grpo/valid/samp_4/0007_001057_伤心.wav	/root/autodl-tmp/CosyVoice_dev/examples/libritts/cosyvoice2/data/esd-emo-grpo/valid/receive/0007_001057_伤心.wav
/root/autodl-tmp/CosyVoice_dev/examples/libritts/cosyvoice2/data/esd-emo-grpo/valid/samp_4/0007_001058_伤心.wav	/root/autodl-tmp/CosyVoice_dev/examples/libritts/cosyvoice2/data/esd-emo-grpo/valid/receive/0007_001058_伤心.wav
/root/autodl-tmp/CosyVoice_dev/examples/libritts/cosyvoice2/data/esd-emo-grpo/valid/samp_4/0007_001059_伤心.wav	/root/autodl-tmp/CosyVoice_dev/examples/libritts/cosyvoice2/data/esd-emo-grpo/valid/receive/0007_001059_伤心.wav
/root/autodl-tmp/CosyVoice_dev/examples/libritts/cosyvoice2/data/esd-emo-grpo/valid/samp_4/0007_001060_伤心.wav	/root/autodl-tmp/CosyVoice_dev/examples/libritts/cosyvoice2/data/esd-emo-grpo/valid/receive/0007_001060_伤心.wav
/root/autodl-tmp/CosyVoice_dev/examples/libritts/cosyvoice2/data/esd-emo-grpo/valid/samp_4/0007_001061_伤心.wav	/root/autodl-tmp/CosyVoice_dev/examples/libritts/cosyvoice2/data/esd-emo-grpo/valid/receive/0007_001061_伤心.wav
/root/autodl-tmp/CosyVoice_dev/examples/libritts/cosyvoice2/data/esd-emo-grpo/valid/samp_4/0007_001062_伤心.wav	/root/autodl-tmp/CosyVoice_dev/examples/libritts/cosyvoice2/data/esd-emo-grpo/valid/receive/0007_001062_伤心.wav
/root/autodl-tmp/CosyVoice_dev/examples/libritts/cosyvoice2/data/esd-emo-grpo/valid/samp_4/0007_001063_伤心.wav	/root/autodl-tmp/CosyVoice_dev/examples/libritts/cosyvoice2/data/esd-emo-grpo/valid/receive/0007_001063_伤心.wav
/root/autodl-tmp/CosyVoice_dev/examples/libritts/cosyvoice2/data/esd-emo-grpo/valid/samp_4/0007_001064_伤心.wav	/root/autodl-tmp/CosyVoice_dev/examples/libritts/cosyvoice2/data/esd-emo-grpo/valid/receive/0007_001064_伤心.wav
/root/autodl-tmp/CosyVoice_dev/examples/libritts/cosyvoice2/data/esd-emo-grpo/valid/samp_4/0007_001065_伤心.wav	/root/autodl-tmp/CosyVoice_dev/examples/libritts/cosyvoice2/data/esd-emo-grpo/valid/receive/0007_001065_伤心.wav
/root/autodl-tmp/CosyVoice_dev/examples/libritts/cosyvoice2/data/esd-emo-grpo/valid/samp_4/0007_001066_伤心.wav	/root/autodl-tmp/CosyVoice_dev/examples/libritts/cosyvoice2/data/esd-emo-grpo/valid/receive/0007_001066_伤心.wav
/root/autodl-tmp/CosyVoice_dev/examples/libritts/cosyvoice2/data/esd-emo-grpo/valid/samp_4/0007_001067_伤心.wav	/root/autodl-tmp/CosyVoice_dev/examples/libritts/cosyvoice2/data/esd-emo-grpo/valid/receive/0007_001067_伤心.wav
/root/autodl-tmp/CosyVoice_dev/examples/libritts/cosyvoice2/data/esd-emo-grpo/valid/samp_4/0007_001068_伤心.wav	/root/autodl-tmp/CosyVoice_dev/examples/libritts/cosyvoice2/data/esd-emo-grpo/valid/receive/0007_001068_伤心.wav
/root/autodl-tmp/CosyVoice_dev/examples/libritts/cosyvoice2/data/esd-emo-grpo/valid/samp_4/0007_001069_伤心.wav	/root/autodl-tmp/CosyVoice_dev/examples/libritts/cosyvoice2/data/esd-emo-grpo/valid/receive/0007_001069_伤心.wav
/root/autodl-tmp/CosyVoice_dev/examples/libritts/cosyvoice2/data/esd-emo-grpo/valid/samp_4/0007_001070_伤心.wav	/root/autodl-tmp/CosyVoice_dev/examples/libritts/cosyvoice2/data/esd-emo-grpo/valid/receive/0007_001070_伤心.wav
/root/autodl-tmp/CosyVoice_dev/examples/libritts/cosyvoice2/data/esd-emo-grpo/valid/samp_4/0007_001401_惊喜.wav	/root/autodl-tmp/CosyVoice_dev/examples/libritts/cosyvoice2/data/esd-emo-grpo/valid/receive/0007_001401_惊喜.wav
/root/autodl-tmp/CosyVoice_dev/examples/libritts/cosyvoice2/data/esd-emo-grpo/valid/samp_4/0007_001402_惊喜.wav	/root/autodl-tmp/CosyVoice_dev/examples/libritts/cosyvoice2/data/esd-emo-grpo/valid/receive/0007_001402_惊喜.wav
/root/autodl-tmp/CosyVoice_dev/examples/libritts/cosyvoice2/data/esd-emo-grpo/valid/samp_4/0007_001403_惊喜.wav	/root/autodl-tmp/CosyVoice_dev/examples/libritts/cosyvoice2/data/esd-emo-grpo/valid/receive/0007_001403_惊喜.wav
/root/autodl-tmp/CosyVoice_dev/examples/libritts/cosyvoice2/data/esd-emo-grpo/valid/samp_4/0007_001404_惊喜.wav	/root/autodl-tmp/CosyVoice_dev/examples/libritts/cosyvoice2/data/esd-emo-grpo/valid/receive/0007_001404_惊喜.wav
/root/autodl-tmp/CosyVoice_dev/examples/libritts/cosyvoice2/data/esd-emo-grpo/valid/samp_4/0007_001405_惊喜.wav	/root/autodl-tmp/CosyVoice_dev/examples/libritts/cosyvoice2/data/esd-emo-grpo/valid/receive/0007_001405_惊喜.wav
/root/autodl-tmp/CosyVoice_dev/examples/libritts/cosyvoice2/data/esd-emo-grpo/valid/samp_4/0007_001406_惊喜.wav	/root/autodl-tmp/CosyVoice_dev/examples/libritts/cosyvoice2/data/esd-emo-grpo/valid/receive/0007_001406_惊喜.wav
/root/autodl-tmp/CosyVoice_dev/examples/libritts/cosyvoice2/data/esd-emo-grpo/valid/samp_4/0007_001407_惊喜.wav	/root/autodl-tmp/CosyVoice_dev/examples/libritts/cosyvoice2/data/esd-emo-grpo/valid/receive/0007_001407_惊喜.wav
/root/autodl-tmp/CosyVoice_dev/examples/libritts/cosyvoice2/data/esd-emo-grpo/valid/samp_4/0007_001408_惊喜.wav	/root/autodl-tmp/CosyVoice_dev/examples/libritts/cosyvoice2/data/esd-emo-grpo/valid/receive/0007_001408_惊喜.wav
/root/autodl-tmp/CosyVoice_dev/examples/libritts/cosyvoice2/data/esd-emo-grpo/valid/samp_4/0007_001409_惊喜.wav	/root/autodl-tmp/CosyVoice_dev/examples/libritts/cosyvoice2/data/esd-emo-grpo/valid/receive/0007_001409_惊喜.wav
/root/autodl-tmp/CosyVoice_dev/examples/libritts/cosyvoice2/data/esd-emo-grpo/valid/samp_4/0007_001410_惊喜.wav	/root/autodl-tmp/CosyVoice_dev/examples/libritts/cosyvoice2/data/esd-emo-grpo/valid/receive/0007_001410_惊喜.wav
/root/autodl-tmp/CosyVoice_dev/examples/libritts/cosyvoice2/data/esd-emo-grpo/valid/samp_4/0007_001411_惊喜.wav	/root/autodl-tmp/CosyVoice_dev/examples/libritts/cosyvoice2/data/esd-emo-grpo/valid/receive/0007_001411_惊喜.wav
/root/autodl-tmp/CosyVoice_dev/examples/libritts/cosyvoice2/data/esd-emo-grpo/valid/samp_4/0007_001412_惊喜.wav	/root/autodl-tmp/CosyVoice_dev/examples/libritts/cosyvoice2/data/esd-emo-grpo/valid/receive/0007_001412_惊喜.wav
/root/autodl-tmp/CosyVoice_dev/examples/libritts/cosyvoice2/data/esd-emo-grpo/valid/samp_4/0007_001413_惊喜.wav	/root/autodl-tmp/CosyVoice_dev/examples/libritts/cosyvoice2/data/esd-emo-grpo/valid/receive/0007_001413_惊喜.wav
/root/autodl-tmp/CosyVoice_dev/examples/libritts/cosyvoice2/data/esd-emo-grpo/valid/samp_4/0007_001414_惊喜.wav	/root/autodl-tmp/CosyVoice_dev/examples/libritts/cosyvoice2/data/esd-emo-grpo/valid/receive/0007_001414_惊喜.wav
/root/autodl-tmp/CosyVoice_dev/examples/libritts/cosyvoice2/data/esd-emo-grpo/valid/samp_4/0007_001415_惊喜.wav	/root/autodl-tmp/CosyVoice_dev/examples/libritts/cosyvoice2/data/esd-emo-grpo/valid/receive/0007_001415_惊喜.wav
/root/autodl-tmp/CosyVoice_dev/examples/libritts/cosyvoice2/data/esd-emo-grpo/valid/samp_4/0007_001416_惊喜.wav	/root/autodl-tmp/CosyVoice_dev/examples/libritts/cosyvoice2/data/esd-emo-grpo/valid/receive/0007_001416_惊喜.wav
/root/autodl-tmp/CosyVoice_dev/examples/libritts/cosyvoice2/data/esd-emo-grpo/valid/samp_4/0007_001417_惊喜.wav	/root/autodl-tmp/CosyVoice_dev/examples/libritts/cosyvoice2/data/esd-emo-grpo/valid/receive/0007_001417_惊喜.wav
/root/autodl-tmp/CosyVoice_dev/examples/libritts/cosyvoice2/data/esd-emo-grpo/valid/samp_4/0007_001418_惊喜.wav	/root/autodl-tmp/CosyVoice_dev/examples/libritts/cosyvoice2/data/esd-emo-grpo/valid/receive/0007_001418_惊喜.wav
/root/autodl-tmp/CosyVoice_dev/examples/libritts/cosyvoice2/data/esd-emo-grpo/valid/samp_4/0007_001419_惊喜.wav	/root/autodl-tmp/CosyVoice_dev/examples/libritts/cosyvoice2/data/esd-emo-grpo/valid/receive/0007_001419_惊喜.wav
/root/autodl-tmp/CosyVoice_dev/examples/libritts/cosyvoice2/data/esd-emo-grpo/valid/samp_4/0007_001420_惊喜.wav	/root/autodl-tmp/CosyVoice_dev/examples/libritts/cosyvoice2/data/esd-emo-grpo/valid/receive/0007_001420_惊喜.wav
/root/autodl-tmp/CosyVoice_dev/examples/libritts/cosyvoice2/data/esd-emo-grpo/valid/samp_4/0007_000001_冷静.wav	/root/autodl-tmp/CosyVoice_dev/examples/libritts/cosyvoice2/data/esd-emo-grpo/valid/receive/0007_000001_冷静.wav
/root/autodl-tmp/CosyVoice_dev/examples/libritts/cosyvoice2/data/esd-emo-grpo/valid/samp_4/0007_000002_冷静.wav	/root/autodl-tmp/CosyVoice_dev/examples/libritts/cosyvoice2/data/esd-emo-grpo/valid/receive/0007_000002_冷静.wav
/root/autodl-tmp/CosyVoice_dev/examples/libritts/cosyvoice2/data/esd-emo-grpo/valid/samp_4/0007_000003_冷静.wav	/root/autodl-tmp/CosyVoice_dev/examples/libritts/cosyvoice2/data/esd-emo-grpo/valid/receive/0007_000003_冷静.wav
/root/autodl-tmp/CosyVoice_dev/examples/libritts/cosyvoice2/data/esd-emo-grpo/valid/samp_4/0007_000004_冷静.wav	/root/autodl-tmp/CosyVoice_dev/examples/libritts/cosyvoice2/data/esd-emo-grpo/valid/receive/0007_000004_冷静.wav
/root/autodl-tmp/CosyVoice_dev/examples/libritts/cosyvoice2/data/esd-emo-grpo/valid/samp_4/0007_000005_冷静.wav	/root/autodl-tmp/CosyVoice_dev/examples/libritts/cosyvoice2/data/esd-emo-grpo/valid/receive/0007_000005_冷静.wav
/root/autodl-tmp/CosyVoice_dev/examples/libritts/cosyvoice2/data/esd-emo-grpo/valid/samp_4/0007_000006_冷静.wav	/root/autodl-tmp/CosyVoice_dev/examples/libritts/cosyvoice2/data/esd-emo-grpo/valid/receive/0007_000006_冷静.wav
/root/autodl-tmp/CosyVoice_dev/examples/libritts/cosyvoice2/data/esd-emo-grpo/valid/samp_4/0007_000007_冷静.wav	/root/autodl-tmp/CosyVoice_dev/examples/libritts/cosyvoice2/data/esd-emo-grpo/valid/receive/0007_000007_冷静.wav
/root/autodl-tmp/CosyVoice_dev/examples/libritts/cosyvoice2/data/esd-emo-grpo/valid/samp_4/0007_000008_冷静.wav	/root/autodl-tmp/CosyVoice_dev/examples/libritts/cosyvoice2/data/esd-emo-grpo/valid/receive/0007_000008_冷静.wav
/root/autodl-tmp/CosyVoice_dev/examples/libritts/cosyvoice2/data/esd-emo-grpo/valid/samp_4/0007_000009_冷静.wav	/root/autodl-tmp/CosyVoice_dev/examples/libritts/cosyvoice2/data/esd-emo-grpo/valid/receive/0007_000009_冷静.wav
/root/autodl-tmp/CosyVoice_dev/examples/libritts/cosyvoice2/data/esd-emo-grpo/valid/samp_4/0007_000010_冷静.wav	/root/autodl-tmp/CosyVoice_dev/examples/libritts/cosyvoice2/data/esd-emo-grpo/valid/receive/0007_000010_冷静.wav
/root/autodl-tmp/CosyVoice_dev/examples/libritts/cosyvoice2/data/esd-emo-grpo/valid/samp_4/0007_000011_冷静.wav	/root/autodl-tmp/CosyVoice_dev/examples/libritts/cosyvoice2/data/esd-emo-grpo/valid/receive/0007_000011_冷静.wav
/root/autodl-tmp/CosyVoice_dev/examples/libritts/cosyvoice2/data/esd-emo-grpo/valid/samp_4/0007_000012_冷静.wav	/root/autodl-tmp/CosyVoice_dev/examples/libritts/cosyvoice2/data/esd-emo-grpo/valid/receive/0007_000012_冷静.wav
/root/autodl-tmp/CosyVoice_dev/examples/libritts/cosyvoice2/data/esd-emo-grpo/valid/samp_4/0007_000013_冷静.wav	/root/autodl-tmp/CosyVoice_dev/examples/libritts/cosyvoice2/data/esd-emo-grpo/valid/receive/0007_000013_冷静.wav
/root/autodl-tmp/CosyVoice_dev/examples/libritts/cosyvoice2/data/esd-emo-grpo/valid/samp_4/0007_000014_冷静.wav	/root/autodl-tmp/CosyVoice_dev/examples/libritts/cosyvoice2/data/esd-emo-grpo/valid/receive/0007_000014_冷静.wav
/root/autodl-tmp/CosyVoice_dev/examples/libritts/cosyvoice2/data/esd-emo-grpo/valid/samp_4/0007_000015_冷静.wav	/root/autodl-tmp/CosyVoice_dev/examples/libritts/cosyvoice2/data/esd-emo-grpo/valid/receive/0007_000015_冷静.wav
/root/autodl-tmp/CosyVoice_dev/examples/libritts/cosyvoice2/data/esd-emo-grpo/valid/samp_4/0007_000016_冷静.wav	/root/autodl-tmp/CosyVoice_dev/examples/libritts/cosyvoice2/data/esd-emo-grpo/valid/receive/0007_000016_冷静.wav
/root/autodl-tmp/CosyVoice_dev/examples/libritts/cosyvoice2/data/esd-emo-grpo/valid/samp_4/0007_000017_冷静.wav	/root/autodl-tmp/CosyVoice_dev/examples/libritts/cosyvoice2/data/esd-emo-grpo/valid/receive/0007_000017_冷静.wav
/root/autodl-tmp/CosyVoice_dev/examples/libritts/cosyvoice2/data/esd-emo-grpo/valid/samp_4/0007_000018_冷静.wav	/root/autodl-tmp/CosyVoice_dev/examples/libritts/cosyvoice2/data/esd-emo-grpo/valid/receive/0007_000018_冷静.wav
/root/autodl-tmp/CosyVoice_dev/examples/libritts/cosyvoice2/data/esd-emo-grpo/valid/samp_4/0007_000019_冷静.wav	/root/autodl-tmp/CosyVoice_dev/examples/libritts/cosyvoice2/data/esd-emo-grpo/valid/receive/0007_000019_冷静.wav
/root/autodl-tmp/CosyVoice_dev/examples/libritts/cosyvoice2/data/esd-emo-grpo/valid/samp_4/0007_000020_冷静.wav	/root/autodl-tmp/CosyVoice_dev/examples/libritts/cosyvoice2/data/esd-emo-grpo/valid/receive/0007_000020_冷静.wav
/root/autodl-tmp/CosyVoice_dev/examples/libritts/cosyvoice2/data/esd-emo-grpo/valid/samp_4/0007_000351_生气.wav	/root/autodl-tmp/CosyVoice_dev/examples/libritts/cosyvoice2/data/esd-emo-grpo/valid/receive/0007_000351_生气.wav
/root/autodl-tmp/CosyVoice_dev/examples/libritts/cosyvoice2/data/esd-emo-grpo/valid/samp_4/0007_000352_生气.wav	/root/autodl-tmp/CosyVoice_dev/examples/libritts/cosyvoice2/data/esd-emo-grpo/valid/receive/0007_000352_生气.wav
/root/autodl-tmp/CosyVoice_dev/examples/libritts/cosyvoice2/data/esd-emo-grpo/valid/samp_4/0007_000353_生气.wav	/root/autodl-tmp/CosyVoice_dev/examples/libritts/cosyvoice2/data/esd-emo-grpo/valid/receive/0007_000353_生气.wav
/root/autodl-tmp/CosyVoice_dev/examples/libritts/cosyvoice2/data/esd-emo-grpo/valid/samp_4/0007_000354_生气.wav	/root/autodl-tmp/CosyVoice_dev/examples/libritts/cosyvoice2/data/esd-emo-grpo/valid/receive/0007_000354_生气.wav
/root/autodl-tmp/CosyVoice_dev/examples/libritts/cosyvoice2/data/esd-emo-grpo/valid/samp_4/0007_000355_生气.wav	/root/autodl-tmp/CosyVoice_dev/examples/libritts/cosyvoice2/data/esd-emo-grpo/valid/receive/0007_000355_生气.wav
/root/autodl-tmp/CosyVoice_dev/examples/libritts/cosyvoice2/data/esd-emo-grpo/valid/samp_4/0007_000356_生气.wav	/root/autodl-tmp/CosyVoice_dev/examples/libritts/cosyvoice2/data/esd-emo-grpo/valid/receive/0007_000356_生气.wav
/root/autodl-tmp/CosyVoice_dev/examples/libritts/cosyvoice2/data/esd-emo-grpo/valid/samp_4/0007_000357_生气.wav	/root/autodl-tmp/CosyVoice_dev/examples/libritts/cosyvoice2/data/esd-emo-grpo/valid/receive/0007_000357_生气.wav
/root/autodl-tmp/CosyVoice_dev/examples/libritts/cosyvoice2/data/esd-emo-grpo/valid/samp_4/0007_000358_生气.wav	/root/autodl-tmp/CosyVoice_dev/examples/libritts/cosyvoice2/data/esd-emo-grpo/valid/receive/0007_000358_生气.wav
/root/autodl-tmp/CosyVoice_dev/examples/libritts/cosyvoice2/data/esd-emo-grpo/valid/samp_4/0007_000359_生气.wav	/root/autodl-tmp/CosyVoice_dev/examples/libritts/cosyvoice2/data/esd-emo-grpo/valid/receive/0007_000359_生气.wav
/root/autodl-tmp/CosyVoice_dev/examples/libritts/cosyvoice2/data/esd-emo-grpo/valid/samp_4/0007_000360_生气.wav	/root/autodl-tmp/CosyVoice_dev/examples/libritts/cosyvoice2/data/esd-emo-grpo/valid/receive/0007_000360_生气.wav
/root/autodl-tmp/CosyVoice_dev/examples/libritts/cosyvoice2/data/esd-emo-grpo/valid/samp_4/0007_000361_生气.wav	/root/autodl-tmp/CosyVoice_dev/examples/libritts/cosyvoice2/data/esd-emo-grpo/valid/receive/0007_000361_生气.wav
/root/autodl-tmp/CosyVoice_dev/examples/libritts/cosyvoice2/data/esd-emo-grpo/valid/samp_4/0007_000362_生气.wav	/root/autodl-tmp/CosyVoice_dev/examples/libritts/cosyvoice2/data/esd-emo-grpo/valid/receive/0007_000362_生气.wav
/root/autodl-tmp/CosyVoice_dev/examples/libritts/cosyvoice2/data/esd-emo-grpo/valid/samp_4/0007_000363_生气.wav	/root/autodl-tmp/CosyVoice_dev/examples/libritts/cosyvoice2/data/esd-emo-grpo/valid/receive/0007_000363_生气.wav
/root/autodl-tmp/CosyVoice_dev/examples/libritts/cosyvoice2/data/esd-emo-grpo/valid/samp_4/0007_000364_生气.wav	/root/autodl-tmp/CosyVoice_dev/examples/libritts/cosyvoice2/data/esd-emo-grpo/valid/receive/0007_000364_生气.wav
/root/autodl-tmp/CosyVoice_dev/examples/libritts/cosyvoice2/data/esd-emo-grpo/valid/samp_4/0007_000365_生气.wav	/root/autodl-tmp/CosyVoice_dev/examples/libritts/cosyvoice2/data/esd-emo-grpo/valid/receive/0007_000365_生气.wav
/root/autodl-tmp/CosyVoice_dev/examples/libritts/cosyvoice2/data/esd-emo-grpo/valid/samp_4/0007_000366_生气.wav	/root/autodl-tmp/CosyVoice_dev/examples/libritts/cosyvoice2/data/esd-emo-grpo/valid/receive/0007_000366_生气.wav
/root/autodl-tmp/CosyVoice_dev/examples/libritts/cosyvoice2/data/esd-emo-grpo/valid/samp_4/0007_000367_生气.wav	/root/autodl-tmp/CosyVoice_dev/examples/libritts/cosyvoice2/data/esd-emo-grpo/valid/receive/0007_000367_生气.wav
/root/autodl-tmp/CosyVoice_dev/examples/libritts/cosyvoice2/data/esd-emo-grpo/valid/samp_4/0007_000368_生气.wav	/root/autodl-tmp/CosyVoice_dev/examples/libritts/cosyvoice2/data/esd-emo-grpo/valid/receive/0007_000368_生气.wav
/root/autodl-tmp/CosyVoice_dev/examples/libritts/cosyvoice2/data/esd-emo-grpo/valid/samp_4/0007_000369_生气.wav	/root/autodl-tmp/CosyVoice_dev/examples/libritts/cosyvoice2/data/esd-emo-grpo/valid/receive/0007_000369_生气.wav
/root/autodl-tmp/CosyVoice_dev/examples/libritts/cosyvoice2/data/esd-emo-grpo/valid/samp_4/0007_000370_生气.wav	/root/autodl-tmp/CosyVoice_dev/examples/libritts/cosyvoice2/data/esd-emo-grpo/valid/receive/0007_000370_生气.wav
/root/autodl-tmp/CosyVoice_dev/examples/libritts/cosyvoice2/data/esd-emo-grpo/valid/samp_4/0008_000701_快乐.wav	/root/autodl-tmp/CosyVoice_dev/examples/libritts/cosyvoice2/data/esd-emo-grpo/valid/receive/0008_000701_快乐.wav
/root/autodl-tmp/CosyVoice_dev/examples/libritts/cosyvoice2/data/esd-emo-grpo/valid/samp_4/0008_000702_快乐.wav	/root/autodl-tmp/CosyVoice_dev/examples/libritts/cosyvoice2/data/esd-emo-grpo/valid/receive/0008_000702_快乐.wav
/root/autodl-tmp/CosyVoice_dev/examples/libritts/cosyvoice2/data/esd-emo-grpo/valid/samp_4/0008_000703_快乐.wav	/root/autodl-tmp/CosyVoice_dev/examples/libritts/cosyvoice2/data/esd-emo-grpo/valid/receive/0008_000703_快乐.wav
/root/autodl-tmp/CosyVoice_dev/examples/libritts/cosyvoice2/data/esd-emo-grpo/valid/samp_4/0008_000704_快乐.wav	/root/autodl-tmp/CosyVoice_dev/examples/libritts/cosyvoice2/data/esd-emo-grpo/valid/receive/0008_000704_快乐.wav
/root/autodl-tmp/CosyVoice_dev/examples/libritts/cosyvoice2/data/esd-emo-grpo/valid/samp_4/0008_000705_快乐.wav	/root/autodl-tmp/CosyVoice_dev/examples/libritts/cosyvoice2/data/esd-emo-grpo/valid/receive/0008_000705_快乐.wav
/root/autodl-tmp/CosyVoice_dev/examples/libritts/cosyvoice2/data/esd-emo-grpo/valid/samp_4/0008_000706_快乐.wav	/root/autodl-tmp/CosyVoice_dev/examples/libritts/cosyvoice2/data/esd-emo-grpo/valid/receive/0008_000706_快乐.wav
/root/autodl-tmp/CosyVoice_dev/examples/libritts/cosyvoice2/data/esd-emo-grpo/valid/samp_4/0008_000707_快乐.wav	/root/autodl-tmp/CosyVoice_dev/examples/libritts/cosyvoice2/data/esd-emo-grpo/valid/receive/0008_000707_快乐.wav
/root/autodl-tmp/CosyVoice_dev/examples/libritts/cosyvoice2/data/esd-emo-grpo/valid/samp_4/0008_000708_快乐.wav	/root/autodl-tmp/CosyVoice_dev/examples/libritts/cosyvoice2/data/esd-emo-grpo/valid/receive/0008_000708_快乐.wav
/root/autodl-tmp/CosyVoice_dev/examples/libritts/cosyvoice2/data/esd-emo-grpo/valid/samp_4/0008_000709_快乐.wav	/root/autodl-tmp/CosyVoice_dev/examples/libritts/cosyvoice2/data/esd-emo-grpo/valid/receive/0008_000709_快乐.wav
/root/autodl-tmp/CosyVoice_dev/examples/libritts/cosyvoice2/data/esd-emo-grpo/valid/samp_4/0008_000710_快乐.wav	/root/autodl-tmp/CosyVoice_dev/examples/libritts/cosyvoice2/data/esd-emo-grpo/valid/receive/0008_000710_快乐.wav
/root/autodl-tmp/CosyVoice_dev/examples/libritts/cosyvoice2/data/esd-emo-grpo/valid/samp_4/0008_000711_快乐.wav	/root/autodl-tmp/CosyVoice_dev/examples/libritts/cosyvoice2/data/esd-emo-grpo/valid/receive/0008_000711_快乐.wav
/root/autodl-tmp/CosyVoice_dev/examples/libritts/cosyvoice2/data/esd-emo-grpo/valid/samp_4/0008_000712_快乐.wav	/root/autodl-tmp/CosyVoice_dev/examples/libritts/cosyvoice2/data/esd-emo-grpo/valid/receive/0008_000712_快乐.wav
/root/autodl-tmp/CosyVoice_dev/examples/libritts/cosyvoice2/data/esd-emo-grpo/valid/samp_4/0008_000713_快乐.wav	/root/autodl-tmp/CosyVoice_dev/examples/libritts/cosyvoice2/data/esd-emo-grpo/valid/receive/0008_000713_快乐.wav
/root/autodl-tmp/CosyVoice_dev/examples/libritts/cosyvoice2/data/esd-emo-grpo/valid/samp_4/0008_000714_快乐.wav	/root/autodl-tmp/CosyVoice_dev/examples/libritts/cosyvoice2/data/esd-emo-grpo/valid/receive/0008_000714_快乐.wav
/root/autodl-tmp/CosyVoice_dev/examples/libritts/cosyvoice2/data/esd-emo-grpo/valid/samp_4/0008_000715_快乐.wav	/root/autodl-tmp/CosyVoice_dev/examples/libritts/cosyvoice2/data/esd-emo-grpo/valid/receive/0008_000715_快乐.wav
/root/autodl-tmp/CosyVoice_dev/examples/libritts/cosyvoice2/data/esd-emo-grpo/valid/samp_4/0008_000716_快乐.wav	/root/autodl-tmp/CosyVoice_dev/examples/libritts/cosyvoice2/data/esd-emo-grpo/valid/receive/0008_000716_快乐.wav
/root/autodl-tmp/CosyVoice_dev/examples/libritts/cosyvoice2/data/esd-emo-grpo/valid/samp_4/0008_000717_快乐.wav	/root/autodl-tmp/CosyVoice_dev/examples/libritts/cosyvoice2/data/esd-emo-grpo/valid/receive/0008_000717_快乐.wav
/root/autodl-tmp/CosyVoice_dev/examples/libritts/cosyvoice2/data/esd-emo-grpo/valid/samp_4/0008_000718_快乐.wav	/root/autodl-tmp/CosyVoice_dev/examples/libritts/cosyvoice2/data/esd-emo-grpo/valid/receive/0008_000718_快乐.wav
/root/autodl-tmp/CosyVoice_dev/examples/libritts/cosyvoice2/data/esd-emo-grpo/valid/samp_4/0008_000719_快乐.wav	/root/autodl-tmp/CosyVoice_dev/examples/libritts/cosyvoice2/data/esd-emo-grpo/valid/receive/0008_000719_快乐.wav
/root/autodl-tmp/CosyVoice_dev/examples/libritts/cosyvoice2/data/esd-emo-grpo/valid/samp_4/0008_000720_快乐.wav	/root/autodl-tmp/CosyVoice_dev/examples/libritts/cosyvoice2/data/esd-emo-grpo/valid/receive/0008_000720_快乐.wav
/root/autodl-tmp/CosyVoice_dev/examples/libritts/cosyvoice2/data/esd-emo-grpo/valid/samp_4/0008_001051_伤心.wav	/root/autodl-tmp/CosyVoice_dev/examples/libritts/cosyvoice2/data/esd-emo-grpo/valid/receive/0008_001051_伤心.wav
/root/autodl-tmp/CosyVoice_dev/examples/libritts/cosyvoice2/data/esd-emo-grpo/valid/samp_4/0008_001052_伤心.wav	/root/autodl-tmp/CosyVoice_dev/examples/libritts/cosyvoice2/data/esd-emo-grpo/valid/receive/0008_001052_伤心.wav
/root/autodl-tmp/CosyVoice_dev/examples/libritts/cosyvoice2/data/esd-emo-grpo/valid/samp_4/0008_001053_伤心.wav	/root/autodl-tmp/CosyVoice_dev/examples/libritts/cosyvoice2/data/esd-emo-grpo/valid/receive/0008_001053_伤心.wav
/root/autodl-tmp/CosyVoice_dev/examples/libritts/cosyvoice2/data/esd-emo-grpo/valid/samp_4/0008_001054_伤心.wav	/root/autodl-tmp/CosyVoice_dev/examples/libritts/cosyvoice2/data/esd-emo-grpo/valid/receive/0008_001054_伤心.wav
/root/autodl-tmp/CosyVoice_dev/examples/libritts/cosyvoice2/data/esd-emo-grpo/valid/samp_4/0008_001055_伤心.wav	/root/autodl-tmp/CosyVoice_dev/examples/libritts/cosyvoice2/data/esd-emo-grpo/valid/receive/0008_001055_伤心.wav
/root/autodl-tmp/CosyVoice_dev/examples/libritts/cosyvoice2/data/esd-emo-grpo/valid/samp_4/0008_001056_伤心.wav	/root/autodl-tmp/CosyVoice_dev/examples/libritts/cosyvoice2/data/esd-emo-grpo/valid/receive/0008_001056_伤心.wav
/root/autodl-tmp/CosyVoice_dev/examples/libritts/cosyvoice2/data/esd-emo-grpo/valid/samp_4/0008_001057_伤心.wav	/root/autodl-tmp/CosyVoice_dev/examples/libritts/cosyvoice2/data/esd-emo-grpo/valid/receive/0008_001057_伤心.wav
/root/autodl-tmp/CosyVoice_dev/examples/libritts/cosyvoice2/data/esd-emo-grpo/valid/samp_4/0008_001058_伤心.wav	/root/autodl-tmp/CosyVoice_dev/examples/libritts/cosyvoice2/data/esd-emo-grpo/valid/receive/0008_001058_伤心.wav
/root/autodl-tmp/CosyVoice_dev/examples/libritts/cosyvoice2/data/esd-emo-grpo/valid/samp_4/0008_001059_伤心.wav	/root/autodl-tmp/CosyVoice_dev/examples/libritts/cosyvoice2/data/esd-emo-grpo/valid/receive/0008_001059_伤心.wav
/root/autodl-tmp/CosyVoice_dev/examples/libritts/cosyvoice2/data/esd-emo-grpo/valid/samp_4/0008_001060_伤心.wav	/root/autodl-tmp/CosyVoice_dev/examples/libritts/cosyvoice2/data/esd-emo-grpo/valid/receive/0008_001060_伤心.wav
/root/autodl-tmp/CosyVoice_dev/examples/libritts/cosyvoice2/data/esd-emo-grpo/valid/samp_4/0008_001061_伤心.wav	/root/autodl-tmp/CosyVoice_dev/examples/libritts/cosyvoice2/data/esd-emo-grpo/valid/receive/0008_001061_伤心.wav
/root/autodl-tmp/CosyVoice_dev/examples/libritts/cosyvoice2/data/esd-emo-grpo/valid/samp_4/0008_001062_伤心.wav	/root/autodl-tmp/CosyVoice_dev/examples/libritts/cosyvoice2/data/esd-emo-grpo/valid/receive/0008_001062_伤心.wav
/root/autodl-tmp/CosyVoice_dev/examples/libritts/cosyvoice2/data/esd-emo-grpo/valid/samp_4/0008_001063_伤心.wav	/root/autodl-tmp/CosyVoice_dev/examples/libritts/cosyvoice2/data/esd-emo-grpo/valid/receive/0008_001063_伤心.wav
/root/autodl-tmp/CosyVoice_dev/examples/libritts/cosyvoice2/data/esd-emo-grpo/valid/samp_4/0008_001064_伤心.wav	/root/autodl-tmp/CosyVoice_dev/examples/libritts/cosyvoice2/data/esd-emo-grpo/valid/receive/0008_001064_伤心.wav
/root/autodl-tmp/CosyVoice_dev/examples/libritts/cosyvoice2/data/esd-emo-grpo/valid/samp_4/0008_001065_伤心.wav	/root/autodl-tmp/CosyVoice_dev/examples/libritts/cosyvoice2/data/esd-emo-grpo/valid/receive/0008_001065_伤心.wav
/root/autodl-tmp/CosyVoice_dev/examples/libritts/cosyvoice2/data/esd-emo-grpo/valid/samp_4/0008_001066_伤心.wav	/root/autodl-tmp/CosyVoice_dev/examples/libritts/cosyvoice2/data/esd-emo-grpo/valid/receive/0008_001066_伤心.wav
/root/autodl-tmp/CosyVoice_dev/examples/libritts/cosyvoice2/data/esd-emo-grpo/valid/samp_4/0008_001067_伤心.wav	/root/autodl-tmp/CosyVoice_dev/examples/libritts/cosyvoice2/data/esd-emo-grpo/valid/receive/0008_001067_伤心.wav
/root/autodl-tmp/CosyVoice_dev/examples/libritts/cosyvoice2/data/esd-emo-grpo/valid/samp_4/0008_001068_伤心.wav	/root/autodl-tmp/CosyVoice_dev/examples/libritts/cosyvoice2/data/esd-emo-grpo/valid/receive/0008_001068_伤心.wav
/root/autodl-tmp/CosyVoice_dev/examples/libritts/cosyvoice2/data/esd-emo-grpo/valid/samp_4/0008_001069_伤心.wav	/root/autodl-tmp/CosyVoice_dev/examples/libritts/cosyvoice2/data/esd-emo-grpo/valid/receive/0008_001069_伤心.wav
/root/autodl-tmp/CosyVoice_dev/examples/libritts/cosyvoice2/data/esd-emo-grpo/valid/samp_4/0008_001070_伤心.wav	/root/autodl-tmp/CosyVoice_dev/examples/libritts/cosyvoice2/data/esd-emo-grpo/valid/receive/0008_001070_伤心.wav
/root/autodl-tmp/CosyVoice_dev/examples/libritts/cosyvoice2/data/esd-emo-grpo/valid/samp_4/0008_001401_惊喜.wav	/root/autodl-tmp/CosyVoice_dev/examples/libritts/cosyvoice2/data/esd-emo-grpo/valid/receive/0008_001401_惊喜.wav
/root/autodl-tmp/CosyVoice_dev/examples/libritts/cosyvoice2/data/esd-emo-grpo/valid/samp_4/0008_001402_惊喜.wav	/root/autodl-tmp/CosyVoice_dev/examples/libritts/cosyvoice2/data/esd-emo-grpo/valid/receive/0008_001402_惊喜.wav
/root/autodl-tmp/CosyVoice_dev/examples/libritts/cosyvoice2/data/esd-emo-grpo/valid/samp_4/0008_001403_惊喜.wav	/root/autodl-tmp/CosyVoice_dev/examples/libritts/cosyvoice2/data/esd-emo-grpo/valid/receive/0008_001403_惊喜.wav
/root/autodl-tmp/CosyVoice_dev/examples/libritts/cosyvoice2/data/esd-emo-grpo/valid/samp_4/0008_001404_惊喜.wav	/root/autodl-tmp/CosyVoice_dev/examples/libritts/cosyvoice2/data/esd-emo-grpo/valid/receive/0008_001404_惊喜.wav
/root/autodl-tmp/CosyVoice_dev/examples/libritts/cosyvoice2/data/esd-emo-grpo/valid/samp_4/0008_001405_惊喜.wav	/root/autodl-tmp/CosyVoice_dev/examples/libritts/cosyvoice2/data/esd-emo-grpo/valid/receive/0008_001405_惊喜.wav
/root/autodl-tmp/CosyVoice_dev/examples/libritts/cosyvoice2/data/esd-emo-grpo/valid/samp_4/0008_001406_惊喜.wav	/root/autodl-tmp/CosyVoice_dev/examples/libritts/cosyvoice2/data/esd-emo-grpo/valid/receive/0008_001406_惊喜.wav
/root/autodl-tmp/CosyVoice_dev/examples/libritts/cosyvoice2/data/esd-emo-grpo/valid/samp_4/0008_001407_惊喜.wav	/root/autodl-tmp/CosyVoice_dev/examples/libritts/cosyvoice2/data/esd-emo-grpo/valid/receive/0008_001407_惊喜.wav
/root/autodl-tmp/CosyVoice_dev/examples/libritts/cosyvoice2/data/esd-emo-grpo/valid/samp_4/0008_001408_惊喜.wav	/root/autodl-tmp/CosyVoice_dev/examples/libritts/cosyvoice2/data/esd-emo-grpo/valid/receive/0008_001408_惊喜.wav
/root/autodl-tmp/CosyVoice_dev/examples/libritts/cosyvoice2/data/esd-emo-grpo/valid/samp_4/0008_001409_惊喜.wav	/root/autodl-tmp/CosyVoice_dev/examples/libritts/cosyvoice2/data/esd-emo-grpo/valid/receive/0008_001409_惊喜.wav
/root/autodl-tmp/CosyVoice_dev/examples/libritts/cosyvoice2/data/esd-emo-grpo/valid/samp_4/0008_001410_惊喜.wav	/root/autodl-tmp/CosyVoice_dev/examples/libritts/cosyvoice2/data/esd-emo-grpo/valid/receive/0008_001410_惊喜.wav
/root/autodl-tmp/CosyVoice_dev/examples/libritts/cosyvoice2/data/esd-emo-grpo/valid/samp_4/0008_001411_惊喜.wav	/root/autodl-tmp/CosyVoice_dev/examples/libritts/cosyvoice2/data/esd-emo-grpo/valid/receive/0008_001411_惊喜.wav
/root/autodl-tmp/CosyVoice_dev/examples/libritts/cosyvoice2/data/esd-emo-grpo/valid/samp_4/0008_001412_惊喜.wav	/root/autodl-tmp/CosyVoice_dev/examples/libritts/cosyvoice2/data/esd-emo-grpo/valid/receive/0008_001412_惊喜.wav
/root/autodl-tmp/CosyVoice_dev/examples/libritts/cosyvoice2/data/esd-emo-grpo/valid/samp_4/0008_001413_惊喜.wav	/root/autodl-tmp/CosyVoice_dev/examples/libritts/cosyvoice2/data/esd-emo-grpo/valid/receive/0008_001413_惊喜.wav
/root/autodl-tmp/CosyVoice_dev/examples/libritts/cosyvoice2/data/esd-emo-grpo/valid/samp_4/0008_001414_惊喜.wav	/root/autodl-tmp/CosyVoice_dev/examples/libritts/cosyvoice2/data/esd-emo-grpo/valid/receive/0008_001414_惊喜.wav
/root/autodl-tmp/CosyVoice_dev/examples/libritts/cosyvoice2/data/esd-emo-grpo/valid/samp_4/0008_001415_惊喜.wav	/root/autodl-tmp/CosyVoice_dev/examples/libritts/cosyvoice2/data/esd-emo-grpo/valid/receive/0008_001415_惊喜.wav
/root/autodl-tmp/CosyVoice_dev/examples/libritts/cosyvoice2/data/esd-emo-grpo/valid/samp_4/0008_001416_惊喜.wav	/root/autodl-tmp/CosyVoice_dev/examples/libritts/cosyvoice2/data/esd-emo-grpo/valid/receive/0008_001416_惊喜.wav
/root/autodl-tmp/CosyVoice_dev/examples/libritts/cosyvoice2/data/esd-emo-grpo/valid/samp_4/0008_001417_惊喜.wav	/root/autodl-tmp/CosyVoice_dev/examples/libritts/cosyvoice2/data/esd-emo-grpo/valid/receive/0008_001417_惊喜.wav
/root/autodl-tmp/CosyVoice_dev/examples/libritts/cosyvoice2/data/esd-emo-grpo/valid/samp_4/0008_001418_惊喜.wav	/root/autodl-tmp/CosyVoice_dev/examples/libritts/cosyvoice2/data/esd-emo-grpo/valid/receive/0008_001418_惊喜.wav
/root/autodl-tmp/CosyVoice_dev/examples/libritts/cosyvoice2/data/esd-emo-grpo/valid/samp_4/0008_001419_惊喜.wav	/root/autodl-tmp/CosyVoice_dev/examples/libritts/cosyvoice2/data/esd-emo-grpo/valid/receive/0008_001419_惊喜.wav
/root/autodl-tmp/CosyVoice_dev/examples/libritts/cosyvoice2/data/esd-emo-grpo/valid/samp_4/0008_001420_惊喜.wav	/root/autodl-tmp/CosyVoice_dev/examples/libritts/cosyvoice2/data/esd-emo-grpo/valid/receive/0008_001420_惊喜.wav
/root/autodl-tmp/CosyVoice_dev/examples/libritts/cosyvoice2/data/esd-emo-grpo/valid/samp_4/0008_000001_冷静.wav	/root/autodl-tmp/CosyVoice_dev/examples/libritts/cosyvoice2/data/esd-emo-grpo/valid/receive/0008_000001_冷静.wav
/root/autodl-tmp/CosyVoice_dev/examples/libritts/cosyvoice2/data/esd-emo-grpo/valid/samp_4/0008_000002_冷静.wav	/root/autodl-tmp/CosyVoice_dev/examples/libritts/cosyvoice2/data/esd-emo-grpo/valid/receive/0008_000002_冷静.wav
/root/autodl-tmp/CosyVoice_dev/examples/libritts/cosyvoice2/data/esd-emo-grpo/valid/samp_4/0008_000003_冷静.wav	/root/autodl-tmp/CosyVoice_dev/examples/libritts/cosyvoice2/data/esd-emo-grpo/valid/receive/0008_000003_冷静.wav
/root/autodl-tmp/CosyVoice_dev/examples/libritts/cosyvoice2/data/esd-emo-grpo/valid/samp_4/0008_000004_冷静.wav	/root/autodl-tmp/CosyVoice_dev/examples/libritts/cosyvoice2/data/esd-emo-grpo/valid/receive/0008_000004_冷静.wav
/root/autodl-tmp/CosyVoice_dev/examples/libritts/cosyvoice2/data/esd-emo-grpo/valid/samp_4/0008_000005_冷静.wav	/root/autodl-tmp/CosyVoice_dev/examples/libritts/cosyvoice2/data/esd-emo-grpo/valid/receive/0008_000005_冷静.wav
/root/autodl-tmp/CosyVoice_dev/examples/libritts/cosyvoice2/data/esd-emo-grpo/valid/samp_4/0008_000006_冷静.wav	/root/autodl-tmp/CosyVoice_dev/examples/libritts/cosyvoice2/data/esd-emo-grpo/valid/receive/0008_000006_冷静.wav
/root/autodl-tmp/CosyVoice_dev/examples/libritts/cosyvoice2/data/esd-emo-grpo/valid/samp_4/0008_000007_冷静.wav	/root/autodl-tmp/CosyVoice_dev/examples/libritts/cosyvoice2/data/esd-emo-grpo/valid/receive/0008_000007_冷静.wav
/root/autodl-tmp/CosyVoice_dev/examples/libritts/cosyvoice2/data/esd-emo-grpo/valid/samp_4/0008_000008_冷静.wav	/root/autodl-tmp/CosyVoice_dev/examples/libritts/cosyvoice2/data/esd-emo-grpo/valid/receive/0008_000008_冷静.wav
/root/autodl-tmp/CosyVoice_dev/examples/libritts/cosyvoice2/data/esd-emo-grpo/valid/samp_4/0008_000009_冷静.wav	/root/autodl-tmp/CosyVoice_dev/examples/libritts/cosyvoice2/data/esd-emo-grpo/valid/receive/0008_000009_冷静.wav
/root/autodl-tmp/CosyVoice_dev/examples/libritts/cosyvoice2/data/esd-emo-grpo/valid/samp_4/0008_000010_冷静.wav	/root/autodl-tmp/CosyVoice_dev/examples/libritts/cosyvoice2/data/esd-emo-grpo/valid/receive/0008_000010_冷静.wav
/root/autodl-tmp/CosyVoice_dev/examples/libritts/cosyvoice2/data/esd-emo-grpo/valid/samp_4/0008_000011_冷静.wav	/root/autodl-tmp/CosyVoice_dev/examples/libritts/cosyvoice2/data/esd-emo-grpo/valid/receive/0008_000011_冷静.wav
/root/autodl-tmp/CosyVoice_dev/examples/libritts/cosyvoice2/data/esd-emo-grpo/valid/samp_4/0008_000012_冷静.wav	/root/autodl-tmp/CosyVoice_dev/examples/libritts/cosyvoice2/data/esd-emo-grpo/valid/receive/0008_000012_冷静.wav
/root/autodl-tmp/CosyVoice_dev/examples/libritts/cosyvoice2/data/esd-emo-grpo/valid/samp_4/0008_000013_冷静.wav	/root/autodl-tmp/CosyVoice_dev/examples/libritts/cosyvoice2/data/esd-emo-grpo/valid/receive/0008_000013_冷静.wav
/root/autodl-tmp/CosyVoice_dev/examples/libritts/cosyvoice2/data/esd-emo-grpo/valid/samp_4/0008_000014_冷静.wav	/root/autodl-tmp/CosyVoice_dev/examples/libritts/cosyvoice2/data/esd-emo-grpo/valid/receive/0008_000014_冷静.wav
/root/autodl-tmp/CosyVoice_dev/examples/libritts/cosyvoice2/data/esd-emo-grpo/valid/samp_4/0008_000015_冷静.wav	/root/autodl-tmp/CosyVoice_dev/examples/libritts/cosyvoice2/data/esd-emo-grpo/valid/receive/0008_000015_冷静.wav
/root/autodl-tmp/CosyVoice_dev/examples/libritts/cosyvoice2/data/esd-emo-grpo/valid/samp_4/0008_000016_冷静.wav	/root/autodl-tmp/CosyVoice_dev/examples/libritts/cosyvoice2/data/esd-emo-grpo/valid/receive/0008_000016_冷静.wav
/root/autodl-tmp/CosyVoice_dev/examples/libritts/cosyvoice2/data/esd-emo-grpo/valid/samp_4/0008_000017_冷静.wav	/root/autodl-tmp/CosyVoice_dev/examples/libritts/cosyvoice2/data/esd-emo-grpo/valid/receive/0008_000017_冷静.wav
/root/autodl-tmp/CosyVoice_dev/examples/libritts/cosyvoice2/data/esd-emo-grpo/valid/samp_4/0008_000018_冷静.wav	/root/autodl-tmp/CosyVoice_dev/examples/libritts/cosyvoice2/data/esd-emo-grpo/valid/receive/0008_000018_冷静.wav
/root/autodl-tmp/CosyVoice_dev/examples/libritts/cosyvoice2/data/esd-emo-grpo/valid/samp_4/0008_000019_冷静.wav	/root/autodl-tmp/CosyVoice_dev/examples/libritts/cosyvoice2/data/esd-emo-grpo/valid/receive/0008_000019_冷静.wav
/root/autodl-tmp/CosyVoice_dev/examples/libritts/cosyvoice2/data/esd-emo-grpo/valid/samp_4/0008_000020_冷静.wav	/root/autodl-tmp/CosyVoice_dev/examples/libritts/cosyvoice2/data/esd-emo-grpo/valid/receive/0008_000020_冷静.wav
/root/autodl-tmp/CosyVoice_dev/examples/libritts/cosyvoice2/data/esd-emo-grpo/valid/samp_4/0008_000351_生气.wav	/root/autodl-tmp/CosyVoice_dev/examples/libritts/cosyvoice2/data/esd-emo-grpo/valid/receive/0008_000351_生气.wav
/root/autodl-tmp/CosyVoice_dev/examples/libritts/cosyvoice2/data/esd-emo-grpo/valid/samp_4/0008_000352_生气.wav	/root/autodl-tmp/CosyVoice_dev/examples/libritts/cosyvoice2/data/esd-emo-grpo/valid/receive/0008_000352_生气.wav
/root/autodl-tmp/CosyVoice_dev/examples/libritts/cosyvoice2/data/esd-emo-grpo/valid/samp_4/0008_000353_生气.wav	/root/autodl-tmp/CosyVoice_dev/examples/libritts/cosyvoice2/data/esd-emo-grpo/valid/receive/0008_000353_生气.wav
/root/autodl-tmp/CosyVoice_dev/examples/libritts/cosyvoice2/data/esd-emo-grpo/valid/samp_4/0008_000354_生气.wav	/root/autodl-tmp/CosyVoice_dev/examples/libritts/cosyvoice2/data/esd-emo-grpo/valid/receive/0008_000354_生气.wav
/root/autodl-tmp/CosyVoice_dev/examples/libritts/cosyvoice2/data/esd-emo-grpo/valid/samp_4/0008_000355_生气.wav	/root/autodl-tmp/CosyVoice_dev/examples/libritts/cosyvoice2/data/esd-emo-grpo/valid/receive/0008_000355_生气.wav
/root/autodl-tmp/CosyVoice_dev/examples/libritts/cosyvoice2/data/esd-emo-grpo/valid/samp_4/0008_000356_生气.wav	/root/autodl-tmp/CosyVoice_dev/examples/libritts/cosyvoice2/data/esd-emo-grpo/valid/receive/0008_000356_生气.wav
/root/autodl-tmp/CosyVoice_dev/examples/libritts/cosyvoice2/data/esd-emo-grpo/valid/samp_4/0008_000357_生气.wav	/root/autodl-tmp/CosyVoice_dev/examples/libritts/cosyvoice2/data/esd-emo-grpo/valid/receive/0008_000357_生气.wav
/root/autodl-tmp/CosyVoice_dev/examples/libritts/cosyvoice2/data/esd-emo-grpo/valid/samp_4/0008_000358_生气.wav	/root/autodl-tmp/CosyVoice_dev/examples/libritts/cosyvoice2/data/esd-emo-grpo/valid/receive/0008_000358_生气.wav
/root/autodl-tmp/CosyVoice_dev/examples/libritts/cosyvoice2/data/esd-emo-grpo/valid/samp_4/0008_000359_生气.wav	/root/autodl-tmp/CosyVoice_dev/examples/libritts/cosyvoice2/data/esd-emo-grpo/valid/receive/0008_000359_生气.wav
/root/autodl-tmp/CosyVoice_dev/examples/libritts/cosyvoice2/data/esd-emo-grpo/valid/samp_4/0008_000360_生气.wav	/root/autodl-tmp/CosyVoice_dev/examples/libritts/cosyvoice2/data/esd-emo-grpo/valid/receive/0008_000360_生气.wav
/root/autodl-tmp/CosyVoice_dev/examples/libritts/cosyvoice2/data/esd-emo-grpo/valid/samp_4/0008_000361_生气.wav	/root/autodl-tmp/CosyVoice_dev/examples/libritts/cosyvoice2/data/esd-emo-grpo/valid/receive/0008_000361_生气.wav
/root/autodl-tmp/CosyVoice_dev/examples/libritts/cosyvoice2/data/esd-emo-grpo/valid/samp_4/0008_000362_生气.wav	/root/autodl-tmp/CosyVoice_dev/examples/libritts/cosyvoice2/data/esd-emo-grpo/valid/receive/0008_000362_生气.wav
/root/autodl-tmp/CosyVoice_dev/examples/libritts/cosyvoice2/data/esd-emo-grpo/valid/samp_4/0008_000363_生气.wav	/root/autodl-tmp/CosyVoice_dev/examples/libritts/cosyvoice2/data/esd-emo-grpo/valid/receive/0008_000363_生气.wav
/root/autodl-tmp/CosyVoice_dev/examples/libritts/cosyvoice2/data/esd-emo-grpo/valid/samp_4/0008_000364_生气.wav	/root/autodl-tmp/CosyVoice_dev/examples/libritts/cosyvoice2/data/esd-emo-grpo/valid/receive/0008_000364_生气.wav
/root/autodl-tmp/CosyVoice_dev/examples/libritts/cosyvoice2/data/esd-emo-grpo/valid/samp_4/0008_000365_生气.wav	/root/autodl-tmp/CosyVoice_dev/examples/libritts/cosyvoice2/data/esd-emo-grpo/valid/receive/0008_000365_生气.wav
/root/autodl-tmp/CosyVoice_dev/examples/libritts/cosyvoice2/data/esd-emo-grpo/valid/samp_4/0008_000366_生气.wav	/root/autodl-tmp/CosyVoice_dev/examples/libritts/cosyvoice2/data/esd-emo-grpo/valid/receive/0008_000366_生气.wav
/root/autodl-tmp/CosyVoice_dev/examples/libritts/cosyvoice2/data/esd-emo-grpo/valid/samp_4/0008_000367_生气.wav	/root/autodl-tmp/CosyVoice_dev/examples/libritts/cosyvoice2/data/esd-emo-grpo/valid/receive/0008_000367_生气.wav
/root/autodl-tmp/CosyVoice_dev/examples/libritts/cosyvoice2/data/esd-emo-grpo/valid/samp_4/0008_000368_生气.wav	/root/autodl-tmp/CosyVoice_dev/examples/libritts/cosyvoice2/data/esd-emo-grpo/valid/receive/0008_000368_生气.wav
/root/autodl-tmp/CosyVoice_dev/examples/libritts/cosyvoice2/data/esd-emo-grpo/valid/samp_4/0008_000369_生气.wav	/root/autodl-tmp/CosyVoice_dev/examples/libritts/cosyvoice2/data/esd-emo-grpo/valid/receive/0008_000369_生气.wav
/root/autodl-tmp/CosyVoice_dev/examples/libritts/cosyvoice2/data/esd-emo-grpo/valid/samp_4/0008_000370_生气.wav	/root/autodl-tmp/CosyVoice_dev/examples/libritts/cosyvoice2/data/esd-emo-grpo/valid/receive/0008_000370_生气.wav
/root/autodl-tmp/CosyVoice_dev/examples/libritts/cosyvoice2/data/esd-emo-grpo/valid/samp_4/0009_000701_快乐.wav	/root/autodl-tmp/CosyVoice_dev/examples/libritts/cosyvoice2/data/esd-emo-grpo/valid/receive/0009_000701_快乐.wav
/root/autodl-tmp/CosyVoice_dev/examples/libritts/cosyvoice2/data/esd-emo-grpo/valid/samp_4/0009_000702_快乐.wav	/root/autodl-tmp/CosyVoice_dev/examples/libritts/cosyvoice2/data/esd-emo-grpo/valid/receive/0009_000702_快乐.wav
/root/autodl-tmp/CosyVoice_dev/examples/libritts/cosyvoice2/data/esd-emo-grpo/valid/samp_4/0009_000703_快乐.wav	/root/autodl-tmp/CosyVoice_dev/examples/libritts/cosyvoice2/data/esd-emo-grpo/valid/receive/0009_000703_快乐.wav
/root/autodl-tmp/CosyVoice_dev/examples/libritts/cosyvoice2/data/esd-emo-grpo/valid/samp_4/0009_000704_快乐.wav	/root/autodl-tmp/CosyVoice_dev/examples/libritts/cosyvoice2/data/esd-emo-grpo/valid/receive/0009_000704_快乐.wav
/root/autodl-tmp/CosyVoice_dev/examples/libritts/cosyvoice2/data/esd-emo-grpo/valid/samp_4/0009_000705_快乐.wav	/root/autodl-tmp/CosyVoice_dev/examples/libritts/cosyvoice2/data/esd-emo-grpo/valid/receive/0009_000705_快乐.wav
/root/autodl-tmp/CosyVoice_dev/examples/libritts/cosyvoice2/data/esd-emo-grpo/valid/samp_4/0009_000706_快乐.wav	/root/autodl-tmp/CosyVoice_dev/examples/libritts/cosyvoice2/data/esd-emo-grpo/valid/receive/0009_000706_快乐.wav
/root/autodl-tmp/CosyVoice_dev/examples/libritts/cosyvoice2/data/esd-emo-grpo/valid/samp_4/0009_000707_快乐.wav	/root/autodl-tmp/CosyVoice_dev/examples/libritts/cosyvoice2/data/esd-emo-grpo/valid/receive/0009_000707_快乐.wav
/root/autodl-tmp/CosyVoice_dev/examples/libritts/cosyvoice2/data/esd-emo-grpo/valid/samp_4/0009_000708_快乐.wav	/root/autodl-tmp/CosyVoice_dev/examples/libritts/cosyvoice2/data/esd-emo-grpo/valid/receive/0009_000708_快乐.wav
/root/autodl-tmp/CosyVoice_dev/examples/libritts/cosyvoice2/data/esd-emo-grpo/valid/samp_4/0009_000709_快乐.wav	/root/autodl-tmp/CosyVoice_dev/examples/libritts/cosyvoice2/data/esd-emo-grpo/valid/receive/0009_000709_快乐.wav
/root/autodl-tmp/CosyVoice_dev/examples/libritts/cosyvoice2/data/esd-emo-grpo/valid/samp_4/0009_000710_快乐.wav	/root/autodl-tmp/CosyVoice_dev/examples/libritts/cosyvoice2/data/esd-emo-grpo/valid/receive/0009_000710_快乐.wav
/root/autodl-tmp/CosyVoice_dev/examples/libritts/cosyvoice2/data/esd-emo-grpo/valid/samp_4/0009_000711_快乐.wav	/root/autodl-tmp/CosyVoice_dev/examples/libritts/cosyvoice2/data/esd-emo-grpo/valid/receive/0009_000711_快乐.wav
/root/autodl-tmp/CosyVoice_dev/examples/libritts/cosyvoice2/data/esd-emo-grpo/valid/samp_4/0009_000712_快乐.wav	/root/autodl-tmp/CosyVoice_dev/examples/libritts/cosyvoice2/data/esd-emo-grpo/valid/receive/0009_000712_快乐.wav
/root/autodl-tmp/CosyVoice_dev/examples/libritts/cosyvoice2/data/esd-emo-grpo/valid/samp_4/0009_000713_快乐.wav	/root/autodl-tmp/CosyVoice_dev/examples/libritts/cosyvoice2/data/esd-emo-grpo/valid/receive/0009_000713_快乐.wav
/root/autodl-tmp/CosyVoice_dev/examples/libritts/cosyvoice2/data/esd-emo-grpo/valid/samp_4/0009_000714_快乐.wav	/root/autodl-tmp/CosyVoice_dev/examples/libritts/cosyvoice2/data/esd-emo-grpo/valid/receive/0009_000714_快乐.wav
/root/autodl-tmp/CosyVoice_dev/examples/libritts/cosyvoice2/data/esd-emo-grpo/valid/samp_4/0009_000715_快乐.wav	/root/autodl-tmp/CosyVoice_dev/examples/libritts/cosyvoice2/data/esd-emo-grpo/valid/receive/0009_000715_快乐.wav
/root/autodl-tmp/CosyVoice_dev/examples/libritts/cosyvoice2/data/esd-emo-grpo/valid/samp_4/0009_000716_快乐.wav	/root/autodl-tmp/CosyVoice_dev/examples/libritts/cosyvoice2/data/esd-emo-grpo/valid/receive/0009_000716_快乐.wav
/root/autodl-tmp/CosyVoice_dev/examples/libritts/cosyvoice2/data/esd-emo-grpo/valid/samp_4/0009_000717_快乐.wav	/root/autodl-tmp/CosyVoice_dev/examples/libritts/cosyvoice2/data/esd-emo-grpo/valid/receive/0009_000717_快乐.wav
/root/autodl-tmp/CosyVoice_dev/examples/libritts/cosyvoice2/data/esd-emo-grpo/valid/samp_4/0009_000718_快乐.wav	/root/autodl-tmp/CosyVoice_dev/examples/libritts/cosyvoice2/data/esd-emo-grpo/valid/receive/0009_000718_快乐.wav
/root/autodl-tmp/CosyVoice_dev/examples/libritts/cosyvoice2/data/esd-emo-grpo/valid/samp_4/0009_000719_快乐.wav	/root/autodl-tmp/CosyVoice_dev/examples/libritts/cosyvoice2/data/esd-emo-grpo/valid/receive/0009_000719_快乐.wav
/root/autodl-tmp/CosyVoice_dev/examples/libritts/cosyvoice2/data/esd-emo-grpo/valid/samp_4/0009_000720_快乐.wav	/root/autodl-tmp/CosyVoice_dev/examples/libritts/cosyvoice2/data/esd-emo-grpo/valid/receive/0009_000720_快乐.wav
/root/autodl-tmp/CosyVoice_dev/examples/libritts/cosyvoice2/data/esd-emo-grpo/valid/samp_4/0009_001051_伤心.wav	/root/autodl-tmp/CosyVoice_dev/examples/libritts/cosyvoice2/data/esd-emo-grpo/valid/receive/0009_001051_伤心.wav
/root/autodl-tmp/CosyVoice_dev/examples/libritts/cosyvoice2/data/esd-emo-grpo/valid/samp_4/0009_001052_伤心.wav	/root/autodl-tmp/CosyVoice_dev/examples/libritts/cosyvoice2/data/esd-emo-grpo/valid/receive/0009_001052_伤心.wav
/root/autodl-tmp/CosyVoice_dev/examples/libritts/cosyvoice2/data/esd-emo-grpo/valid/samp_4/0009_001053_伤心.wav	/root/autodl-tmp/CosyVoice_dev/examples/libritts/cosyvoice2/data/esd-emo-grpo/valid/receive/0009_001053_伤心.wav
/root/autodl-tmp/CosyVoice_dev/examples/libritts/cosyvoice2/data/esd-emo-grpo/valid/samp_4/0009_001054_伤心.wav	/root/autodl-tmp/CosyVoice_dev/examples/libritts/cosyvoice2/data/esd-emo-grpo/valid/receive/0009_001054_伤心.wav
/root/autodl-tmp/CosyVoice_dev/examples/libritts/cosyvoice2/data/esd-emo-grpo/valid/samp_4/0009_001055_伤心.wav	/root/autodl-tmp/CosyVoice_dev/examples/libritts/cosyvoice2/data/esd-emo-grpo/valid/receive/0009_001055_伤心.wav
/root/autodl-tmp/CosyVoice_dev/examples/libritts/cosyvoice2/data/esd-emo-grpo/valid/samp_4/0009_001056_伤心.wav	/root/autodl-tmp/CosyVoice_dev/examples/libritts/cosyvoice2/data/esd-emo-grpo/valid/receive/0009_001056_伤心.wav
/root/autodl-tmp/CosyVoice_dev/examples/libritts/cosyvoice2/data/esd-emo-grpo/valid/samp_4/0009_001057_伤心.wav	/root/autodl-tmp/CosyVoice_dev/examples/libritts/cosyvoice2/data/esd-emo-grpo/valid/receive/0009_001057_伤心.wav
/root/autodl-tmp/CosyVoice_dev/examples/libritts/cosyvoice2/data/esd-emo-grpo/valid/samp_4/0009_001058_伤心.wav	/root/autodl-tmp/CosyVoice_dev/examples/libritts/cosyvoice2/data/esd-emo-grpo/valid/receive/0009_001058_伤心.wav
/root/autodl-tmp/CosyVoice_dev/examples/libritts/cosyvoice2/data/esd-emo-grpo/valid/samp_4/0009_001059_伤心.wav	/root/autodl-tmp/CosyVoice_dev/examples/libritts/cosyvoice2/data/esd-emo-grpo/valid/receive/0009_001059_伤心.wav
/root/autodl-tmp/CosyVoice_dev/examples/libritts/cosyvoice2/data/esd-emo-grpo/valid/samp_4/0009_001060_伤心.wav	/root/autodl-tmp/CosyVoice_dev/examples/libritts/cosyvoice2/data/esd-emo-grpo/valid/receive/0009_001060_伤心.wav
/root/autodl-tmp/CosyVoice_dev/examples/libritts/cosyvoice2/data/esd-emo-grpo/valid/samp_4/0009_001061_伤心.wav	/root/autodl-tmp/CosyVoice_dev/examples/libritts/cosyvoice2/data/esd-emo-grpo/valid/receive/0009_001061_伤心.wav
/root/autodl-tmp/CosyVoice_dev/examples/libritts/cosyvoice2/data/esd-emo-grpo/valid/samp_4/0009_001062_伤心.wav	/root/autodl-tmp/CosyVoice_dev/examples/libritts/cosyvoice2/data/esd-emo-grpo/valid/receive/0009_001062_伤心.wav
/root/autodl-tmp/CosyVoice_dev/examples/libritts/cosyvoice2/data/esd-emo-grpo/valid/samp_4/0009_001063_伤心.wav	/root/autodl-tmp/CosyVoice_dev/examples/libritts/cosyvoice2/data/esd-emo-grpo/valid/receive/0009_001063_伤心.wav
/root/autodl-tmp/CosyVoice_dev/examples/libritts/cosyvoice2/data/esd-emo-grpo/valid/samp_4/0009_001064_伤心.wav	/root/autodl-tmp/CosyVoice_dev/examples/libritts/cosyvoice2/data/esd-emo-grpo/valid/receive/0009_001064_伤心.wav
/root/autodl-tmp/CosyVoice_dev/examples/libritts/cosyvoice2/data/esd-emo-grpo/valid/samp_4/0009_001065_伤心.wav	/root/autodl-tmp/CosyVoice_dev/examples/libritts/cosyvoice2/data/esd-emo-grpo/valid/receive/0009_001065_伤心.wav
/root/autodl-tmp/CosyVoice_dev/examples/libritts/cosyvoice2/data/esd-emo-grpo/valid/samp_4/0009_001066_伤心.wav	/root/autodl-tmp/CosyVoice_dev/examples/libritts/cosyvoice2/data/esd-emo-grpo/valid/receive/0009_001066_伤心.wav
/root/autodl-tmp/CosyVoice_dev/examples/libritts/cosyvoice2/data/esd-emo-grpo/valid/samp_4/0009_001067_伤心.wav	/root/autodl-tmp/CosyVoice_dev/examples/libritts/cosyvoice2/data/esd-emo-grpo/valid/receive/0009_001067_伤心.wav
/root/autodl-tmp/CosyVoice_dev/examples/libritts/cosyvoice2/data/esd-emo-grpo/valid/samp_4/0009_001068_伤心.wav	/root/autodl-tmp/CosyVoice_dev/examples/libritts/cosyvoice2/data/esd-emo-grpo/valid/receive/0009_001068_伤心.wav
/root/autodl-tmp/CosyVoice_dev/examples/libritts/cosyvoice2/data/esd-emo-grpo/valid/samp_4/0009_001069_伤心.wav	/root/autodl-tmp/CosyVoice_dev/examples/libritts/cosyvoice2/data/esd-emo-grpo/valid/receive/0009_001069_伤心.wav
/root/autodl-tmp/CosyVoice_dev/examples/libritts/cosyvoice2/data/esd-emo-grpo/valid/samp_4/0009_001070_伤心.wav	/root/autodl-tmp/CosyVoice_dev/examples/libritts/cosyvoice2/data/esd-emo-grpo/valid/receive/0009_001070_伤心.wav
/root/autodl-tmp/CosyVoice_dev/examples/libritts/cosyvoice2/data/esd-emo-grpo/valid/samp_4/0009_001401_惊喜.wav	/root/autodl-tmp/CosyVoice_dev/examples/libritts/cosyvoice2/data/esd-emo-grpo/valid/receive/0009_001401_惊喜.wav
/root/autodl-tmp/CosyVoice_dev/examples/libritts/cosyvoice2/data/esd-emo-grpo/valid/samp_4/0009_001402_惊喜.wav	/root/autodl-tmp/CosyVoice_dev/examples/libritts/cosyvoice2/data/esd-emo-grpo/valid/receive/0009_001402_惊喜.wav
/root/autodl-tmp/CosyVoice_dev/examples/libritts/cosyvoice2/data/esd-emo-grpo/valid/samp_4/0009_001403_惊喜.wav	/root/autodl-tmp/CosyVoice_dev/examples/libritts/cosyvoice2/data/esd-emo-grpo/valid/receive/0009_001403_惊喜.wav
/root/autodl-tmp/CosyVoice_dev/examples/libritts/cosyvoice2/data/esd-emo-grpo/valid/samp_4/0009_001404_惊喜.wav	/root/autodl-tmp/CosyVoice_dev/examples/libritts/cosyvoice2/data/esd-emo-grpo/valid/receive/0009_001404_惊喜.wav
/root/autodl-tmp/CosyVoice_dev/examples/libritts/cosyvoice2/data/esd-emo-grpo/valid/samp_4/0009_001405_惊喜.wav	/root/autodl-tmp/CosyVoice_dev/examples/libritts/cosyvoice2/data/esd-emo-grpo/valid/receive/0009_001405_惊喜.wav
/root/autodl-tmp/CosyVoice_dev/examples/libritts/cosyvoice2/data/esd-emo-grpo/valid/samp_4/0009_001406_惊喜.wav	/root/autodl-tmp/CosyVoice_dev/examples/libritts/cosyvoice2/data/esd-emo-grpo/valid/receive/0009_001406_惊喜.wav
/root/autodl-tmp/CosyVoice_dev/examples/libritts/cosyvoice2/data/esd-emo-grpo/valid/samp_4/0009_001407_惊喜.wav	/root/autodl-tmp/CosyVoice_dev/examples/libritts/cosyvoice2/data/esd-emo-grpo/valid/receive/0009_001407_惊喜.wav
/root/autodl-tmp/CosyVoice_dev/examples/libritts/cosyvoice2/data/esd-emo-grpo/valid/samp_4/0009_001408_惊喜.wav	/root/autodl-tmp/CosyVoice_dev/examples/libritts/cosyvoice2/data/esd-emo-grpo/valid/receive/0009_001408_惊喜.wav
/root/autodl-tmp/CosyVoice_dev/examples/libritts/cosyvoice2/data/esd-emo-grpo/valid/samp_4/0009_001409_惊喜.wav	/root/autodl-tmp/CosyVoice_dev/examples/libritts/cosyvoice2/data/esd-emo-grpo/valid/receive/0009_001409_惊喜.wav
/root/autodl-tmp/CosyVoice_dev/examples/libritts/cosyvoice2/data/esd-emo-grpo/valid/samp_4/0009_001410_惊喜.wav	/root/autodl-tmp/CosyVoice_dev/examples/libritts/cosyvoice2/data/esd-emo-grpo/valid/receive/0009_001410_惊喜.wav
/root/autodl-tmp/CosyVoice_dev/examples/libritts/cosyvoice2/data/esd-emo-grpo/valid/samp_4/0009_001411_惊喜.wav	/root/autodl-tmp/CosyVoice_dev/examples/libritts/cosyvoice2/data/esd-emo-grpo/valid/receive/0009_001411_惊喜.wav
/root/autodl-tmp/CosyVoice_dev/examples/libritts/cosyvoice2/data/esd-emo-grpo/valid/samp_4/0009_001412_惊喜.wav	/root/autodl-tmp/CosyVoice_dev/examples/libritts/cosyvoice2/data/esd-emo-grpo/valid/receive/0009_001412_惊喜.wav
/root/autodl-tmp/CosyVoice_dev/examples/libritts/cosyvoice2/data/esd-emo-grpo/valid/samp_4/0009_001413_惊喜.wav	/root/autodl-tmp/CosyVoice_dev/examples/libritts/cosyvoice2/data/esd-emo-grpo/valid/receive/0009_001413_惊喜.wav
/root/autodl-tmp/CosyVoice_dev/examples/libritts/cosyvoice2/data/esd-emo-grpo/valid/samp_4/0009_001414_惊喜.wav	/root/autodl-tmp/CosyVoice_dev/examples/libritts/cosyvoice2/data/esd-emo-grpo/valid/receive/0009_001414_惊喜.wav
/root/autodl-tmp/CosyVoice_dev/examples/libritts/cosyvoice2/data/esd-emo-grpo/valid/samp_4/0009_001415_惊喜.wav	/root/autodl-tmp/CosyVoice_dev/examples/libritts/cosyvoice2/data/esd-emo-grpo/valid/receive/0009_001415_惊喜.wav
/root/autodl-tmp/CosyVoice_dev/examples/libritts/cosyvoice2/data/esd-emo-grpo/valid/samp_4/0009_001416_惊喜.wav	/root/autodl-tmp/CosyVoice_dev/examples/libritts/cosyvoice2/data/esd-emo-grpo/valid/receive/0009_001416_惊喜.wav
/root/autodl-tmp/CosyVoice_dev/examples/libritts/cosyvoice2/data/esd-emo-grpo/valid/samp_4/0009_001417_惊喜.wav	/root/autodl-tmp/CosyVoice_dev/examples/libritts/cosyvoice2/data/esd-emo-grpo/valid/receive/0009_001417_惊喜.wav
/root/autodl-tmp/CosyVoice_dev/examples/libritts/cosyvoice2/data/esd-emo-grpo/valid/samp_4/0009_001418_惊喜.wav	/root/autodl-tmp/CosyVoice_dev/examples/libritts/cosyvoice2/data/esd-emo-grpo/valid/receive/0009_001418_惊喜.wav
/root/autodl-tmp/CosyVoice_dev/examples/libritts/cosyvoice2/data/esd-emo-grpo/valid/samp_4/0009_001419_惊喜.wav	/root/autodl-tmp/CosyVoice_dev/examples/libritts/cosyvoice2/data/esd-emo-grpo/valid/receive/0009_001419_惊喜.wav
/root/autodl-tmp/CosyVoice_dev/examples/libritts/cosyvoice2/data/esd-emo-grpo/valid/samp_4/0009_001420_惊喜.wav	/root/autodl-tmp/CosyVoice_dev/examples/libritts/cosyvoice2/data/esd-emo-grpo/valid/receive/0009_001420_惊喜.wav
/root/autodl-tmp/CosyVoice_dev/examples/libritts/cosyvoice2/data/esd-emo-grpo/valid/samp_4/0009_000001_冷静.wav	/root/autodl-tmp/CosyVoice_dev/examples/libritts/cosyvoice2/data/esd-emo-grpo/valid/receive/0009_000001_冷静.wav
/root/autodl-tmp/CosyVoice_dev/examples/libritts/cosyvoice2/data/esd-emo-grpo/valid/samp_4/0009_000002_冷静.wav	/root/autodl-tmp/CosyVoice_dev/examples/libritts/cosyvoice2/data/esd-emo-grpo/valid/receive/0009_000002_冷静.wav
/root/autodl-tmp/CosyVoice_dev/examples/libritts/cosyvoice2/data/esd-emo-grpo/valid/samp_4/0009_000003_冷静.wav	/root/autodl-tmp/CosyVoice_dev/examples/libritts/cosyvoice2/data/esd-emo-grpo/valid/receive/0009_000003_冷静.wav
/root/autodl-tmp/CosyVoice_dev/examples/libritts/cosyvoice2/data/esd-emo-grpo/valid/samp_4/0009_000004_冷静.wav	/root/autodl-tmp/CosyVoice_dev/examples/libritts/cosyvoice2/data/esd-emo-grpo/valid/receive/0009_000004_冷静.wav
/root/autodl-tmp/CosyVoice_dev/examples/libritts/cosyvoice2/data/esd-emo-grpo/valid/samp_4/0009_000005_冷静.wav	/root/autodl-tmp/CosyVoice_dev/examples/libritts/cosyvoice2/data/esd-emo-grpo/valid/receive/0009_000005_冷静.wav
/root/autodl-tmp/CosyVoice_dev/examples/libritts/cosyvoice2/data/esd-emo-grpo/valid/samp_4/0009_000006_冷静.wav	/root/autodl-tmp/CosyVoice_dev/examples/libritts/cosyvoice2/data/esd-emo-grpo/valid/receive/0009_000006_冷静.wav
/root/autodl-tmp/CosyVoice_dev/examples/libritts/cosyvoice2/data/esd-emo-grpo/valid/samp_4/0009_000007_冷静.wav	/root/autodl-tmp/CosyVoice_dev/examples/libritts/cosyvoice2/data/esd-emo-grpo/valid/receive/0009_000007_冷静.wav
/root/autodl-tmp/CosyVoice_dev/examples/libritts/cosyvoice2/data/esd-emo-grpo/valid/samp_4/0009_000008_冷静.wav	/root/autodl-tmp/CosyVoice_dev/examples/libritts/cosyvoice2/data/esd-emo-grpo/valid/receive/0009_000008_冷静.wav
/root/autodl-tmp/CosyVoice_dev/examples/libritts/cosyvoice2/data/esd-emo-grpo/valid/samp_4/0009_000009_冷静.wav	/root/autodl-tmp/CosyVoice_dev/examples/libritts/cosyvoice2/data/esd-emo-grpo/valid/receive/0009_000009_冷静.wav
/root/autodl-tmp/CosyVoice_dev/examples/libritts/cosyvoice2/data/esd-emo-grpo/valid/samp_4/0009_000010_冷静.wav	/root/autodl-tmp/CosyVoice_dev/examples/libritts/cosyvoice2/data/esd-emo-grpo/valid/receive/0009_000010_冷静.wav
/root/autodl-tmp/CosyVoice_dev/examples/libritts/cosyvoice2/data/esd-emo-grpo/valid/samp_4/0009_000011_冷静.wav	/root/autodl-tmp/CosyVoice_dev/examples/libritts/cosyvoice2/data/esd-emo-grpo/valid/receive/0009_000011_冷静.wav
/root/autodl-tmp/CosyVoice_dev/examples/libritts/cosyvoice2/data/esd-emo-grpo/valid/samp_4/0009_000012_冷静.wav	/root/autodl-tmp/CosyVoice_dev/examples/libritts/cosyvoice2/data/esd-emo-grpo/valid/receive/0009_000012_冷静.wav
/root/autodl-tmp/CosyVoice_dev/examples/libritts/cosyvoice2/data/esd-emo-grpo/valid/samp_4/0009_000013_冷静.wav	/root/autodl-tmp/CosyVoice_dev/examples/libritts/cosyvoice2/data/esd-emo-grpo/valid/receive/0009_000013_冷静.wav
/root/autodl-tmp/CosyVoice_dev/examples/libritts/cosyvoice2/data/esd-emo-grpo/valid/samp_4/0009_000014_冷静.wav	/root/autodl-tmp/CosyVoice_dev/examples/libritts/cosyvoice2/data/esd-emo-grpo/valid/receive/0009_000014_冷静.wav
/root/autodl-tmp/CosyVoice_dev/examples/libritts/cosyvoice2/data/esd-emo-grpo/valid/samp_4/0009_000015_冷静.wav	/root/autodl-tmp/CosyVoice_dev/examples/libritts/cosyvoice2/data/esd-emo-grpo/valid/receive/0009_000015_冷静.wav
/root/autodl-tmp/CosyVoice_dev/examples/libritts/cosyvoice2/data/esd-emo-grpo/valid/samp_4/0009_000016_冷静.wav	/root/autodl-tmp/CosyVoice_dev/examples/libritts/cosyvoice2/data/esd-emo-grpo/valid/receive/0009_000016_冷静.wav
/root/autodl-tmp/CosyVoice_dev/examples/libritts/cosyvoice2/data/esd-emo-grpo/valid/samp_4/0009_000017_冷静.wav	/root/autodl-tmp/CosyVoice_dev/examples/libritts/cosyvoice2/data/esd-emo-grpo/valid/receive/0009_000017_冷静.wav
/root/autodl-tmp/CosyVoice_dev/examples/libritts/cosyvoice2/data/esd-emo-grpo/valid/samp_4/0009_000018_冷静.wav	/root/autodl-tmp/CosyVoice_dev/examples/libritts/cosyvoice2/data/esd-emo-grpo/valid/receive/0009_000018_冷静.wav
/root/autodl-tmp/CosyVoice_dev/examples/libritts/cosyvoice2/data/esd-emo-grpo/valid/samp_4/0009_000019_冷静.wav	/root/autodl-tmp/CosyVoice_dev/examples/libritts/cosyvoice2/data/esd-emo-grpo/valid/receive/0009_000019_冷静.wav
/root/autodl-tmp/CosyVoice_dev/examples/libritts/cosyvoice2/data/esd-emo-grpo/valid/samp_4/0009_000020_冷静.wav	/root/autodl-tmp/CosyVoice_dev/examples/libritts/cosyvoice2/data/esd-emo-grpo/valid/receive/0009_000020_冷静.wav
/root/autodl-tmp/CosyVoice_dev/examples/libritts/cosyvoice2/data/esd-emo-grpo/valid/samp_4/0009_000351_生气.wav	/root/autodl-tmp/CosyVoice_dev/examples/libritts/cosyvoice2/data/esd-emo-grpo/valid/receive/0009_000351_生气.wav
/root/autodl-tmp/CosyVoice_dev/examples/libritts/cosyvoice2/data/esd-emo-grpo/valid/samp_4/0009_000352_生气.wav	/root/autodl-tmp/CosyVoice_dev/examples/libritts/cosyvoice2/data/esd-emo-grpo/valid/receive/0009_000352_生气.wav
/root/autodl-tmp/CosyVoice_dev/examples/libritts/cosyvoice2/data/esd-emo-grpo/valid/samp_4/0009_000353_生气.wav	/root/autodl-tmp/CosyVoice_dev/examples/libritts/cosyvoice2/data/esd-emo-grpo/valid/receive/0009_000353_生气.wav
/root/autodl-tmp/CosyVoice_dev/examples/libritts/cosyvoice2/data/esd-emo-grpo/valid/samp_4/0009_000354_生气.wav	/root/autodl-tmp/CosyVoice_dev/examples/libritts/cosyvoice2/data/esd-emo-grpo/valid/receive/0009_000354_生气.wav
/root/autodl-tmp/CosyVoice_dev/examples/libritts/cosyvoice2/data/esd-emo-grpo/valid/samp_4/0009_000355_生气.wav	/root/autodl-tmp/CosyVoice_dev/examples/libritts/cosyvoice2/data/esd-emo-grpo/valid/receive/0009_000355_生气.wav
/root/autodl-tmp/CosyVoice_dev/examples/libritts/cosyvoice2/data/esd-emo-grpo/valid/samp_4/0009_000356_生气.wav	/root/autodl-tmp/CosyVoice_dev/examples/libritts/cosyvoice2/data/esd-emo-grpo/valid/receive/0009_000356_生气.wav
/root/autodl-tmp/CosyVoice_dev/examples/libritts/cosyvoice2/data/esd-emo-grpo/valid/samp_4/0009_000357_生气.wav	/root/autodl-tmp/CosyVoice_dev/examples/libritts/cosyvoice2/data/esd-emo-grpo/valid/receive/0009_000357_生气.wav
/root/autodl-tmp/CosyVoice_dev/examples/libritts/cosyvoice2/data/esd-emo-grpo/valid/samp_4/0009_000358_生气.wav	/root/autodl-tmp/CosyVoice_dev/examples/libritts/cosyvoice2/data/esd-emo-grpo/valid/receive/0009_000358_生气.wav
/root/autodl-tmp/CosyVoice_dev/examples/libritts/cosyvoice2/data/esd-emo-grpo/valid/samp_4/0009_000359_生气.wav	/root/autodl-tmp/CosyVoice_dev/examples/libritts/cosyvoice2/data/esd-emo-grpo/valid/receive/0009_000359_生气.wav
/root/autodl-tmp/CosyVoice_dev/examples/libritts/cosyvoice2/data/esd-emo-grpo/valid/samp_4/0009_000360_生气.wav	/root/autodl-tmp/CosyVoice_dev/examples/libritts/cosyvoice2/data/esd-emo-grpo/valid/receive/0009_000360_生气.wav
/root/autodl-tmp/CosyVoice_dev/examples/libritts/cosyvoice2/data/esd-emo-grpo/valid/samp_4/0009_000361_生气.wav	/root/autodl-tmp/CosyVoice_dev/examples/libritts/cosyvoice2/data/esd-emo-grpo/valid/receive/0009_000361_生气.wav
/root/autodl-tmp/CosyVoice_dev/examples/libritts/cosyvoice2/data/esd-emo-grpo/valid/samp_4/0009_000362_生气.wav	/root/autodl-tmp/CosyVoice_dev/examples/libritts/cosyvoice2/data/esd-emo-grpo/valid/receive/0009_000362_生气.wav
/root/autodl-tmp/CosyVoice_dev/examples/libritts/cosyvoice2/data/esd-emo-grpo/valid/samp_4/0009_000363_生气.wav	/root/autodl-tmp/CosyVoice_dev/examples/libritts/cosyvoice2/data/esd-emo-grpo/valid/receive/0009_000363_生气.wav
/root/autodl-tmp/CosyVoice_dev/examples/libritts/cosyvoice2/data/esd-emo-grpo/valid/samp_4/0009_000364_生气.wav	/root/autodl-tmp/CosyVoice_dev/examples/libritts/cosyvoice2/data/esd-emo-grpo/valid/receive/0009_000364_生气.wav
/root/autodl-tmp/CosyVoice_dev/examples/libritts/cosyvoice2/data/esd-emo-grpo/valid/samp_4/0009_000365_生气.wav	/root/autodl-tmp/CosyVoice_dev/examples/libritts/cosyvoice2/data/esd-emo-grpo/valid/receive/0009_000365_生气.wav
/root/autodl-tmp/CosyVoice_dev/examples/libritts/cosyvoice2/data/esd-emo-grpo/valid/samp_4/0009_000366_生气.wav	/root/autodl-tmp/CosyVoice_dev/examples/libritts/cosyvoice2/data/esd-emo-grpo/valid/receive/0009_000366_生气.wav
/root/autodl-tmp/CosyVoice_dev/examples/libritts/cosyvoice2/data/esd-emo-grpo/valid/samp_4/0009_000367_生气.wav	/root/autodl-tmp/CosyVoice_dev/examples/libritts/cosyvoice2/data/esd-emo-grpo/valid/receive/0009_000367_生气.wav
/root/autodl-tmp/CosyVoice_dev/examples/libritts/cosyvoice2/data/esd-emo-grpo/valid/samp_4/0009_000368_生气.wav	/root/autodl-tmp/CosyVoice_dev/examples/libritts/cosyvoice2/data/esd-emo-grpo/valid/receive/0009_000368_生气.wav
/root/autodl-tmp/CosyVoice_dev/examples/libritts/cosyvoice2/data/esd-emo-grpo/valid/samp_4/0009_000369_生气.wav	/root/autodl-tmp/CosyVoice_dev/examples/libritts/cosyvoice2/data/esd-emo-grpo/valid/receive/0009_000369_生气.wav
/root/autodl-tmp/CosyVoice_dev/examples/libritts/cosyvoice2/data/esd-emo-grpo/valid/samp_4/0009_000370_生气.wav	/root/autodl-tmp/CosyVoice_dev/examples/libritts/cosyvoice2/data/esd-emo-grpo/valid/receive/0009_000370_生气.wav
/root/autodl-tmp/CosyVoice_dev/examples/libritts/cosyvoice2/data/esd-emo-grpo/valid/samp_4/0010_000701_快乐.wav	/root/autodl-tmp/CosyVoice_dev/examples/libritts/cosyvoice2/data/esd-emo-grpo/valid/receive/0010_000701_快乐.wav
/root/autodl-tmp/CosyVoice_dev/examples/libritts/cosyvoice2/data/esd-emo-grpo/valid/samp_4/0010_000702_快乐.wav	/root/autodl-tmp/CosyVoice_dev/examples/libritts/cosyvoice2/data/esd-emo-grpo/valid/receive/0010_000702_快乐.wav
/root/autodl-tmp/CosyVoice_dev/examples/libritts/cosyvoice2/data/esd-emo-grpo/valid/samp_4/0010_000703_快乐.wav	/root/autodl-tmp/CosyVoice_dev/examples/libritts/cosyvoice2/data/esd-emo-grpo/valid/receive/0010_000703_快乐.wav
/root/autodl-tmp/CosyVoice_dev/examples/libritts/cosyvoice2/data/esd-emo-grpo/valid/samp_4/0010_000704_快乐.wav	/root/autodl-tmp/CosyVoice_dev/examples/libritts/cosyvoice2/data/esd-emo-grpo/valid/receive/0010_000704_快乐.wav
/root/autodl-tmp/CosyVoice_dev/examples/libritts/cosyvoice2/data/esd-emo-grpo/valid/samp_4/0010_000705_快乐.wav	/root/autodl-tmp/CosyVoice_dev/examples/libritts/cosyvoice2/data/esd-emo-grpo/valid/receive/0010_000705_快乐.wav
/root/autodl-tmp/CosyVoice_dev/examples/libritts/cosyvoice2/data/esd-emo-grpo/valid/samp_4/0010_000706_快乐.wav	/root/autodl-tmp/CosyVoice_dev/examples/libritts/cosyvoice2/data/esd-emo-grpo/valid/receive/0010_000706_快乐.wav
/root/autodl-tmp/CosyVoice_dev/examples/libritts/cosyvoice2/data/esd-emo-grpo/valid/samp_4/0010_000707_快乐.wav	/root/autodl-tmp/CosyVoice_dev/examples/libritts/cosyvoice2/data/esd-emo-grpo/valid/receive/0010_000707_快乐.wav
/root/autodl-tmp/CosyVoice_dev/examples/libritts/cosyvoice2/data/esd-emo-grpo/valid/samp_4/0010_000708_快乐.wav	/root/autodl-tmp/CosyVoice_dev/examples/libritts/cosyvoice2/data/esd-emo-grpo/valid/receive/0010_000708_快乐.wav
/root/autodl-tmp/CosyVoice_dev/examples/libritts/cosyvoice2/data/esd-emo-grpo/valid/samp_4/0010_000709_快乐.wav	/root/autodl-tmp/CosyVoice_dev/examples/libritts/cosyvoice2/data/esd-emo-grpo/valid/receive/0010_000709_快乐.wav
/root/autodl-tmp/CosyVoice_dev/examples/libritts/cosyvoice2/data/esd-emo-grpo/valid/samp_4/0010_000710_快乐.wav	/root/autodl-tmp/CosyVoice_dev/examples/libritts/cosyvoice2/data/esd-emo-grpo/valid/receive/0010_000710_快乐.wav
/root/autodl-tmp/CosyVoice_dev/examples/libritts/cosyvoice2/data/esd-emo-grpo/valid/samp_4/0010_000711_快乐.wav	/root/autodl-tmp/CosyVoice_dev/examples/libritts/cosyvoice2/data/esd-emo-grpo/valid/receive/0010_000711_快乐.wav
/root/autodl-tmp/CosyVoice_dev/examples/libritts/cosyvoice2/data/esd-emo-grpo/valid/samp_4/0010_000712_快乐.wav	/root/autodl-tmp/CosyVoice_dev/examples/libritts/cosyvoice2/data/esd-emo-grpo/valid/receive/0010_000712_快乐.wav
/root/autodl-tmp/CosyVoice_dev/examples/libritts/cosyvoice2/data/esd-emo-grpo/valid/samp_4/0010_000713_快乐.wav	/root/autodl-tmp/CosyVoice_dev/examples/libritts/cosyvoice2/data/esd-emo-grpo/valid/receive/0010_000713_快乐.wav
/root/autodl-tmp/CosyVoice_dev/examples/libritts/cosyvoice2/data/esd-emo-grpo/valid/samp_4/0010_000714_快乐.wav	/root/autodl-tmp/CosyVoice_dev/examples/libritts/cosyvoice2/data/esd-emo-grpo/valid/receive/0010_000714_快乐.wav
/root/autodl-tmp/CosyVoice_dev/examples/libritts/cosyvoice2/data/esd-emo-grpo/valid/samp_4/0010_000715_快乐.wav	/root/autodl-tmp/CosyVoice_dev/examples/libritts/cosyvoice2/data/esd-emo-grpo/valid/receive/0010_000715_快乐.wav
/root/autodl-tmp/CosyVoice_dev/examples/libritts/cosyvoice2/data/esd-emo-grpo/valid/samp_4/0010_000716_快乐.wav	/root/autodl-tmp/CosyVoice_dev/examples/libritts/cosyvoice2/data/esd-emo-grpo/valid/receive/0010_000716_快乐.wav
/root/autodl-tmp/CosyVoice_dev/examples/libritts/cosyvoice2/data/esd-emo-grpo/valid/samp_4/0010_000717_快乐.wav	/root/autodl-tmp/CosyVoice_dev/examples/libritts/cosyvoice2/data/esd-emo-grpo/valid/receive/0010_000717_快乐.wav
/root/autodl-tmp/CosyVoice_dev/examples/libritts/cosyvoice2/data/esd-emo-grpo/valid/samp_4/0010_000718_快乐.wav	/root/autodl-tmp/CosyVoice_dev/examples/libritts/cosyvoice2/data/esd-emo-grpo/valid/receive/0010_000718_快乐.wav
/root/autodl-tmp/CosyVoice_dev/examples/libritts/cosyvoice2/data/esd-emo-grpo/valid/samp_4/0010_000719_快乐.wav	/root/autodl-tmp/CosyVoice_dev/examples/libritts/cosyvoice2/data/esd-emo-grpo/valid/receive/0010_000719_快乐.wav
/root/autodl-tmp/CosyVoice_dev/examples/libritts/cosyvoice2/data/esd-emo-grpo/valid/samp_4/0010_000720_快乐.wav	/root/autodl-tmp/CosyVoice_dev/examples/libritts/cosyvoice2/data/esd-emo-grpo/valid/receive/0010_000720_快乐.wav
/root/autodl-tmp/CosyVoice_dev/examples/libritts/cosyvoice2/data/esd-emo-grpo/valid/samp_4/0010_001051_伤心.wav	/root/autodl-tmp/CosyVoice_dev/examples/libritts/cosyvoice2/data/esd-emo-grpo/valid/receive/0010_001051_伤心.wav
/root/autodl-tmp/CosyVoice_dev/examples/libritts/cosyvoice2/data/esd-emo-grpo/valid/samp_4/0010_001052_伤心.wav	/root/autodl-tmp/CosyVoice_dev/examples/libritts/cosyvoice2/data/esd-emo-grpo/valid/receive/0010_001052_伤心.wav
/root/autodl-tmp/CosyVoice_dev/examples/libritts/cosyvoice2/data/esd-emo-grpo/valid/samp_4/0010_001053_伤心.wav	/root/autodl-tmp/CosyVoice_dev/examples/libritts/cosyvoice2/data/esd-emo-grpo/valid/receive/0010_001053_伤心.wav
/root/autodl-tmp/CosyVoice_dev/examples/libritts/cosyvoice2/data/esd-emo-grpo/valid/samp_4/0010_001054_伤心.wav	/root/autodl-tmp/CosyVoice_dev/examples/libritts/cosyvoice2/data/esd-emo-grpo/valid/receive/0010_001054_伤心.wav
/root/autodl-tmp/CosyVoice_dev/examples/libritts/cosyvoice2/data/esd-emo-grpo/valid/samp_4/0010_001055_伤心.wav	/root/autodl-tmp/CosyVoice_dev/examples/libritts/cosyvoice2/data/esd-emo-grpo/valid/receive/0010_001055_伤心.wav
/root/autodl-tmp/CosyVoice_dev/examples/libritts/cosyvoice2/data/esd-emo-grpo/valid/samp_4/0010_001056_伤心.wav	/root/autodl-tmp/CosyVoice_dev/examples/libritts/cosyvoice2/data/esd-emo-grpo/valid/receive/0010_001056_伤心.wav
/root/autodl-tmp/CosyVoice_dev/examples/libritts/cosyvoice2/data/esd-emo-grpo/valid/samp_4/0010_001057_伤心.wav	/root/autodl-tmp/CosyVoice_dev/examples/libritts/cosyvoice2/data/esd-emo-grpo/valid/receive/0010_001057_伤心.wav
/root/autodl-tmp/CosyVoice_dev/examples/libritts/cosyvoice2/data/esd-emo-grpo/valid/samp_4/0010_001058_伤心.wav	/root/autodl-tmp/CosyVoice_dev/examples/libritts/cosyvoice2/data/esd-emo-grpo/valid/receive/0010_001058_伤心.wav
/root/autodl-tmp/CosyVoice_dev/examples/libritts/cosyvoice2/data/esd-emo-grpo/valid/samp_4/0010_001059_伤心.wav	/root/autodl-tmp/CosyVoice_dev/examples/libritts/cosyvoice2/data/esd-emo-grpo/valid/receive/0010_001059_伤心.wav
/root/autodl-tmp/CosyVoice_dev/examples/libritts/cosyvoice2/data/esd-emo-grpo/valid/samp_4/0010_001060_伤心.wav	/root/autodl-tmp/CosyVoice_dev/examples/libritts/cosyvoice2/data/esd-emo-grpo/valid/receive/0010_001060_伤心.wav
/root/autodl-tmp/CosyVoice_dev/examples/libritts/cosyvoice2/data/esd-emo-grpo/valid/samp_4/0010_001061_伤心.wav	/root/autodl-tmp/CosyVoice_dev/examples/libritts/cosyvoice2/data/esd-emo-grpo/valid/receive/0010_001061_伤心.wav
/root/autodl-tmp/CosyVoice_dev/examples/libritts/cosyvoice2/data/esd-emo-grpo/valid/samp_4/0010_001062_伤心.wav	/root/autodl-tmp/CosyVoice_dev/examples/libritts/cosyvoice2/data/esd-emo-grpo/valid/receive/0010_001062_伤心.wav
/root/autodl-tmp/CosyVoice_dev/examples/libritts/cosyvoice2/data/esd-emo-grpo/valid/samp_4/0010_001063_伤心.wav	/root/autodl-tmp/CosyVoice_dev/examples/libritts/cosyvoice2/data/esd-emo-grpo/valid/receive/0010_001063_伤心.wav
/root/autodl-tmp/CosyVoice_dev/examples/libritts/cosyvoice2/data/esd-emo-grpo/valid/samp_4/0010_001064_伤心.wav	/root/autodl-tmp/CosyVoice_dev/examples/libritts/cosyvoice2/data/esd-emo-grpo/valid/receive/0010_001064_伤心.wav
/root/autodl-tmp/CosyVoice_dev/examples/libritts/cosyvoice2/data/esd-emo-grpo/valid/samp_4/0010_001065_伤心.wav	/root/autodl-tmp/CosyVoice_dev/examples/libritts/cosyvoice2/data/esd-emo-grpo/valid/receive/0010_001065_伤心.wav
/root/autodl-tmp/CosyVoice_dev/examples/libritts/cosyvoice2/data/esd-emo-grpo/valid/samp_4/0010_001066_伤心.wav	/root/autodl-tmp/CosyVoice_dev/examples/libritts/cosyvoice2/data/esd-emo-grpo/valid/receive/0010_001066_伤心.wav
/root/autodl-tmp/CosyVoice_dev/examples/libritts/cosyvoice2/data/esd-emo-grpo/valid/samp_4/0010_001067_伤心.wav	/root/autodl-tmp/CosyVoice_dev/examples/libritts/cosyvoice2/data/esd-emo-grpo/valid/receive/0010_001067_伤心.wav
/root/autodl-tmp/CosyVoice_dev/examples/libritts/cosyvoice2/data/esd-emo-grpo/valid/samp_4/0010_001068_伤心.wav	/root/autodl-tmp/CosyVoice_dev/examples/libritts/cosyvoice2/data/esd-emo-grpo/valid/receive/0010_001068_伤心.wav
/root/autodl-tmp/CosyVoice_dev/examples/libritts/cosyvoice2/data/esd-emo-grpo/valid/samp_4/0010_001069_伤心.wav	/root/autodl-tmp/CosyVoice_dev/examples/libritts/cosyvoice2/data/esd-emo-grpo/valid/receive/0010_001069_伤心.wav
/root/autodl-tmp/CosyVoice_dev/examples/libritts/cosyvoice2/data/esd-emo-grpo/valid/samp_4/0010_001070_伤心.wav	/root/autodl-tmp/CosyVoice_dev/examples/libritts/cosyvoice2/data/esd-emo-grpo/valid/receive/0010_001070_伤心.wav
/root/autodl-tmp/CosyVoice_dev/examples/libritts/cosyvoice2/data/esd-emo-grpo/valid/samp_4/0010_001401_惊喜.wav	/root/autodl-tmp/CosyVoice_dev/examples/libritts/cosyvoice2/data/esd-emo-grpo/valid/receive/0010_001401_惊喜.wav
/root/autodl-tmp/CosyVoice_dev/examples/libritts/cosyvoice2/data/esd-emo-grpo/valid/samp_4/0010_001402_惊喜.wav	/root/autodl-tmp/CosyVoice_dev/examples/libritts/cosyvoice2/data/esd-emo-grpo/valid/receive/0010_001402_惊喜.wav
/root/autodl-tmp/CosyVoice_dev/examples/libritts/cosyvoice2/data/esd-emo-grpo/valid/samp_4/0010_001403_惊喜.wav	/root/autodl-tmp/CosyVoice_dev/examples/libritts/cosyvoice2/data/esd-emo-grpo/valid/receive/0010_001403_惊喜.wav
/root/autodl-tmp/CosyVoice_dev/examples/libritts/cosyvoice2/data/esd-emo-grpo/valid/samp_4/0010_001404_惊喜.wav	/root/autodl-tmp/CosyVoice_dev/examples/libritts/cosyvoice2/data/esd-emo-grpo/valid/receive/0010_001404_惊喜.wav
/root/autodl-tmp/CosyVoice_dev/examples/libritts/cosyvoice2/data/esd-emo-grpo/valid/samp_4/0010_001405_惊喜.wav	/root/autodl-tmp/CosyVoice_dev/examples/libritts/cosyvoice2/data/esd-emo-grpo/valid/receive/0010_001405_惊喜.wav
/root/autodl-tmp/CosyVoice_dev/examples/libritts/cosyvoice2/data/esd-emo-grpo/valid/samp_4/0010_001406_惊喜.wav	/root/autodl-tmp/CosyVoice_dev/examples/libritts/cosyvoice2/data/esd-emo-grpo/valid/receive/0010_001406_惊喜.wav
/root/autodl-tmp/CosyVoice_dev/examples/libritts/cosyvoice2/data/esd-emo-grpo/valid/samp_4/0010_001407_惊喜.wav	/root/autodl-tmp/CosyVoice_dev/examples/libritts/cosyvoice2/data/esd-emo-grpo/valid/receive/0010_001407_惊喜.wav
/root/autodl-tmp/CosyVoice_dev/examples/libritts/cosyvoice2/data/esd-emo-grpo/valid/samp_4/0010_001408_惊喜.wav	/root/autodl-tmp/CosyVoice_dev/examples/libritts/cosyvoice2/data/esd-emo-grpo/valid/receive/0010_001408_惊喜.wav
/root/autodl-tmp/CosyVoice_dev/examples/libritts/cosyvoice2/data/esd-emo-grpo/valid/samp_4/0010_001409_惊喜.wav	/root/autodl-tmp/CosyVoice_dev/examples/libritts/cosyvoice2/data/esd-emo-grpo/valid/receive/0010_001409_惊喜.wav
/root/autodl-tmp/CosyVoice_dev/examples/libritts/cosyvoice2/data/esd-emo-grpo/valid/samp_4/0010_001410_惊喜.wav	/root/autodl-tmp/CosyVoice_dev/examples/libritts/cosyvoice2/data/esd-emo-grpo/valid/receive/0010_001410_惊喜.wav
/root/autodl-tmp/CosyVoice_dev/examples/libritts/cosyvoice2/data/esd-emo-grpo/valid/samp_4/0010_001411_惊喜.wav	/root/autodl-tmp/CosyVoice_dev/examples/libritts/cosyvoice2/data/esd-emo-grpo/valid/receive/0010_001411_惊喜.wav
/root/autodl-tmp/CosyVoice_dev/examples/libritts/cosyvoice2/data/esd-emo-grpo/valid/samp_4/0010_001412_惊喜.wav	/root/autodl-tmp/CosyVoice_dev/examples/libritts/cosyvoice2/data/esd-emo-grpo/valid/receive/0010_001412_惊喜.wav
/root/autodl-tmp/CosyVoice_dev/examples/libritts/cosyvoice2/data/esd-emo-grpo/valid/samp_4/0010_001413_惊喜.wav	/root/autodl-tmp/CosyVoice_dev/examples/libritts/cosyvoice2/data/esd-emo-grpo/valid/receive/0010_001413_惊喜.wav
/root/autodl-tmp/CosyVoice_dev/examples/libritts/cosyvoice2/data/esd-emo-grpo/valid/samp_4/0010_001414_惊喜.wav	/root/autodl-tmp/CosyVoice_dev/examples/libritts/cosyvoice2/data/esd-emo-grpo/valid/receive/0010_001414_惊喜.wav
/root/autodl-tmp/CosyVoice_dev/examples/libritts/cosyvoice2/data/esd-emo-grpo/valid/samp_4/0010_001415_惊喜.wav	/root/autodl-tmp/CosyVoice_dev/examples/libritts/cosyvoice2/data/esd-emo-grpo/valid/receive/0010_001415_惊喜.wav
/root/autodl-tmp/CosyVoice_dev/examples/libritts/cosyvoice2/data/esd-emo-grpo/valid/samp_4/0010_001416_惊喜.wav	/root/autodl-tmp/CosyVoice_dev/examples/libritts/cosyvoice2/data/esd-emo-grpo/valid/receive/0010_001416_惊喜.wav
/root/autodl-tmp/CosyVoice_dev/examples/libritts/cosyvoice2/data/esd-emo-grpo/valid/samp_4/0010_001417_惊喜.wav	/root/autodl-tmp/CosyVoice_dev/examples/libritts/cosyvoice2/data/esd-emo-grpo/valid/receive/0010_001417_惊喜.wav
/root/autodl-tmp/CosyVoice_dev/examples/libritts/cosyvoice2/data/esd-emo-grpo/valid/samp_4/0010_001418_惊喜.wav	/root/autodl-tmp/CosyVoice_dev/examples/libritts/cosyvoice2/data/esd-emo-grpo/valid/receive/0010_001418_惊喜.wav
/root/autodl-tmp/CosyVoice_dev/examples/libritts/cosyvoice2/data/esd-emo-grpo/valid/samp_4/0010_001419_惊喜.wav	/root/autodl-tmp/CosyVoice_dev/examples/libritts/cosyvoice2/data/esd-emo-grpo/valid/receive/0010_001419_惊喜.wav
/root/autodl-tmp/CosyVoice_dev/examples/libritts/cosyvoice2/data/esd-emo-grpo/valid/samp_4/0010_001420_惊喜.wav	/root/autodl-tmp/CosyVoice_dev/examples/libritts/cosyvoice2/data/esd-emo-grpo/valid/receive/0010_001420_惊喜.wav
/root/autodl-tmp/CosyVoice_dev/examples/libritts/cosyvoice2/data/esd-emo-grpo/valid/samp_4/0010_000001_冷静.wav	/root/autodl-tmp/CosyVoice_dev/examples/libritts/cosyvoice2/data/esd-emo-grpo/valid/receive/0010_000001_冷静.wav
/root/autodl-tmp/CosyVoice_dev/examples/libritts/cosyvoice2/data/esd-emo-grpo/valid/samp_4/0010_000002_冷静.wav	/root/autodl-tmp/CosyVoice_dev/examples/libritts/cosyvoice2/data/esd-emo-grpo/valid/receive/0010_000002_冷静.wav
/root/autodl-tmp/CosyVoice_dev/examples/libritts/cosyvoice2/data/esd-emo-grpo/valid/samp_4/0010_000003_冷静.wav	/root/autodl-tmp/CosyVoice_dev/examples/libritts/cosyvoice2/data/esd-emo-grpo/valid/receive/0010_000003_冷静.wav
/root/autodl-tmp/CosyVoice_dev/examples/libritts/cosyvoice2/data/esd-emo-grpo/valid/samp_4/0010_000004_冷静.wav	/root/autodl-tmp/CosyVoice_dev/examples/libritts/cosyvoice2/data/esd-emo-grpo/valid/receive/0010_000004_冷静.wav
/root/autodl-tmp/CosyVoice_dev/examples/libritts/cosyvoice2/data/esd-emo-grpo/valid/samp_4/0010_000005_冷静.wav	/root/autodl-tmp/CosyVoice_dev/examples/libritts/cosyvoice2/data/esd-emo-grpo/valid/receive/0010_000005_冷静.wav
/root/autodl-tmp/CosyVoice_dev/examples/libritts/cosyvoice2/data/esd-emo-grpo/valid/samp_4/0010_000006_冷静.wav	/root/autodl-tmp/CosyVoice_dev/examples/libritts/cosyvoice2/data/esd-emo-grpo/valid/receive/0010_000006_冷静.wav
/root/autodl-tmp/CosyVoice_dev/examples/libritts/cosyvoice2/data/esd-emo-grpo/valid/samp_4/0010_000007_冷静.wav	/root/autodl-tmp/CosyVoice_dev/examples/libritts/cosyvoice2/data/esd-emo-grpo/valid/receive/0010_000007_冷静.wav
/root/autodl-tmp/CosyVoice_dev/examples/libritts/cosyvoice2/data/esd-emo-grpo/valid/samp_4/0010_000008_冷静.wav	/root/autodl-tmp/CosyVoice_dev/examples/libritts/cosyvoice2/data/esd-emo-grpo/valid/receive/0010_000008_冷静.wav
/root/autodl-tmp/CosyVoice_dev/examples/libritts/cosyvoice2/data/esd-emo-grpo/valid/samp_4/0010_000009_冷静.wav	/root/autodl-tmp/CosyVoice_dev/examples/libritts/cosyvoice2/data/esd-emo-grpo/valid/receive/0010_000009_冷静.wav
/root/autodl-tmp/CosyVoice_dev/examples/libritts/cosyvoice2/data/esd-emo-grpo/valid/samp_4/0010_000010_冷静.wav	/root/autodl-tmp/CosyVoice_dev/examples/libritts/cosyvoice2/data/esd-emo-grpo/valid/receive/0010_000010_冷静.wav
/root/autodl-tmp/CosyVoice_dev/examples/libritts/cosyvoice2/data/esd-emo-grpo/valid/samp_4/0010_000011_冷静.wav	/root/autodl-tmp/CosyVoice_dev/examples/libritts/cosyvoice2/data/esd-emo-grpo/valid/receive/0010_000011_冷静.wav
/root/autodl-tmp/CosyVoice_dev/examples/libritts/cosyvoice2/data/esd-emo-grpo/valid/samp_4/0010_000012_冷静.wav	/root/autodl-tmp/CosyVoice_dev/examples/libritts/cosyvoice2/data/esd-emo-grpo/valid/receive/0010_000012_冷静.wav
/root/autodl-tmp/CosyVoice_dev/examples/libritts/cosyvoice2/data/esd-emo-grpo/valid/samp_4/0010_000013_冷静.wav	/root/autodl-tmp/CosyVoice_dev/examples/libritts/cosyvoice2/data/esd-emo-grpo/valid/receive/0010_000013_冷静.wav
/root/autodl-tmp/CosyVoice_dev/examples/libritts/cosyvoice2/data/esd-emo-grpo/valid/samp_4/0010_000014_冷静.wav	/root/autodl-tmp/CosyVoice_dev/examples/libritts/cosyvoice2/data/esd-emo-grpo/valid/receive/0010_000014_冷静.wav
/root/autodl-tmp/CosyVoice_dev/examples/libritts/cosyvoice2/data/esd-emo-grpo/valid/samp_4/0010_000015_冷静.wav	/root/autodl-tmp/CosyVoice_dev/examples/libritts/cosyvoice2/data/esd-emo-grpo/valid/receive/0010_000015_冷静.wav
/root/autodl-tmp/CosyVoice_dev/examples/libritts/cosyvoice2/data/esd-emo-grpo/valid/samp_4/0010_000016_冷静.wav	/root/autodl-tmp/CosyVoice_dev/examples/libritts/cosyvoice2/data/esd-emo-grpo/valid/receive/0010_000016_冷静.wav
/root/autodl-tmp/CosyVoice_dev/examples/libritts/cosyvoice2/data/esd-emo-grpo/valid/samp_4/0010_000017_冷静.wav	/root/autodl-tmp/CosyVoice_dev/examples/libritts/cosyvoice2/data/esd-emo-grpo/valid/receive/0010_000017_冷静.wav
/root/autodl-tmp/CosyVoice_dev/examples/libritts/cosyvoice2/data/esd-emo-grpo/valid/samp_4/0010_000018_冷静.wav	/root/autodl-tmp/CosyVoice_dev/examples/libritts/cosyvoice2/data/esd-emo-grpo/valid/receive/0010_000018_冷静.wav
/root/autodl-tmp/CosyVoice_dev/examples/libritts/cosyvoice2/data/esd-emo-grpo/valid/samp_4/0010_000019_冷静.wav	/root/autodl-tmp/CosyVoice_dev/examples/libritts/cosyvoice2/data/esd-emo-grpo/valid/receive/0010_000019_冷静.wav
/root/autodl-tmp/CosyVoice_dev/examples/libritts/cosyvoice2/data/esd-emo-grpo/valid/samp_4/0010_000020_冷静.wav	/root/autodl-tmp/CosyVoice_dev/examples/libritts/cosyvoice2/data/esd-emo-grpo/valid/receive/0010_000020_冷静.wav
/root/autodl-tmp/CosyVoice_dev/examples/libritts/cosyvoice2/data/esd-emo-grpo/valid/samp_4/0010_000351_生气.wav	/root/autodl-tmp/CosyVoice_dev/examples/libritts/cosyvoice2/data/esd-emo-grpo/valid/receive/0010_000351_生气.wav
/root/autodl-tmp/CosyVoice_dev/examples/libritts/cosyvoice2/data/esd-emo-grpo/valid/samp_4/0010_000352_生气.wav	/root/autodl-tmp/CosyVoice_dev/examples/libritts/cosyvoice2/data/esd-emo-grpo/valid/receive/0010_000352_生气.wav
/root/autodl-tmp/CosyVoice_dev/examples/libritts/cosyvoice2/data/esd-emo-grpo/valid/samp_4/0010_000353_生气.wav	/root/autodl-tmp/CosyVoice_dev/examples/libritts/cosyvoice2/data/esd-emo-grpo/valid/receive/0010_000353_生气.wav
/root/autodl-tmp/CosyVoice_dev/examples/libritts/cosyvoice2/data/esd-emo-grpo/valid/samp_4/0010_000354_生气.wav	/root/autodl-tmp/CosyVoice_dev/examples/libritts/cosyvoice2/data/esd-emo-grpo/valid/receive/0010_000354_生气.wav
/root/autodl-tmp/CosyVoice_dev/examples/libritts/cosyvoice2/data/esd-emo-grpo/valid/samp_4/0010_000355_生气.wav	/root/autodl-tmp/CosyVoice_dev/examples/libritts/cosyvoice2/data/esd-emo-grpo/valid/receive/0010_000355_生气.wav
/root/autodl-tmp/CosyVoice_dev/examples/libritts/cosyvoice2/data/esd-emo-grpo/valid/samp_4/0010_000356_生气.wav	/root/autodl-tmp/CosyVoice_dev/examples/libritts/cosyvoice2/data/esd-emo-grpo/valid/receive/0010_000356_生气.wav
/root/autodl-tmp/CosyVoice_dev/examples/libritts/cosyvoice2/data/esd-emo-grpo/valid/samp_4/0010_000357_生气.wav	/root/autodl-tmp/CosyVoice_dev/examples/libritts/cosyvoice2/data/esd-emo-grpo/valid/receive/0010_000357_生气.wav
/root/autodl-tmp/CosyVoice_dev/examples/libritts/cosyvoice2/data/esd-emo-grpo/valid/samp_4/0010_000358_生气.wav	/root/autodl-tmp/CosyVoice_dev/examples/libritts/cosyvoice2/data/esd-emo-grpo/valid/receive/0010_000358_生气.wav
/root/autodl-tmp/CosyVoice_dev/examples/libritts/cosyvoice2/data/esd-emo-grpo/valid/samp_4/0010_000359_生气.wav	/root/autodl-tmp/CosyVoice_dev/examples/libritts/cosyvoice2/data/esd-emo-grpo/valid/receive/0010_000359_生气.wav
/root/autodl-tmp/CosyVoice_dev/examples/libritts/cosyvoice2/data/esd-emo-grpo/valid/samp_4/0010_000360_生气.wav	/root/autodl-tmp/CosyVoice_dev/examples/libritts/cosyvoice2/data/esd-emo-grpo/valid/receive/0010_000360_生气.wav
/root/autodl-tmp/CosyVoice_dev/examples/libritts/cosyvoice2/data/esd-emo-grpo/valid/samp_4/0010_000361_生气.wav	/root/autodl-tmp/CosyVoice_dev/examples/libritts/cosyvoice2/data/esd-emo-grpo/valid/receive/0010_000361_生气.wav
/root/autodl-tmp/CosyVoice_dev/examples/libritts/cosyvoice2/data/esd-emo-grpo/valid/samp_4/0010_000362_生气.wav	/root/autodl-tmp/CosyVoice_dev/examples/libritts/cosyvoice2/data/esd-emo-grpo/valid/receive/0010_000362_生气.wav
/root/autodl-tmp/CosyVoice_dev/examples/libritts/cosyvoice2/data/esd-emo-grpo/valid/samp_4/0010_000363_生气.wav	/root/autodl-tmp/CosyVoice_dev/examples/libritts/cosyvoice2/data/esd-emo-grpo/valid/receive/0010_000363_生气.wav
/root/autodl-tmp/CosyVoice_dev/examples/libritts/cosyvoice2/data/esd-emo-grpo/valid/samp_4/0010_000364_生气.wav	/root/autodl-tmp/CosyVoice_dev/examples/libritts/cosyvoice2/data/esd-emo-grpo/valid/receive/0010_000364_生气.wav
/root/autodl-tmp/CosyVoice_dev/examples/libritts/cosyvoice2/data/esd-emo-grpo/valid/samp_4/0010_000365_生气.wav	/root/autodl-tmp/CosyVoice_dev/examples/libritts/cosyvoice2/data/esd-emo-grpo/valid/receive/0010_000365_生气.wav
/root/autodl-tmp/CosyVoice_dev/examples/libritts/cosyvoice2/data/esd-emo-grpo/valid/samp_4/0010_000366_生气.wav	/root/autodl-tmp/CosyVoice_dev/examples/libritts/cosyvoice2/data/esd-emo-grpo/valid/receive/0010_000366_生气.wav
/root/autodl-tmp/CosyVoice_dev/examples/libritts/cosyvoice2/data/esd-emo-grpo/valid/samp_4/0010_000367_生气.wav	/root/autodl-tmp/CosyVoice_dev/examples/libritts/cosyvoice2/data/esd-emo-grpo/valid/receive/0010_000367_生气.wav
/root/autodl-tmp/CosyVoice_dev/examples/libritts/cosyvoice2/data/esd-emo-grpo/valid/samp_4/0010_000368_生气.wav	/root/autodl-tmp/CosyVoice_dev/examples/libritts/cosyvoice2/data/esd-emo-grpo/valid/receive/0010_000368_生气.wav
/root/autodl-tmp/CosyVoice_dev/examples/libritts/cosyvoice2/data/esd-emo-grpo/valid/samp_4/0010_000369_生气.wav	/root/autodl-tmp/CosyVoice_dev/examples/libritts/cosyvoice2/data/esd-emo-grpo/valid/receive/0010_000369_生气.wav
/root/autodl-tmp/CosyVoice_dev/examples/libritts/cosyvoice2/data/esd-emo-grpo/valid/samp_4/0010_000370_生气.wav	/root/autodl-tmp/CosyVoice_dev/examples/libritts/cosyvoice2/data/esd-emo-grpo/valid/receive/0010_000370_生气.wav
